"person_id","event_id","event_date"
"P000001",1,1979-12-11
"P000001",28,1984-07-17
"P000001",55,2007-09-09
"P000002",24,2021-01-24
"P000002",24,2021-07-20
"P000003",12,1985-09-13
"P000003",10,1998-08-22
"P000003",67,2004-06-23
"P000004",2,1977-10-27
"P000004",62,1978-07-03
"P000004",8,1982-11-19
"P000004",49,1985-04-14
"P000004",64,1987-11-17
"P000004",35,1988-12-10
"P000004",62,1989-05-21
"P000004",11,1998-02-11
"P000004",1,1999-04-19
"P000004",39,1999-10-22
"P000004",3,2010-10-27
"P000004",8,2013-03-24
"P000004",52,2013-08-20
"P000005",6,1999-04-20
"P000005",6,2001-04-11
"P000005",61,2028-03-07
"P000005",15,2028-11-09
"P000005",2,2028-12-22
"P000005",50,2030-02-17
"P000005",25,2036-10-06
"P000005",33,2037-11-02
"P000006",28,2025-06-28
"P000006",11,2032-09-11
"P000006",28,2036-09-08
"P000006",23,2044-05-20
"P000006",40,2047-05-07
"P000006",32,2047-10-19
"P000006",9,2049-12-08
"P000006",38,2051-06-30
"P000006",13,2051-12-31
"P000007",21,1965-03-21
"P000007",55,1975-10-11
"P000007",12,1979-08-19
"P000008",3,2027-07-24
"P000008",39,2028-11-29
"P000008",42,2031-09-03
"P000009",27,2000-05-17
"P000009",52,2012-06-19
"P000009",28,2013-08-01
"P000009",17,2016-05-29
"P000009",47,2018-06-02
"P000009",28,2031-05-28
"P000009",40,2032-08-05
"P000010",61,2000-01-30
"P000010",13,2001-04-07
"P000010",43,2001-12-25
"P000010",11,2005-02-27
"P000010",49,2005-04-06
"P000010",18,2006-06-23
"P000010",40,2020-05-04
"P000010",25,2023-09-21
"P000010",57,2025-10-22
"P000010",12,2025-12-07
"P000010",31,2026-06-20
"P000010",40,2035-12-29
"P000010",3,2037-02-22
"P000011",15,2038-06-27
"P000011",13,2039-04-07
"P000011",8,2041-06-08
"P000012",17,1986-11-14
"P000012",40,1987-12-08
"P000012",63,1988-01-24
"P000012",67,1988-04-09
"P000012",25,1988-12-05
"P000012",30,1990-02-09
"P000012",3,1990-05-10
"P000012",21,1995-02-20
"P000012",28,1995-06-29
"P000012",14,1999-04-25
"P000012",2,2000-11-04
"P000012",42,2002-10-03
"P000012",55,2005-08-24
"P000012",46,2007-03-16
"P000013",44,1980-11-08
"P000013",62,1992-11-12
"P000013",14,1993-06-12
"P000013",25,1994-08-26
"P000013",12,1994-10-02
"P000013",30,1998-10-16
"P000013",26,1999-11-21
"P000013",23,2005-07-25
"P000013",7,2009-05-22
"P000013",64,2009-06-21
"P000013",52,2012-05-14
"P000013",54,2015-03-09
"P000013",2,2017-06-09
"P000014",53,1976-08-08
"P000014",49,1984-03-14
"P000014",16,1985-03-11
"P000014",9,1986-05-10
"P000014",54,2002-08-10
"P000014",39,2003-02-03
"P000014",31,2003-02-07
"P000014",53,2009-06-04
"P000016",8,1969-05-09
"P000016",24,1970-01-19
"P000016",6,1977-10-14
"P000016",65,1978-03-04
"P000016",61,1987-11-27
"P000016",67,1989-05-30
"P000016",14,1989-06-26
"P000016",26,1994-02-08
"P000017",23,1985-10-19
"P000017",10,2001-06-27
"P000017",60,2003-06-06
"P000017",24,2004-03-07
"P000017",38,2004-11-12
"P000018",64,1962-09-05
"P000018",11,1963-02-12
"P000018",58,1963-08-30
"P000018",59,1964-08-04
"P000018",15,1964-11-18
"P000018",50,1965-01-09
"P000018",18,1966-01-17
"P000018",7,1966-11-18
"P000018",64,1968-08-06
"P000018",61,1972-04-04
"P000018",58,1974-12-02
"P000018",43,1989-11-06
"P000018",18,1990-03-01
"P000018",26,1992-06-07
"P000018",55,1996-10-11
"P000018",43,1997-08-10
"P000019",25,2015-11-01
"P000019",36,2029-01-30
"P000019",1,2039-06-08
"P000019",39,2043-10-26
"P000019",46,2047-01-15
"P000019",1,2049-02-17
"P000020",32,1966-06-23
"P000021",42,1990-05-05
"P000021",62,1991-05-04
"P000021",30,1992-05-03
"P000021",18,1997-05-16
"P000021",14,2003-07-31
"P000021",3,2015-10-15
"P000022",60,1993-07-15
"P000022",37,1993-10-21
"P000022",15,2017-03-09
"P000023",8,1984-02-11
"P000023",47,1984-12-04
"P000023",66,1985-06-25
"P000023",36,1986-04-17
"P000023",50,1990-07-29
"P000023",21,1993-09-12
"P000023",14,1993-11-10
"P000024",48,1998-03-08
"P000025",35,1979-12-25
"P000025",24,1980-04-16
"P000025",52,1980-10-07
"P000025",26,1985-08-16
"P000025",14,1992-02-02
"P000025",40,1992-12-07
"P000025",28,1994-10-01
"P000025",39,2008-08-02
"P000025",47,2009-04-22
"P000025",13,2014-08-18
"P000026",10,1973-06-17
"P000026",25,1994-11-25
"P000026",48,1998-09-24
"P000026",52,1999-05-08
"P000026",21,2002-08-17
"P000027",14,2004-02-13
"P000027",60,2004-03-04
"P000027",8,2011-01-18
"P000027",14,2018-07-29
"P000027",47,2023-07-06
"P000027",18,2042-12-29
"P000028",1,2025-02-09
"P000028",63,2026-01-04
"P000028",3,2030-02-25
"P000029",6,2005-10-31
"P000029",37,2025-05-28
"P000029",1,2026-09-19
"P000029",28,2038-03-01
"P000029",43,2040-01-26
"P000030",42,2002-01-13
"P000030",14,2025-08-06
"P000031",28,2001-05-08
"P000031",38,2001-09-02
"P000031",39,2001-09-15
"P000031",55,2004-10-03
"P000031",28,2009-03-28
"P000031",1,2019-05-05
"P000031",50,2032-08-28
"P000031",8,2033-08-09
"P000031",14,2033-11-15
"P000031",9,2033-12-20
"P000032",40,2014-12-13
"P000032",3,2020-06-14
"P000032",11,2027-09-20
"P000032",27,2030-04-26
"P000032",47,2032-06-09
"P000032",38,2032-06-12
"P000032",6,2035-12-26
"P000033",23,1967-02-10
"P000033",42,1975-05-11
"P000033",32,1987-03-28
"P000033",23,1989-01-19
"P000033",39,1991-03-15
"P000033",15,2002-07-06
"P000034",3,1990-11-07
"P000035",28,2010-11-19
"P000035",1,2012-01-21
"P000035",23,2023-07-22
"P000035",51,2028-02-11
"P000035",1,2032-09-18
"P000035",3,2040-02-06
"P000036",2,2019-03-06
"P000036",24,2021-04-21
"P000036",55,2055-04-18
"P000037",18,1996-10-02
"P000037",41,1997-12-24
"P000037",41,1998-04-09
"P000037",34,1999-08-26
"P000037",28,2030-08-14
"P000037",40,2033-08-14
"P000038",6,1997-08-30
"P000039",39,2013-11-06
"P000039",4,2014-01-30
"P000039",14,2014-11-04
"P000039",62,2015-11-06
"P000039",64,2018-07-01
"P000039",56,2021-04-07
"P000039",61,2026-12-25
"P000039",4,2033-08-21
"P000039",53,2037-11-24
"P000039",55,2049-09-29
"P000039",18,2050-09-19
"P000039",3,2051-03-29
"P000040",15,2025-03-12
"P000041",30,2031-10-13
"P000042",52,2008-05-10
"P000042",18,2014-05-17
"P000042",3,2029-02-25
"P000042",21,2030-05-21
"P000043",60,2010-12-02
"P000043",12,2017-11-21
"P000043",52,2021-09-11
"P000044",55,1981-07-30
"P000044",11,1982-09-14
"P000045",1,1999-10-04
"P000045",62,2001-12-13
"P000045",21,2007-11-16
"P000045",53,2012-03-25
"P000045",11,2012-12-19
"P000045",37,2013-05-10
"P000045",53,2015-08-06
"P000045",21,2018-11-27
"P000045",58,2025-02-28
"P000045",64,2025-12-31
"P000045",11,2026-06-28
"P000045",6,2027-04-03
"P000045",54,2029-07-25
"P000045",54,2029-07-29
"P000045",40,2030-01-30
"P000045",23,2030-08-19
"P000045",67,2030-12-03
"P000046",4,2011-02-25
"P000046",47,2016-09-13
"P000046",31,2016-11-11
"P000046",42,2021-11-18
"P000046",12,2023-01-03
"P000047",52,1995-10-08
"P000047",1,1998-12-28
"P000047",3,2002-06-02
"P000047",1,2026-02-11
"P000048",44,2017-01-12
"P000048",23,2022-02-13
"P000048",57,2029-05-20
"P000048",27,2039-02-15
"P000048",21,2040-08-04
"P000048",21,2040-08-08
"P000049",2,1981-04-01
"P000049",33,1982-07-25
"P000049",1,1983-11-25
"P000049",4,1988-03-25
"P000049",6,1992-01-01
"P000049",21,2000-12-12
"P000049",31,2003-02-22
"P000049",66,2003-10-12
"P000049",36,2004-11-25
"P000049",55,2006-03-04
"P000049",53,2009-01-07
"P000050",4,2000-07-16
"P000050",39,2004-08-06
"P000051",7,2009-03-10
"P000051",26,2013-04-03
"P000051",24,2014-04-15
"P000051",62,2020-05-26
"P000051",1,2021-06-14
"P000051",14,2039-03-06
"P000051",28,2042-01-29
"P000052",11,1998-08-11
"P000052",6,2001-05-27
"P000052",4,2002-07-05
"P000053",53,2031-03-20
"P000053",10,2035-08-08
"P000054",11,1991-07-24
"P000054",58,1996-01-02
"P000054",11,1997-12-09
"P000054",48,2003-04-17
"P000054",53,2005-06-28
"P000054",50,2005-07-25
"P000054",36,2006-07-14
"P000054",67,2008-01-17
"P000054",44,2017-04-27
"P000055",15,2023-09-10
"P000055",61,2038-02-04
"P000056",47,2004-12-04
"P000056",31,2005-06-19
"P000056",46,2008-01-15
"P000056",2,2013-06-08
"P000056",23,2028-01-23
"P000057",27,1969-08-15
"P000057",15,1974-12-31
"P000057",3,1988-05-26
"P000057",21,1999-02-06
"P000057",67,1999-12-01
"P000057",41,2000-03-03
"P000057",41,2000-03-31
"P000057",43,2000-06-28
"P000057",34,2000-07-31
"P000058",28,2013-02-19
"P000058",40,2013-04-04
"P000058",52,2021-12-27
"P000059",28,1967-02-09
"P000059",47,1967-04-14
"P000059",27,1967-06-30
"P000059",21,1968-05-10
"P000059",42,1968-10-18
"P000059",66,1968-11-19
"P000059",41,1969-05-18
"P000059",41,1969-11-06
"P000059",1,1989-02-01
"P000059",38,1996-08-01
"P000059",26,1996-10-07
"P000060",6,1987-06-30
"P000060",12,1989-07-15
"P000060",56,1995-11-01
"P000060",28,1997-03-04
"P000060",14,1997-09-09
"P000061",52,1985-06-06
"P000061",28,1986-11-17
"P000061",3,1987-05-27
"P000061",49,1988-01-11
"P000061",49,2002-05-26
"P000061",21,2006-11-28
"P000061",26,2008-07-04
"P000061",18,2009-04-11
"P000061",27,2011-10-05
"P000062",3,1990-03-09
"P000062",18,1991-01-10
"P000063",54,1992-04-23
"P000064",28,2000-08-01
"P000064",23,2000-08-13
"P000064",12,2001-09-17
"P000064",14,2003-03-04
"P000064",35,2009-11-27
"P000064",60,2024-10-08
"P000064",43,2027-01-13
"P000064",22,2027-08-23
"P000064",64,2031-09-21
"P000064",27,2036-11-06
"P000065",28,2003-04-19
"P000065",44,2009-08-03
"P000065",38,2011-08-25
"P000065",18,2015-05-28
"P000065",10,2015-08-10
"P000065",11,2017-08-13
"P000065",2,2020-04-28
"P000066",61,2011-01-11
"P000066",15,2012-08-02
"P000067",1,1990-07-11
"P000067",28,1992-09-04
"P000067",6,1997-11-08
"P000067",1,1999-08-22
"P000067",7,2004-05-16
"P000067",29,2004-10-09
"P000067",61,2006-09-08
"P000068",25,1970-02-07
"P000068",52,1974-05-29
"P000068",23,1988-02-29
"P000068",48,1998-03-22
"P000068",1,2000-04-09
"P000068",4,2002-04-03
"P000068",53,2003-07-23
"P000068",27,2003-09-07
"P000069",39,2027-07-01
"P000070",50,1974-11-28
"P000070",14,1977-04-16
"P000070",25,1983-06-09
"P000070",55,1990-05-09
"P000070",46,1990-10-25
"P000070",23,2003-03-24
"P000070",28,2006-08-07
"P000071",55,1996-12-29
"P000071",2,1998-01-28
"P000072",43,1975-11-22
"P000072",60,1976-10-21
"P000072",23,1994-03-10
"P000072",6,1994-07-30
"P000073",7,1978-01-26
"P000074",35,1978-09-06
"P000074",24,1984-11-15
"P000074",57,1985-03-07
"P000074",14,1986-08-06
"P000074",23,1995-11-02
"P000074",2,1999-02-25
"P000074",6,2005-04-21
"P000074",27,2007-05-28
"P000074",34,2008-10-23
"P000075",15,1969-01-05
"P000075",6,1981-06-15
"P000075",7,1984-09-12
"P000075",28,1986-12-02
"P000075",4,1987-11-01
"P000076",28,2009-03-31
"P000076",1,2010-01-26
"P000076",52,2014-08-29
"P000076",63,2020-03-15
"P000076",28,2026-03-07
"P000077",6,2005-12-25
"P000077",27,2006-09-06
"P000077",62,2016-04-06
"P000077",62,2022-02-20
"P000077",17,2023-07-21
"P000077",3,2025-11-15
"P000077",21,2027-06-20
"P000077",50,2028-05-29
"P000078",28,2008-02-19
"P000078",11,2011-04-27
"P000078",20,2018-07-08
"P000078",5,2018-09-17
"P000078",11,2020-10-11
"P000078",58,2021-07-17
"P000078",7,2033-02-15
"P000079",8,1979-03-27
"P000079",53,1987-03-21
"P000079",1,1993-02-03
"P000079",4,1998-06-24
"P000079",14,2010-07-12
"P000080",28,1996-02-12
"P000080",47,2003-12-12
"P000080",3,2006-02-23
"P000080",1,2006-03-20
"P000080",35,2008-09-23
"P000080",40,2009-01-21
"P000080",40,2009-11-19
"P000080",64,2010-01-02
"P000080",40,2011-09-12
"P000080",60,2013-01-25
"P000080",61,2013-10-15
"P000080",32,2014-01-01
"P000080",43,2029-03-04
"P000080",21,2032-11-04
"P000080",4,2033-09-29
"P000080",53,2033-10-23
"P000081",32,2016-03-28
"P000081",62,2035-02-20
"P000082",14,1978-05-10
"P000082",23,1985-09-09
"P000082",36,1986-09-23
"P000082",26,2006-02-13
"P000082",21,2009-01-26
"P000083",1,1993-07-12
"P000083",28,1994-04-08
"P000083",23,2003-01-01
"P000083",61,2006-01-30
"P000083",32,2008-08-18
"P000083",10,2009-11-26
"P000083",8,2027-03-30
"P000084",52,2010-03-15
"P000084",54,2011-04-04
"P000084",32,2017-07-19
"P000084",1,2019-01-29
"P000084",27,2025-07-29
"P000084",27,2029-11-12
"P000084",62,2032-06-21
"P000084",38,2035-12-24
"P000084",6,2038-05-01
"P000085",44,1977-03-07
"P000085",24,1979-05-27
"P000085",2,1989-05-07
"P000085",14,1991-06-04
"P000085",63,1991-07-12
"P000085",55,1991-09-11
"P000085",1,1994-01-05
"P000085",53,2004-06-29
"P000086",24,2003-01-26
"P000086",12,2008-02-17
"P000086",53,2010-02-05
"P000086",45,2011-08-30
"P000086",11,2011-11-29
"P000086",37,2022-02-21
"P000086",5,2027-05-27
"P000086",2,2040-04-28
"P000087",22,2007-07-01
"P000087",28,2008-04-29
"P000087",28,2015-10-25
"P000087",37,2024-03-22
"P000088",26,2019-08-02
"P000088",14,2031-07-01
"P000088",58,2031-10-14
"P000088",55,2038-08-23
"P000088",62,2043-05-31
"P000089",1,1983-05-01
"P000089",39,1983-10-26
"P000089",38,1985-07-08
"P000089",23,1992-04-10
"P000089",24,1993-03-21
"P000089",35,1995-03-26
"P000089",3,2017-02-17
"P000089",58,2017-05-03
"P000089",52,2017-07-25
"P000090",28,1991-06-21
"P000090",52,2007-09-04
"P000091",60,2000-12-01
"P000091",35,2008-02-20
"P000091",3,2017-12-08
"P000092",1,1969-06-04
"P000092",12,1976-10-13
"P000092",42,1977-06-02
"P000092",4,1977-12-26
"P000092",32,1979-11-19
"P000092",1,1982-04-09
"P000092",28,1986-06-06
"P000093",8,2010-07-13
"P000093",18,2013-01-22
"P000094",27,2013-07-04
"P000094",35,2019-11-13
"P000094",3,2019-12-08
"P000094",49,2021-03-31
"P000094",54,2021-04-29
"P000094",15,2023-07-07
"P000094",56,2040-04-16
"P000095",52,1991-11-03
"P000096",5,2009-10-17
"P000096",28,2015-02-03
"P000096",21,2029-10-06
"P000096",13,2034-01-05
"P000097",39,1975-11-10
"P000097",55,1984-05-09
"P000097",4,1992-07-29
"P000097",14,1994-09-12
"P000097",41,1995-07-01
"P000097",30,1996-11-17
"P000098",52,1965-01-14
"P000098",27,1973-04-08
"P000098",23,1978-10-05
"P000098",3,1983-02-06
"P000098",61,1988-04-07
"P000099",15,1970-02-18
"P000099",31,1970-11-16
"P000100",3,2010-12-09
"P000100",28,2017-03-30
"P000100",52,2023-03-12
"P000100",2,2031-04-17
"P000100",21,2034-08-13
"P000101",24,1979-08-24
"P000101",18,1984-03-05
"P000101",49,1991-07-19
"P000101",49,1998-11-01
"P000102",28,1980-01-07
"P000102",44,1980-04-06
"P000102",29,1994-01-29
"P000102",53,1994-10-16
"P000102",50,2004-05-07
"P000103",44,2011-01-07
"P000103",24,2011-12-31
"P000103",17,2013-03-31
"P000103",10,2014-11-07
"P000103",12,2015-05-01
"P000103",19,2015-11-07
"P000103",11,2016-07-03
"P000103",4,2016-11-09
"P000103",56,2022-08-15
"P000103",16,2030-04-13
"P000103",62,2030-08-25
"P000103",55,2031-12-01
"P000103",64,2031-12-16
"P000103",11,2032-10-26
"P000104",52,2018-03-10
"P000104",65,2018-11-10
"P000104",60,2020-04-09
"P000104",38,2021-05-24
"P000104",30,2026-07-24
"P000104",4,2043-01-22
"P000105",3,2011-03-01
"P000105",5,2011-06-20
"P000105",19,2011-12-18
"P000105",1,2012-11-11
"P000105",5,2029-09-29
"P000105",55,2030-05-30
"P000106",3,2022-04-02
"P000106",12,2023-07-02
"P000106",1,2023-09-10
"P000106",64,2024-03-13
"P000106",11,2025-04-09
"P000106",18,2039-07-03
"P000106",40,2041-08-05
"P000106",25,2044-10-08
"P000106",24,2045-10-27
"P000106",5,2050-09-28
"P000106",54,2050-12-30
"P000106",4,2052-09-10
"P000107",52,2007-10-31
"P000107",13,2008-01-25
"P000107",20,2008-06-02
"P000107",53,2011-12-19
"P000107",15,2014-10-21
"P000107",4,2016-12-25
"P000107",8,2024-09-30
"P000107",12,2031-06-01
"P000107",5,2032-04-12
"P000107",19,2033-02-28
"P000107",43,2033-06-13
"P000107",7,2033-07-29
"P000107",41,2034-06-18
"P000107",8,2035-02-17
"P000108",55,2006-12-28
"P000108",3,2008-05-27
"P000108",30,2010-06-19
"P000108",32,2014-04-25
"P000108",30,2015-02-22
"P000108",10,2016-10-17
"P000108",4,2028-06-25
"P000108",24,2038-12-06
"P000109",29,2006-03-01
"P000109",53,2006-05-17
"P000110",50,2020-08-17
"P000110",28,2026-03-05
"P000110",3,2028-04-01
"P000110",14,2030-10-15
"P000111",41,1992-07-25
"P000111",49,2002-11-13
"P000111",16,2003-09-25
"P000111",2,2004-06-22
"P000111",15,2006-07-23
"P000111",35,2006-10-05
"P000111",24,2006-10-12
"P000111",14,2009-09-03
"P000111",13,2009-10-22
"P000111",25,2013-01-27
"P000111",61,2014-04-20
"P000111",22,2014-11-21
"P000112",61,1972-03-28
"P000112",6,1972-12-21
"P000112",60,1977-09-21
"P000112",6,1978-06-17
"P000112",8,1979-06-28
"P000112",64,1979-10-05
"P000112",35,1980-01-13
"P000112",23,1982-01-24
"P000112",65,1990-04-04
"P000112",55,2005-05-28
"P000112",43,2005-10-24
"P000113",6,1979-05-05
"P000113",44,1981-02-07
"P000113",25,1992-01-13
"P000113",8,1999-12-15
"P000113",28,1999-12-29
"P000113",10,2002-07-24
"P000113",60,2002-11-02
"P000113",18,2004-03-18
"P000113",19,2004-03-23
"P000113",15,2009-01-06
"P000113",47,2015-08-14
"P000114",4,2036-12-02
"P000114",14,2038-11-23
"P000114",6,2054-08-05
"P000115",10,2011-11-17
"P000115",22,2012-07-11
"P000115",49,2024-12-26
"P000115",4,2025-10-21
"P000115",50,2027-11-13
"P000115",64,2029-03-18
"P000115",30,2039-07-31
"P000116",26,2003-01-11
"P000116",65,2003-04-19
"P000116",13,2003-10-02
"P000116",6,2007-09-28
"P000116",5,2008-08-19
"P000116",28,2011-08-29
"P000116",27,2023-03-19
"P000116",40,2035-04-10
"P000116",67,2037-07-08
"P000117",65,2016-08-23
"P000117",15,2018-04-21
"P000118",56,1993-07-08
"P000118",5,1996-05-14
"P000118",11,1997-01-16
"P000118",30,1998-06-17
"P000118",59,1998-12-28
"P000118",47,2001-01-03
"P000118",1,2001-01-18
"P000118",66,2003-05-23
"P000118",12,2003-06-22
"P000118",4,2003-09-18
"P000118",28,2014-07-18
"P000118",55,2020-06-28
"P000119",3,1984-04-26
"P000119",28,1989-03-14
"P000119",28,1992-01-14
"P000119",63,1992-08-15
"P000119",16,2004-01-10
"P000119",40,2017-03-03
"P000119",60,2017-08-26
"P000119",38,2018-01-30
"P000119",47,2018-02-09
"P000120",53,1981-12-28
"P000120",18,1982-05-18
"P000120",42,1985-05-15
"P000120",4,1993-04-10
"P000121",43,2022-09-30
"P000121",4,2046-08-20
"P000122",50,1989-12-20
"P000122",60,1994-02-01
"P000122",4,1998-05-03
"P000123",67,2007-05-08
"P000123",48,2008-01-13
"P000123",23,2013-11-20
"P000123",27,2014-12-16
"P000123",62,2016-01-11
"P000123",30,2016-04-11
"P000123",13,2023-02-06
"P000123",1,2038-02-06
"P000123",18,2039-02-12
"P000123",32,2039-09-05
"P000124",23,1999-02-24
"P000124",54,2000-06-10
"P000124",46,2010-11-07
"P000124",32,2014-04-19
"P000124",4,2029-07-17
"P000125",44,2013-01-03
"P000125",28,2035-07-15
"P000125",40,2036-12-21
"P000125",3,2039-09-22
"P000125",30,2040-08-25
"P000125",47,2040-08-30
"P000125",47,2041-05-04
"P000125",64,2042-08-30
"P000126",8,1992-02-19
"P000126",28,1998-10-31
"P000126",24,2009-11-18
"P000127",8,1980-08-04
"P000127",54,1981-05-20
"P000128",24,1983-02-18
"P000128",24,1985-02-17
"P000128",23,1990-09-12
"P000128",8,1993-12-19
"P000128",15,2001-12-13
"P000129",5,2001-01-06
"P000129",53,2003-02-12
"P000129",30,2005-12-23
"P000129",10,2006-08-17
"P000129",19,2007-04-25
"P000129",26,2010-03-14
"P000129",16,2010-08-14
"P000129",57,2029-05-08
"P000129",21,2031-06-27
"P000130",3,1984-06-14
"P000130",49,1988-05-01
"P000130",40,2013-11-09
"P000130",9,2014-04-24
"P000131",4,1960-05-02
"P000131",1,1967-12-22
"P000131",27,1968-09-07
"P000131",49,1974-08-31
"P000131",14,1974-12-09
"P000131",13,1978-04-24
"P000131",22,1978-05-28
"P000131",50,1980-05-15
"P000131",65,1981-12-15
"P000131",16,1991-11-05
"P000131",12,1998-06-17
"P000132",4,1984-09-19
"P000132",28,1992-04-14
"P000133",47,1994-01-02
"P000133",30,1996-04-12
"P000133",62,2007-09-17
"P000134",8,1971-03-28
"P000134",17,1981-05-26
"P000134",18,1983-04-01
"P000134",2,1986-07-24
"P000134",27,1987-07-30
"P000134",2,1987-09-04
"P000134",15,1993-03-22
"P000134",3,2000-02-24
"P000135",8,2015-12-20
"P000135",39,2017-02-20
"P000135",39,2018-01-22
"P000135",7,2033-02-26
"P000136",1,2001-07-11
"P000136",14,2005-07-03
"P000136",7,2032-02-23
"P000137",28,2015-06-16
"P000137",2,2018-02-08
"P000137",28,2034-01-08
"P000137",21,2038-08-06
"P000137",62,2042-12-29
"P000138",4,1968-04-24
"P000138",32,1969-01-26
"P000138",55,1978-05-29
"P000138",61,1982-01-18
"P000138",28,1985-04-26
"P000138",61,2004-04-10
"P000139",28,1994-03-11
"P000139",44,2011-01-31
"P000140",6,1982-08-26
"P000140",1,1984-07-03
"P000140",54,1986-01-06
"P000140",66,1994-08-09
"P000141",57,2026-11-02
"P000141",28,2030-01-15
"P000142",7,1962-02-22
"P000142",23,1963-11-15
"P000142",53,1964-04-05
"P000142",4,1964-11-19
"P000142",7,1983-11-26
"P000142",57,1983-12-15
"P000142",64,1984-07-08
"P000142",57,1985-05-18
"P000142",13,1985-12-30
"P000142",51,1986-02-14
"P000142",51,1986-03-02
"P000142",13,1987-04-02
"P000143",6,1996-03-26
"P000143",1,1996-04-05
"P000143",14,2008-01-10
"P000144",14,2008-07-11
"P000144",25,2009-08-25
"P000144",7,2011-02-13
"P000144",52,2012-01-30
"P000144",35,2012-05-02
"P000144",64,2013-07-14
"P000144",23,2013-09-10
"P000144",59,2017-05-18
"P000144",17,2020-11-05
"P000144",57,2032-09-24
"P000144",14,2036-07-03
"P000144",13,2042-04-07
"P000144",1,2044-03-27
"P000145",18,1981-02-19
"P000145",15,1981-12-24
"P000145",4,1984-08-24
"P000145",8,1984-12-29
"P000145",6,1989-06-30
"P000145",60,1992-05-12
"P000145",37,1994-02-06
"P000145",41,1996-07-12
"P000145",55,1997-02-21
"P000145",11,1998-12-15
"P000145",1,2001-10-05
"P000145",27,2014-06-22
"P000145",60,2015-04-29
"P000145",52,2015-08-26
"P000146",32,2010-10-17
"P000146",62,2014-01-16
"P000146",6,2032-08-13
"P000147",36,1982-08-14
"P000147",4,1992-11-14
"P000147",26,1999-08-13
"P000148",32,1981-03-29
"P000148",7,1986-07-24
"P000148",4,1994-12-05
"P000148",66,1995-01-04
"P000148",1,2006-05-29
"P000148",7,2007-07-14
"P000148",28,2009-07-19
"P000148",40,2009-12-25
"P000149",11,1992-08-21
"P000149",2,2001-11-28
"P000149",37,2019-09-01
"P000149",55,2025-09-23
"P000150",50,2011-02-02
"P000150",15,2033-02-12
"P000150",18,2033-08-19
"P000151",52,1981-05-31
"P000151",1,1982-06-27
"P000151",57,1983-02-01
"P000151",6,1985-05-25
"P000151",27,1995-10-14
"P000151",49,2005-03-16
"P000152",5,2027-02-16
"P000152",4,2030-10-06
"P000152",23,2034-08-20
"P000152",52,2035-08-30
"P000152",3,2042-09-21
"P000152",26,2043-04-05
"P000152",14,2046-12-10
"P000153",35,2016-06-10
"P000153",24,2020-07-15
"P000153",27,2020-08-14
"P000153",38,2021-11-25
"P000153",47,2022-10-11
"P000153",62,2023-05-03
"P000153",1,2037-10-30
"P000153",12,2049-06-23
"P000153",64,2049-06-30
"P000154",5,1970-08-25
"P000154",23,1976-09-26
"P000154",14,1977-12-23
"P000154",1,1983-05-15
"P000155",28,2013-07-28
"P000155",8,2014-12-12
"P000156",43,2015-06-03
"P000156",36,2016-10-23
"P000156",2,2019-01-31
"P000156",6,2033-07-04
"P000156",27,2037-06-16
"P000156",27,2037-11-18
"P000156",63,2040-01-22
"P000156",34,2040-01-22
"P000156",58,2041-06-29
"P000157",12,1994-07-31
"P000157",62,1995-12-11
"P000157",60,1999-02-25
"P000157",55,1999-07-31
"P000157",29,2006-08-29
"P000157",9,2008-05-05
"P000157",36,2008-09-03
"P000157",31,2009-09-04
"P000157",40,2019-03-31
"P000157",40,2020-05-16
"P000157",44,2021-03-06
"P000157",52,2029-08-04
"P000158",4,1972-07-31
"P000158",50,2001-01-04
"P000158",27,2002-10-06
"P000158",27,2003-05-28
"P000159",49,1994-05-18
"P000159",30,1996-08-04
"P000159",52,2004-01-10
"P000159",28,2014-10-06
"P000159",18,2014-10-30
"P000159",4,2014-12-20
"P000159",16,2016-04-16
"P000159",4,2017-03-01
"P000159",64,2019-11-08
"P000159",28,2022-05-29
"P000160",53,1969-05-29
"P000160",11,1969-11-05
"P000160",21,1977-02-01
"P000160",52,1980-03-16
"P000161",14,2025-03-22
"P000161",49,2032-03-04
"P000161",11,2033-04-23
"P000161",64,2033-08-07
"P000161",47,2035-01-27
"P000161",4,2035-02-28
"P000161",8,2036-03-29
"P000161",19,2036-07-06
"P000161",46,2036-10-20
"P000161",28,2037-09-26
"P000161",40,2040-04-13
"P000162",23,1991-07-13
"P000162",53,1992-12-14
"P000162",26,1994-12-10
"P000162",47,2000-08-22
"P000162",2,2001-01-21
"P000162",3,2001-08-11
"P000162",14,2001-08-24
"P000162",43,2003-03-17
"P000162",60,2008-10-22
"P000162",11,2015-11-18
"P000162",40,2018-04-01
"P000163",51,2014-06-05
"P000163",35,2030-01-01
"P000163",24,2031-12-18
"P000163",28,2041-09-14
"P000163",16,2042-02-06
"P000163",23,2042-06-12
"P000163",55,2047-04-30
"P000164",26,1971-03-03
"P000164",23,1971-08-31
"P000164",6,1972-07-13
"P000164",6,1975-12-23
"P000164",27,1978-08-08
"P000164",26,2004-06-22
"P000164",64,2004-09-12
"P000165",11,1972-11-08
"P000165",40,1973-02-20
"P000165",28,1974-01-24
"P000165",16,1974-03-23
"P000165",15,1975-03-11
"P000165",40,1975-06-10
"P000165",63,1975-07-08
"P000165",28,1975-10-14
"P000165",13,1977-04-20
"P000165",14,1978-03-21
"P000165",30,1982-08-22
"P000165",28,1983-08-20
"P000165",62,1983-10-12
"P000165",6,1984-05-30
"P000165",14,1984-10-20
"P000165",29,1985-05-25
"P000165",56,2003-02-19
"P000165",62,2004-12-30
"P000165",46,2005-05-07
"P000165",20,2006-07-19
"P000166",5,2026-07-18
"P000166",44,2033-12-12
"P000167",34,1991-05-13
"P000167",28,2001-02-19
"P000167",1,2005-03-19
"P000167",27,2021-03-27
"P000167",8,2022-05-06
"P000167",23,2023-03-14
"P000167",14,2025-11-20
"P000168",55,1972-01-20
"P000168",48,1972-11-02
"P000168",28,1980-08-20
"P000168",6,1991-04-10
"P000169",47,2015-01-06
"P000169",57,2022-04-22
"P000170",14,1975-05-27
"P000170",58,1989-05-04
"P000170",28,1990-05-14
"P000171",28,1998-10-02
"P000171",30,2000-11-22
"P000171",3,2002-01-15
"P000171",16,2012-10-08
"P000171",57,2013-05-04
"P000172",10,2025-04-29
"P000172",62,2027-05-27
"P000172",60,2034-02-14
"P000172",3,2035-02-23
"P000172",39,2036-05-31
"P000172",28,2038-09-12
"P000173",62,2014-07-24
"P000173",17,2016-08-04
"P000173",30,2031-12-04
"P000173",23,2043-11-02
"P000173",36,2044-04-27
"P000173",8,2045-05-09
"P000174",6,1978-03-21
"P000174",2,1985-01-03
"P000174",43,1986-02-25
"P000174",14,1992-07-13
"P000174",41,1994-12-31
"P000174",66,1996-03-23
"P000175",6,2005-11-02
"P000175",25,2025-03-14
"P000175",16,2027-05-18
"P000175",3,2030-10-01
"P000175",35,2033-01-06
"P000175",24,2033-05-25
"P000175",6,2037-06-07
"P000175",55,2039-10-10
"P000175",39,2040-06-20
"P000175",18,2040-09-09
"P000175",51,2041-11-20
"P000175",19,2042-03-23
"P000176",42,2009-11-17
"P000176",50,2011-09-11
"P000176",66,2012-07-05
"P000176",21,2014-11-17
"P000176",31,2015-05-16
"P000176",2,2017-02-06
"P000176",18,2026-09-13
"P000176",52,2027-01-02
"P000176",61,2027-01-09
"P000177",4,1982-11-22
"P000177",14,1983-01-23
"P000177",14,1989-11-01
"P000177",49,1997-12-29
"P000178",16,1986-05-31
"P000178",14,2010-08-25
"P000178",13,2011-08-23
"P000178",14,2013-03-15
"P000179",65,1969-06-01
"P000179",3,1969-10-12
"P000179",32,1974-05-19
"P000179",54,1974-07-10
"P000179",48,1983-02-14
"P000179",55,2002-12-16
"P000179",43,2004-01-13
"P000179",62,2006-07-25
"P000179",41,2007-05-21
"P000180",27,1989-10-03
"P000180",60,2002-02-27
"P000181",11,1988-12-23
"P000181",23,1989-11-28
"P000181",2,1990-04-02
"P000181",4,1999-09-25
"P000181",52,2006-03-11
"P000181",50,2008-01-02
"P000181",36,2009-01-05
"P000181",30,2009-06-15
"P000182",18,2007-07-18
"P000182",6,2008-01-30
"P000182",53,2012-08-18
"P000182",16,2013-09-30
"P000182",49,2014-02-27
"P000182",52,2014-12-03
"P000182",56,2015-03-23
"P000182",61,2020-05-05
"P000182",16,2022-08-29
"P000182",67,2022-09-01
"P000182",41,2022-12-22
"P000182",7,2023-02-02
"P000182",43,2042-01-25
"P000182",44,2045-01-13
"P000183",28,1994-03-15
"P000183",11,1999-09-06
"P000184",6,1980-04-09
"P000184",27,1983-01-20
"P000184",23,1988-06-05
"P000184",3,1989-06-27
"P000184",23,1991-08-21
"P000184",29,1992-07-16
"P000184",27,1994-09-27
"P000184",28,1995-01-25
"P000184",62,1996-01-07
"P000184",62,1996-03-23
"P000184",62,1996-04-24
"P000185",1,2010-10-03
"P000186",8,1962-02-09
"P000186",8,1962-03-09
"P000186",27,1991-03-01
"P000186",52,1993-01-12
"P000186",2,2000-09-29
"P000188",18,2001-09-26
"P000188",5,2015-12-05
"P000188",27,2017-10-05
"P000189",55,1997-11-11
"P000189",19,1998-03-18
"P000189",24,1999-01-15
"P000189",46,1999-03-29
"P000189",3,2000-01-24
"P000189",15,2001-05-29
"P000189",60,2003-09-03
"P000189",48,2008-04-23
"P000189",40,2011-11-22
"P000189",57,2013-07-31
"P000189",23,2024-01-31
"P000189",15,2026-08-20
"P000190",53,2009-07-26
"P000190",49,2010-06-19
"P000190",53,2011-07-30
"P000190",22,2011-10-08
"P000190",50,2011-10-20
"P000190",30,2013-04-22
"P000190",45,2013-09-09
"P000190",66,2015-05-07
"P000190",14,2041-10-05
"P000191",54,2027-07-24
"P000191",25,2027-11-19
"P000191",31,2028-03-28
"P000191",66,2028-09-13
"P000192",15,2003-05-20
"P000192",55,2004-09-07
"P000192",2,2005-06-03
"P000192",13,2008-02-03
"P000192",18,2015-09-27
"P000192",3,2017-02-07
"P000193",61,2019-04-11
"P000193",53,2029-04-30
"P000194",14,2017-06-02
"P000194",28,2020-12-11
"P000194",16,2022-09-11
"P000194",54,2023-06-21
"P000194",14,2039-07-05
"P000194",14,2051-11-20
"P000195",6,1999-04-05
"P000195",28,2009-01-25
"P000195",21,2017-05-26
"P000196",12,2012-11-24
"P000196",64,2013-04-13
"P000196",42,2016-11-18
"P000196",55,2017-12-10
"P000196",52,2019-04-26
"P000196",51,2019-06-30
"P000196",50,2022-05-20
"P000196",19,2039-05-14
"P000196",56,2041-01-17
"P000196",23,2045-03-17
"P000197",27,1964-06-24
"P000197",18,1965-05-26
"P000197",6,1967-03-26
"P000197",34,1968-04-03
"P000197",2,1978-05-25
"P000197",33,1979-01-31
"P000197",62,1979-03-05
"P000197",12,1980-01-13
"P000197",47,1984-09-16
"P000197",43,1997-01-25
"P000198",11,1990-02-03
"P000198",37,1990-11-18
"P000198",15,1991-09-29
"P000198",30,1992-08-02
"P000198",34,1993-04-01
"P000198",61,1996-11-06
"P000198",49,2002-01-28
"P000198",47,2007-05-29
"P000198",31,2008-02-26
"P000198",59,2009-06-10
"P000199",5,1964-06-20
"P000199",57,1964-07-14
"P000199",23,1968-11-11
"P000199",6,1969-08-28
"P000199",34,1974-05-23
"P000199",2,1976-01-21
"P000199",44,1977-02-14
"P000199",33,1978-05-17
"P000199",9,1979-08-07
"P000199",4,1995-03-24
"P000199",24,1995-11-30
"P000200",14,2007-08-18
"P000200",55,2011-06-13
"P000200",26,2019-11-14
"P000200",6,2025-02-05
"P000200",4,2028-12-01
"P000201",8,1991-03-02
"P000202",21,2011-11-21
"P000202",44,2014-07-19
"P000202",58,2014-09-19
"P000202",55,2021-10-10
"P000202",47,2025-02-17
"P000202",23,2026-10-30
"P000203",43,1974-08-06
"P000203",55,1985-05-12
"P000203",34,1987-04-14
"P000203",27,1992-07-10
"P000203",4,1993-01-11
"P000204",27,2015-06-23
"P000205",3,2019-09-17
"P000205",14,2020-09-29
"P000205",13,2021-11-27
"P000205",41,2024-03-18
"P000205",21,2024-09-07
"P000205",47,2026-07-16
"P000205",37,2048-03-16
"P000205",2,2049-08-15
"P000206",25,2000-06-04
"P000206",35,2001-03-12
"P000206",5,2016-12-27
"P000207",47,2001-03-27
"P000207",60,2012-05-09
"P000207",40,2031-02-05
"P000208",18,1981-05-23
"P000208",10,1981-07-11
"P000208",43,1992-08-06
"P000208",52,1994-05-30
"P000209",24,1982-04-04
"P000209",28,1988-08-14
"P000209",16,1988-08-25
"P000209",44,1991-09-20
"P000209",14,1992-11-22
"P000209",24,1992-12-16
"P000209",4,1993-07-18
"P000209",7,1994-06-12
"P000209",1,2001-10-26
"P000209",53,2015-09-19
"P000209",52,2017-01-19
"P000210",3,2019-05-14
"P000210",11,2026-07-11
"P000210",3,2030-06-23
"P000210",55,2031-08-05
"P000210",6,2033-08-05
"P000210",23,2036-01-23
"P000211",61,1999-12-05
"P000211",32,2001-08-10
"P000211",11,2013-03-24
"P000211",52,2024-03-16
"P000212",15,2039-11-20
"P000212",63,2042-01-30
"P000212",19,2042-08-04
"P000212",27,2048-05-26
"P000212",36,2050-06-25
"P000212",67,2050-12-27
"P000213",3,1974-12-25
"P000213",17,1983-06-18
"P000213",4,2003-02-25
"P000214",28,1993-10-30
"P000214",61,1994-04-15
"P000214",60,1997-09-28
"P000214",2,1999-02-19
"P000214",63,2022-03-12
"P000214",2,2022-08-14
"P000215",6,1967-05-16
"P000215",60,1969-04-29
"P000215",6,1970-03-14
"P000215",20,1971-10-16
"P000215",58,1980-05-24
"P000216",14,1977-07-26
"P000216",38,1979-01-27
"P000216",2,1990-01-16
"P000216",33,1992-03-06
"P000216",23,1994-11-15
"P000216",28,1998-05-25
"P000216",16,1998-10-25
"P000217",28,2019-03-04
"P000218",3,1972-08-19
"P000218",26,1973-08-19
"P000218",23,1979-04-10
"P000218",11,1996-11-06
"P000218",55,2002-08-12
"P000218",52,2009-11-29
"P000219",4,2018-04-16
"P000219",14,2027-11-09
"P000219",50,2029-06-18
"P000219",53,2045-10-31
"P000220",27,2012-04-14
"P000220",14,2025-05-29
"P000220",25,2025-06-18
"P000220",62,2026-04-11
"P000221",27,2005-11-13
"P000221",28,2021-02-08
"P000223",4,2011-12-17
"P000223",14,2012-12-27
"P000223",51,2019-04-12
"P000223",41,2019-09-09
"P000223",52,2025-01-26
"P000223",54,2026-12-04
"P000223",42,2028-10-10
"P000223",49,2029-12-24
"P000223",61,2031-01-27
"P000223",28,2031-04-25
"P000223",58,2032-03-05
"P000223",58,2032-09-23
"P000223",10,2032-11-11
"P000223",2,2032-11-30
"P000223",22,2034-10-16
"P000223",47,2042-05-30
"P000224",53,1981-09-06
"P000224",10,1982-04-29
"P000224",48,1994-07-30
"P000224",55,1998-10-10
"P000224",26,2006-12-25
"P000224",25,2019-11-09
"P000225",23,2023-10-25
"P000225",4,2028-10-26
"P000225",7,2040-01-30
"P000225",10,2042-05-24
"P000226",61,2015-11-14
"P000226",40,2023-05-20
"P000226",23,2030-03-11
"P000226",27,2032-12-14
"P000227",13,1985-07-05
"P000227",28,1986-01-30
"P000227",4,1987-05-21
"P000227",1,1987-07-13
"P000227",32,1987-11-30
"P000227",42,1989-05-08
"P000227",47,1992-07-03
"P000227",38,2002-05-23
"P000227",57,2009-08-15
"P000228",27,2011-01-01
"P000228",62,2011-09-01
"P000228",4,2032-08-15
"P000229",16,1981-02-20
"P000229",10,1989-08-04
"P000229",3,1990-10-18
"P000229",17,2002-12-31
"P000229",62,2007-09-15
"P000229",55,2008-11-22
"P000230",27,1974-11-05
"P000230",24,1975-01-04
"P000230",42,1975-06-03
"P000230",1,1975-11-07
"P000230",5,1989-08-17
"P000230",49,1989-08-31
"P000230",44,1993-07-29
"P000230",26,1996-09-03
"P000231",23,1970-04-22
"P000231",3,1978-05-06
"P000231",49,1978-07-18
"P000231",61,1980-04-08
"P000231",15,1980-07-16
"P000231",54,1981-04-30
"P000232",17,2015-06-15
"P000232",16,2017-06-02
"P000232",57,2038-11-13
"P000233",8,1988-03-15
"P000233",15,1988-09-20
"P000233",31,1988-12-01
"P000233",53,1991-07-19
"P000233",47,1994-11-18
"P000233",38,1997-04-02
"P000233",49,1997-07-03
"P000233",4,2006-11-11
"P000233",46,2008-07-30
"P000234",30,1983-02-27
"P000234",14,2014-01-31
"P000235",7,1969-04-14
"P000235",28,1970-08-23
"P000235",5,1981-03-16
"P000235",43,1981-05-09
"P000235",43,1983-07-24
"P000235",1,1989-10-07
"P000235",1,2000-03-11
"P000236",12,1988-01-27
"P000236",62,2005-11-22
"P000236",28,2020-04-12
"P000237",20,1963-08-07
"P000237",49,1968-10-17
"P000237",16,1969-04-20
"P000237",4,1969-12-29
"P000237",67,1970-12-20
"P000237",56,1971-02-02
"P000237",5,1972-04-28
"P000237",64,1974-03-02
"P000237",40,1976-01-16
"P000237",22,1979-08-24
"P000237",49,1994-07-25
"P000238",55,2023-06-05
"P000238",14,2031-02-20
"P000239",4,2001-04-02
"P000239",58,2001-09-10
"P000239",5,2015-12-26
"P000239",15,2016-08-21
"P000239",15,2017-01-04
"P000239",13,2017-08-17
"P000239",62,2018-08-31
"P000239",18,2019-07-18
"P000239",46,2019-12-23
"P000239",4,2019-12-28
"P000239",53,2020-02-18
"P000239",4,2020-03-28
"P000239",58,2027-04-09
"P000239",3,2029-10-15
"P000239",62,2036-08-21
"P000240",28,2000-06-22
"P000240",24,2003-09-14
"P000241",38,1992-08-13
"P000241",63,1995-03-27
"P000241",48,1996-06-21
"P000241",57,1996-12-08
"P000241",47,2002-09-22
"P000241",28,2002-12-05
"P000241",45,2003-02-27
"P000241",62,2006-03-07
"P000241",18,2023-09-27
"P000241",66,2026-01-03
"P000242",28,1980-03-14
"P000242",1,1981-01-23
"P000242",55,1992-03-06
"P000242",43,2002-12-07
"P000242",41,2003-07-06
"P000242",28,2014-02-24
"P000243",27,1986-05-03
"P000243",26,1999-05-31
"P000243",47,2000-03-27
"P000243",23,2006-02-24
"P000244",28,1993-06-03
"P000244",21,2000-07-07
"P000244",4,2007-04-10
"P000244",34,2008-01-15
"P000245",23,2013-10-21
"P000245",7,2014-05-02
"P000245",28,2016-03-31
"P000245",16,2018-10-04
"P000245",1,2024-04-22
"P000245",49,2032-05-11
"P000246",38,2008-02-19
"P000246",54,2010-03-27
"P000246",28,2012-08-28
"P000247",53,2007-09-29
"P000247",15,2015-04-25
"P000247",60,2018-01-14
"P000247",53,2024-06-09
"P000247",50,2024-12-31
"P000247",18,2026-06-23
"P000247",3,2041-05-18
"P000247",28,2041-06-30
"P000247",12,2041-10-20
"P000248",4,1997-05-30
"P000248",53,2002-04-07
"P000248",20,2011-10-09
"P000248",1,2012-04-15
"P000249",2,2017-10-03
"P000249",49,2022-10-20
"P000249",28,2029-03-11
"P000250",2,1979-03-28
"P000250",47,1979-05-10
"P000250",14,1983-06-21
"P000250",19,1986-07-21
"P000250",6,1994-10-27
"P000250",44,1995-03-06
"P000251",3,2010-03-04
"P000251",18,2022-05-16
"P000251",44,2029-06-02
"P000252",50,2013-08-05
"P000252",63,2017-10-14
"P000252",62,2019-01-11
"P000252",64,2020-05-18
"P000252",7,2028-11-30
"P000252",12,2036-12-05
"P000252",28,2047-12-10
"P000253",11,1966-05-19
"P000253",28,1970-02-13
"P000253",12,1975-04-27
"P000253",4,1977-07-05
"P000253",20,1978-07-15
"P000253",53,1979-10-21
"P000253",22,1984-07-19
"P000253",2,1984-08-21
"P000253",28,1985-06-18
"P000253",27,1985-06-27
"P000253",3,1985-09-15
"P000253",24,1985-11-08
"P000253",44,1996-09-11
"P000254",14,1989-07-06
"P000254",58,1990-11-10
"P000254",26,2003-04-21
"P000254",26,2008-02-15
"P000254",52,2012-12-25
"P000255",1,1991-09-04
"P000255",49,2000-12-18
"P000256",2,2018-08-25
"P000256",6,2025-10-16
"P000256",18,2033-12-02
"P000256",46,2037-01-15
"P000256",28,2047-02-23
"P000257",12,2029-11-18
"P000257",6,2032-04-06
"P000257",55,2037-01-25
"P000257",21,2044-03-08
"P000258",24,2012-06-08
"P000258",67,2014-02-13
"P000258",27,2021-10-09
"P000258",38,2023-08-11
"P000258",24,2042-07-13
"P000258",27,2046-06-14
"P000258",61,2047-09-01
"P000258",23,2047-12-18
"P000259",52,1987-02-16
"P000259",2,2009-04-18
"P000259",7,2010-08-24
"P000259",28,2012-05-21
"P000259",27,2019-05-23
"P000259",24,2019-06-10
"P000259",35,2019-07-18
"P000259",64,2019-09-01
"P000259",27,2020-07-07
"P000259",30,2020-12-22
"P000259",51,2021-07-29
"P000259",10,2021-11-22
"P000260",26,2012-08-28
"P000260",15,2013-03-20
"P000260",62,2013-12-09
"P000260",54,2013-12-28
"P000260",16,2024-11-03
"P000260",56,2025-09-16
"P000260",33,2026-01-24
"P000260",64,2026-10-31
"P000260",50,2027-01-30
"P000260",60,2027-12-08
"P000260",64,2027-12-31
"P000260",25,2028-11-30
"P000260",35,2028-12-23
"P000260",59,2029-01-02
"P000260",27,2032-10-18
"P000260",26,2033-08-24
"P000261",60,2001-12-05
"P000261",18,2005-02-28
"P000261",48,2008-07-31
"P000262",18,2027-05-07
"P000262",9,2030-12-18
"P000262",3,2036-06-30
"P000262",65,2041-12-07
"P000262",28,2047-11-19
"P000263",28,2003-08-21
"P000263",4,2016-12-24
"P000263",18,2025-09-23
"P000263",41,2028-10-10
"P000263",20,2028-12-26
"P000263",21,2030-06-01
"P000263",39,2032-04-16
"P000263",29,2036-12-20
"P000264",3,2043-02-21
"P000264",8,2046-11-27
"P000264",15,2047-08-03
"P000265",42,2047-11-04
"P000266",49,2012-06-27
"P000266",2,2012-11-16
"P000266",3,2042-08-06
"P000267",24,1972-03-15
"P000267",26,1973-01-08
"P000267",24,1974-03-24
"P000267",53,1998-07-24
"P000268",2,1972-02-20
"P000268",1,2002-07-27
"P000269",6,2015-12-22
"P000269",1,2016-09-21
"P000269",17,2018-07-04
"P000269",8,2026-06-17
"P000270",55,1995-05-26
"P000270",1,2014-06-19
"P000271",12,1991-09-13
"P000271",11,1993-07-22
"P000272",26,2013-03-17
"P000272",15,2016-12-19
"P000272",1,2020-04-11
"P000272",32,2023-03-09
"P000272",2,2024-05-26
"P000272",11,2025-10-21
"P000272",42,2026-11-01
"P000272",6,2028-08-06
"P000272",3,2036-09-22
"P000273",56,2012-09-03
"P000273",2,2015-01-29
"P000273",40,2017-06-11
"P000273",37,2029-06-10
"P000273",8,2039-11-06
"P000273",28,2040-11-09
"P000274",55,2013-03-15
"P000274",34,2017-08-09
"P000274",27,2021-08-26
"P000275",3,1998-04-26
"P000275",43,2013-02-27
"P000275",26,2013-03-09
"P000276",44,1962-09-01
"P000276",1,1962-12-26
"P000276",11,1972-02-19
"P000277",54,2001-02-16
"P000277",20,2027-01-08
"P000277",35,2027-11-18
"P000277",24,2028-12-19
"P000277",17,2029-06-17
"P000277",27,2030-11-09
"P000278",3,1999-01-24
"P000278",17,2027-04-11
"P000278",42,2028-02-07
"P000278",41,2028-02-08
"P000278",50,2028-11-27
"P000278",28,2030-08-14
"P000279",47,2017-04-27
"P000279",31,2017-11-10
"P000279",54,2021-11-30
"P000279",3,2027-08-29
"P000279",7,2043-05-16
"P000279",64,2044-05-02
"P000280",61,1975-09-25
"P000280",62,1976-09-25
"P000280",7,1977-11-23
"P000280",64,1978-08-15
"P000280",42,1980-07-06
"P000280",3,2003-12-16
"P000280",3,2006-05-09
"P000281",38,2019-12-22
"P000281",38,2030-12-13
"P000282",28,2010-10-04
"P000282",23,2018-12-10
"P000282",28,2036-05-03
"P000282",40,2037-12-16
"P000282",19,2038-03-01
"P000282",47,2038-05-24
"P000283",18,2008-02-09
"P000283",6,2008-10-30
"P000283",15,2017-01-08
"P000283",24,2020-05-22
"P000283",52,2029-04-28
"P000284",62,1982-12-18
"P000284",25,1994-07-09
"P000284",61,1998-04-27
"P000284",34,1999-01-23
"P000284",3,2005-03-11
"P000284",49,2011-12-12
"P000285",14,1989-11-20
"P000285",13,1990-04-24
"P000285",6,1993-02-28
"P000285",4,2002-05-02
"P000285",53,2013-03-28
"P000286",18,1997-09-17
"P000286",12,1998-12-16
"P000286",5,2000-05-25
"P000286",39,2004-10-23
"P000286",36,2021-06-09
"P000286",43,2027-05-29
"P000286",25,2029-06-09
"P000286",52,2030-01-20
"P000286",3,2031-10-29
"P000286",47,2032-01-16
"P000286",49,2032-12-30
"P000287",18,1982-06-12
"P000287",26,1999-10-03
"P000287",8,1999-12-25
"P000287",30,2000-04-13
"P000287",10,2000-10-18
"P000287",31,2000-12-09
"P000287",38,2002-04-10
"P000287",32,2005-10-15
"P000287",18,2007-03-05
"P000287",50,2008-10-04
"P000287",66,2008-10-25
"P000287",1,2009-03-15
"P000287",12,2011-06-05
"P000288",7,1994-03-10
"P000288",39,2003-02-26
"P000288",5,2003-11-29
"P000288",24,2005-10-02
"P000288",44,2005-10-15
"P000288",26,2007-01-06
"P000289",28,1982-07-17
"P000289",23,1996-09-15
"P000289",28,1997-06-07
"P000289",3,2009-01-01
"P000289",5,2015-12-22
"P000290",2,2004-05-13
"P000291",6,2030-02-06
"P000292",27,1972-01-24
"P000292",27,1974-02-25
"P000292",43,1986-07-29
"P000292",35,1986-08-05
"P000292",34,1987-03-05
"P000292",64,1987-05-11
"P000292",3,2005-03-19
"P000292",49,2005-08-06
"P000295",67,1970-01-30
"P000295",2,1986-11-26
"P000295",6,2002-04-03
"P000296",23,1991-03-09
"P000296",51,2009-05-17
"P000297",31,2015-03-30
"P000297",31,2016-04-28
"P000297",6,2027-04-27
"P000298",3,1988-03-28
"P000298",1,2000-06-11
"P000298",26,2000-09-11
"P000298",3,2007-01-02
"P000298",23,2015-09-01
"P000299",6,1967-05-12
"P000299",16,1969-05-31
"P000299",1,1970-01-14
"P000299",6,1993-10-09
"P000299",8,2000-02-08
"P000299",30,2000-09-25
"P000300",12,2010-04-28
"P000300",19,2012-11-07
"P000300",1,2013-08-31
"P000300",28,2030-01-16
"P000300",30,2030-11-28
"P000300",15,2039-08-09
"P000301",25,1981-12-15
"P000301",49,1984-08-22
"P000301",15,1987-03-19
"P000301",21,1988-03-28
"P000301",16,2012-02-16
"P000302",2,2022-11-06
"P000303",18,1982-01-12
"P000303",62,1987-01-23
"P000303",6,1987-02-09
"P000303",6,1987-08-13
"P000303",12,1987-12-02
"P000303",16,1988-09-26
"P000303",1,1992-02-14
"P000303",36,1993-10-03
"P000303",33,1996-09-03
"P000303",42,1997-01-27
"P000303",49,2001-12-18
"P000303",4,2004-01-03
"P000303",53,2004-12-04
"P000305",11,1979-07-08
"P000305",28,1985-04-28
"P000305",55,2014-07-09
"P000306",20,2006-03-05
"P000306",8,2007-04-10
"P000306",31,2008-09-17
"P000306",2,2008-12-28
"P000306",7,2010-05-30
"P000306",3,2032-04-05
"P000306",48,2033-08-29
"P000306",13,2034-04-23
"P000306",52,2037-06-15
"P000307",28,1983-08-08
"P000307",62,1984-09-09
"P000307",25,1987-03-05
"P000308",43,2037-06-24
"P000308",20,2040-05-27
"P000308",40,2041-08-13
"P000308",40,2041-09-14
"P000308",55,2049-12-22
"P000308",49,2050-10-10
"P000309",11,2021-06-30
"P000309",26,2023-05-05
"P000309",4,2026-05-24
"P000310",37,1970-11-30
"P000310",3,1980-11-13
"P000310",49,1981-04-25
"P000310",49,1982-10-13
"P000310",25,1995-08-20
"P000311",40,2013-01-17
"P000311",1,2014-03-08
"P000311",17,2026-12-04
"P000311",27,2027-12-29
"P000311",42,2032-10-27
"P000311",2,2037-12-31
"P000312",18,2012-11-19
"P000312",66,2016-06-02
"P000312",8,2019-09-17
"P000312",11,2022-03-19
"P000313",14,1984-03-04
"P000313",1,1998-02-09
"P000313",62,2002-08-20
"P000313",18,2008-02-15
"P000313",53,2008-06-19
"P000314",18,2014-11-12
"P000314",23,2028-02-01
"P000314",28,2032-12-21
"P000314",12,2033-03-28
"P000314",30,2035-04-20
"P000314",27,2036-05-29
"P000315",52,2044-08-19
"P000316",15,1978-01-17
"P000316",11,1979-01-03
"P000316",44,1987-12-29
"P000316",28,1991-12-18
"P000316",62,1993-06-27
"P000316",43,1995-01-04
"P000316",22,1996-11-06
"P000316",61,1997-03-16
"P000316",48,1997-07-31
"P000316",21,1997-08-20
"P000317",3,2008-09-24
"P000317",49,2016-07-30
"P000318",25,2009-07-03
"P000318",56,2009-11-05
"P000318",4,2010-05-21
"P000318",62,2010-07-10
"P000318",33,2010-07-14
"P000318",3,2020-04-18
"P000318",32,2030-06-19
"P000318",32,2031-03-27
"P000318",48,2032-08-13
"P000318",48,2034-04-15
"P000318",12,2036-07-12
"P000318",5,2040-03-24
"P000318",5,2041-12-28
"P000318",50,2043-06-11
"P000319",6,1996-03-01
"P000320",11,2018-05-01
"P000320",14,2033-03-09
"P000320",5,2040-10-15
"P000321",41,2016-08-29
"P000321",43,2023-11-09
"P000321",40,2026-01-27
"P000321",3,2027-12-19
"P000321",52,2032-09-26
"P000321",18,2033-11-24
"P000321",6,2044-03-22
"P000322",60,2001-03-13
"P000322",34,2017-09-22
"P000322",4,2019-07-21
"P000322",4,2023-10-13
"P000323",19,1988-10-09
"P000323",12,1994-02-07
"P000323",54,1996-04-12
"P000323",1,2000-04-28
"P000323",17,2001-09-24
"P000323",55,2003-12-15
"P000323",21,2004-04-09
"P000323",39,2004-06-16
"P000323",47,2004-09-14
"P000323",11,2005-03-30
"P000323",34,2005-09-18
"P000323",66,2005-12-15
"P000323",41,2007-05-27
"P000323",60,2014-12-24
"P000323",4,2016-07-18
"P000323",32,2017-12-08
"P000324",8,1999-08-08
"P000324",6,2019-05-05
"P000324",27,2023-03-02
"P000324",7,2024-06-26
"P000324",39,2025-08-20
"P000325",56,2014-09-03
"P000325",50,2018-12-08
"P000325",14,2026-06-24
"P000325",41,2033-10-31
"P000326",44,2003-05-27
"P000326",28,2007-01-22
"P000326",16,2009-09-20
"P000327",52,2030-03-16
"P000328",48,1997-06-12
"P000328",53,1998-10-10
"P000328",57,2017-08-18
"P000328",57,2018-04-10
"P000328",11,2018-11-07
"P000328",58,2019-06-16
"P000328",42,2019-07-22
"P000328",38,2019-08-04
"P000328",53,2023-06-03
"P000328",14,2031-03-16
"P000329",6,1994-03-14
"P000329",34,1994-04-04
"P000329",61,1994-07-14
"P000329",48,1995-10-09
"P000329",17,1995-11-13
"P000329",12,1996-09-11
"P000329",12,1997-07-09
"P000329",27,1998-03-03
"P000329",30,2010-08-14
"P000329",25,2014-03-26
"P000329",30,2014-07-02
"P000329",26,2024-11-26
"P000329",14,2025-10-19
"P000330",4,2015-05-09
"P000331",1,2023-07-29
"P000331",13,2024-01-28
"P000331",4,2040-11-12
"P000331",46,2041-04-14
"P000331",55,2047-10-27
"P000331",46,2049-03-31
"P000332",55,1982-11-26
"P000332",6,1986-12-03
"P000332",28,1988-01-14
"P000332",39,1989-04-07
"P000332",11,1990-05-16
"P000332",2,2004-10-20
"P000332",1,2020-06-18
"P000333",61,2016-03-05
"P000333",18,2028-03-02
"P000333",8,2034-11-11
"P000333",4,2041-12-12
"P000334",54,2017-05-03
"P000334",58,2024-03-08
"P000334",1,2024-11-21
"P000334",34,2025-02-07
"P000334",41,2035-07-02
"P000334",34,2038-10-05
"P000334",61,2041-10-29
"P000334",10,2046-03-30
"P000335",62,1997-05-30
"P000335",54,2018-05-13
"P000336",49,2003-03-19
"P000336",19,2007-09-05
"P000336",52,2011-03-10
"P000336",12,2013-06-12
"P000336",28,2023-12-07
"P000336",52,2024-06-21
"P000336",65,2030-06-12
"P000336",50,2031-06-03
"P000336",66,2032-09-02
"P000336",66,2033-06-09
"P000336",4,2036-11-08
"P000337",40,2005-09-08
"P000337",61,2017-03-25
"P000337",49,2021-09-28
"P000338",60,1981-10-21
"P000338",21,1983-02-18
"P000338",60,1991-11-20
"P000338",62,2005-04-22
"P000338",27,2012-12-15
"P000339",27,1991-05-18
"P000339",23,2017-11-10
"P000339",6,2021-09-28
"P000339",41,2021-10-07
"P000340",23,2018-05-13
"P000340",23,2032-09-08
"P000340",37,2032-12-03
"P000340",7,2034-10-31
"P000340",1,2038-11-03
"P000340",40,2040-11-17
"P000340",23,2053-01-06
"P000341",16,2010-12-09
"P000341",4,2012-01-20
"P000341",28,2023-02-18
"P000341",37,2038-06-18
"P000341",2,2039-03-27
"P000341",2,2044-02-20
"P000341",50,2044-12-24
"P000341",27,2045-01-12
"P000342",25,2002-11-14
"P000342",52,2004-02-12
"P000342",65,2008-01-16
"P000342",52,2012-02-02
"P000342",28,2012-05-25
"P000342",6,2013-01-18
"P000342",4,2013-07-18
"P000342",4,2015-02-12
"P000342",28,2017-06-04
"P000342",16,2018-12-02
"P000342",23,2019-02-16
"P000342",1,2022-02-15
"P000343",56,2021-01-31
"P000343",18,2023-10-06
"P000343",9,2024-01-29
"P000343",27,2042-04-23
"P000343",18,2046-12-19
"P000343",6,2048-09-21
"P000343",14,2048-10-14
"P000343",62,2050-06-25
"P000344",52,1993-05-02
"P000344",21,1996-11-14
"P000344",24,2000-04-21
"P000344",65,2003-12-27
"P000344",48,2015-07-02
"P000344",4,2015-07-29
"P000344",43,2015-10-18
"P000344",55,2020-01-14
"P000345",25,1985-06-15
"P000345",52,1985-10-14
"P000345",28,1985-11-23
"P000345",26,1991-10-14
"P000346",52,1998-04-12
"P000346",6,2020-08-20
"P000347",8,1985-03-12
"P000347",42,1989-09-29
"P000347",50,1992-08-04
"P000347",49,1994-12-22
"P000347",2,1996-10-06
"P000347",14,1996-12-14
"P000347",54,2002-08-09
"P000348",6,1996-10-29
"P000348",24,2002-12-14
"P000348",6,2005-08-06
"P000349",11,1981-04-11
"P000349",23,1985-02-16
"P000349",28,1985-07-10
"P000349",28,1992-02-25
"P000349",30,1993-03-23
"P000349",27,1994-06-23
"P000349",28,1995-08-06
"P000349",8,2006-07-17
"P000350",28,2000-04-19
"P000350",30,2001-07-07
"P000350",4,2001-08-11
"P000350",16,2004-08-05
"P000350",30,2004-09-12
"P000350",25,2005-04-05
"P000350",48,2005-04-15
"P000350",65,2006-06-01
"P000350",60,2007-03-29
"P000351",7,1967-04-24
"P000351",11,1970-01-21
"P000351",28,1970-03-28
"P000351",26,1981-01-10
"P000351",2,1985-05-23
"P000351",14,1986-05-27
"P000351",2,1990-12-28
"P000351",2,1992-04-14
"P000351",57,1992-11-03
"P000351",39,1993-05-08
"P000351",41,1995-05-24
"P000351",20,2002-02-20
"P000351",40,2002-08-18
"P000351",1,2003-06-13
"P000352",26,2013-03-25
"P000352",8,2015-01-13
"P000352",44,2031-02-22
"P000352",53,2035-06-14
"P000352",47,2036-08-28
"P000353",16,1973-09-22
"P000353",23,1975-01-29
"P000353",29,1975-02-11
"P000353",14,1975-06-29
"P000353",1,1977-12-23
"P000353",27,1984-06-13
"P000353",27,1985-05-03
"P000353",4,1986-01-13
"P000353",46,1986-02-04
"P000353",27,1994-03-20
"P000354",52,1988-05-16
"P000354",14,1989-10-17
"P000354",36,1991-05-28
"P000355",62,2015-08-21
"P000355",51,2015-10-08
"P000355",3,2017-10-24
"P000355",37,2038-05-21
"P000355",13,2040-07-24
"P000355",26,2040-11-17
"P000355",15,2041-03-29
"P000355",24,2041-07-20
"P000355",52,2042-01-18
"P000356",23,2001-01-20
"P000356",62,2002-04-17
"P000356",9,2002-07-08
"P000356",13,2007-06-30
"P000356",39,2019-12-23
"P000356",23,2031-11-09
"P000356",29,2036-03-15
"P000356",20,2036-04-14
"P000357",50,1983-01-02
"P000357",55,1987-10-17
"P000357",31,1989-12-26
"P000357",18,1999-04-25
"P000358",42,1967-10-26
"P000358",49,1968-03-26
"P000358",2,1968-06-12
"P000358",50,1980-03-02
"P000358",47,1987-10-22
"P000358",59,1990-06-24
"P000358",52,1991-03-08
"P000358",55,1991-12-16
"P000358",59,1992-05-10
"P000359",39,1978-01-20
"P000359",28,1985-12-12
"P000359",14,1987-10-31
"P000359",24,1994-07-08
"P000359",17,1996-01-18
"P000360",28,2000-10-27
"P000361",41,1968-03-02
"P000361",60,1971-11-09
"P000361",50,1982-07-11
"P000361",48,1982-11-24
"P000361",48,1984-08-02
"P000361",43,1984-12-25
"P000361",50,1985-04-25
"P000362",26,1992-10-30
"P000362",25,1996-10-06
"P000362",52,1998-07-21
"P000362",27,1999-01-08
"P000362",21,1999-07-30
"P000362",24,2000-12-30
"P000362",52,2017-11-03
"P000362",57,2028-05-04
"P000363",2,1973-08-25
"P000363",61,1974-02-07
"P000363",43,1975-01-21
"P000363",18,1980-11-20
"P000363",6,1981-11-06
"P000363",7,1981-12-30
"P000363",53,1982-10-05
"P000363",13,1982-10-12
"P000363",16,1983-07-26
"P000363",49,1984-03-19
"P000363",16,1985-07-08
"P000363",23,1987-01-25
"P000363",27,2003-04-22
"P000363",30,2003-08-21
"P000363",30,2004-07-07
"P000364",4,2010-03-10
"P000364",50,2033-12-09
"P000364",14,2034-01-22
"P000364",62,2035-09-28
"P000364",23,2037-07-05
"P000364",55,2038-06-25
"P000365",28,2013-03-18
"P000365",1,2013-08-19
"P000365",47,2043-05-14
"P000365",12,2043-07-24
"P000365",14,2043-09-11
"P000366",21,1981-02-13
"P000366",44,1999-12-27
"P000366",44,2008-01-26
"P000366",23,2010-10-13
"P000367",21,1991-06-03
"P000367",1,2007-02-03
"P000368",26,1992-09-15
"P000368",47,1993-12-04
"P000368",24,1997-03-10
"P000368",14,2002-12-06
"P000368",52,2009-04-18
"P000368",24,2010-11-02
"P000368",8,2014-12-24
"P000368",14,2019-10-31
"P000368",47,2020-02-01
"P000368",4,2023-09-12
"P000370",23,1997-10-30
"P000370",23,2002-01-27
"P000370",9,2003-12-28
"P000370",26,2006-04-24
"P000371",34,2027-01-24
"P000371",8,2027-02-26
"P000371",44,2028-10-28
"P000371",3,2029-04-17
"P000371",39,2029-12-10
"P000371",33,2029-12-11
"P000371",57,2030-05-04
"P000371",34,2031-04-11
"P000372",4,2003-05-30
"P000372",32,2003-10-12
"P000372",28,2025-06-29
"P000372",14,2026-05-12
"P000372",24,2031-12-25
"P000373",1,2024-08-15
"P000373",30,2031-06-02
"P000373",53,2032-06-09
"P000374",43,2021-01-23
"P000374",62,2032-04-07
"P000374",4,2037-09-24
"P000374",27,2039-03-21
"P000374",65,2040-01-06
"P000375",21,1994-01-09
"P000375",53,2008-05-06
"P000375",26,2016-12-02
"P000376",7,1971-02-26
"P000376",25,1975-12-27
"P000376",23,1986-09-15
"P000376",55,1990-06-08
"P000376",19,1990-08-09
"P000376",6,1990-12-24
"P000376",41,1991-10-12
"P000376",48,1993-02-16
"P000376",48,1993-04-22
"P000376",4,1993-08-12
"P000376",58,1994-02-26
"P000376",17,1994-05-13
"P000376",42,1994-07-20
"P000376",15,1994-09-03
"P000376",64,1995-05-13
"P000376",13,1995-09-14
"P000376",53,1998-03-18
"P000376",57,2000-02-08
"P000376",3,2000-10-13
"P000377",7,1989-01-23
"P000377",57,1989-02-26
"P000377",25,1989-10-07
"P000377",41,2000-03-17
"P000377",39,2008-07-07
"P000377",55,2019-07-20
"P000378",15,1999-05-01
"P000378",31,1999-05-16
"P000378",3,2000-03-17
"P000378",14,2005-07-04
"P000378",41,2006-04-26
"P000378",55,2008-04-15
"P000378",52,2013-05-14
"P000378",1,2015-01-22
"P000378",55,2015-10-26
"P000378",43,2017-03-13
"P000378",43,2021-07-28
"P000379",52,2026-09-22
"P000379",15,2039-05-14
"P000380",8,2016-06-16
"P000380",28,2017-07-11
"P000380",4,2034-01-24
"P000380",42,2043-12-03
"P000381",25,1990-04-17
"P000381",56,1990-07-04
"P000381",52,1993-12-06
"P000381",4,1994-03-24
"P000381",30,2006-06-30
"P000381",3,2009-02-01
"P000381",1,2011-06-16
"P000381",39,2013-12-20
"P000381",34,2015-03-10
"P000381",50,2021-05-27
"P000382",40,1973-11-24
"P000382",19,1982-01-21
"P000382",28,1985-12-17
"P000382",54,1986-05-28
"P000382",30,1989-03-30
"P000382",34,1989-07-30
"P000382",15,1992-07-18
"P000382",27,2003-08-15
"P000382",24,2004-06-29
"P000383",39,1997-11-21
"P000383",24,2007-06-19
"P000383",40,2018-10-19
"P000383",53,2021-01-11
"P000383",53,2021-12-19
"P000383",27,2025-01-01
"P000384",62,1994-12-10
"P000384",3,2001-01-05
"P000384",54,2009-04-06
"P000384",50,2009-11-17
"P000384",29,2010-09-20
"P000384",11,2030-07-22
"P000385",18,1994-03-06
"P000385",28,1994-03-18
"P000385",16,1994-08-12
"P000385",10,1994-11-11
"P000385",56,1997-03-16
"P000385",52,1997-08-27
"P000386",3,1987-01-16
"P000386",18,2010-02-05
"P000386",23,2017-09-07
"P000386",8,2022-12-20
"P000387",15,1964-02-13
"P000387",4,1967-01-28
"P000387",49,1968-04-18
"P000387",14,1968-09-28
"P000387",62,1969-05-06
"P000387",53,1969-11-25
"P000387",28,1971-05-08
"P000387",32,1980-11-12
"P000388",27,1961-12-16
"P000388",26,1963-02-04
"P000388",3,1963-03-07
"P000388",18,1972-06-20
"P000389",1,1963-01-07
"P000389",6,1991-10-12
"P000390",4,2025-02-15
"P000390",61,2028-11-14
"P000391",62,2001-08-08
"P000391",14,2001-09-18
"P000391",9,2002-07-21
"P000392",27,1969-10-27
"P000392",15,1997-01-13
"P000392",55,2004-05-30
"P000393",28,2019-03-09
"P000393",23,2024-10-23
"P000393",60,2025-09-16
"P000393",54,2026-05-12
"P000393",11,2043-01-22
"P000394",14,1992-03-06
"P000394",53,1992-04-27
"P000394",11,1992-10-18
"P000394",11,1994-08-28
"P000394",17,2004-08-31
"P000394",6,2005-03-22
"P000394",23,2008-01-03
"P000394",43,2018-10-03
"P000394",26,2027-05-06
"P000395",46,2019-09-28
"P000395",14,2024-09-16
"P000395",41,2024-09-25
"P000395",7,2027-01-15
"P000395",27,2028-02-22
"P000395",52,2032-02-22
"P000395",56,2041-04-05
"P000396",11,2025-08-25
"P000396",1,2028-10-11
"P000396",4,2033-07-23
"P000396",12,2042-04-03
"P000396",6,2050-10-29
"P000397",14,2003-09-26
"P000397",38,2008-09-05
"P000397",62,2008-10-10
"P000397",55,2009-12-29
"P000397",11,2010-02-23
"P000397",49,2011-05-25
"P000397",30,2011-07-03
"P000397",19,2016-08-24
"P000397",15,2016-11-19
"P000398",31,2003-09-11
"P000398",63,2004-07-14
"P000398",42,2022-01-15
"P000398",57,2023-10-11
"P000398",2,2037-06-13
"P000399",2,2010-10-20
"P000399",7,2011-11-13
"P000399",13,2014-02-03
"P000399",12,2015-01-21
"P000399",62,2015-09-06
"P000399",13,2016-03-30
"P000399",53,2018-12-09
"P000399",50,2035-07-22
"P000400",40,1993-09-14
"P000400",61,1997-03-24
"P000400",53,1997-11-24
"P000400",22,1997-12-23
"P000400",51,1998-07-06
"P000400",57,1999-11-09
"P000400",23,2002-03-06
"P000400",29,2002-05-15
"P000400",6,2002-09-16
"P000400",1,2002-10-27
"P000400",17,2009-05-25
"P000400",65,2013-01-08
"P000400",1,2022-06-17
"P000400",63,2023-01-26
"P000400",63,2025-10-07
"P000400",28,2027-02-09
"P000400",6,2028-08-07
"P000400",41,2029-03-31
"P000401",27,1994-11-17
"P000401",5,2014-08-25
"P000401",37,2014-12-18
"P000401",12,2019-06-12
"P000401",49,2019-09-29
"P000402",11,1982-09-08
"P000402",26,1983-05-16
"P000402",52,1983-09-04
"P000402",16,1984-10-01
"P000402",28,1985-11-17
"P000402",14,2005-08-21
"P000402",13,2006-04-14
"P000402",52,2009-09-13
"P000402",42,2011-11-21
"P000402",55,2012-07-05
"P000402",55,2013-03-28
"P000403",7,2035-07-21
"P000404",26,1973-01-22
"P000404",52,1973-05-22
"P000404",65,1973-10-10
"P000404",13,1974-03-05
"P000404",3,1981-04-10
"P000404",53,1981-09-05
"P000404",49,1981-12-27
"P000404",64,1982-01-25
"P000404",5,1993-08-18
"P000404",7,2005-06-28
"P000405",1,1967-08-03
"P000405",6,1976-12-03
"P000405",17,1978-12-25
"P000405",3,1980-11-03
"P000405",18,1997-12-08
"P000406",21,2035-04-16
"P000406",6,2040-06-27
"P000406",23,2045-03-14
"P000406",6,2045-12-11
"P000406",29,2047-10-05
"P000406",41,2048-02-22
"P000407",28,2001-10-31
"P000408",3,1993-03-04
"P000408",63,2003-11-09
"P000408",17,2022-12-21
"P000408",14,2025-02-26
"P000408",6,2030-01-10
"P000408",32,2030-01-31
"P000409",4,2008-05-09
"P000409",64,2011-03-18
"P000409",28,2015-04-17
"P000409",23,2020-01-25
"P000409",28,2026-11-07
"P000409",4,2027-10-29
"P000410",28,2003-03-23
"P000410",57,2005-08-10
"P000410",16,2014-08-16
"P000410",27,2016-06-25
"P000410",56,2020-06-07
"P000410",11,2023-02-25
"P000410",53,2023-10-16
"P000410",40,2024-07-28
"P000410",27,2029-01-28
"P000410",27,2030-03-20
"P000410",28,2032-02-07
"P000410",4,2033-04-27
"P000410",55,2036-04-08
"P000412",44,1975-04-27
"P000412",49,1984-03-17
"P000412",28,1988-07-10
"P000412",55,1992-03-16
"P000412",49,1992-12-08
"P000412",50,1996-01-11
"P000412",10,2008-09-22
"P000413",65,2001-05-02
"P000413",56,2004-10-09
"P000413",25,2006-02-23
"P000413",21,2035-01-07
"P000413",2,2038-12-17
"P000414",67,1976-07-02
"P000414",3,1989-08-29
"P000414",14,1993-07-02
"P000414",2,1994-02-12
"P000414",33,1994-07-03
"P000414",47,1996-03-17
"P000414",33,1996-04-19
"P000414",53,1996-09-27
"P000414",26,1996-12-05
"P000414",14,2000-07-29
"P000414",9,2000-08-14
"P000414",35,2003-11-23
"P000415",14,2018-03-17
"P000415",55,2038-06-09
"P000415",3,2040-04-12
"P000415",21,2040-07-23
"P000416",11,1989-10-16
"P000416",4,1995-10-16
"P000416",8,1998-06-19
"P000417",30,1997-02-14
"P000417",57,1998-12-28
"P000417",32,2014-06-25
"P000417",52,2014-07-10
"P000417",11,2017-07-22
"P000417",30,2020-05-09
"P000417",24,2021-04-19
"P000418",32,2015-09-12
"P000418",56,2015-12-17
"P000418",38,2025-07-24
"P000418",24,2027-01-06
"P000418",8,2028-06-11
"P000418",60,2029-03-23
"P000418",36,2039-04-20
"P000419",1,2028-05-02
"P000419",1,2032-01-18
"P000420",17,1962-12-25
"P000420",31,1964-12-26
"P000420",7,1965-09-09
"P000420",41,1966-01-18
"P000420",6,1967-05-10
"P000420",4,1970-10-14
"P000420",28,1984-05-20
"P000420",14,1987-06-11
"P000420",56,1988-05-03
"P000421",55,1977-05-30
"P000421",55,1979-01-08
"P000421",12,1980-05-01
"P000421",27,1981-06-10
"P000421",65,1981-08-12
"P000421",1,2000-12-24
"P000421",1,2005-02-20
"P000421",18,2007-09-28
"P000422",4,1991-01-15
"P000422",6,2005-08-29
"P000422",4,2006-03-14
"P000422",47,2010-10-16
"P000422",30,2021-11-02
"P000422",50,2026-08-08
"P000423",53,1976-11-23
"P000423",42,1978-08-29
"P000423",10,1980-07-08
"P000423",60,1980-12-06
"P000423",23,2000-05-23
"P000424",4,1991-05-25
"P000424",3,1997-12-01
"P000424",4,2001-04-07
"P000424",14,2004-11-25
"P000424",2,2011-01-08
"P000424",28,2013-07-04
"P000425",23,2008-08-12
"P000425",23,2029-07-19
"P000425",67,2030-12-07
"P000425",6,2033-01-24
"P000426",4,2001-03-08
"P000426",17,2033-10-28
"P000426",6,2036-02-10
"P000427",44,1980-09-16
"P000427",62,1991-09-08
"P000427",53,1996-03-14
"P000427",51,1996-08-04
"P000427",45,1996-12-20
"P000427",29,1997-06-21
"P000427",27,1997-11-04
"P000427",3,2000-04-11
"P000427",16,2007-02-25
"P000428",2,1990-07-16
"P000429",4,2019-05-20
"P000429",53,2020-07-17
"P000429",65,2035-03-22
"P000429",6,2038-02-19
"P000429",3,2042-12-15
"P000429",24,2048-07-23
"P000429",3,2050-01-18
"P000430",63,2009-06-13
"P000430",33,2009-08-26
"P000430",3,2009-09-12
"P000430",30,2009-12-01
"P000430",40,2011-05-02
"P000430",47,2017-08-25
"P000430",28,2021-10-27
"P000431",14,1983-07-10
"P000431",14,1995-09-13
"P000431",47,1996-12-14
"P000431",13,1996-12-21
"P000431",63,2000-05-20
"P000431",44,2010-11-16
"P000432",4,1986-05-15
"P000432",47,1993-07-07
"P000432",46,1993-10-06
"P000432",61,1993-11-10
"P000432",55,1994-05-25
"P000432",11,2003-07-02
"P000433",14,1999-03-18
"P000433",28,2006-12-19
"P000433",24,2021-12-15
"P000433",24,2022-09-27
"P000433",52,2024-09-03
"P000434",28,1997-09-03
"P000434",52,2005-01-04
"P000434",2,2006-12-09
"P000434",55,2007-04-13
"P000435",55,1998-07-04
"P000435",2,2000-01-11
"P000435",28,2002-11-27
"P000435",1,2003-03-06
"P000435",55,2007-04-09
"P000435",23,2010-07-27
"P000435",27,2018-08-17
"P000435",37,2021-08-24
"P000435",38,2027-05-01
"P000436",55,2005-01-15
"P000436",19,2005-09-11
"P000436",44,2006-02-25
"P000436",24,2022-10-18
"P000437",28,1977-08-07
"P000437",1,1989-01-10
"P000437",4,1999-02-26
"P000437",53,1999-05-11
"P000437",42,2001-01-18
"P000437",30,2002-05-11
"P000437",8,2003-09-19
"P000437",24,2005-07-07
"P000437",24,2005-08-26
"P000437",47,2007-11-12
"P000438",42,1984-07-02
"P000438",55,1984-08-18
"P000438",49,1985-06-05
"P000438",13,1985-11-25
"P000438",16,1986-09-11
"P000438",13,1989-07-27
"P000438",55,1990-10-26
"P000438",4,1990-11-22
"P000438",32,1998-09-08
"P000438",6,2012-05-06
"P000439",16,1998-03-07
"P000439",21,1998-12-30
"P000439",14,2008-02-15
"P000439",43,2017-06-01
"P000439",21,2023-12-31
"P000440",28,2003-10-20
"P000441",26,1982-11-04
"P000441",24,1983-07-31
"P000441",57,1984-11-26
"P000441",28,1994-01-22
"P000441",25,1999-12-18
"P000441",8,2000-05-29
"P000441",30,2008-06-23
"P000441",55,2009-06-21
"P000442",8,1994-09-25
"P000442",12,2001-12-06
"P000442",52,2015-10-17
"P000442",15,2018-03-08
"P000443",61,2031-04-29
"P000444",25,2016-03-20
"P000444",2,2037-07-14
"P000444",62,2039-01-25
"P000445",21,1996-05-03
"P000445",54,1998-08-06
"P000445",21,2013-09-16
"P000445",67,2016-04-04
"P000445",60,2023-02-13
"P000445",39,2023-09-29
"P000445",11,2024-04-09
"P000445",53,2024-09-16
"P000445",49,2025-10-22
"P000445",35,2026-12-21
"P000446",15,2011-01-08
"P000447",23,2000-01-09
"P000447",3,2020-08-13
"P000447",30,2026-10-02
"P000447",28,2031-09-23
"P000448",1,2028-12-22
"P000448",14,2034-02-19
"P000448",55,2041-07-22
"P000448",49,2042-07-09
"P000449",30,2005-07-20
"P000449",52,2011-09-21
"P000449",26,2018-09-26
"P000449",15,2035-05-10
"P000450",62,2008-09-12
"P000450",23,2009-07-17
"P000450",6,2012-01-28
"P000450",43,2013-08-15
"P000451",30,1978-12-30
"P000451",37,1984-03-06
"P000451",38,1993-11-19
"P000451",60,2005-02-08
"P000451",24,2006-03-28
"P000451",44,2007-02-04
"P000452",2,1961-05-28
"P000452",30,1962-05-01
"P000452",4,1964-03-10
"P000453",12,1971-03-30
"P000453",64,1972-04-20
"P000453",8,1976-10-26
"P000453",8,1979-06-07
"P000453",38,1981-12-22
"P000453",3,1999-04-29
"P000453",53,2000-09-07
"P000454",14,1983-01-11
"P000454",24,1983-06-15
"P000454",8,1986-12-03
"P000454",63,2000-11-28
"P000454",8,2001-11-13
"P000454",14,2005-02-27
"P000454",4,2005-06-09
"P000455",6,2015-01-25
"P000455",14,2034-06-22
"P000455",4,2038-03-24
"P000455",15,2045-07-20
"P000455",15,2046-01-29
"P000456",16,2019-01-30
"P000456",20,2029-07-18
"P000456",10,2034-06-25
"P000456",21,2035-06-06
"P000456",58,2039-12-21
"P000456",27,2046-09-04
"P000457",4,2016-06-17
"P000457",26,2028-12-24
"P000458",28,1999-09-25
"P000458",30,2000-05-08
"P000458",28,2003-06-30
"P000458",30,2005-03-24
"P000458",28,2005-10-10
"P000458",41,2009-01-06
"P000458",62,2032-01-04
"P000458",43,2034-07-24
"P000458",43,2035-07-01
"P000459",24,1960-09-30
"P000459",19,1960-09-30
"P000459",57,1961-09-12
"P000459",21,1965-03-25
"P000459",11,1980-04-12
"P000459",67,1983-02-03
"P000459",2,1998-07-09
"P000459",23,1998-10-29
"P000459",52,1999-10-21
"P000460",4,1989-12-30
"P000460",29,1990-06-30
"P000460",23,1992-05-14
"P000460",4,1994-06-24
"P000460",35,1996-12-22
"P000460",23,2004-08-23
"P000460",29,2005-06-01
"P000460",53,2005-09-24
"P000460",30,2006-05-03
"P000460",14,2006-09-18
"P000460",9,2007-10-14
"P000460",3,2008-01-30
"P000460",25,2008-07-05
"P000460",35,2008-08-01
"P000460",29,2009-04-03
"P000460",48,2010-07-06
"P000460",43,2012-03-07
"P000460",53,2012-03-09
"P000461",28,2003-02-27
"P000461",62,2025-04-20
"P000461",18,2026-09-15
"P000461",3,2027-05-01
"P000461",4,2027-06-14
"P000461",53,2028-12-09
"P000462",52,2011-10-01
"P000462",22,2013-10-08
"P000462",61,2014-06-11
"P000462",25,2021-01-17
"P000462",43,2025-05-08
"P000463",17,1988-12-07
"P000463",53,1991-07-16
"P000463",7,1997-06-01
"P000463",7,2007-11-22
"P000463",2,2013-08-23
"P000464",32,1986-01-15
"P000464",51,1998-12-25
"P000464",28,1999-04-15
"P000464",30,2002-11-03
"P000464",61,2003-09-12
"P000464",51,2004-06-14
"P000464",11,2005-08-07
"P000464",34,2008-08-29
"P000464",49,2009-07-05
"P000464",23,2010-01-12
"P000464",16,2011-05-01
"P000464",4,2011-08-30
"P000464",31,2015-10-06
"P000464",20,2019-07-05
"P000464",40,2020-04-03
"P000465",15,2038-06-27
"P000465",23,2055-10-10
"P000466",11,1967-03-16
"P000466",1,1968-01-27
"P000466",24,1976-11-19
"P000466",8,1983-11-02
"P000466",1,1984-07-07
"P000466",13,1984-10-14
"P000466",12,1985-09-21
"P000466",52,1986-04-04
"P000466",23,1990-04-03
"P000466",42,2000-09-26
"P000466",12,2002-11-18
"P000466",56,2003-12-02
"P000467",23,1970-12-06
"P000467",14,1971-07-29
"P000467",3,1993-09-24
"P000468",21,2015-06-19
"P000468",23,2018-10-01
"P000468",24,2021-09-01
"P000468",17,2022-02-16
"P000468",22,2026-01-28
"P000468",42,2034-01-05
"P000468",24,2045-03-13
"P000468",11,2046-03-13
"P000468",4,2046-11-15
"P000469",53,2002-08-25
"P000469",16,2010-06-07
"P000469",56,2011-02-25
"P000469",50,2011-05-25
"P000469",23,2014-01-24
"P000469",4,2016-06-15
"P000469",62,2026-08-12
"P000469",2,2026-10-17
"P000469",12,2029-04-16
"P000470",7,2013-03-22
"P000470",29,2017-12-25
"P000470",49,2018-03-08
"P000470",53,2020-09-25
"P000470",6,2039-03-14
"P000471",41,1979-01-17
"P000471",28,1979-11-02
"P000471",30,1979-12-13
"P000471",40,1980-09-01
"P000471",2,1986-10-29
"P000471",11,1989-03-21
"P000471",26,1989-05-22
"P000471",60,1993-07-02
"P000472",1,1988-11-11
"P000472",25,1998-07-02
"P000472",8,2004-02-23
"P000473",39,1982-03-30
"P000473",25,1988-12-23
"P000473",19,1989-06-15
"P000473",5,1990-04-21
"P000473",37,1991-06-19
"P000473",44,1992-09-11
"P000473",24,1993-03-08
"P000473",49,1995-09-29
"P000473",3,1996-03-27
"P000473",30,1997-10-26
"P000473",37,2015-03-06
"P000474",6,1986-10-08
"P000474",44,1999-05-05
"P000474",61,2001-02-23
"P000474",31,2018-01-16
"P000474",50,2023-08-16
"P000475",12,2004-06-03
"P000475",65,2012-02-28
"P000475",24,2030-04-29
"P000475",16,2039-06-19
"P000475",23,2039-09-12
"P000476",50,1987-07-02
"P000476",24,1987-12-11
"P000476",4,1988-12-21
"P000476",2,2009-07-21
"P000476",13,2015-07-23
"P000477",14,2010-07-30
"P000477",9,2012-01-13
"P000477",13,2023-08-27
"P000477",52,2025-01-04
"P000477",47,2025-05-29
"P000477",14,2028-07-03
"P000477",21,2030-05-20
"P000477",67,2031-04-07
"P000477",3,2032-03-15
"P000477",57,2043-04-25
"P000478",61,1985-10-26
"P000478",15,1989-04-23
"P000478",55,2002-04-16
"P000478",11,2003-11-19
"P000478",58,2004-12-04
"P000478",6,2004-12-19
"P000478",16,2005-03-07
"P000478",26,2006-02-24
"P000479",1,1979-01-29
"P000480",12,2035-03-15
"P000480",52,2036-06-26
"P000480",6,2036-08-20
"P000480",11,2042-08-14
"P000480",49,2045-02-09
"P000481",37,1989-08-27
"P000481",52,1989-08-28
"P000481",55,2002-01-13
"P000481",2,2004-06-04
"P000482",4,1994-07-04
"P000482",40,1996-02-28
"P000482",35,1997-11-11
"P000482",1,2001-07-27
"P000482",4,2009-10-20
"P000482",13,2011-09-22
"P000482",51,2012-10-20
"P000482",14,2023-06-06
"P000483",26,1988-03-02
"P000483",28,1989-01-03
"P000483",3,1999-10-08
"P000483",39,2000-11-21
"P000483",54,2001-04-18
"P000484",8,1979-02-09
"P000484",53,1980-12-14
"P000484",40,1981-04-08
"P000484",1,1982-05-18
"P000484",55,1990-09-11
"P000484",2,1991-03-21
"P000484",23,2001-04-09
"P000484",28,2004-12-31
"P000484",36,2007-07-27
"P000484",3,2010-01-17
"P000484",3,2010-10-29
"P000484",1,2010-11-27
"P000485",17,2013-08-19
"P000485",16,2039-02-28
"P000486",7,2005-09-21
"P000486",29,2005-10-03
"P000486",66,2006-11-20
"P000486",11,2011-08-03
"P000486",2,2022-10-12
"P000487",65,1981-10-13
"P000487",15,1988-03-18
"P000487",2,1996-06-21
"P000487",7,1997-10-02
"P000487",26,2003-01-09
"P000487",65,2012-03-22
"P000487",2,2016-12-14
"P000488",50,1975-06-27
"P000488",1,1977-01-06
"P000488",50,1984-09-11
"P000488",61,1986-10-28
"P000488",23,1997-12-19
"P000488",19,2011-06-21
"P000489",65,1991-11-13
"P000489",6,1992-10-07
"P000489",43,1995-12-11
"P000490",55,1965-08-14
"P000490",43,1966-03-29
"P000490",43,1969-03-07
"P000490",30,1970-08-20
"P000490",14,1981-07-23
"P000491",62,2030-07-28
"P000491",46,2031-05-29
"P000491",14,2047-03-11
"P000492",61,2032-01-10
"P000494",54,1976-04-16
"P000494",33,1980-06-01
"P000494",4,1987-07-23
"P000494",20,2004-10-08
"P000494",3,2007-08-11
"P000495",40,1992-08-19
"P000496",30,1996-03-22
"P000496",35,2006-08-30
"P000497",4,2026-08-22
"P000497",3,2029-01-10
"P000497",3,2031-02-02
"P000497",39,2032-08-07
"P000497",24,2039-09-07
"P000498",25,2007-12-16
"P000498",8,2021-04-11
"P000498",27,2030-04-04
"P000498",64,2031-04-22
"P000498",61,2032-11-26
"P000498",34,2034-01-28
"P000499",28,1985-02-25
"P000499",25,1997-10-17
"P000499",39,1999-01-05
"P000499",8,2006-09-09
"P000499",8,2007-01-16
"P000499",27,2007-02-17
"P000499",64,2010-09-02
"P000499",24,2011-11-01
"P000499",28,2013-08-02
"P000500",50,2011-08-21
"P000500",14,2013-10-07
"P000501",28,2012-04-18
"P000501",39,2012-09-12
"P000501",49,2019-06-11
"P000501",52,2029-06-22
"P000501",24,2040-09-26
"P000501",20,2044-04-27
"P000501",14,2044-10-23
"P000501",3,2046-02-22
"P000501",40,2046-05-11
"P000501",5,2047-05-05
"P000501",23,2049-03-22
"P000503",67,2007-03-12
"P000503",3,2014-04-23
"P000503",49,2014-04-27
"P000503",44,2019-01-16
"P000503",12,2019-11-03
"P000503",28,2019-12-31
"P000503",8,2028-07-09
"P000503",41,2030-06-19
"P000504",3,1997-03-07
"P000504",25,2014-11-05
"P000504",53,2027-12-16
"P000504",65,2028-03-31
"P000505",6,1968-06-13
"P000505",8,1977-11-28
"P000505",52,1981-12-03
"P000505",11,1996-01-19
"P000505",15,1996-10-31
"P000505",15,2000-01-25
"P000506",5,2000-05-22
"P000506",11,2000-09-25
"P000506",30,2008-02-28
"P000506",23,2010-04-24
"P000506",18,2016-01-06
"P000507",27,2012-09-16
"P000507",3,2012-11-03
"P000507",28,2013-11-29
"P000507",26,2019-02-03
"P000507",47,2046-09-25
"P000507",50,2047-01-26
"P000508",55,1970-05-09
"P000508",3,1971-01-14
"P000508",55,2003-10-01
"P000509",28,1990-01-26
"P000509",41,1993-06-22
"P000509",33,1994-04-11
"P000509",44,1994-08-21
"P000509",53,1995-08-11
"P000509",34,1997-10-21
"P000509",30,1998-09-11
"P000509",23,2000-08-24
"P000510",27,2011-09-27
"P000510",14,2028-07-17
"P000510",23,2034-06-19
"P000511",11,1988-09-07
"P000511",19,1989-02-15
"P000511",26,1991-08-14
"P000511",55,2003-01-07
"P000512",7,1976-01-20
"P000512",26,1979-04-03
"P000512",55,1980-01-21
"P000513",50,2004-02-28
"P000513",23,2012-10-07
"P000513",53,2027-03-24
"P000514",8,1986-05-12
"P000514",8,1986-10-09
"P000514",16,2001-06-05
"P000515",49,1978-09-04
"P000515",8,1982-05-24
"P000515",18,1983-05-27
"P000515",9,1985-11-20
"P000515",44,1995-10-16
"P000515",8,1995-10-28
"P000516",6,2007-06-29
"P000516",23,2029-02-25
"P000516",60,2033-07-09
"P000516",3,2035-12-11
"P000516",54,2039-06-23
"P000517",4,1999-01-19
"P000517",54,2000-01-14
"P000517",47,2005-01-28
"P000517",12,2006-01-25
"P000517",12,2009-11-27
"P000517",62,2018-01-28
"P000517",32,2019-05-12
"P000517",48,2020-06-20
"P000517",14,2020-06-29
"P000517",42,2021-10-23
"P000518",24,2019-01-26
"P000518",62,2025-12-11
"P000518",54,2027-06-20
"P000519",21,1967-05-29
"P000519",54,1977-03-14
"P000519",28,1979-07-08
"P000519",40,1981-04-26
"P000520",15,2014-06-17
"P000520",2,2026-07-23
"P000520",21,2031-03-01
"P000520",46,2032-12-11
"P000520",21,2033-08-12
"P000520",20,2034-05-19
"P000521",54,1996-03-01
"P000521",3,1996-04-12
"P000521",52,1999-02-24
"P000521",47,2001-06-20
"P000521",52,2007-02-07
"P000521",62,2011-07-29
"P000521",2,2011-09-27
"P000521",27,2028-12-12
"P000522",3,2019-09-08
"P000522",4,2025-05-22
"P000522",27,2027-09-21
"P000522",24,2029-11-16
"P000522",2,2042-07-29
"P000522",18,2046-09-04
"P000522",55,2054-04-04
"P000523",17,1964-10-09
"P000523",41,1964-11-05
"P000523",49,1973-12-12
"P000523",61,1983-04-30
"P000523",39,1992-07-28
"P000523",54,1999-08-19
"P000523",52,1999-11-16
"P000523",28,2001-03-20
"P000524",36,2015-04-20
"P000524",28,2017-03-02
"P000524",16,2019-08-03
"P000524",9,2020-02-07
"P000524",8,2020-06-10
"P000524",54,2020-06-24
"P000524",36,2021-04-29
"P000524",2,2025-04-13
"P000524",55,2043-08-27
"P000524",19,2044-04-02
"P000524",4,2053-11-14
"P000525",11,1984-01-12
"P000525",1,1986-12-11
"P000525",55,1997-03-15
"P000525",15,2005-11-03
"P000526",56,1969-03-15
"P000526",28,1980-01-20
"P000526",23,1995-12-19
"P000526",36,1996-05-07
"P000526",47,1997-02-23
"P000526",57,1997-03-18
"P000526",3,1998-07-25
"P000526",49,1999-05-10
"P000526",7,2000-06-15
"P000526",61,2002-07-15
"P000527",12,2021-07-04
"P000527",49,2033-06-23
"P000527",35,2033-08-07
"P000527",1,2040-01-25
"P000528",43,2020-03-20
"P000528",3,2031-10-21
"P000528",65,2042-02-18
"P000528",28,2044-09-02
"P000528",56,2045-08-28
"P000528",27,2047-10-31
"P000528",39,2051-02-27
"P000529",66,1992-08-19
"P000529",56,2010-03-02
"P000529",11,2021-07-12
"P000529",3,2025-03-02
"P000529",49,2026-05-01
"P000529",47,2026-09-30
"P000530",17,2003-05-24
"P000530",37,2012-04-28
"P000531",28,1991-12-11
"P000531",1,1993-11-03
"P000531",54,1995-08-11
"P000532",49,1978-01-27
"P000532",62,1978-05-05
"P000532",28,1981-12-21
"P000532",57,1991-10-08
"P000532",52,1992-10-13
"P000532",19,1996-01-29
"P000532",12,1999-11-04
"P000532",8,2004-06-09
"P000533",62,2013-07-26
"P000533",24,2027-07-09
"P000533",16,2033-07-09
"P000533",67,2034-05-13
"P000533",19,2034-07-10
"P000533",41,2034-09-22
"P000533",7,2039-04-30
"P000533",29,2039-09-01
"P000533",64,2041-08-18
"P000533",55,2044-06-11
"P000533",6,2045-04-24
"P000533",12,2046-08-16
"P000533",1,2047-03-23
"P000534",14,1985-08-15
"P000534",2,1993-07-03
"P000534",34,1994-02-21
"P000535",52,1979-07-08
"P000535",23,1996-10-24
"P000535",62,2002-01-06
"P000535",25,2009-04-06
"P000535",6,2010-08-22
"P000535",33,2010-10-06
"P000535",55,2011-09-14
"P000536",6,1994-05-18
"P000536",61,1995-12-06
"P000536",44,1996-06-20
"P000536",4,1996-10-31
"P000536",8,1998-09-17
"P000536",15,2003-03-28
"P000536",10,2006-12-22
"P000537",18,1992-11-10
"P000537",1,1993-09-24
"P000537",4,1995-12-29
"P000537",8,2004-07-15
"P000537",21,2010-06-11
"P000537",60,2012-01-12
"P000537",62,2023-10-19
"P000538",2,1999-02-12
"P000538",12,2007-04-23
"P000538",1,2017-03-28
"P000538",39,2019-04-06
"P000538",43,2020-04-03
"P000539",37,1966-12-30
"P000539",44,1975-11-06
"P000539",56,1979-03-30
"P000539",14,1979-04-04
"P000539",13,1980-01-04
"P000539",28,1982-01-15
"P000539",21,1984-01-22
"P000539",67,1984-12-23
"P000539",31,1986-03-31
"P000539",7,1996-06-21
"P000540",28,1973-10-21
"P000540",28,1977-11-25
"P000540",8,1994-05-22
"P000540",23,2004-11-29
"P000541",28,2000-09-29
"P000541",3,2015-07-13
"P000541",2,2033-05-02
"P000542",7,1980-01-03
"P000542",36,1981-01-29
"P000542",1,1992-06-27
"P000542",23,1995-06-25
"P000544",60,1985-04-22
"P000544",43,1986-05-24
"P000544",25,1989-10-05
"P000544",52,2010-09-01
"P000546",41,1995-08-26
"P000546",16,2002-07-21
"P000546",14,2006-01-31
"P000547",63,1982-08-23
"P000547",55,1984-08-04
"P000547",56,1998-03-24
"P000548",28,2024-08-14
"P000548",2,2030-06-19
"P000548",55,2040-10-28
"P000549",24,1984-12-19
"P000549",2,1999-12-19
"P000549",3,2002-01-23
"P000549",35,2002-01-29
"P000550",15,1974-02-02
"P000550",62,1974-10-10
"P000550",17,1974-12-14
"P000550",6,1976-04-18
"P000550",4,1995-12-26
"P000550",53,1997-05-08
"P000550",28,2006-09-18
"P000551",61,1981-04-11
"P000551",52,1993-08-01
"P000551",19,1995-09-14
"P000552",10,2018-09-18
"P000552",60,2033-04-27
"P000552",28,2037-09-11
"P000552",23,2047-04-21
"P000552",47,2052-06-08
"P000553",8,1966-05-02
"P000553",1,1975-02-10
"P000553",56,1982-11-18
"P000553",50,1983-06-05
"P000553",20,1993-03-23
"P000553",61,1997-06-13
"P000553",33,1998-09-03
"P000553",66,2000-03-26
"P000554",21,2008-04-26
"P000554",12,2009-02-17
"P000554",56,2009-04-18
"P000554",57,2012-01-30
"P000554",21,2014-03-10
"P000554",23,2029-03-09
"P000554",43,2029-06-17
"P000554",20,2031-06-19
"P000554",40,2032-05-23
"P000554",11,2033-09-06
"P000554",16,2038-02-11
"P000554",23,2039-02-19
"P000554",20,2041-07-26
"P000555",14,2013-12-07
"P000555",53,2014-03-05
"P000555",11,2022-05-14
"P000555",16,2044-05-24
"P000555",16,2044-06-04
"P000556",40,1990-10-10
"P000556",19,1991-02-20
"P000556",23,1991-05-28
"P000556",6,1991-08-17
"P000556",63,1991-11-22
"P000556",14,1993-04-17
"P000556",13,1993-11-12
"P000556",41,1994-04-01
"P000556",13,1995-10-03
"P000556",6,1998-09-15
"P000556",54,2012-06-29
"P000556",8,2025-05-14
"P000557",15,2014-07-09
"P000557",5,2019-05-24
"P000557",54,2019-10-25
"P000557",7,2021-09-23
"P000557",28,2046-12-18
"P000557",14,2047-04-22
"P000558",19,1992-02-01
"P000558",1,1992-05-22
"P000558",47,2001-01-29
"P000558",28,2002-05-08
"P000558",25,2010-07-12
"P000558",3,2011-05-18
"P000558",23,2013-01-01
"P000558",3,2017-08-05
"P000559",53,2009-03-03
"P000560",7,1961-11-06
"P000560",25,1964-11-09
"P000560",4,1967-07-04
"P000561",63,1970-05-29
"P000561",52,1993-03-10
"P000562",1,1980-11-22
"P000562",14,1997-08-23
"P000562",61,1999-12-28
"P000562",28,2014-11-11
"P000563",42,1998-10-07
"P000563",55,2006-10-05
"P000563",11,2007-08-03
"P000563",2,2019-04-09
"P000563",7,2019-10-22
"P000563",28,2019-11-14
"P000563",28,2021-03-20
"P000563",28,2026-10-11
"P000564",41,1967-09-06
"P000564",14,1977-07-16
"P000564",12,1991-11-13
"P000564",52,2001-03-18
"P000564",18,2002-10-27
"P000564",15,2003-03-09
"P000565",55,2028-04-28
"P000565",28,2029-12-02
"P000565",19,2030-08-06
"P000566",12,1978-06-28
"P000566",21,2000-05-19
"P000566",28,2000-08-24
"P000566",1,2012-03-19
"P000567",2,1968-06-03
"P000567",25,1968-07-04
"P000567",26,1987-07-17
"P000567",24,1989-09-27
"P000567",28,1992-08-02
"P000567",52,2000-11-20
"P000568",24,2046-06-14
"P000568",2,2050-01-26
"P000569",27,1984-07-01
"P000569",4,1984-08-03
"P000569",26,1985-05-28
"P000569",2,1992-07-11
"P000570",3,2016-04-19
"P000570",47,2031-07-14
"P000570",28,2035-03-18
"P000570",8,2041-10-26
"P000571",11,2027-05-01
"P000571",55,2041-07-03
"P000572",52,1998-10-09
"P000572",55,1999-11-25
"P000572",3,2000-06-27
"P000572",10,2008-08-19
"P000573",28,1992-06-20
"P000573",1,1992-10-18
"P000573",4,1993-10-17
"P000573",57,2008-05-19
"P000573",42,2008-12-24
"P000573",12,2009-03-21
"P000573",15,2009-07-02
"P000573",55,2009-08-29
"P000573",27,2011-03-20
"P000573",26,2012-02-27
"P000573",8,2014-02-28
"P000573",12,2014-12-12
"P000574",60,2014-10-17
"P000574",19,2017-01-30
"P000574",42,2019-10-11
"P000574",32,2021-07-17
"P000574",47,2026-11-10
"P000574",3,2027-01-02
"P000574",39,2027-02-23
"P000574",45,2028-11-08
"P000574",64,2031-09-08
"P000574",23,2043-02-26
"P000575",23,1970-02-07
"P000575",28,1972-11-19
"P000575",21,1979-01-20
"P000575",47,1979-08-14
"P000575",6,1988-08-12
"P000575",52,1991-06-08
"P000575",17,1995-08-09
"P000576",6,1963-11-18
"P000576",39,1969-03-23
"P000577",55,1966-07-19
"P000577",1,1968-11-19
"P000577",53,1970-01-28
"P000577",2,1972-10-10
"P000577",40,1996-03-10
"P000578",27,2033-11-14
"P000578",2,2039-08-09
"P000579",60,2013-10-03
"P000579",10,2014-03-22
"P000579",12,2019-10-17
"P000579",28,2024-01-26
"P000579",14,2031-05-21
"P000579",23,2043-06-26
"P000579",37,2043-11-16
"P000579",18,2044-12-01
"P000580",23,1998-01-23
"P000580",28,2001-11-03
"P000580",28,2013-11-22
"P000580",62,2016-08-23
"P000580",34,2017-03-16
"P000580",2,2018-03-21
"P000580",2,2026-02-08
"P000580",58,2029-12-15
"P000581",18,1988-03-09
"P000581",12,1994-11-26
"P000581",3,1997-05-18
"P000581",30,1997-05-28
"P000581",15,2002-02-26
"P000581",28,2005-08-19
"P000581",39,2006-07-07
"P000582",1,1996-01-04
"P000582",39,2006-05-10
"P000582",21,2011-05-20
"P000582",3,2021-06-25
"P000582",1,2022-01-19
"P000582",49,2023-02-27
"P000582",24,2027-05-12
"P000583",14,1993-10-09
"P000583",40,1994-03-27
"P000583",15,1995-08-27
"P000583",65,2005-08-28
"P000583",8,2018-11-20
"P000583",47,2021-09-04
"P000583",31,2023-11-06
"P000583",8,2027-05-20
"P000584",38,1995-08-04
"P000584",56,2002-04-06
"P000584",2,2008-10-08
"P000584",38,2022-06-10
"P000584",58,2022-06-23
"P000584",24,2025-02-23
"P000584",10,2031-06-24
"P000585",25,1974-02-09
"P000585",47,1980-08-22
"P000585",66,1982-09-14
"P000585",10,1983-09-22
"P000585",57,1991-05-08
"P000585",27,2007-10-01
"P000585",64,2009-08-04
"P000586",30,1999-08-09
"P000586",40,2000-09-14
"P000586",37,2026-04-13
"P000586",11,2027-07-16
"P000587",1,2018-03-20
"P000587",13,2020-12-05
"P000587",21,2024-08-07
"P000587",3,2026-10-31
"P000587",53,2028-03-16
"P000588",21,2016-02-18
"P000588",24,2039-12-29
"P000588",5,2042-07-11
"P000588",10,2042-11-05
"P000588",17,2043-03-11
"P000589",2,2004-05-14
"P000589",2,2017-02-08
"P000589",54,2027-04-13
"P000589",37,2028-03-02
"P000589",33,2029-07-23
"P000589",29,2029-12-07
"P000589",54,2030-08-02
"P000589",33,2031-06-28
"P000589",8,2031-10-08
"P000590",8,2007-12-04
"P000590",28,2009-02-18
"P000590",4,2014-03-04
"P000591",26,1992-02-28
"P000591",20,1992-07-29
"P000591",63,1998-12-10
"P000591",16,2024-03-29
"P000591",65,2026-08-19
"P000591",34,2026-10-23
"P000592",21,2003-11-02
"P000592",48,2009-12-03
"P000592",30,2017-12-09
"P000592",24,2017-12-28
"P000592",34,2021-03-24
"P000592",52,2022-07-24
"P000592",50,2024-01-23
"P000593",50,2016-06-28
"P000593",53,2037-03-21
"P000594",49,2029-07-25
"P000594",1,2030-02-03
"P000594",61,2030-07-08
"P000594",23,2034-03-12
"P000594",11,2036-05-30
"P000594",36,2037-04-30
"P000594",63,2040-05-09
"P000595",3,2016-10-23
"P000595",35,2016-10-31
"P000595",30,2017-10-23
"P000595",14,2027-03-15
"P000596",28,2007-06-22
"P000596",28,2018-04-21
"P000596",27,2041-10-06
"P000597",4,1977-03-19
"P000597",28,1980-06-07
"P000597",12,1983-05-18
"P000597",4,1986-12-25
"P000597",2,1989-12-31
"P000597",2,1991-03-20
"P000597",11,1997-04-26
"P000597",49,1997-11-05
"P000597",15,2001-04-05
"P000598",27,1978-12-05
"P000598",62,1981-04-06
"P000598",14,1981-12-23
"P000598",23,1992-07-14
"P000598",29,1993-01-06
"P000598",55,1993-10-12
"P000598",18,1997-05-19
"P000598",66,1998-01-16
"P000598",60,1998-10-11
"P000598",61,1999-08-14
"P000598",59,1999-11-20
"P000599",7,1975-10-07
"P000599",57,1976-08-24
"P000600",25,2001-02-07
"P000601",47,2020-06-09
"P000601",2,2023-05-04
"P000602",23,1984-04-17
"P000602",9,1985-01-28
"P000602",36,1990-11-12
"P000602",36,2003-04-21
"P000603",54,2003-07-17
"P000604",53,2019-10-02
"P000604",28,2020-08-03
"P000604",51,2021-07-16
"P000604",54,2021-12-05
"P000604",2,2053-09-29
"P000604",50,2054-12-12
"P000604",62,2055-03-02
"P000605",54,2013-11-07
"P000605",49,2024-02-13
"P000605",28,2027-08-22
"P000605",14,2029-03-02
"P000606",31,2018-01-08
"P000606",63,2020-01-15
"P000606",14,2044-11-08
"P000607",43,2001-02-16
"P000607",43,2002-07-11
"P000607",6,2002-12-30
"P000607",23,2003-01-28
"P000607",62,2003-09-26
"P000607",43,2003-11-13
"P000607",26,2004-05-13
"P000607",26,2004-07-31
"P000607",51,2005-05-12
"P000607",27,2005-08-09
"P000607",43,2005-12-27
"P000607",50,2006-09-12
"P000607",27,2007-12-06
"P000608",47,2004-05-28
"P000608",45,2005-09-03
"P000608",66,2014-11-25
"P000608",4,2015-06-29
"P000608",32,2015-12-07
"P000608",46,2017-07-28
"P000609",6,2009-10-28
"P000609",44,2010-02-07
"P000609",33,2011-02-18
"P000609",54,2012-05-04
"P000609",67,2012-09-26
"P000609",55,2019-05-11
"P000609",27,2025-10-19
"P000609",3,2033-08-04
"P000609",38,2042-03-22
"P000609",53,2042-12-26
"P000610",2,1979-09-22
"P000610",3,1982-02-24
"P000610",1,1983-07-08
"P000610",4,1987-12-29
"P000610",18,1988-03-15
"P000610",2,1988-04-18
"P000610",33,1988-10-18
"P000610",61,1994-12-24
"P000610",23,2001-11-27
"P000610",29,2005-01-16
"P000610",28,2005-07-15
"P000611",23,2008-01-16
"P000612",27,1998-05-15
"P000612",42,1998-12-02
"P000612",49,1999-05-30
"P000612",61,2001-10-16
"P000612",9,2010-05-16
"P000612",61,2015-06-18
"P000612",30,2022-02-09
"P000613",23,1997-07-27
"P000613",15,2002-01-15
"P000613",62,2003-01-13
"P000613",28,2004-12-18
"P000613",64,2006-02-22
"P000614",28,1978-06-18
"P000614",53,1984-03-03
"P000614",53,1985-12-07
"P000614",16,1986-08-06
"P000614",42,1987-09-04
"P000614",30,1992-09-16
"P000614",41,2001-07-18
"P000614",48,2003-08-17
"P000614",35,2004-06-14
"P000615",41,1996-01-04
"P000615",44,1998-02-11
"P000615",38,1998-03-10
"P000615",62,1998-07-13
"P000615",25,1998-09-28
"P000615",12,1999-02-06
"P000615",5,1999-02-18
"P000615",4,1999-03-24
"P000615",45,2001-04-27
"P000615",3,2009-02-21
"P000615",27,2009-10-02
"P000615",24,2010-03-30
"P000616",55,1989-10-12
"P000616",46,1991-09-08
"P000616",57,2013-11-03
"P000616",51,2014-01-08
"P000616",55,2025-08-22
"P000616",42,2026-05-16
"P000616",23,2027-02-17
"P000616",12,2027-07-02
"P000616",2,2027-07-24
"P000616",27,2027-12-07
"P000616",28,2028-01-10
"P000617",55,1997-07-09
"P000617",23,2002-06-26
"P000617",11,2005-06-07
"P000617",53,2024-04-02
"P000617",9,2027-07-09
"P000618",50,2014-08-23
"P000618",41,2026-07-10
"P000618",42,2026-08-03
"P000618",41,2027-03-29
"P000618",49,2027-07-31
"P000618",4,2028-07-28
"P000618",48,2032-03-07
"P000618",4,2032-06-29
"P000619",15,2002-10-25
"P000619",25,2005-11-17
"P000619",6,2020-02-09
"P000619",39,2028-06-19
"P000619",57,2035-07-14
"P000620",3,2026-03-20
"P000620",13,2030-04-25
"P000621",36,1982-04-03
"P000621",23,1983-07-04
"P000621",6,1995-06-28
"P000621",52,1998-04-29
"P000621",52,2011-10-15
"P000621",12,2014-01-25
"P000622",30,1987-02-06
"P000622",26,2004-02-04
"P000622",30,2004-12-26
"P000623",15,1996-05-29
"P000623",28,2012-02-02
"P000623",3,2016-09-26
"P000623",30,2017-05-19
"P000623",27,2017-10-01
"P000623",27,2019-01-08
"P000623",3,2021-05-14
"P000623",26,2025-04-16
"P000623",6,2028-07-05
"P000624",15,1987-07-21
"P000624",41,2001-11-29
"P000624",6,2003-04-15
"P000624",25,2012-04-16
"P000625",49,1962-03-09
"P000625",27,1967-06-03
"P000625",30,1967-07-10
"P000625",21,1989-04-13
"P000625",53,2001-01-19
"P000626",47,2021-10-27
"P000626",19,2035-12-10
"P000626",55,2036-09-25
"P000626",3,2041-12-06
"P000627",21,1988-12-04
"P000627",55,1990-06-03
"P000627",44,1990-10-06
"P000627",12,1991-09-11
"P000627",12,1992-01-30
"P000627",55,1998-04-29
"P000627",11,1998-10-29
"P000627",8,1999-09-29
"P000627",3,2002-01-01
"P000627",1,2003-03-22
"P000627",16,2012-07-20
"P000628",61,1996-06-20
"P000628",48,2001-02-07
"P000628",24,2014-06-28
"P000629",18,1982-07-01
"P000629",53,1990-03-05
"P000629",65,1992-02-08
"P000629",44,2012-05-01
"P000630",2,1992-08-08
"P000630",7,1993-01-04
"P000630",3,2002-01-30
"P000630",49,2002-08-21
"P000630",28,2008-08-24
"P000630",8,2014-09-08
"P000631",1,2003-06-16
"P000631",49,2005-12-26
"P000631",28,2008-11-27
"P000631",12,2011-09-30
"P000631",30,2011-11-30
"P000631",44,2033-09-10
"P000632",3,2008-01-29
"P000632",28,2012-08-11
"P000632",11,2015-05-31
"P000632",1,2020-06-28
"P000632",14,2029-11-28
"P000632",21,2038-10-30
"P000632",12,2041-05-28
"P000632",64,2041-11-25
"P000632",12,2042-02-07
"P000632",22,2042-07-22
"P000632",56,2042-08-15
"P000632",28,2042-12-13
"P000633",28,1963-07-07
"P000633",40,1964-10-04
"P000633",11,1965-12-24
"P000633",6,1967-02-02
"P000633",37,1967-05-20
"P000633",4,1970-05-22
"P000633",2,1974-02-23
"P000633",11,1976-09-17
"P000633",40,1977-04-23
"P000633",1,1977-10-11
"P000633",37,1977-11-10
"P000633",63,1978-04-12
"P000633",28,1979-03-14
"P000633",24,1979-04-09
"P000633",65,1980-02-16
"P000633",28,1988-04-16
"P000633",62,2001-12-15
"P000633",12,2002-12-30
"P000634",5,1977-07-21
"P000634",28,1989-11-24
"P000634",28,1990-04-18
"P000634",30,1991-04-29
"P000634",14,1993-08-05
"P000634",12,1999-03-27
"P000635",18,1989-11-09
"P000635",52,2005-11-08
"P000635",4,2008-12-08
"P000635",31,2018-04-27
"P000635",63,2018-08-16
"P000635",26,2019-01-01
"P000635",31,2019-09-20
"P000636",1,1995-12-26
"P000636",29,2002-06-18
"P000637",23,1975-10-20
"P000637",18,1977-03-24
"P000637",2,1977-07-05
"P000637",23,1980-12-02
"P000637",23,1981-10-27
"P000638",4,2030-06-07
"P000638",20,2039-04-27
"P000639",18,1984-03-27
"P000639",6,1985-05-06
"P000639",53,1988-03-30
"P000639",2,1993-07-24
"P000639",44,1995-09-28
"P000639",11,1997-09-29
"P000639",15,1999-08-02
"P000639",2,2000-11-08
"P000639",12,2005-09-07
"P000640",3,1985-06-15
"P000640",15,1986-06-08
"P000640",30,1986-12-03
"P000640",44,1992-01-07
"P000640",12,1995-08-06
"P000640",56,1997-06-26
"P000640",10,2000-10-10
"P000640",43,2012-11-01
"P000640",7,2015-03-28
"P000640",64,2016-11-11
"P000640",6,2021-07-13
"P000640",4,2023-04-17
"P000640",10,2024-05-06
"P000641",41,2001-10-02
"P000641",4,2002-03-31
"P000641",1,2009-04-03
"P000641",11,2014-10-28
"P000641",19,2018-08-06
"P000641",38,2031-02-04
"P000641",50,2032-10-12
"P000641",52,2035-11-09
"P000642",14,1985-03-31
"P000642",15,2014-04-24
"P000642",2,2017-02-24
"P000642",43,2018-05-18
"P000642",7,2022-02-03
"P000643",61,2009-03-21
"P000643",21,2018-06-15
"P000643",21,2019-03-06
"P000643",12,2019-05-23
"P000643",67,2020-10-18
"P000644",5,1987-02-05
"P000644",7,1988-01-21
"P000644",23,1994-10-22
"P000644",38,1997-01-03
"P000644",23,2002-06-29
"P000644",44,2005-09-19
"P000645",30,2025-04-16
"P000645",62,2025-11-25
"P000645",28,2028-02-05
"P000645",14,2031-05-29
"P000645",67,2035-12-17
"P000646",11,1974-09-22
"P000646",1,1975-02-14
"P000646",4,1992-12-10
"P000646",61,1994-05-28
"P000646",55,2004-10-04
"P000647",2,2016-02-27
"P000647",52,2016-07-26
"P000647",50,2017-01-08
"P000647",4,2017-08-02
"P000647",50,2017-09-28
"P000647",58,2019-08-28
"P000647",61,2022-02-11
"P000647",2,2024-02-24
"P000647",28,2027-06-21
"P000647",40,2029-04-16
"P000648",18,1998-05-30
"P000648",2,1998-10-04
"P000648",51,1998-10-15
"P000648",62,2004-02-23
"P000649",15,2010-01-15
"P000650",62,1976-03-28
"P000650",53,1976-07-02
"P000650",11,1977-09-23
"P000650",49,1979-07-31
"P000650",3,1988-05-20
"P000650",53,1993-07-18
"P000650",30,1994-04-04
"P000651",16,1992-12-09
"P000651",6,2005-08-31
"P000651",34,2006-07-19
"P000651",65,2006-08-13
"P000651",56,2023-12-01
"P000651",53,2024-02-13
"P000651",3,2025-11-01
"P000652",30,2021-07-25
"P000652",35,2022-08-14
"P000652",51,2025-04-25
"P000653",45,1976-01-26
"P000653",56,1988-11-10
"P000653",61,1989-08-02
"P000653",49,1990-02-13
"P000653",24,1995-09-10
"P000653",8,2001-10-28
"P000654",16,1997-05-01
"P000654",40,1998-12-25
"P000654",2,2000-11-29
"P000654",43,2004-10-28
"P000654",11,2011-01-28
"P000654",37,2012-03-04
"P000654",29,2012-04-19
"P000654",52,2012-08-31
"P000654",50,2013-06-04
"P000655",8,1981-07-12
"P000655",4,1992-01-13
"P000655",16,2004-09-11
"P000656",24,2027-10-12
"P000656",52,2033-08-31
"P000656",47,2035-03-01
"P000656",54,2039-06-27
"P000657",7,1971-02-11
"P000657",28,1972-12-28
"P000657",1,1979-07-13
"P000657",5,1996-01-16
"P000657",15,1997-02-18
"P000658",61,2010-04-13
"P000658",41,2010-08-07
"P000658",57,2014-12-29
"P000658",11,2017-04-01
"P000658",19,2019-11-18
"P000658",52,2031-02-03
"P000659",62,2018-11-01
"P000660",47,2010-05-06
"P000660",57,2010-08-26
"P000660",44,2011-10-21
"P000660",28,2025-10-17
"P000660",48,2026-02-28
"P000660",65,2030-07-08
"P000660",60,2032-01-10
"P000660",25,2035-01-22
"P000660",18,2045-08-07
"P000661",2,1983-11-03
"P000661",4,1991-02-28
"P000661",25,1998-12-30
"P000661",33,1999-02-16
"P000661",40,1999-10-07
"P000661",8,2019-12-10
"P000661",8,2021-09-22
"P000662",26,1995-06-15
"P000662",24,1995-08-28
"P000663",20,1998-12-22
"P000663",11,2000-01-13
"P000663",25,2016-03-24
"P000663",56,2016-05-29
"P000663",55,2026-12-12
"P000663",21,2032-06-30
"P000663",11,2033-03-21
"P000664",41,2009-03-06
"P000664",24,2009-05-30
"P000664",30,2010-06-14
"P000664",8,2011-07-02
"P000664",44,2011-08-28
"P000664",26,2012-01-07
"P000664",49,2012-07-17
"P000664",16,2013-03-09
"P000664",12,2013-05-29
"P000664",30,2015-04-08
"P000664",3,2028-07-25
"P000664",4,2028-12-31
"P000664",56,2030-02-22
"P000664",61,2040-04-07
"P000665",56,1997-10-17
"P000665",7,2007-06-24
"P000665",18,2017-10-25
"P000665",55,2018-08-18
"P000665",34,2024-07-26
"P000665",6,2025-10-22
"P000665",34,2026-12-31
"P000665",9,2029-04-24
"P000666",65,1972-08-07
"P000666",25,1985-12-27
"P000666",6,1988-01-14
"P000666",27,1992-07-21
"P000666",30,1993-04-06
"P000666",52,2003-10-03
"P000666",19,2003-10-04
"P000666",24,2004-05-28
"P000667",52,2014-08-16
"P000667",4,2020-01-03
"P000667",14,2021-04-08
"P000667",55,2031-10-15
"P000668",62,2018-05-06
"P000668",5,2022-08-03
"P000668",2,2033-06-11
"P000668",7,2034-10-09
"P000668",28,2035-08-25
"P000669",2,1982-10-07
"P000669",47,1999-08-07
"P000669",28,2000-07-13
"P000669",47,2000-11-19
"P000669",47,2001-01-16
"P000669",46,2001-05-11
"P000669",12,2001-11-24
"P000669",21,2003-01-29
"P000669",47,2004-06-23
"P000669",41,2004-08-22
"P000669",24,2005-04-01
"P000669",55,2005-08-23
"P000669",67,2006-01-20
"P000669",15,2007-05-22
"P000670",61,2006-11-18
"P000670",32,2007-06-26
"P000670",4,2031-02-09
"P000670",1,2033-03-05
"P000670",61,2035-10-12
"P000670",58,2036-10-02
"P000670",64,2037-12-12
"P000670",26,2039-02-07
"P000670",52,2039-04-28
"P000671",60,2017-02-27
"P000671",37,2021-11-03
"P000671",13,2031-12-18
"P000671",40,2041-11-02
"P000672",49,1982-04-11
"P000672",12,1984-10-25
"P000672",4,1990-09-23
"P000672",54,2004-11-18
"P000673",43,2017-04-04
"P000674",26,1979-06-30
"P000674",49,1982-02-16
"P000674",18,1995-07-16
"P000674",2,1996-04-09
"P000674",50,1997-11-29
"P000675",61,1985-10-08
"P000675",5,1987-02-23
"P000676",28,2002-02-02
"P000676",37,2004-09-22
"P000677",60,2032-03-01
"P000677",38,2032-04-29
"P000677",21,2038-04-27
"P000677",28,2041-06-27
"P000677",12,2042-03-11
"P000678",57,1994-10-22
"P000678",11,1995-04-23
"P000678",2,1996-02-09
"P000679",55,2027-10-14
"P000679",55,2033-06-07
"P000679",55,2038-02-02
"P000680",6,1979-08-09
"P000681",1,1974-11-06
"P000681",55,2008-11-23
"P000681",8,2010-12-02
"P000682",6,2008-02-01
"P000682",18,2021-04-27
"P000682",41,2021-06-18
"P000682",48,2026-08-02
"P000682",27,2026-10-08
"P000682",24,2027-09-16
"P000682",62,2037-01-04
"P000683",11,1998-06-11
"P000683",43,2012-12-28
"P000683",49,2019-08-07
"P000683",6,2036-10-15
"P000684",48,1969-05-22
"P000684",16,1973-05-22
"P000684",67,1973-06-09
"P000684",43,1974-06-14
"P000684",10,1995-08-03
"P000684",28,1997-06-15
"P000684",16,1999-05-14
"P000684",29,2004-11-02
"P000685",55,2010-08-10
"P000685",62,2014-11-14
"P000685",42,2022-06-09
"P000685",47,2028-03-24
"P000685",64,2029-08-28
"P000685",53,2036-06-09
"P000686",61,1986-02-21
"P000686",49,1986-03-15
"P000686",64,1991-05-02
"P000686",11,1998-10-07
"P000686",15,1999-03-21
"P000686",15,2000-07-30
"P000686",49,2006-11-16
"P000686",53,2007-03-20
"P000686",6,2013-08-19
"P000686",10,2023-02-27
"P000686",38,2023-03-03
"P000687",24,2007-08-08
"P000687",25,2009-05-30
"P000687",11,2031-11-15
"P000688",28,1993-11-30
"P000688",12,1994-08-14
"P000688",28,1994-11-15
"P000688",43,1999-08-01
"P000688",20,2000-06-15
"P000688",4,2003-04-20
"P000688",14,2003-04-24
"P000688",60,2004-06-10
"P000688",28,2015-08-22
"P000689",23,2014-08-22
"P000689",53,2018-08-28
"P000689",57,2032-05-24
"P000689",15,2035-10-30
"P000690",37,1979-10-30
"P000690",16,2006-07-02
"P000690",33,2006-09-01
"P000690",9,2007-04-10
"P000690",15,2007-08-30
"P000690",54,2012-06-26
"P000690",27,2013-09-24
"P000690",11,2017-11-07
"P000690",6,2018-05-10
"P000690",26,2018-08-24
"P000691",8,2003-03-19
"P000691",52,2016-04-06
"P000691",14,2022-04-29
"P000691",13,2024-05-31
"P000691",7,2027-03-01
"P000691",39,2028-03-25
"P000692",65,1986-02-04
"P000692",6,1993-09-04
"P000692",61,1995-12-07
"P000692",62,2005-01-24
"P000692",11,2015-08-08
"P000692",23,2017-09-07
"P000693",4,1983-11-14
"P000693",28,1984-09-26
"P000693",23,1992-01-25
"P000693",31,1999-09-09
"P000693",3,2001-01-28
"P000693",60,2006-10-23
"P000693",24,2008-03-24
"P000693",67,2009-04-21
"P000693",17,2009-10-30
"P000693",13,2019-09-04
"P000694",23,1977-07-26
"P000694",17,1980-07-16
"P000694",42,1983-05-03
"P000694",27,1991-02-04
"P000695",6,1989-09-22
"P000695",52,2004-08-17
"P000695",1,2007-11-14
"P000695",3,2008-01-07
"P000695",11,2018-08-28
"P000695",15,2023-11-20
"P000696",41,2037-12-14
"P000696",6,2045-10-22
"P000697",8,1964-09-22
"P000697",4,1972-11-18
"P000697",67,1975-01-18
"P000697",14,1975-10-23
"P000698",23,1987-03-19
"P000698",40,1988-04-19
"P000698",24,1995-09-28
"P000698",3,2008-08-04
"P000699",4,1998-07-17
"P000699",67,1999-05-01
"P000699",39,2001-06-02
"P000699",25,2007-03-13
"P000699",57,2028-04-25
"P000699",4,2028-09-18
"P000699",66,2032-12-08
"P000699",54,2034-12-19
"P000699",61,2035-08-25
"P000700",4,1976-05-27
"P000701",60,1984-03-24
"P000701",54,2004-04-22
"P000701",7,2009-05-05
"P000701",57,2009-08-29
"P000702",11,2003-07-31
"P000702",41,2006-01-16
"P000702",1,2008-04-07
"P000702",26,2010-12-17
"P000702",23,2015-04-15
"P000702",49,2022-12-14
"P000702",61,2030-12-17
"P000703",55,2006-12-11
"P000703",49,2011-08-01
"P000703",34,2016-09-24
"P000703",34,2017-02-23
"P000704",44,2018-07-28
"P000704",26,2021-01-29
"P000704",6,2022-03-15
"P000704",3,2036-06-30
"P000704",14,2046-03-03
"P000705",17,2016-04-04
"P000705",6,2023-03-20
"P000705",4,2028-02-02
"P000705",23,2039-04-10
"P000705",42,2041-07-15
"P000705",24,2047-04-03
"P000705",13,2055-04-11
"P000706",21,1977-05-15
"P000706",2,1982-09-17
"P000706",34,1983-11-27
"P000706",47,1985-11-22
"P000706",59,1987-10-22
"P000706",23,1998-06-05
"P000707",1,2009-09-05
"P000707",63,2010-01-12
"P000707",3,2011-05-25
"P000707",22,2020-10-24
"P000707",1,2032-06-22
"P000708",52,2001-04-27
"P000708",18,2017-05-09
"P000708",47,2034-08-23
"P000708",47,2034-11-04
"P000709",1,2016-08-27
"P000709",56,2026-07-11
"P000709",50,2027-02-01
"P000710",41,1967-03-06
"P000710",15,1968-03-21
"P000710",55,1969-02-07
"P000710",13,1972-02-25
"P000710",22,1972-12-18
"P000710",44,1975-06-05
"P000710",62,1988-09-13
"P000710",16,2000-02-26
"P000710",28,2002-02-04
"P000711",28,1970-05-15
"P000711",16,1970-08-15
"P000711",3,1979-08-11
"P000711",52,1988-06-08
"P000711",57,1989-10-30
"P000712",2,1996-12-26
"P000712",43,1998-06-11
"P000712",11,2004-03-08
"P000712",8,2014-12-08
"P000712",26,2029-07-10
"P000712",52,2031-09-13
"P000713",9,2017-04-30
"P000713",2,2017-11-13
"P000713",9,2019-11-01
"P000713",23,2024-11-01
"P000713",25,2025-10-02
"P000713",27,2041-08-26
"P000713",30,2042-01-31
"P000713",3,2050-01-29
"P000713",55,2054-01-02
"P000714",16,2015-10-01
"P000714",28,2016-05-03
"P000714",7,2023-08-17
"P000714",28,2031-12-07
"P000714",14,2033-07-16
"P000714",8,2035-12-04
"P000714",65,2041-02-13
"P000714",66,2043-02-26
"P000715",55,1985-05-21
"P000715",28,1993-01-20
"P000715",25,2000-02-01
"P000715",2,2004-05-27
"P000715",14,2016-05-01
"P000715",9,2017-07-16
"P000715",6,2019-02-15
"P000715",26,2020-07-06
"P000715",14,2022-02-12
"P000715",58,2022-07-30
"P000716",26,1990-10-01
"P000716",24,1991-02-24
"P000716",16,1992-01-03
"P000716",4,1992-09-11
"P000716",3,1993-11-23
"P000716",26,1995-11-24
"P000716",44,2012-12-19
"P000716",61,2014-05-04
"P000716",6,2016-04-28
"P000716",30,2017-11-13
"P000717",13,1997-03-18
"P000717",52,1997-04-24
"P000717",55,2018-02-12
"P000717",52,2022-05-13
"P000717",52,2029-04-22
"P000717",65,2034-01-31
"P000717",34,2034-04-30
"P000718",24,1983-07-18
"P000718",28,1984-03-24
"P000718",30,1984-06-28
"P000718",12,1984-11-08
"P000718",26,2000-08-24
"P000718",18,2003-05-24
"P000718",4,2004-11-13
"P000718",15,2013-09-25
"P000718",8,2015-06-07
"P000719",10,1990-11-07
"P000719",60,1991-05-30
"P000719",9,1992-09-03
"P000719",23,1993-05-31
"P000719",35,1995-04-20
"P000720",41,2007-05-07
"P000720",55,2007-08-10
"P000720",27,2018-09-18
"P000720",24,2019-04-23
"P000720",3,2031-02-15
"P000720",39,2031-09-04
"P000720",19,2034-01-07
"P000720",2,2037-02-25
"P000721",5,2021-03-02
"P000721",7,2021-08-28
"P000721",38,2023-02-27
"P000721",9,2025-07-17
"P000723",28,2013-02-23
"P000723",12,2016-12-01
"P000723",64,2019-07-25
"P000723",59,2020-05-07
"P000723",3,2028-05-19
"P000723",19,2045-02-27
"P000723",24,2045-03-17
"P000724",27,1998-07-13
"P000724",3,1998-10-14
"P000724",62,2000-09-13
"P000724",52,2003-02-27
"P000724",31,2006-08-15
"P000724",63,2008-09-12
"P000724",63,2010-04-11
"P000724",43,2013-03-06
"P000724",14,2013-11-14
"P000724",60,2015-01-17
"P000726",52,2029-04-21
"P000727",49,1985-04-23
"P000727",11,1986-12-10
"P000727",28,2020-01-16
"P000728",52,2008-02-18
"P000728",15,2014-04-26
"P000728",1,2019-02-26
"P000728",24,2026-07-30
"P000728",17,2028-10-15
"P000728",26,2028-11-21
"P000728",3,2030-07-31
"P000728",6,2033-08-12
"P000728",17,2037-02-11
"P000728",41,2037-09-22
"P000728",40,2039-06-20
"P000728",4,2039-08-18
"P000728",14,2040-08-06
"P000729",18,2017-02-17
"P000729",28,2024-11-29
"P000729",57,2030-10-28
"P000729",57,2039-11-23
"P000729",2,2041-08-25
"P000730",57,2022-03-15
"P000730",16,2024-09-15
"P000730",11,2024-11-30
"P000730",36,2025-09-15
"P000730",6,2026-10-20
"P000730",3,2045-09-14
"P000731",28,2006-09-15
"P000731",52,2007-09-18
"P000732",30,2019-03-12
"P000733",27,1983-07-31
"P000733",64,1986-11-06
"P000733",55,1987-07-19
"P000733",1,1993-10-30
"P000733",59,2011-06-24
"P000733",47,2011-09-23
"P000734",30,2047-04-12
"P000735",10,2011-09-23
"P000735",14,2014-07-03
"P000736",15,2008-05-11
"P000736",60,2008-11-21
"P000736",23,2009-11-20
"P000736",53,2017-04-06
"P000736",5,2018-05-04
"P000736",38,2019-07-30
"P000737",10,2008-12-20
"P000737",19,2030-03-31
"P000738",23,1974-09-11
"P000738",25,1976-11-03
"P000739",28,1989-10-24
"P000739",28,2003-08-09
"P000740",21,2006-04-29
"P000740",2,2007-10-07
"P000740",25,2013-10-27
"P000740",38,2024-03-12
"P000740",21,2025-10-13
"P000740",53,2027-07-22
"P000740",30,2028-07-24
"P000740",28,2034-11-28
"P000740",63,2035-12-08
"P000741",49,1968-08-23
"P000741",41,1995-10-18
"P000742",15,2018-02-15
"P000742",51,2032-03-02
"P000743",61,1989-04-14
"P000743",26,2009-09-22
"P000743",2,2015-01-09
"P000743",33,2015-08-26
"P000744",27,1983-06-18
"P000744",28,1987-04-17
"P000744",3,1999-01-06
"P000744",1,1999-12-24
"P000745",28,1999-10-27
"P000745",49,2004-02-10
"P000745",4,2004-06-07
"P000745",67,2004-10-27
"P000745",46,2005-06-19
"P000745",42,2009-05-21
"P000746",35,1984-12-01
"P000746",49,1985-04-29
"P000746",2,1988-10-26
"P000746",66,1989-03-02
"P000746",55,2002-07-20
"P000746",39,2004-08-15
"P000746",44,2005-02-25
"P000746",8,2005-11-29
"P000747",23,2014-04-01
"P000747",27,2023-05-29
"P000747",27,2024-07-20
"P000747",2,2025-10-21
"P000747",58,2038-07-09
"P000747",49,2040-12-23
"P000747",16,2042-01-02
"P000748",3,2003-10-05
"P000748",1,2018-06-29
"P000748",6,2019-05-22
"P000748",13,2019-08-09
"P000748",41,2020-02-23
"P000748",28,2027-06-30
"P000749",34,1982-07-14
"P000749",1,1982-11-22
"P000749",19,1983-12-01
"P000749",34,1985-03-20
"P000749",40,1986-10-09
"P000749",28,1992-05-14
"P000749",16,1993-05-02
"P000749",1,1995-03-02
"P000749",8,1999-10-04
"P000749",42,2002-12-08
"P000749",4,2010-07-31
"P000749",7,2012-02-10
"P000749",26,2015-04-28
"P000749",62,2021-03-07
"P000751",11,2003-01-06
"P000751",15,2004-08-06
"P000752",6,1984-05-24
"P000752",28,1987-10-24
"P000752",20,1999-02-15
"P000752",54,2008-08-22
"P000753",47,1999-10-05
"P000753",57,2001-01-02
"P000753",26,2001-10-17
"P000753",24,2009-08-06
"P000754",52,1981-03-23
"P000754",8,1986-06-30
"P000754",61,1989-08-21
"P000754",30,1994-09-26
"P000754",59,1996-04-06
"P000755",27,1974-11-11
"P000755",57,1981-11-10
"P000755",18,1984-01-20
"P000755",66,1984-05-28
"P000755",23,1994-07-30
"P000755",13,2009-06-08
"P000755",51,2012-08-17
"P000756",21,2005-07-30
"P000756",4,2011-02-19
"P000756",41,2011-06-24
"P000756",1,2026-02-18
"P000756",1,2026-06-27
"P000756",42,2028-08-29
"P000756",23,2035-08-09
"P000757",55,1979-10-29
"P000757",21,1984-09-22
"P000757",26,1994-11-30
"P000757",16,1995-05-18
"P000757",6,2012-10-31
"P000757",36,2015-10-18
"P000758",25,1999-08-13
"P000758",21,2013-08-07
"P000759",6,1989-07-12
"P000759",27,2007-07-03
"P000760",2,2023-08-18
"P000760",43,2023-08-27
"P000760",50,2024-05-29
"P000761",6,2012-12-20
"P000761",44,2032-09-27
"P000761",66,2035-07-06
"P000761",26,2038-11-05
"P000762",6,1990-09-22
"P000762",55,1994-07-08
"P000762",2,1996-06-07
"P000762",7,1997-03-29
"P000762",4,2005-09-25
"P000762",53,2006-08-22
"P000762",51,2008-01-20
"P000762",4,2014-03-20
"P000762",14,2015-09-01
"P000762",32,2019-11-25
"P000763",4,1978-05-06
"P000763",1,1978-12-07
"P000763",25,1988-08-03
"P000763",27,1990-01-16
"P000763",31,1993-09-27
"P000763",8,1995-12-04
"P000763",3,2008-04-10
"P000763",35,2014-02-15
"P000763",14,2014-09-01
"P000764",62,2028-10-05
"P000764",10,2039-06-08
"P000764",15,2039-10-30
"P000764",8,2040-10-05
"P000765",6,1980-02-18
"P000765",14,1980-06-08
"P000765",9,1981-08-22
"P000765",55,1993-10-26
"P000765",4,1994-12-20
"P000765",1,1999-04-20
"P000765",55,2006-11-06
"P000765",3,2007-05-13
"P000766",5,2000-04-12
"P000766",47,2003-03-20
"P000766",1,2014-06-19
"P000766",55,2018-08-23
"P000766",1,2019-06-20
"P000766",49,2022-04-11
"P000766",4,2024-03-19
"P000766",14,2024-08-23
"P000766",29,2026-02-26
"P000766",4,2027-02-11
"P000766",49,2028-09-12
"P000766",29,2030-05-20
"P000767",57,2015-05-31
"P000767",40,2015-12-26
"P000767",16,2042-01-05
"P000767",40,2042-07-15
"P000767",18,2043-07-14
"P000768",21,1987-01-18
"P000768",6,1989-12-13
"P000768",28,1991-07-05
"P000768",7,1991-07-07
"P000768",1,1991-08-08
"P000768",15,1997-02-24
"P000768",42,1997-06-10
"P000768",54,1997-12-03
"P000768",56,2002-10-22
"P000769",55,2036-08-26
"P000770",56,1999-03-27
"P000770",18,2020-03-13
"P000771",58,1993-03-18
"P000771",54,2003-03-19
"P000771",59,2004-08-17
"P000771",52,2014-11-06
"P000771",14,2015-03-18
"P000772",4,2008-03-23
"P000772",24,2009-01-04
"P000772",21,2020-06-07
"P000772",23,2029-04-20
"P000772",1,2040-01-05
"P000773",1,2027-08-19
"P000773",21,2041-04-19
"P000773",23,2046-05-13
"P000773",9,2046-10-28
"P000773",14,2054-05-08
"P000774",30,1993-10-01
"P000774",14,2013-10-30
"P000774",1,2018-06-09
"P000774",18,2028-04-01
"P000775",23,1985-11-11
"P000775",39,1993-02-12
"P000775",4,2000-12-25
"P000775",14,2002-01-16
"P000775",58,2005-08-08
"P000775",29,2007-09-02
"P000775",9,2008-02-06
"P000775",30,2010-02-04
"P000775",12,2011-01-19
"P000775",30,2012-04-26
"P000775",52,2013-04-27
"P000776",27,1975-06-17
"P000776",62,1978-04-26
"P000776",61,1982-06-14
"P000776",7,1989-12-16
"P000776",15,1994-12-06
"P000776",18,1998-03-10
"P000776",4,1999-11-14
"P000777",4,1994-04-17
"P000777",8,1995-10-22
"P000777",8,1996-05-25
"P000777",28,1998-08-21
"P000777",30,1999-05-16
"P000778",49,1994-07-07
"P000778",35,1995-09-04
"P000778",44,1996-04-04
"P000778",21,2000-08-28
"P000778",12,2000-09-15
"P000778",12,2003-04-26
"P000778",12,2008-08-01
"P000778",5,2008-09-09
"P000778",44,2009-03-10
"P000778",22,2010-11-20
"P000778",40,2017-01-01
"P000778",47,2026-01-22
"P000778",40,2026-10-28
"P000778",47,2027-06-09
"P000778",27,2027-10-10
"P000778",65,2028-10-05
"P000779",18,1991-10-04
"P000779",52,1993-05-18
"P000779",46,1994-01-08
"P000779",2,1997-11-12
"P000779",33,1999-11-22
"P000779",28,2000-01-05
"P000779",40,2001-01-04
"P000779",23,2004-02-06
"P000779",36,2004-10-07
"P000779",49,2015-10-13
"P000779",1,2026-12-15
"P000780",7,1991-11-26
"P000780",23,1996-04-11
"P000780",36,1996-07-19
"P000780",23,2002-10-12
"P000780",20,2014-05-17
"P000780",18,2016-10-01
"P000781",28,1971-06-22
"P000781",55,1973-09-17
"P000781",14,1986-01-30
"P000781",47,1993-07-23
"P000781",66,1994-04-21
"P000781",27,2001-05-20
"P000781",65,2002-06-28
"P000782",62,2003-09-23
"P000782",28,2004-05-18
"P000782",64,2005-02-09
"P000782",40,2008-01-13
"P000782",6,2018-06-09
"P000782",14,2022-11-15
"P000783",15,1964-11-07
"P000783",60,1967-04-25
"P000783",64,1967-10-03
"P000783",8,1972-11-06
"P000783",43,1976-02-27
"P000783",14,1979-02-03
"P000783",12,1979-12-13
"P000783",49,1991-08-27
"P000784",8,1976-03-16
"P000784",54,1983-04-07
"P000784",8,1984-01-25
"P000784",32,1988-03-09
"P000784",42,2002-10-17
"P000784",24,2004-10-28
"P000785",26,1970-01-30
"P000785",18,1982-01-07
"P000785",67,1982-05-05
"P000785",42,1987-06-15
"P000785",7,1997-10-14
"P000786",61,2010-12-16
"P000786",28,2014-11-22
"P000786",60,2030-08-13
"P000786",18,2030-11-28
"P000786",43,2034-07-17
"P000787",11,2016-08-16
"P000787",55,2017-05-29
"P000787",28,2019-11-15
"P000787",60,2026-04-08
"P000788",18,1978-08-05
"P000788",25,1979-09-21
"P000788",23,1981-10-27
"P000788",55,1990-12-10
"P000788",10,1992-02-14
"P000788",11,1992-06-26
"P000788",6,2001-05-29
"P000788",11,2001-09-13
"P000788",4,2002-06-19
"P000788",58,2003-04-19
"P000788",10,2003-05-17
"P000789",55,2010-06-20
"P000789",53,2020-07-15
"P000789",12,2022-02-18
"P000790",12,2010-05-19
"P000790",18,2018-04-27
"P000790",3,2020-08-01
"P000790",10,2021-10-06
"P000790",35,2024-09-17
"P000790",63,2030-05-26
"P000790",8,2040-12-20
"P000791",4,1981-05-15
"P000791",28,1992-06-17
"P000791",28,1995-08-07
"P000791",16,1995-09-01
"P000791",26,1999-04-11
"P000791",54,2003-02-14
"P000791",12,2003-03-16
"P000791",18,2003-04-09
"P000791",20,2003-06-08
"P000791",37,2004-11-12
"P000791",10,2005-08-05
"P000791",1,2006-02-02
"P000791",30,2007-09-13
"P000791",59,2008-01-06
"P000791",10,2008-04-01
"P000791",28,2008-12-10
"P000791",38,2010-09-06
"P000791",28,2013-06-25
"P000791",1,2017-01-26
"P000791",13,2018-06-13
"P000791",6,2019-04-03
"P000792",28,2020-08-14
"P000793",13,1988-07-31
"P000793",21,1999-01-15
"P000793",21,2002-10-02
"P000793",67,2004-09-27
"P000793",47,2005-07-12
"P000793",3,2007-09-14
"P000793",40,2011-11-02
"P000793",18,2013-07-14
"P000793",2,2014-04-04
"P000793",46,2015-01-02
"P000794",52,1983-04-15
"P000794",44,1983-10-31
"P000794",4,1991-03-06
"P000794",14,1996-09-15
"P000794",19,2013-10-20
"P000794",19,2015-01-05
"P000794",2,2015-12-19
"P000795",24,2014-09-19
"P000795",4,2019-07-10
"P000795",28,2026-11-21
"P000795",2,2039-06-12
"P000795",13,2043-05-14
"P000795",41,2048-02-25
"P000796",60,1993-01-05
"P000796",4,2013-02-17
"P000796",8,2013-02-18
"P000797",30,1963-07-13
"P000797",4,1964-08-08
"P000797",56,1971-12-28
"P000797",23,1972-11-08
"P000797",26,1973-12-01
"P000797",8,1975-05-04
"P000797",60,1988-02-14
"P000797",28,1989-02-09
"P000797",58,1990-08-11
"P000797",27,1991-09-04
"P000797",3,1992-01-18
"P000797",59,1992-03-30
"P000797",20,1997-05-13
"P000797",5,1998-03-22
"P000797",14,2001-10-13
"P000798",60,2005-10-03
"P000798",1,2009-03-01
"P000798",4,2029-04-08
"P000798",66,2030-11-18
"P000798",11,2031-11-11
"P000799",58,1980-05-16
"P000799",1,1986-03-04
"P000799",62,1992-07-11
"P000799",6,1995-02-21
"P000799",55,1995-06-18
"P000799",2,2011-04-10
"P000799",12,2013-07-17
"P000799",40,2014-12-13
"P000799",23,2017-01-23
"P000800",49,1985-03-03
"P000800",16,1986-07-19
"P000800",4,1987-07-01
"P000800",28,1997-03-18
"P000800",50,1998-08-08
"P000800",28,2006-10-09
"P000800",20,2009-08-17
"P000800",12,2012-12-16
"P000800",31,2013-01-11
"P000800",3,2013-02-21
"P000800",62,2013-08-05
"P000800",7,2014-02-11
"P000801",49,1978-12-20
"P000801",26,2003-11-08
"P000801",14,2005-02-08
"P000801",13,2005-06-27
"P000801",14,2005-10-29
"P000801",58,2007-06-21
"P000801",3,2016-07-05
"P000802",14,2016-11-12
"P000802",19,2022-03-23
"P000802",2,2023-07-16
"P000802",4,2040-09-04
"P000802",2,2043-10-24
"P000802",11,2048-08-29
"P000802",58,2051-05-12
"P000802",61,2052-02-26
"P000803",61,1989-11-15
"P000803",43,1991-10-28
"P000803",8,2010-12-06
"P000803",36,2013-05-16
"P000803",16,2013-10-29
"P000803",57,2013-11-07
"P000804",28,1990-01-06
"P000804",14,1991-01-11
"P000804",55,1991-08-30
"P000804",13,1994-11-05
"P000804",6,2005-08-11
"P000804",44,2008-06-30
"P000804",57,2012-10-25
"P000805",1,2006-12-17
"P000805",12,2015-08-26
"P000806",55,2009-07-20
"P000806",43,2009-10-09
"P000806",26,2011-08-19
"P000806",24,2016-03-04
"P000806",56,2024-07-06
"P000806",62,2035-02-13
"P000806",7,2035-02-19
"P000806",28,2036-05-30
"P000807",42,2006-05-20
"P000807",18,2012-07-09
"P000807",61,2016-02-21
"P000807",53,2016-11-27
"P000808",5,2002-04-09
"P000808",30,2013-09-30
"P000808",24,2013-12-20
"P000808",1,2014-03-27
"P000808",23,2024-04-10
"P000808",2,2032-12-23
"P000808",42,2034-03-15
"P000809",5,1998-10-24
"P000809",1,2010-07-10
"P000809",44,2011-01-27
"P000809",21,2011-08-12
"P000809",13,2014-07-17
"P000809",21,2017-04-22
"P000809",23,2031-04-26
"P000809",26,2034-10-29
"P000810",4,1963-01-28
"P000810",64,1964-01-27
"P000810",28,1964-07-08
"P000810",39,1965-12-04
"P000810",62,1966-04-12
"P000810",64,1968-12-18
"P000810",1,1983-11-07
"P000810",6,1987-08-28
"P000810",23,1988-12-16
"P000810",23,1991-05-04
"P000810",36,1997-05-09
"P000810",49,1997-11-01
"P000810",30,1998-04-02
"P000810",21,2000-10-25
"P000811",28,1984-07-05
"P000811",28,1994-07-22
"P000811",6,1997-03-15
"P000812",58,1995-05-19
"P000812",41,1996-05-16
"P000812",41,2006-09-21
"P000812",63,2026-02-22
"P000812",60,2029-12-03
"P000812",53,2031-03-22
"P000813",4,1964-10-05
"P000813",64,1965-01-05
"P000814",18,1966-08-27
"P000814",55,1966-12-27
"P000814",52,1967-08-20
"P000814",11,1969-09-28
"P000814",1,1979-02-14
"P000814",38,1992-04-13
"P000814",15,1992-09-24
"P000814",54,1992-12-15
"P000814",62,1993-08-21
"P000814",60,1994-06-08
"P000815",52,2027-08-05
"P000816",26,1976-12-15
"P000816",50,1979-04-06
"P000816",11,2001-12-24
"P000816",5,2007-12-26
"P000817",14,1994-04-19
"P000817",13,2005-04-07
"P000817",21,2008-03-19
"P000817",2,2015-02-03
"P000817",13,2017-08-28
"P000818",14,1986-02-22
"P000818",6,2004-03-03
"P000818",49,2011-10-29
"P000818",21,2018-09-29
"P000819",16,1967-09-10
"P000819",1,1983-07-22
"P000819",23,1991-09-30
"P000820",4,1990-08-21
"P000820",53,1991-03-05
"P000820",27,1992-02-03
"P000820",1,1992-08-10
"P000820",10,1993-05-19
"P000820",63,1994-09-06
"P000820",39,1999-06-08
"P000820",58,2001-01-16
"P000820",44,2008-12-04
"P000820",21,2012-07-05
"P000821",55,1997-02-13
"P000821",2,2005-10-27
"P000821",40,2018-01-24
"P000821",24,2019-02-03
"P000822",17,2041-05-10
"P000822",65,2041-09-06
"P000823",4,1975-06-28
"P000823",23,1976-09-06
"P000823",32,1977-01-28
"P000823",25,1977-11-05
"P000823",62,1983-03-14
"P000823",43,2008-11-30
"P000823",43,2011-01-04
"P000824",1,1983-02-08
"P000824",56,1985-01-22
"P000824",23,1988-06-22
"P000824",49,2004-04-29
"P000824",16,2005-12-10
"P000824",64,2006-01-28
"P000824",4,2006-09-10
"P000824",39,2008-10-06
"P000824",18,2009-01-04
"P000824",6,2015-02-20
"P000825",61,1989-09-23
"P000825",27,1990-03-22
"P000825",11,1993-04-05
"P000825",3,2004-01-22
"P000825",11,2014-07-01
"P000825",58,2019-09-10
"P000826",16,2017-10-17
"P000826",52,2020-09-13
"P000826",2,2040-04-06
"P000826",6,2040-12-04
"P000827",10,2014-03-20
"P000827",8,2030-03-17
"P000827",44,2040-07-02
"P000828",3,1981-08-31
"P000828",35,1982-11-24
"P000828",54,1994-04-30
"P000828",11,1994-07-20
"P000828",52,1995-05-27
"P000828",25,2004-09-27
"P000828",30,2005-03-21
"P000828",50,2012-03-01
"P000829",50,2004-08-19
"P000829",44,2006-12-25
"P000829",1,2011-06-15
"P000829",52,2013-02-21
"P000829",47,2013-08-04
"P000829",66,2013-08-12
"P000829",36,2018-01-06
"P000829",7,2033-02-23
"P000829",64,2034-04-13
"P000829",36,2038-12-05
"P000830",40,1969-05-25
"P000830",28,1972-06-25
"P000830",17,1992-04-21
"P000830",52,1992-11-29
"P000830",21,1993-01-15
"P000830",65,1994-12-17
"P000830",16,1996-03-15
"P000830",9,1997-01-06
"P000830",50,1997-01-24
"P000830",62,1997-04-14
"P000830",38,1998-08-12
"P000830",24,1999-01-21
"P000830",21,2000-09-30
"P000831",62,2004-07-19
"P000831",8,2006-04-05
"P000831",52,2009-09-19
"P000831",52,2021-05-10
"P000831",38,2022-03-31
"P000831",11,2024-06-30
"P000831",27,2027-08-13
"P000831",3,2028-10-29
"P000832",30,1989-07-20
"P000832",49,1997-06-25
"P000833",15,2011-10-27
"P000833",4,2018-10-21
"P000834",30,2004-08-22
"P000834",62,2005-03-02
"P000834",28,2025-04-20
"P000834",30,2025-04-25
"P000834",1,2026-04-06
"P000834",14,2038-08-06
"P000834",41,2038-12-08
"P000834",66,2040-01-01
"P000834",58,2040-07-23
"P000834",3,2041-04-18
"P000835",32,1997-09-29
"P000835",8,2007-06-01
"P000835",6,2013-12-31
"P000836",16,2009-10-09
"P000836",23,2010-11-19
"P000836",14,2037-11-27
"P000837",40,2023-03-24
"P000837",23,2024-03-23
"P000838",6,2019-08-11
"P000838",54,2022-03-12
"P000838",41,2022-07-22
"P000839",18,1977-06-17
"P000839",21,1979-04-10
"P000839",14,1981-09-12
"P000839",14,1981-12-01
"P000839",12,1981-12-21
"P000839",23,1988-06-03
"P000839",21,1998-02-16
"P000840",1,2004-03-29
"P000840",4,2005-01-05
"P000840",64,2006-04-14
"P000840",6,2006-08-03
"P000841",12,2001-03-12
"P000841",47,2008-05-18
"P000842",5,2007-05-21
"P000842",25,2013-10-01
"P000842",14,2014-06-02
"P000842",25,2020-03-29
"P000842",47,2020-04-06
"P000842",26,2022-11-08
"P000843",8,2010-04-04
"P000843",28,2010-10-28
"P000843",7,2014-12-26
"P000844",55,2019-08-06
"P000844",6,2029-09-19
"P000844",44,2030-01-08
"P000844",12,2031-02-02
"P000845",15,2017-08-21
"P000845",47,2025-03-25
"P000845",31,2026-06-08
"P000846",60,1992-10-08
"P000846",6,1993-07-19
"P000846",58,1994-12-05
"P000846",14,2003-04-04
"P000846",54,2012-07-13
"P000847",1,2003-06-12
"P000847",6,2007-10-24
"P000848",42,1983-12-26
"P000848",32,1984-04-25
"P000848",3,1986-06-06
"P000848",28,1991-03-24
"P000848",16,2003-10-29
"P000849",3,2029-09-12
"P000849",21,2035-12-27
"P000849",21,2036-01-18
"P000849",37,2040-01-26
"P000849",18,2044-04-23
"P000849",4,2044-05-14
"P000850",4,1982-10-24
"P000850",1,1984-01-18
"P000850",26,1995-07-09
"P000850",62,1996-06-28
"P000850",55,2001-05-12
"P000850",18,2001-10-23
"P000850",3,2002-05-04
"P000850",50,2006-11-11
"P000850",22,2016-05-25
"P000851",26,2018-09-26
"P000851",64,2019-01-23
"P000851",23,2024-02-13
"P000852",15,2005-03-02
"P000852",55,2005-08-05
"P000852",46,2006-11-01
"P000852",23,2008-01-31
"P000852",52,2016-01-06
"P000852",65,2016-07-09
"P000852",65,2016-12-05
"P000852",62,2019-09-07
"P000853",32,2009-10-24
"P000853",30,2016-10-16
"P000853",53,2023-08-03
"P000853",36,2024-03-14
"P000853",55,2024-06-26
"P000853",49,2026-06-25
"P000853",15,2036-08-01
"P000853",47,2038-08-05
"P000854",25,1981-06-23
"P000854",52,1982-04-14
"P000854",4,1985-08-23
"P000854",19,1995-03-27
"P000854",15,1998-07-05
"P000854",47,2012-01-21
"P000854",31,2013-05-10
"P000854",63,2014-03-02
"P000854",19,2014-03-11
"P000855",27,2015-07-25
"P000855",52,2039-05-12
"P000856",26,1986-06-19
"P000856",11,1987-12-04
"P000856",28,1992-07-05
"P000856",65,1994-06-10
"P000856",18,2017-07-23
"P000856",53,2019-02-28
"P000856",49,2020-03-12
"P000856",11,2021-04-14
"P000856",55,2022-03-23
"P000856",49,2022-09-10
"P000857",6,1985-09-25
"P000857",65,1987-03-14
"P000857",7,1990-08-18
"P000857",2,1991-07-19
"P000857",43,1996-03-02
"P000857",6,1999-02-05
"P000857",34,1999-11-26
"P000857",6,2019-11-30
"P000857",12,2020-09-25
"P000857",3,2021-11-18
"P000858",44,2012-08-29
"P000858",11,2014-03-11
"P000858",4,2014-04-29
"P000858",55,2014-10-27
"P000858",60,2015-01-19
"P000858",41,2016-02-19
"P000858",43,2018-03-05
"P000858",28,2030-09-15
"P000858",8,2036-07-27
"P000858",52,2038-07-31
"P000859",2,1995-07-30
"P000859",14,2000-10-27
"P000859",15,2004-06-25
"P000859",57,2005-08-23
"P000859",21,2006-06-01
"P000859",26,2006-11-24
"P000859",24,2008-07-26
"P000859",61,2009-01-20
"P000859",3,2015-12-11
"P000859",30,2016-02-11
"P000859",55,2026-03-11
"P000859",49,2026-05-02
"P000859",54,2027-03-17
"P000860",8,1991-12-27
"P000860",14,2029-09-30
"P000860",12,2029-11-04
"P000861",8,2005-05-27
"P000861",41,2009-09-16
"P000861",27,2015-02-18
"P000861",15,2018-05-04
"P000861",24,2039-05-18
"P000861",9,2039-09-29
"P000862",61,1969-11-19
"P000862",11,1976-09-13
"P000862",25,1979-09-29
"P000862",21,1982-01-15
"P000862",28,1986-04-22
"P000862",66,1995-06-25
"P000862",60,1996-06-25
"P000863",10,2000-09-25
"P000863",28,2000-11-22
"P000864",28,2015-05-18
"P000864",3,2017-01-17
"P000864",50,2018-10-24
"P000864",66,2019-08-15
"P000864",28,2020-02-21
"P000864",23,2036-11-21
"P000865",41,1963-02-23
"P000865",1,2000-05-26
"P000866",7,1988-02-05
"P000866",15,1992-10-08
"P000866",18,1994-10-04
"P000866",4,1997-08-11
"P000866",19,2005-11-08
"P000866",16,2009-03-17
"P000866",28,2010-12-02
"P000866",33,2016-08-07
"P000866",34,2018-08-15
"P000866",61,2019-10-18
"P000866",15,2022-10-19
"P000867",54,1961-09-25
"P000867",2,1967-12-04
"P000867",24,1968-09-26
"P000867",31,1976-04-16
"P000867",57,1976-08-31
"P000867",57,1977-10-17
"P000867",11,1979-06-24
"P000867",11,1981-04-23
"P000867",28,1985-10-12
"P000867",32,1991-04-12
"P000867",6,1992-11-14
"P000868",42,2013-11-18
"P000869",14,2004-05-08
"P000869",9,2005-06-11
"P000869",6,2007-04-21
"P000869",8,2007-05-25
"P000869",52,2012-12-03
"P000869",1,2033-07-29
"P000869",55,2040-01-16
"P000869",41,2040-06-19
"P000869",31,2042-05-15
"P000870",23,1981-04-29
"P000870",49,1983-09-07
"P000870",5,1992-01-22
"P000870",28,2004-03-27
"P000871",28,2012-02-13
"P000871",56,2026-10-14
"P000872",18,1999-11-19
"P000873",28,1993-05-05
"P000873",65,2004-09-08
"P000873",21,2022-04-18
"P000874",23,2020-07-15
"P000874",11,2020-12-11
"P000874",19,2022-04-04
"P000874",44,2022-09-16
"P000874",49,2025-07-12
"P000874",4,2038-10-06
"P000874",53,2040-10-19
"P000874",49,2050-03-26
"P000875",21,1987-05-10
"P000875",11,1987-10-12
"P000875",37,1994-08-16
"P000875",1,2008-02-15
"P000875",28,2012-10-29
"P000876",15,2005-05-04
"P000876",52,2019-02-04
"P000877",42,1996-11-01
"P000877",11,2004-02-21
"P000877",30,2005-03-08
"P000877",57,2015-08-02
"P000877",47,2022-09-18
"P000877",2,2030-07-15
"P000877",2,2030-11-01
"P000877",43,2032-01-19
"P000877",53,2032-09-16
"P000878",54,2012-01-25
"P000878",28,2015-11-24
"P000878",14,2017-04-09
"P000878",2,2019-09-26
"P000878",6,2022-02-21
"P000878",28,2028-03-07
"P000878",28,2031-07-15
"P000878",39,2032-06-04
"P000878",12,2032-10-25
"P000878",62,2033-10-04
"P000879",4,1991-10-14
"P000880",28,1982-03-18
"P000880",3,1991-09-13
"P000880",12,2002-11-24
"P000881",39,2013-09-01
"P000881",7,2017-04-21
"P000881",12,2032-01-30
"P000882",26,2015-10-11
"P000882",3,2017-02-04
"P000882",15,2017-05-28
"P000882",44,2021-08-15
"P000882",34,2036-11-27
"P000882",32,2037-04-19
"P000882",44,2038-06-27
"P000883",5,1992-08-08
"P000883",3,2011-01-04
"P000883",47,2023-12-14
"P000883",59,2024-09-09
"P000883",66,2024-10-22
"P000884",4,2010-03-15
"P000885",16,1968-11-14
"P000885",28,1969-05-20
"P000885",16,1969-12-31
"P000885",35,1982-02-02
"P000885",9,1986-06-11
"P000885",16,1990-08-16
"P000885",67,1992-01-10
"P000885",40,1992-04-03
"P000885",9,1994-01-05
"P000886",55,2019-08-08
"P000886",11,2020-07-05
"P000886",43,2025-06-18
"P000886",28,2042-12-09
"P000886",18,2044-09-21
"P000887",28,2014-08-20
"P000887",8,2020-06-09
"P000887",19,2034-03-22
"P000887",54,2038-04-14
"P000887",14,2043-03-28
"P000888",30,1989-04-05
"P000889",17,1977-05-30
"P000889",55,1995-08-29
"P000889",54,1997-04-08
"P000889",35,2003-12-09
"P000890",43,2011-06-14
"P000890",54,2012-03-21
"P000890",15,2016-11-21
"P000890",13,2017-06-21
"P000890",4,2019-12-04
"P000890",58,2021-08-27
"P000890",4,2023-06-03
"P000890",56,2026-05-15
"P000890",64,2029-10-13
"P000891",6,2003-01-12
"P000891",5,2003-06-25
"P000891",3,2013-07-04
"P000891",7,2030-08-30
"P000892",28,2024-06-10
"P000892",39,2025-05-08
"P000892",3,2041-10-01
"P000893",23,1987-06-03
"P000893",17,1987-11-04
"P000893",37,1988-11-14
"P000893",1,2003-02-18
"P000893",52,2010-01-04
"P000893",8,2011-01-26
"P000893",52,2016-09-08
"P000893",23,2020-04-06
"P000894",4,2013-11-13
"P000894",43,2025-01-28
"P000894",47,2028-11-01
"P000894",41,2030-12-02
"P000894",27,2038-02-01
"P000894",55,2038-03-15
"P000894",53,2041-05-02
"P000894",18,2042-03-16
"P000894",46,2043-03-21
"P000895",26,2019-08-17
"P000895",21,2020-09-04
"P000895",3,2023-01-22
"P000895",1,2035-03-31
"P000895",40,2040-06-29
"P000895",32,2041-06-29
"P000895",2,2050-09-25
"P000895",43,2054-03-18
"P000896",67,1983-12-09
"P000896",13,1984-06-24
"P000896",21,1984-07-30
"P000896",41,1985-02-04
"P000897",54,1986-06-18
"P000897",2,1989-06-08
"P000897",55,1993-07-08
"P000897",19,1994-02-19
"P000897",25,1996-11-09
"P000897",38,2001-04-26
"P000897",49,2001-11-20
"P000897",11,2002-01-08
"P000897",24,2004-07-21
"P000897",67,2005-11-23
"P000897",27,2008-12-05
"P000897",23,2008-12-28
"P000897",62,2011-01-24
"P000897",21,2014-05-10
"P000898",14,1973-06-27
"P000898",11,1985-04-04
"P000898",52,1987-05-24
"P000898",53,1990-08-01
"P000899",62,1991-02-24
"P000899",27,1997-11-20
"P000900",62,1963-11-14
"P000900",53,1964-12-06
"P000900",10,1964-12-12
"P000900",17,1967-07-24
"P000900",67,1983-03-31
"P000900",52,1995-06-15
"P000901",1,1990-10-12
"P000901",62,2005-04-19
"P000901",40,2016-09-10
"P000902",55,2011-04-19
"P000902",24,2030-12-13
"P000902",6,2038-04-11
"P000902",65,2040-05-08
"P000903",60,1987-10-07
"P000903",14,1988-07-20
"P000903",58,1989-06-24
"P000903",13,1990-07-31
"P000903",13,1996-10-23
"P000903",22,1997-09-03
"P000903",1,2022-05-24
"P000904",5,2018-12-11
"P000904",64,2020-09-30
"P000904",24,2021-01-19
"P000904",28,2024-01-13
"P000904",28,2028-04-26
"P000905",11,2009-01-26
"P000905",57,2012-04-01
"P000905",3,2021-08-04
"P000905",3,2040-04-25
"P000906",11,2007-03-03
"P000906",62,2011-09-03
"P000906",28,2018-06-08
"P000906",40,2020-12-17
"P000906",3,2021-06-17
"P000907",14,1965-12-27
"P000907",8,1982-03-23
"P000907",61,1982-08-29
"P000907",33,1982-09-14
"P000907",22,1983-12-16
"P000907",66,1984-07-08
"P000907",58,1984-08-17
"P000907",33,1985-07-13
"P000907",57,1987-01-11
"P000907",43,1987-06-03
"P000907",36,1989-03-14
"P000907",30,1989-12-07
"P000907",23,1991-03-06
"P000907",29,1991-08-29
"P000907",38,1993-08-19
"P000907",14,1997-01-29
"P000908",28,1973-11-10
"P000908",61,1998-09-29
"P000908",14,2004-02-12
"P000909",25,1961-07-31
"P000909",28,1969-10-17
"P000909",28,1987-08-29
"P000909",16,1988-04-15
"P000909",3,1988-12-02
"P000909",15,1989-05-25
"P000910",27,1986-08-21
"P000910",24,1987-01-19
"P000910",52,2008-03-19
"P000911",2,1971-09-20
"P000911",42,1977-09-09
"P000911",34,1977-12-10
"P000911",23,1992-05-06
"P000911",25,1992-09-10
"P000911",48,1993-06-11
"P000911",13,1997-12-06
"P000911",56,1999-08-31
"P000911",42,2000-07-10
"P000911",64,2004-07-15
"P000911",1,2005-12-04
"P000911",8,2006-09-24
"P000912",50,1966-12-21
"P000912",44,1984-08-30
"P000912",14,1986-06-25
"P000913",3,1988-09-21
"P000913",1,1990-02-01
"P000913",52,1998-06-29
"P000913",47,2000-12-06
"P000913",6,2004-02-09
"P000913",5,2004-08-26
"P000913",23,2006-05-15
"P000913",6,2014-06-27
"P000913",14,2017-08-02
"P000914",52,1981-06-12
"P000914",47,1982-11-20
"P000914",26,1983-03-16
"P000914",57,1983-11-17
"P000915",28,1972-06-30
"P000915",6,1973-01-12
"P000915",1,1976-08-09
"P000916",16,2016-07-25
"P000916",6,2025-08-30
"P000916",39,2028-03-01
"P000916",11,2030-01-17
"P000916",17,2030-06-29
"P000916",62,2031-07-28
"P000916",58,2039-12-09
"P000916",18,2040-01-03
"P000917",18,1986-02-05
"P000917",34,1987-03-04
"P000917",52,1987-03-16
"P000917",34,1987-03-26
"P000917",61,2000-06-13
"P000917",42,2001-08-07
"P000917",55,2006-09-23
"P000917",2,2007-02-03
"P000917",6,2007-09-10
"P000917",23,2019-10-14
"P000917",6,2020-04-25
"P000917",34,2020-05-14
"P000918",23,1979-11-06
"P000918",6,1982-07-17
"P000918",25,1993-08-30
"P000918",21,1995-05-15
"P000918",1,1996-05-15
"P000919",63,1963-07-17
"P000919",14,1979-01-28
"P000919",14,1983-08-25
"P000919",58,1989-02-21
"P000919",3,1995-01-19
"P000920",3,1983-07-04
"P000920",4,1992-11-19
"P000921",27,2019-08-23
"P000921",32,2032-03-06
"P000921",28,2032-05-15
"P000921",27,2033-10-28
"P000921",43,2051-01-18
"P000921",26,2052-04-29
"P000922",27,2008-09-25
"P000922",14,2016-08-11
"P000922",49,2016-08-22
"P000922",6,2017-01-10
"P000922",13,2017-12-06
"P000922",4,2023-05-06
"P000922",28,2028-12-26
"P000922",27,2037-10-21
"P000923",4,1970-09-01
"P000923",40,1972-12-20
"P000923",47,1973-05-25
"P000923",23,1976-01-03
"P000923",24,1977-10-12
"P000923",40,1980-03-10
"P000923",28,1988-08-28
"P000923",17,2004-08-19
"P000924",63,1993-03-05
"P000924",4,1993-06-17
"P000924",18,2010-11-05
"P000924",28,2019-05-05
"P000924",40,2020-09-11
"P000924",47,2021-07-11
"P000925",18,1973-05-29
"P000925",40,1977-03-01
"P000925",25,2000-04-07
"P000926",1,2004-09-09
"P000926",14,2021-09-02
"P000926",13,2022-03-11
"P000927",25,1996-03-29
"P000927",61,2000-01-25
"P000927",22,2001-05-11
"P000927",55,2002-02-18
"P000927",11,2033-07-09
"P000929",8,1994-11-13
"P000929",53,2001-02-17
"P000929",16,2002-09-01
"P000929",58,2011-10-20
"P000929",1,2012-04-18
"P000929",3,2014-10-27
"P000929",3,2023-11-18
"P000929",3,2033-06-11
"P000930",62,2014-08-11
"P000930",62,2019-02-03
"P000930",64,2020-01-27
"P000930",2,2030-08-14
"P000931",29,2007-01-25
"P000931",52,2010-10-21
"P000931",27,2013-10-16
"P000931",42,2014-11-11
"P000931",3,2014-12-30
"P000931",24,2015-12-21
"P000931",40,2017-01-08
"P000931",9,2017-10-02
"P000931",28,2020-03-19
"P000931",2,2032-11-19
"P000931",42,2036-02-04
"P000932",23,1998-02-16
"P000932",40,2022-10-26
"P000933",61,2007-12-29
"P000933",6,2011-09-14
"P000933",53,2020-11-17
"P000933",16,2029-04-24
"P000933",41,2043-03-28
"P000933",20,2044-04-09
"P000934",8,1976-07-28
"P000934",24,1981-06-27
"P000934",3,2003-05-10
"P000934",47,2005-08-23
"P000934",14,2005-08-23
"P000935",53,1992-10-22
"P000935",10,1995-04-07
"P000935",14,2005-07-29
"P000935",13,2005-09-03
"P000935",27,2008-06-14
"P000935",3,2009-06-28
"P000935",45,2017-12-07
"P000935",52,2028-10-01
"P000936",28,2010-11-30
"P000936",40,2025-05-01
"P000936",24,2028-09-29
"P000936",16,2038-02-07
"P000936",67,2038-10-18
"P000936",67,2039-07-27
"P000936",39,2040-02-03
"P000936",6,2042-06-12
"P000937",24,2001-01-18
"P000937",2,2015-06-06
"P000937",25,2016-12-13
"P000937",50,2018-05-23
"P000938",28,1983-09-14
"P000938",17,1987-05-31
"P000938",16,1989-04-21
"P000938",55,2004-06-05
"P000939",11,2007-09-03
"P000939",3,2011-07-25
"P000939",1,2012-11-16
"P000939",53,2018-09-21
"P000939",65,2021-05-03
"P000939",55,2022-05-12
"P000939",14,2041-01-20
"P000940",52,1981-05-25
"P000940",28,1983-03-03
"P000940",55,1992-12-29
"P000940",3,1994-07-10
"P000940",63,2001-12-06
"P000940",49,2002-03-25
"P000940",54,2009-11-25
"P000940",26,2016-04-28
"P000940",33,2018-02-10
"P000941",16,1986-05-02
"P000941",23,1987-04-21
"P000941",4,1987-06-25
"P000941",14,1987-12-26
"P000941",27,2018-09-20
"P000941",24,2020-07-28
"P000942",29,2022-01-22
"P000942",14,2025-06-07
"P000942",15,2027-03-03
"P000943",53,2015-06-10
"P000943",53,2017-09-21
"P000943",2,2047-08-06
"P000943",3,2048-12-07
"P000944",8,2002-03-27
"P000944",52,2003-08-22
"P000944",28,2003-09-13
"P000944",49,2006-10-01
"P000944",21,2007-02-05
"P000945",8,1990-04-18
"P000945",61,1999-11-15
"P000945",34,2000-01-18
"P000945",32,2000-04-27
"P000945",34,2000-12-25
"P000945",40,2001-02-26
"P000945",34,2001-05-17
"P000945",61,2002-03-15
"P000945",6,2002-04-16
"P000945",15,2007-11-14
"P000945",18,2008-02-27
"P000946",8,1997-03-17
"P000946",7,2008-12-23
"P000946",55,2023-07-19
"P000946",22,2023-11-24
"P000947",21,1970-01-24
"P000947",12,1970-04-26
"P000947",62,1971-03-09
"P000947",7,1971-05-13
"P000947",60,1971-07-26
"P000947",48,1972-11-17
"P000947",49,1976-11-30
"P000947",4,1978-08-21
"P000947",32,1979-01-12
"P000947",46,1979-05-06
"P000947",32,1981-06-04
"P000947",25,1997-12-02
"P000947",53,1999-04-06
"P000948",18,1997-03-19
"P000948",55,2001-10-22
"P000948",6,2024-03-27
"P000949",42,1996-06-16
"P000949",11,1996-08-19
"P000949",55,2003-09-15
"P000949",62,2005-02-24
"P000949",46,2005-04-12
"P000949",28,2007-11-18
"P000949",19,2016-09-10
"P000949",4,2028-06-26
"P000949",46,2031-05-23
"P000950",28,1980-04-07
"P000950",28,1980-11-28
"P000950",39,1981-10-02
"P000950",39,1985-01-07
"P000950",62,1986-03-23
"P000951",12,2013-01-08
"P000951",6,2017-08-03
"P000951",4,2018-10-03
"P000951",6,2019-01-28
"P000951",4,2019-07-01
"P000951",8,2020-07-20
"P000951",43,2024-09-09
"P000951",26,2024-09-14
"P000951",25,2026-07-11
"P000951",26,2026-08-28
"P000951",4,2027-10-11
"P000951",14,2027-11-18
"P000951",28,2028-09-14
"P000951",2,2030-05-07
"P000951",50,2032-01-22
"P000952",52,2008-06-08
"P000952",4,2010-04-03
"P000952",53,2010-05-16
"P000952",28,2012-11-13
"P000952",6,2018-09-30
"P000952",53,2019-03-14
"P000952",50,2021-11-21
"P000952",36,2021-11-26
"P000952",28,2033-09-25
"P000952",4,2034-08-02
"P000952",7,2034-10-07
"P000952",39,2035-03-02
"P000952",27,2035-06-11
"P000952",39,2037-01-11
"P000952",43,2037-04-14
"P000953",3,2000-09-28
"P000953",18,2003-11-13
"P000953",4,2010-06-22
"P000953",4,2010-09-28
"P000953",1,2017-10-24
"P000953",23,2023-07-23
"P000954",3,2002-09-01
"P000954",11,2005-04-28
"P000954",52,2011-05-22
"P000955",23,1962-04-30
"P000955",63,1964-08-26
"P000955",17,1965-07-10
"P000955",50,1971-11-21
"P000955",50,1972-05-23
"P000955",66,1973-09-23
"P000955",52,1975-11-28
"P000955",9,1978-02-23
"P000955",28,1989-02-10
"P000957",65,1970-03-01
"P000957",36,1975-05-16
"P000957",42,1980-12-19
"P000957",3,1995-06-11
"P000957",26,2000-03-20
"P000957",27,2005-10-22
"P000957",64,2006-07-03
"P000957",59,2007-07-04
"P000958",25,2025-07-16
"P000958",26,2027-09-08
"P000958",66,2028-08-24
"P000959",14,2017-11-30
"P000959",52,2022-09-13
"P000959",31,2026-07-17
"P000959",13,2034-11-30
"P000960",55,1963-06-13
"P000960",39,1963-07-18
"P000960",3,1966-07-22
"P000960",52,1987-01-28
"P000960",2,1997-10-03
"P000960",50,1999-02-23
"P000960",48,2000-12-25
"P000961",7,1995-05-30
"P000961",57,1996-12-09
"P000961",2,1998-12-02
"P000961",4,2000-10-06
"P000961",41,2017-06-01
"P000962",55,2005-02-19
"P000962",41,2006-03-18
"P000962",44,2006-05-08
"P000962",54,2006-10-25
"P000962",2,2013-03-13
"P000962",18,2016-10-25
"P000962",28,2017-07-09
"P000962",62,2021-06-05
"P000962",62,2022-02-28
"P000962",13,2022-04-02
"P000962",2,2026-07-11
"P000962",2,2026-11-23
"P000962",50,2027-10-27
"P000962",15,2035-07-28
"P000963",53,2020-10-28
"P000963",61,2026-11-12
"P000963",6,2028-08-22
"P000963",14,2031-11-11
"P000963",14,2035-10-13
"P000963",55,2044-10-28
"P000963",3,2045-12-17
"P000964",3,1966-05-10
"P000964",27,2000-01-30
"P000965",50,2022-08-26
"P000965",35,2038-06-02
"P000965",35,2039-08-15
"P000966",50,2004-04-04
"P000966",3,2012-05-10
"P000966",35,2023-11-13
"P000966",44,2033-05-21
"P000966",47,2041-09-19
"P000966",12,2042-02-18
"P000967",18,1994-09-27
"P000967",28,1999-10-21
"P000967",11,2001-08-09
"P000967",27,2014-11-14
"P000968",53,1993-09-11
"P000968",30,1995-09-20
"P000968",28,2010-08-23
"P000968",27,2018-04-23
"P000968",25,2019-10-11
"P000968",30,2021-07-25
"P000969",6,1999-09-23
"P000969",62,2000-02-10
"P000969",49,2001-03-20
"P000969",14,2001-06-13
"P000969",30,2001-09-07
"P000969",64,2002-04-21
"P000969",54,2003-12-14
"P000969",31,2005-02-09
"P000969",30,2009-01-11
"P000969",1,2009-05-05
"P000969",34,2010-03-19
"P000969",3,2010-12-06
"P000969",66,2012-04-15
"P000969",59,2013-10-29
"P000969",24,2016-01-09
"P000969",28,2024-06-12
"P000969",39,2024-09-05
"P000969",51,2026-09-16
"P000969",14,2029-01-18
"P000969",5,2031-07-05
"P000969",37,2033-03-03
"P000969",50,2035-12-19
"P000970",4,1966-02-05
"P000970",27,1968-03-30
"P000970",26,1969-06-18
"P000970",3,1969-10-18
"P000970",3,1969-12-19
"P000970",33,1977-09-13
"P000970",40,1978-08-25
"P000970",2,1995-03-13
"P000971",15,1965-06-14
"P000971",28,1969-12-24
"P000971",14,1982-11-25
"P000971",26,1985-10-18
"P000971",3,1986-07-30
"P000971",1,1986-10-09
"P000972",52,1975-11-06
"P000972",3,1975-12-23
"P000972",18,1981-03-27
"P000972",62,1989-09-16
"P000972",17,1990-09-02
"P000972",64,1994-09-17
"P000972",49,1995-04-22
"P000972",61,1997-03-26
"P000972",22,1997-06-09
"P000973",4,1988-12-14
"P000973",62,1993-10-17
"P000973",6,1996-04-18
"P000973",14,2005-04-18
"P000973",4,2017-10-19
"P000974",28,1960-08-21
"P000974",12,1961-06-16
"P000974",1,1968-01-21
"P000974",21,1983-01-16
"P000975",55,1985-12-17
"P000975",49,1991-05-16
"P000975",64,1991-09-15
"P000975",35,1996-08-29
"P000975",38,2002-12-01
"P000975",62,2005-06-29
"P000975",6,2007-07-27
"P000975",1,2007-11-01
"P000975",4,2020-08-23
"P000976",38,1986-12-24
"P000976",9,2007-12-14
"P000976",63,2009-01-20
"P000976",11,2015-12-28
"P000976",50,2016-01-28
"P000977",53,2007-01-22
"P000977",6,2016-12-10
"P000977",14,2018-04-25
"P000978",12,1982-04-15
"P000978",27,1989-10-11
"P000978",14,1991-10-20
"P000978",47,1997-12-21
"P000978",18,2011-12-10
"P000978",9,2013-03-15
"P000978",38,2014-04-30
"P000978",9,2014-05-24
"P000978",63,2015-03-27
"P000978",19,2016-06-13
"P000980",38,2028-03-02
"P000980",25,2029-11-30
"P000980",27,2047-05-03
"P000982",1,2010-05-19
"P000982",4,2011-03-15
"P000982",53,2024-08-27
"P000982",53,2024-11-05
"P000982",50,2025-04-22
"P000983",52,2004-07-19
"P000983",23,2011-07-01
"P000983",44,2015-03-26
"P000983",24,2015-07-16
"P000983",24,2015-07-22
"P000983",47,2016-04-13
"P000983",35,2016-07-28
"P000983",24,2016-08-16
"P000983",24,2016-10-23
"P000983",51,2017-10-13
"P000983",12,2019-02-05
"P000983",18,2022-10-18
"P000983",46,2023-02-16
"P000983",28,2027-04-07
"P000983",31,2027-08-06
"P000983",28,2043-05-29
"P000984",62,1988-10-09
"P000984",67,1998-05-31
"P000985",5,1968-12-11
"P000985",5,1970-02-01
"P000985",7,1970-07-13
"P000985",18,1972-01-07
"P000985",2,1973-09-11
"P000985",21,1980-01-24
"P000985",28,1986-10-20
"P000985",12,1988-01-18
"P000985",5,1988-01-22
"P000985",37,1988-12-12
"P000985",2,1990-05-26
"P000985",33,1994-08-05
"P000985",18,2003-12-25
"P000986",2,1983-11-24
"P000986",17,2003-04-29
"P000986",23,2021-08-18
"P000987",4,2016-03-16
"P000987",61,2017-05-02
"P000987",23,2019-07-21
"P000987",23,2030-11-07
"P000987",3,2039-03-29
"P000987",30,2040-05-09
"P000987",47,2043-04-13
"P000988",21,1982-12-30
"P000988",25,2009-08-29
"P000989",52,1963-03-29
"P000989",52,1963-08-31
"P000989",26,1966-03-31
"P000989",4,1966-05-09
"P000989",66,1967-01-26
"P000989",2,1967-03-27
"P000989",2,1969-01-02
"P000989",50,1971-03-05
"P000989",8,1972-08-28
"P000989",62,1983-08-29
"P000989",9,1993-08-04
"P000990",55,2015-09-13
"P000990",11,2017-05-22
"P000990",1,2018-11-04
"P000990",14,2018-11-17
"P000990",29,2019-07-13
"P000990",23,2022-12-18
"P000990",40,2023-09-16
"P000990",60,2024-09-22
"P000990",24,2024-12-01
"P000990",17,2026-01-07
"P000990",27,2029-09-29
"P000990",29,2030-03-31
"P000990",49,2031-04-24
"P000990",16,2035-04-29
"P000990",41,2035-06-10
"P000990",67,2035-06-17
"P000990",7,2035-07-15
"P000990",14,2035-08-22
"P000990",28,2040-03-10
"P000990",62,2040-07-23
"P000990",16,2041-01-04
"P000990",2,2041-09-08
"P000990",14,2042-01-22
"P000990",60,2042-07-20
"P000990",2,2043-01-18
"P000990",50,2046-03-01
"P000991",36,2005-04-23
"P000991",3,2005-07-30
"P000991",62,2019-07-31
"P000991",17,2021-05-27
"P000991",67,2022-11-01
"P000991",32,2031-05-26
"P000991",1,2033-10-29
"P000992",48,1974-08-23
"P000992",42,1982-07-25
"P000992",52,1983-05-28
"P000992",55,1984-03-19
"P000992",28,2002-04-02
"P000993",6,1998-04-29
"P000993",1,1998-07-12
"P000993",65,1999-09-22
"P000993",12,1999-12-29
"P000993",39,2000-06-14
"P000993",7,2013-06-12
"P000993",3,2014-08-04
"P000993",35,2019-11-06
"P000993",37,2021-09-08
"P000994",27,2003-04-17
"P000994",37,2007-02-18
"P000994",2,2010-02-21
"P000994",58,2012-03-31
"P000994",38,2012-06-27
"P000994",10,2014-04-19
"P000994",62,2014-06-24
"P000994",3,2021-12-17
"P000995",49,1978-07-23
"P000995",57,1983-08-03
"P000995",5,1992-07-18
"P000995",61,2011-10-24
"P000996",34,2010-06-15
"P000996",52,2026-02-25
"P000996",28,2026-12-30
"P000996",28,2027-06-03
"P000996",16,2028-05-07
"P000996",16,2029-02-24
"P000996",42,2031-02-26
"P000996",23,2033-12-25
"P000996",29,2034-09-26
"P000996",24,2037-01-28
"P000996",11,2038-06-17
"P000996",15,2040-11-22
"P000996",62,2042-09-29
"P000997",26,2016-10-02
"P000997",55,2024-07-04
"P000997",27,2026-10-24
"P000997",17,2029-07-27
"P000997",53,2045-05-14
"P000997",7,2046-03-25
"P000997",24,2048-11-13
"P000997",17,2050-01-23
"P000997",31,2051-08-28
"P000998",22,1980-01-31
"P000998",15,1989-02-26
"P000998",15,1989-05-03
"P000998",10,1991-08-13
"P000999",61,2032-05-03
"P000999",22,2033-12-03
"P000999",6,2034-07-23
"P001000",6,1983-05-16
"P001000",55,1984-09-01
"P001000",52,2007-09-11
"P001000",30,2008-11-25
"P001000",10,2011-07-13
"P001000",19,2012-03-18
"P001001",39,1997-02-01
"P001001",52,1998-06-22
"P001001",11,1999-09-04
"P001001",37,2002-03-02
"P001001",58,2002-03-16
"P001001",1,2018-01-27
"P001001",11,2021-11-16
"P001001",28,2026-06-13
"P001001",6,2029-07-10
"P001001",65,2030-11-22
"P001002",12,1964-03-28
"P001002",23,1965-01-16
"P001002",67,1965-01-19
"P001002",62,1965-12-03
"P001002",4,1968-08-19
"P001002",5,1985-12-17
"P001002",7,1986-04-23
"P001002",7,1986-12-18
"P001002",28,1998-04-19
"P001002",12,2001-01-28
"P001003",3,1979-06-07
"P001003",30,1980-05-26
"P001003",40,1981-01-10
"P001003",4,1983-05-12
"P001003",17,1992-05-17
"P001003",28,1992-11-30
"P001004",47,2007-06-12
"P001005",54,1990-01-27
"P001005",45,2003-03-01
"P001005",54,2003-09-03
"P001005",50,2008-02-09
"P001005",25,2009-10-10
"P001005",1,2016-10-02
"P001006",23,1995-12-08
"P001006",6,2000-09-03
"P001006",34,2001-02-06
"P001006",14,2004-06-05
"P001006",28,2007-06-01
"P001006",15,2008-01-04
"P001006",49,2016-01-16
"P001006",35,2016-09-23
"P001006",23,2025-11-01
"P001006",7,2025-12-04
"P001006",9,2026-09-18
"P001006",27,2032-05-09
"P001007",7,1965-10-19
"P001007",42,1966-11-07
"P001007",57,1999-08-16
"P001007",27,2001-08-10
"P001007",54,2002-06-16
"P001008",3,1989-05-03
"P001008",11,1995-04-03
"P001008",49,1995-11-16
"P001008",4,1998-03-24
"P001008",58,1998-06-05
"P001008",58,1999-02-08
"P001008",41,1999-06-25
"P001008",44,1999-09-04
"P001008",66,2000-04-06
"P001008",11,2001-06-06
"P001008",28,2007-03-21
"P001008",11,2007-03-25
"P001009",23,1980-09-30
"P001009",67,1981-08-22
"P001009",2,1988-06-17
"P001009",1,1988-11-20
"P001009",28,2000-08-24
"P001009",3,2006-04-22
"P001009",12,2006-09-08
"P001010",27,1994-06-16
"P001010",62,2010-12-19
"P001011",13,2005-04-15
"P001011",51,2007-08-26
"P001011",53,2013-09-20
"P001011",43,2029-06-16
"P001012",10,1997-02-11
"P001012",38,1998-12-13
"P001012",1,2032-10-07
"P001013",14,1991-04-14
"P001013",23,1995-01-19
"P001013",4,2002-12-29
"P001013",30,2005-11-18
"P001013",12,2019-07-17
"P001013",4,2022-05-25
"P001014",1,2003-03-21
"P001014",28,2009-03-04
"P001014",42,2024-01-11
"P001015",53,2003-06-11
"P001015",6,2018-04-04
"P001016",43,2009-05-28
"P001016",1,2009-09-07
"P001016",38,2022-03-29
"P001016",62,2023-03-30
"P001016",28,2029-12-26
"P001016",62,2037-07-28
"P001016",18,2037-08-13
"P001016",14,2038-04-04
"P001016",61,2041-04-04
"P001016",28,2042-08-06
"P001017",49,1974-11-14
"P001017",2,1978-06-30
"P001017",52,1996-05-09
"P001018",40,2018-06-12
"P001019",2,1985-08-20
"P001019",2,1987-10-15
"P001019",50,1988-03-16
"P001019",4,1990-10-19
"P001019",28,1998-03-10
"P001020",54,1972-04-24
"P001020",10,1974-10-17
"P001020",12,1975-05-25
"P001020",49,1986-09-15
"P001020",24,1992-08-23
"P001020",28,1998-12-05
"P001020",3,2003-04-10
"P001021",62,2003-07-13
"P001021",28,2019-03-12
"P001021",28,2021-10-03
"P001021",24,2022-10-03
"P001021",11,2035-06-22
"P001021",55,2036-01-14
"P001021",42,2036-02-14
"P001022",7,2008-12-05
"P001022",3,2039-11-13
"P001023",61,1992-06-15
"P001023",4,2004-07-28
"P001023",3,2024-11-05
"P001023",35,2025-07-28
"P001023",35,2026-07-01
"P001024",8,1995-01-30
"P001024",18,1995-03-10
"P001024",8,1997-08-13
"P001024",54,1999-09-29
"P001024",52,2001-02-06
"P001024",28,2001-06-27
"P001024",1,2020-02-06
"P001025",11,1989-09-25
"P001025",37,1991-12-25
"P001025",65,2001-09-02
"P001026",7,1982-12-16
"P001026",29,1984-11-08
"P001026",39,1984-12-01
"P001026",12,1993-01-10
"P001026",56,1993-09-04
"P001026",1,1996-12-11
"P001027",34,2005-07-04
"P001027",34,2006-01-01
"P001027",61,2006-05-02
"P001027",28,2028-12-08
"P001027",16,2029-08-09
"P001027",67,2030-04-22
"P001027",30,2030-11-15
"P001027",15,2030-12-17
"P001027",28,2038-03-21
"P001027",12,2042-05-10
"P001028",28,1974-08-06
"P001028",6,1974-11-11
"P001028",33,1976-03-28
"P001028",4,1986-09-16
"P001028",58,1997-07-15
"P001028",18,2000-03-11
"P001028",4,2001-12-16
"P001028",6,2003-03-27
"P001028",61,2003-11-12
"P001028",34,2005-06-20
"P001028",65,2007-01-03
"P001029",49,2028-07-29
"P001029",35,2030-12-24
"P001029",53,2035-05-16
"P001029",16,2035-08-30
"P001029",14,2036-03-31
"P001029",13,2039-02-10
"P001029",21,2040-06-09
"P001030",50,2013-10-22
"P001030",23,2017-03-22
"P001030",26,2041-12-15
"P001031",23,2040-01-14
"P001031",6,2040-07-02
"P001031",58,2041-03-15
"P001031",64,2041-03-19
"P001032",52,2015-12-25
"P001032",19,2016-05-25
"P001032",65,2016-09-13
"P001032",18,2020-02-13
"P001032",2,2020-08-21
"P001032",2,2021-04-24
"P001032",3,2021-05-01
"P001032",30,2021-09-17
"P001032",40,2022-10-16
"P001032",12,2023-11-06
"P001032",61,2031-07-06
"P001033",36,1985-05-14
"P001033",63,1988-12-22
"P001033",8,2005-02-11
"P001033",4,2014-02-09
"P001033",14,2015-02-20
"P001033",2,2015-06-01
"P001034",27,2034-04-16
"P001035",10,1968-04-04
"P001035",4,1981-07-30
"P001035",24,2004-11-25
"P001035",20,2006-09-18
"P001035",5,2006-12-06
"P001036",21,2008-01-25
"P001036",26,2029-11-23
"P001037",55,1988-10-22
"P001037",28,2021-01-03
"P001037",55,2024-05-03
"P001037",52,2024-11-17
"P001038",62,1975-02-17
"P001038",4,1979-06-11
"P001038",65,1985-07-28
"P001038",60,1987-01-28
"P001038",55,1997-06-25
"P001038",2,1998-02-06
"P001038",54,2006-04-28
"P001039",24,1997-07-15
"P001039",29,2035-05-06
"P001040",12,2008-01-28
"P001040",28,2019-04-10
"P001040",12,2020-08-01
"P001040",12,2022-08-21
"P001040",54,2027-10-13
"P001040",64,2028-07-01
"P001040",24,2029-07-29
"P001040",3,2030-01-12
"P001040",12,2030-04-12
"P001040",4,2032-01-30
"P001040",50,2036-10-20
"P001041",38,2009-10-04
"P001041",26,2016-12-16
"P001041",10,2036-02-03
"P001041",61,2038-11-20
"P001041",53,2041-01-07
"P001042",28,1985-09-18
"P001042",53,1995-09-24
"P001042",4,2006-07-16
"P001042",24,2010-04-29
"P001042",28,2012-09-24
"P001043",47,1980-06-25
"P001043",6,1986-04-08
"P001043",54,1986-08-14
"P001043",6,1989-09-08
"P001043",3,1990-03-05
"P001043",62,1991-02-16
"P001043",64,1992-12-14
"P001043",27,1993-02-16
"P001044",2,1994-09-27
"P001044",4,2011-07-27
"P001044",53,2016-02-25
"P001044",49,2016-08-11
"P001044",4,2019-11-10
"P001044",45,2020-03-28
"P001044",30,2020-05-22
"P001044",34,2020-09-20
"P001044",2,2021-09-08
"P001045",43,1989-02-21
"P001045",49,1992-04-27
"P001045",1,2003-05-04
"P001045",62,2004-04-23
"P001045",43,2010-11-19
"P001045",43,2011-02-09
"P001045",20,2011-06-27
"P001045",24,2013-12-04
"P001046",9,2004-02-24
"P001046",62,2012-07-09
"P001046",12,2017-07-12
"P001046",12,2017-10-13
"P001047",34,1988-01-06
"P001047",52,1992-04-20
"P001047",4,2007-12-07
"P001047",64,2008-04-14
"P001048",49,2015-06-21
"P001048",35,2016-02-10
"P001048",61,2017-05-25
"P001048",6,2017-10-31
"P001048",51,2019-02-10
"P001048",27,2020-01-16
"P001048",63,2026-03-18
"P001048",42,2027-02-08
"P001049",8,2003-01-03
"P001049",38,2008-11-24
"P001049",26,2015-01-20
"P001050",40,1999-10-26
"P001050",25,2008-10-07
"P001050",23,2016-04-11
"P001050",28,2020-12-03
"P001050",55,2033-08-13
"P001050",52,2038-05-01
"P001051",14,1990-09-13
"P001051",3,2008-06-18
"P001051",12,2017-06-11
"P001051",5,2018-05-29
"P001052",27,1968-08-15
"P001052",42,1970-01-24
"P001052",50,1970-08-01
"P001052",9,1973-01-14
"P001052",6,1973-09-19
"P001052",2,1973-09-30
"P001052",3,1993-07-28
"P001052",28,1995-01-03
"P001052",40,1996-06-26
"P001053",57,1976-08-05
"P001053",53,1981-06-23
"P001053",4,1986-05-22
"P001053",55,1990-07-11
"P001053",43,1991-05-03
"P001053",58,1994-02-21
"P001053",52,2000-02-11
"P001054",15,1968-12-12
"P001054",55,1971-09-21
"P001054",1,1973-12-03
"P001054",3,1974-08-14
"P001054",52,1977-05-18
"P001054",12,1992-02-13
"P001054",14,2004-04-02
"P001055",1,1969-02-23
"P001055",2,1984-10-06
"P001055",24,1985-01-13
"P001055",60,1999-01-26
"P001055",18,1999-02-25
"P001055",46,1999-08-06
"P001056",17,2013-01-11
"P001056",3,2036-11-30
"P001057",10,1981-02-15
"P001057",62,1988-12-18
"P001057",27,1997-09-08
"P001057",53,1998-01-13
"P001057",50,1998-03-04
"P001057",4,2000-10-02
"P001057",8,2001-11-04
"P001057",24,2005-06-25
"P001057",54,2009-05-19
"P001057",37,2009-08-26
"P001058",12,1988-12-01
"P001058",4,1990-03-24
"P001058",53,1990-07-09
"P001058",29,1990-11-30
"P001058",41,1991-02-18
"P001058",11,1991-05-28
"P001058",40,1992-08-31
"P001058",6,1992-10-24
"P001058",44,1993-08-15
"P001059",3,2020-04-25
"P001059",28,2034-08-29
"P001059",12,2035-02-18
"P001059",6,2035-03-13
"P001059",65,2035-11-28
"P001059",6,2036-03-12
"P001059",23,2037-01-31
"P001059",14,2038-11-09
"P001059",4,2039-11-23
"P001059",28,2051-02-08
"P001061",12,2018-07-16
"P001061",18,2022-07-12
"P001061",54,2025-07-03
"P001061",1,2026-06-18
"P001061",6,2034-09-04
"P001061",60,2037-01-03
"P001061",41,2039-05-22
"P001061",18,2042-06-22
"P001062",26,2013-04-20
"P001062",40,2015-06-12
"P001062",58,2033-04-06
"P001062",28,2042-02-06
"P001062",55,2046-12-04
"P001062",53,2047-12-07
"P001062",3,2048-09-16
"P001063",37,1970-02-02
"P001063",51,1970-02-12
"P001064",23,1964-04-06
"P001064",4,1982-12-05
"P001064",53,1985-09-25
"P001064",65,1986-10-11
"P001065",44,1963-05-15
"P001065",38,1963-08-16
"P001065",28,1967-02-23
"P001065",60,1969-07-13
"P001066",7,2019-10-10
"P001066",28,2052-11-15
"P001066",2,2053-01-10
"P001066",12,2053-01-25
"P001067",18,2029-11-20
"P001067",13,2032-09-25
"P001068",62,2031-11-24
"P001068",17,2032-05-26
"P001068",21,2035-02-24
"P001068",42,2036-01-23
"P001070",14,2019-09-10
"P001070",47,2028-01-22
"P001071",61,1962-06-21
"P001071",15,1993-05-09
"P001071",52,1996-01-31
"P001071",30,1998-07-15
"P001072",24,1960-02-17
"P001072",4,1965-06-18
"P001072",27,1971-08-19
"P001072",52,1972-01-20
"P001072",20,1976-05-31
"P001072",23,1978-01-25
"P001072",65,1979-03-15
"P001072",36,1979-05-30
"P001072",6,1980-05-12
"P001072",6,1984-07-02
"P001072",46,1985-11-25
"P001072",46,1987-08-16
"P001073",14,2006-11-02
"P001073",58,2024-11-06
"P001073",2,2024-12-15
"P001073",38,2025-11-09
"P001073",10,2025-12-04
"P001073",24,2026-05-14
"P001073",19,2027-11-30
"P001073",5,2029-08-23
"P001073",55,2033-02-21
"P001073",53,2037-01-21
"P001073",11,2038-06-13
"P001073",1,2038-12-23
"P001073",24,2043-09-28
"P001074",20,2007-12-19
"P001074",4,2009-09-14
"P001074",4,2014-09-14
"P001074",42,2032-08-16
"P001074",26,2046-09-21
"P001075",22,2022-03-02
"P001075",28,2022-10-28
"P001075",27,2027-03-27
"P001075",4,2028-10-29
"P001075",6,2042-04-20
"P001075",35,2043-06-19
"P001075",44,2047-05-01
"P001076",21,2000-10-09
"P001076",12,2001-10-29
"P001076",21,2003-10-25
"P001076",18,2005-08-27
"P001076",11,2011-09-17
"P001076",14,2026-05-12
"P001076",2,2027-02-16
"P001077",14,2021-10-01
"P001078",42,1998-06-04
"P001078",49,2001-12-27
"P001078",16,2003-07-28
"P001078",23,2003-11-20
"P001078",56,2009-03-25
"P001079",28,2006-05-11
"P001079",28,2007-06-11
"P001079",24,2011-09-13
"P001079",30,2016-07-01
"P001079",53,2017-04-22
"P001079",59,2017-06-07
"P001080",4,2010-08-26
"P001080",14,2013-01-27
"P001080",28,2020-01-27
"P001080",24,2021-02-15
"P001080",12,2022-01-07
"P001080",52,2039-01-22
"P001080",13,2039-08-06
"P001080",55,2040-04-19
"P001080",11,2041-01-07
"P001080",62,2043-02-12
"P001081",10,1967-02-12
"P001081",52,1967-11-06
"P001081",27,1991-07-17
"P001081",5,1993-03-15
"P001081",65,1993-08-25
"P001081",34,1994-02-17
"P001082",8,2018-04-28
"P001082",54,2018-07-31
"P001082",4,2023-05-03
"P001083",55,1996-07-19
"P001084",43,1965-10-03
"P001084",41,1965-11-28
"P001084",5,1966-06-25
"P001084",47,1967-07-11
"P001084",59,1968-01-20
"P001084",22,1968-02-20
"P001084",2,1988-04-19
"P001085",52,1988-11-25
"P001085",27,1994-01-02
"P001085",41,2002-04-10
"P001085",30,2002-10-20
"P001085",3,2003-12-24
"P001085",28,2010-10-08
"P001085",6,2013-04-28
"P001086",5,2001-03-09
"P001086",56,2004-11-02
"P001086",27,2017-08-19
"P001087",35,1997-12-05
"P001087",54,2012-10-25
"P001088",55,2002-11-06
"P001088",18,2003-07-05
"P001088",39,2003-11-01
"P001088",26,2004-04-30
"P001088",15,2005-07-21
"P001088",26,2007-03-08
"P001088",3,2031-06-21
"P001088",21,2032-09-07
"P001089",20,1961-03-02
"P001089",14,1964-03-20
"P001089",1,1973-01-03
"P001089",21,1975-02-03
"P001089",2,1979-04-23
"P001089",1,1980-04-25
"P001089",27,1984-08-15
"P001089",38,1985-06-09
"P001089",27,1990-07-04
"P001089",27,1992-02-04
"P001089",14,1995-04-07
"P001090",18,1993-03-02
"P001090",55,2001-06-03
"P001090",24,2004-12-02
"P001090",55,2005-03-10
"P001090",3,2007-05-14
"P001091",1,2019-01-12
"P001091",8,2036-02-20
"P001091",18,2041-12-11
"P001091",23,2047-12-01
"P001091",29,2048-06-25
"P001091",27,2051-08-25
"P001092",12,1977-10-04
"P001092",52,1981-09-04
"P001093",62,1967-11-30
"P001093",42,1968-10-02
"P001093",28,2001-02-04
"P001093",11,2001-06-17
"P001093",16,2001-10-07
"P001094",38,1984-04-01
"P001094",23,1997-03-05
"P001094",18,2013-04-29
"P001094",41,2014-01-01
"P001095",63,1992-06-16
"P001095",15,1996-07-31
"P001095",36,2000-04-30
"P001095",13,2006-04-24
"P001096",6,2005-01-10
"P001096",18,2032-01-21
"P001096",48,2032-09-24
"P001096",18,2032-09-24
"P001097",8,1966-01-14
"P001097",3,1970-02-01
"P001097",21,1975-08-18
"P001097",21,1977-07-11
"P001097",21,1977-10-11
"P001097",24,1980-12-25
"P001097",2,1998-06-02
"P001097",42,2002-10-03
"P001098",29,2000-08-21
"P001098",63,2017-07-10
"P001098",42,2018-05-04
"P001098",1,2019-08-10
"P001098",14,2020-05-26
"P001098",15,2026-05-19
"P001098",57,2031-04-03
"P001099",27,1978-03-30
"P001099",4,1979-09-02
"P001099",27,1997-11-20
"P001099",24,1999-01-08
"P001099",57,1999-04-26
"P001099",1,2002-07-02
"P001100",49,1981-11-29
"P001100",11,1984-10-22
"P001100",44,1985-01-29
"P001100",3,1991-08-30
"P001101",49,2012-07-17
"P001101",61,2014-05-03
"P001101",34,2017-05-29
"P001102",50,1982-12-09
"P001103",25,1972-11-07
"P001103",52,1973-06-04
"P001103",2,1989-07-05
"P001103",55,1998-04-29
"P001103",17,1998-08-02
"P001103",25,2003-09-14
"P001103",52,2003-10-21
"P001104",6,1977-04-05
"P001104",66,1983-10-17
"P001104",28,1985-11-07
"P001104",16,1987-11-19
"P001104",23,1988-03-16
"P001104",67,1988-03-27
"P001104",29,1988-06-04
"P001104",3,1990-11-23
"P001104",28,2007-06-10
"P001105",62,2006-04-14
"P001105",54,2009-01-07
"P001105",41,2012-06-13
"P001105",44,2013-06-16
"P001105",33,2018-03-14
"P001106",3,2012-11-23
"P001106",3,2024-07-18
"P001106",27,2025-03-28
"P001106",19,2026-10-10
"P001106",65,2030-08-12
"P001106",23,2033-01-08
"P001106",6,2040-08-26
"P001106",61,2041-07-07
"P001106",2,2042-11-10
"P001106",28,2045-12-20
"P001107",16,1993-04-12
"P001107",9,1993-06-09
"P001107",36,1993-12-18
"P001107",67,1994-03-01
"P001107",8,2004-10-01
"P001107",28,2005-04-22
"P001108",38,2013-12-06
"P001108",9,2020-01-03
"P001108",61,2022-08-01
"P001108",43,2023-01-27
"P001108",54,2030-09-01
"P001108",52,2041-04-03
"P001109",15,1983-12-19
"P001109",27,1992-02-17
"P001109",6,2008-03-20
"P001109",55,2012-09-17
"P001109",21,2022-04-25
"P001110",2,1987-04-22
"P001110",27,2008-08-22
"P001110",44,2022-06-04
"P001111",26,2009-10-02
"P001111",16,2010-01-10
"P001111",40,2015-04-12
"P001111",1,2015-05-21
"P001111",23,2018-01-14
"P001111",40,2028-11-02
"P001111",40,2038-02-15
"P001111",67,2045-05-28
"P001111",43,2045-07-05
"P001111",41,2046-02-03
"P001111",6,2047-02-12
"P001111",43,2048-01-08
"P001111",25,2048-01-17
"P001111",33,2048-05-13
"P001111",65,2048-10-30
"P001112",27,1979-12-10
"P001112",23,1992-10-22
"P001112",36,2003-07-07
"P001112",63,2004-12-09
"P001113",28,2016-07-18
"P001113",12,2035-10-09
"P001113",35,2040-12-02
"P001113",15,2042-04-20
"P001114",60,1991-10-18
"P001114",58,1992-06-12
"P001114",19,2010-03-10
"P001114",39,2010-09-07
"P001114",43,2016-02-23
"P001114",14,2017-07-08
"P001114",4,2017-07-13
"P001115",7,1978-09-17
"P001115",37,1992-09-08
"P001115",27,1994-04-23
"P001115",27,1994-07-16
"P001115",42,1994-08-04
"P001115",55,1997-05-30
"P001115",23,1999-09-25
"P001115",3,2003-11-26
"P001115",2,2013-05-20
"P001115",36,2014-03-21
"P001115",55,2015-07-05
"P001115",16,2017-09-05
"P001116",61,2005-04-07
"P001116",23,2006-07-13
"P001116",61,2023-11-23
"P001116",28,2030-10-30
"P001116",26,2032-09-19
"P001117",55,1993-03-26
"P001117",46,1996-04-04
"P001117",27,1997-06-06
"P001117",14,2009-01-01
"P001118",61,1963-12-09
"P001118",15,1964-05-22
"P001118",62,1965-03-23
"P001118",48,1966-06-10
"P001118",5,1977-03-06
"P001118",3,1995-04-19
"P001118",28,1997-11-16
"P001118",25,2000-07-10
"P001119",55,2020-09-01
"P001119",46,2021-09-09
"P001119",18,2021-12-30
"P001119",46,2023-02-12
"P001119",2,2023-07-12
"P001119",9,2023-09-19
"P001119",21,2024-12-31
"P001119",18,2026-06-27
"P001119",12,2028-04-13
"P001119",4,2028-06-20
"P001120",55,1985-09-14
"P001120",28,1993-01-17
"P001120",10,1993-09-12
"P001121",23,2049-05-30
"P001121",30,2053-12-11
"P001121",7,2054-01-02
"P001122",61,1996-12-18
"P001122",55,2004-03-17
"P001123",25,1972-02-28
"P001123",15,1974-07-12
"P001123",18,1989-01-27
"P001123",23,1994-09-13
"P001123",21,2001-12-15
"P001123",14,2002-06-23
"P001124",55,1967-02-12
"P001124",18,1969-05-20
"P001124",32,1992-04-20
"P001124",43,1997-05-10
"P001124",22,1999-06-18
"P001124",67,2000-04-23
"P001125",43,1977-05-19
"P001125",1,1991-06-26
"P001125",6,1993-08-08
"P001125",42,1994-04-04
"P001125",28,2005-10-04
"P001126",55,1966-06-13
"P001126",24,1968-11-09
"P001126",57,1969-05-12
"P001126",25,1978-08-02
"P001126",8,1979-05-02
"P001126",34,1979-10-31
"P001126",40,1981-04-28
"P001126",6,1981-11-02
"P001126",63,1982-04-12
"P001126",17,1987-11-17
"P001127",13,2007-09-06
"P001127",53,2009-11-26
"P001127",23,2021-12-12
"P001128",23,2007-01-11
"P001128",6,2008-03-14
"P001128",29,2008-04-25
"P001128",28,2010-06-19
"P001128",18,2013-07-17
"P001129",21,1969-04-21
"P001129",2,1977-12-31
"P001129",50,1978-02-27
"P001129",6,1978-11-27
"P001129",43,1979-02-01
"P001129",62,1979-07-20
"P001129",5,1980-04-07
"P001129",7,1980-04-22
"P001129",3,1989-08-01
"P001129",35,1990-04-25
"P001129",30,1991-08-30
"P001130",3,1985-11-17
"P001130",7,1988-02-02
"P001130",11,1989-10-10
"P001130",13,1990-04-11
"P001130",27,1997-02-01
"P001130",18,1999-07-19
"P001130",65,2000-01-09
"P001130",25,2000-11-28
"P001130",27,2001-03-12
"P001130",56,2003-04-29
"P001130",32,2005-03-17
"P001131",44,1990-05-07
"P001131",49,1990-12-22
"P001131",4,1992-04-01
"P001131",24,1993-01-17
"P001131",3,1995-05-16
"P001132",55,1975-07-09
"P001132",43,1975-08-20
"P001132",65,1975-08-26
"P001132",11,1977-02-04
"P001132",42,1987-10-06
"P001132",15,1990-02-04
"P001132",21,2000-08-14
"P001132",67,2000-10-27
"P001132",44,2001-11-06
"P001132",31,2002-01-01
"P001132",21,2003-07-12
"P001132",2,2003-08-10
"P001133",15,2001-05-02
"P001133",44,2006-03-02
"P001133",8,2006-12-02
"P001133",23,2011-07-24
"P001133",9,2013-09-01
"P001133",29,2017-12-30
"P001133",52,2018-06-07
"P001134",8,2013-09-30
"P001134",3,2016-04-05
"P001134",1,2018-05-22
"P001135",18,2015-01-14
"P001136",43,2029-03-09
"P001136",30,2037-01-24
"P001136",23,2039-06-24
"P001137",14,2014-11-30
"P001137",58,2015-01-26
"P001137",19,2016-10-23
"P001137",12,2035-02-28
"P001138",50,2014-10-05
"P001138",62,2014-10-13
"P001138",36,2015-11-24
"P001138",4,2018-10-18
"P001138",40,2038-05-07
"P001138",27,2049-06-26
"P001139",18,1974-05-08
"P001139",32,1980-08-05
"P001139",2,1981-09-03
"P001139",28,1985-06-06
"P001139",38,2005-12-01
"P001140",16,2018-03-07
"P001140",18,2043-04-10
"P001140",18,2044-08-23
"P001140",53,2045-02-20
"P001140",51,2045-05-21
"P001140",41,2045-08-27
"P001140",30,2045-12-23
"P001140",2,2046-03-03
"P001140",34,2046-07-27
"P001140",13,2046-11-21
"P001140",10,2047-09-05
"P001141",35,2018-03-22
"P001141",55,2025-09-27
"P001141",15,2026-05-13
"P001141",3,2026-10-30
"P001142",21,1975-11-23
"P001142",7,1980-04-06
"P001142",23,2002-03-07
"P001142",32,2006-05-05
"P001142",43,2009-01-25
"P001143",55,1999-08-18
"P001143",19,2000-07-15
"P001143",41,2001-08-25
"P001143",24,2014-10-16
"P001143",14,2021-11-14
"P001143",2,2022-12-04
"P001144",28,1983-09-21
"P001144",43,1984-11-08
"P001144",49,2001-10-29
"P001145",52,2015-04-12
"P001145",57,2035-12-04
"P001145",49,2045-03-26
"P001146",52,1994-11-06
"P001146",41,1995-09-28
"P001146",35,1997-02-17
"P001146",20,1997-07-28
"P001146",21,1998-09-18
"P001146",18,2017-05-10
"P001147",37,2020-02-06
"P001147",50,2020-05-05
"P001147",48,2021-07-28
"P001147",60,2024-04-18
"P001148",28,2016-01-28
"P001148",39,2016-10-13
"P001148",21,2021-02-19
"P001148",25,2038-05-09
"P001149",28,2016-05-13
"P001149",4,2021-04-03
"P001149",30,2028-08-02
"P001150",2,2018-12-03
"P001150",50,2019-06-27
"P001150",11,2039-05-10
"P001151",26,2004-04-03
"P001151",2,2021-02-13
"P001151",14,2021-05-14
"P001151",67,2028-01-24
"P001151",47,2030-06-20
"P001151",13,2031-12-22
"P001151",21,2037-08-15
"P001151",18,2040-12-08
"P001152",19,1997-08-18
"P001152",52,2001-03-16
"P001152",11,2017-01-14
"P001152",62,2019-11-03
"P001152",62,2029-02-09
"P001153",52,2022-02-04
"P001153",19,2024-02-10
"P001153",24,2024-10-14
"P001153",56,2025-01-27
"P001153",4,2025-11-30
"P001153",60,2032-03-04
"P001153",6,2039-04-15
"P001153",23,2041-08-15
"P001153",37,2042-09-08
"P001153",21,2046-10-20
"P001153",12,2049-02-23
"P001154",4,1991-06-07
"P001154",28,1991-08-27
"P001154",52,1995-12-07
"P001154",57,2004-05-18
"P001154",28,2012-04-01
"P001155",8,1969-06-25
"P001158",15,1974-07-21
"P001159",18,2018-07-24
"P001159",20,2018-11-14
"P001159",61,2035-07-19
"P001160",28,1983-11-19
"P001160",57,1990-01-24
"P001160",25,1992-09-09
"P001160",19,1994-09-22
"P001160",62,2005-05-10
"P001160",61,2012-06-12
"P001161",3,1962-06-28
"P001161",39,1962-07-29
"P001161",23,1964-11-27
"P001161",53,1970-02-03
"P001161",50,1971-08-22
"P001161",28,1984-09-20
"P001162",43,1984-09-05
"P001162",4,1994-10-31
"P001162",55,2005-10-19
"P001162",2,2006-02-17
"P001162",43,2009-01-21
"P001163",1,1977-07-30
"P001163",53,1979-06-06
"P001163",49,1979-10-09
"P001163",54,1983-08-13
"P001163",8,2007-01-01
"P001163",16,2009-10-29
"P001164",4,1985-12-17
"P001164",46,1986-06-08
"P001164",23,1987-11-15
"P001164",29,1994-01-05
"P001164",32,1995-03-05
"P001164",31,2012-08-22
"P001164",11,2017-02-28
"P001164",12,2019-06-15
"P001165",61,1983-07-20
"P001165",53,1984-11-26
"P001165",14,1997-08-01
"P001166",25,1977-06-16
"P001166",8,1984-08-21
"P001166",52,1985-02-09
"P001166",28,1986-04-30
"P001166",3,1989-03-05
"P001166",30,1990-04-13
"P001167",24,2018-04-11
"P001167",21,2019-03-16
"P001167",17,2020-06-29
"P001167",12,2024-07-17
"P001167",64,2026-07-03
"P001167",24,2027-05-01
"P001167",57,2030-09-04
"P001168",26,2005-08-24
"P001168",41,2007-02-10
"P001169",27,1983-02-07
"P001169",54,1988-06-17
"P001169",28,1996-05-05
"P001170",19,1972-12-26
"P001170",2,2000-03-19
"P001170",8,2003-01-16
"P001171",57,2004-06-27
"P001171",19,2006-03-19
"P001171",18,2015-02-12
"P001171",3,2015-04-03
"P001171",15,2021-07-30
"P001172",23,1981-05-23
"P001172",67,1981-06-04
"P001172",14,1983-09-19
"P001172",2,1989-09-01
"P001172",22,2004-08-06
"P001173",4,1979-07-27
"P001173",52,1988-05-22
"P001173",47,1989-04-02
"P001173",58,1998-05-18
"P001173",28,2003-12-02
"P001173",6,2005-03-06
"P001173",27,2005-06-18
"P001173",64,2005-07-31
"P001173",24,2006-08-18
"P001174",48,2001-01-30
"P001174",55,2001-12-27
"P001174",1,2008-04-05
"P001174",7,2024-02-19
"P001174",28,2027-04-18
"P001174",21,2032-08-26
"P001175",41,2010-01-14
"P001175",52,2019-01-22
"P001175",4,2025-01-24
"P001175",25,2025-06-25
"P001176",46,1987-04-20
"P001177",6,2015-04-28
"P001177",23,2015-11-04
"P001177",6,2016-09-04
"P001177",33,2018-10-22
"P001177",36,2019-04-07
"P001177",47,2019-06-09
"P001177",50,2041-09-04
"P001177",28,2048-09-02
"P001177",21,2048-10-11
"P001177",60,2051-01-25
"P001178",43,1986-03-30
"P001178",4,1995-02-22
"P001178",28,2007-01-08
"P001178",27,2012-07-24
"P001179",37,1974-09-05
"P001179",21,1975-02-11
"P001179",25,1994-02-28
"P001180",42,2018-10-29
"P001180",2,2022-01-20
"P001180",14,2027-05-24
"P001180",63,2030-02-10
"P001180",24,2034-09-28
"P001180",16,2039-09-30
"P001180",11,2040-01-01
"P001180",23,2041-03-11
"P001181",32,2028-05-07
"P001181",1,2037-06-08
"P001182",6,2005-07-19
"P001182",8,2015-10-03
"P001182",49,2030-04-11
"P001183",14,1983-04-12
"P001183",2,1994-09-15
"P001183",6,2015-04-14
"P001184",52,1999-05-22
"P001184",5,2008-09-22
"P001185",3,1994-05-18
"P001185",27,1996-09-19
"P001185",58,1999-08-22
"P001185",10,2000-06-28
"P001185",4,2020-02-13
"P001186",41,2020-04-07
"P001186",44,2021-12-03
"P001186",26,2027-06-05
"P001186",35,2032-10-20
"P001186",24,2032-12-02
"P001186",30,2033-09-28
"P001186",64,2034-02-23
"P001186",35,2036-04-11
"P001186",30,2038-01-28
"P001186",30,2040-11-18
"P001186",3,2041-04-27
"P001186",35,2042-10-06
"P001186",64,2042-11-04
"P001186",35,2044-10-02
"P001186",23,2045-04-29
"P001187",37,2004-11-26
"P001187",24,2013-12-24
"P001187",1,2021-06-04
"P001188",4,2012-07-12
"P001188",3,2016-11-29
"P001188",2,2020-02-27
"P001188",2,2026-02-17
"P001189",28,1968-03-10
"P001189",5,1987-10-12
"P001189",64,1988-12-15
"P001189",24,1989-05-09
"P001189",1,1990-01-02
"P001189",65,1997-02-16
"P001189",6,1998-01-13
"P001189",4,1998-02-15
"P001189",46,1998-11-09
"P001190",4,2014-06-15
"P001190",58,2014-09-07
"P001190",61,2015-08-07
"P001190",22,2015-08-08
"P001190",6,2017-01-11
"P001190",26,2026-04-13
"P001190",64,2026-12-02
"P001190",35,2026-12-16
"P001190",27,2046-07-22
"P001190",62,2048-07-21
"P001191",42,1984-06-22
"P001191",24,1995-08-23
"P001191",24,1997-06-19
"P001191",17,1999-11-20
"P001191",62,2000-11-24
"P001191",2,2002-04-15
"P001191",6,2005-07-24
"P001192",61,1979-03-18
"P001192",14,1987-05-20
"P001192",9,1989-05-25
"P001193",6,2011-11-01
"P001193",33,2012-11-17
"P001193",28,2022-01-22
"P001193",1,2022-02-17
"P001193",3,2022-05-30
"P001193",30,2023-03-28
"P001193",40,2025-09-18
"P001193",28,2039-04-25
"P001193",11,2039-07-15
"P001194",4,2023-04-14
"P001194",6,2024-03-25
"P001194",46,2024-07-06
"P001194",62,2024-12-31
"P001194",46,2026-07-21
"P001194",46,2027-10-07
"P001194",28,2032-03-31
"P001194",2,2038-11-28
"P001195",13,1977-04-11
"P001195",4,1978-02-19
"P001195",16,1979-04-29
"P001195",53,1984-03-07
"P001195",11,1992-03-20
"P001195",12,1995-04-03
"P001195",27,1995-06-09
"P001195",50,2000-02-14
"P001196",19,2023-05-29
"P001196",24,2023-06-07
"P001196",1,2026-01-26
"P001196",16,2042-08-21
"P001196",1,2043-04-29
"P001196",25,2046-01-02
"P001196",62,2046-12-12
"P001196",55,2048-11-03
"P001197",27,1995-12-16
"P001197",3,1997-07-03
"P001197",49,1997-12-24
"P001197",24,1998-03-21
"P001197",35,1998-06-09
"P001197",52,2001-05-16
"P001197",2,2001-07-15
"P001197",50,2002-12-17
"P001197",8,2003-09-09
"P001197",25,2008-03-17
"P001197",23,2008-08-19
"P001197",23,2012-11-05
"P001197",58,2013-06-11
"P001197",7,2018-09-11
"P001197",41,2019-05-24
"P001198",28,1982-06-03
"P001198",27,1984-10-06
"P001198",2,1989-06-28
"P001198",50,1990-08-04
"P001198",38,1990-10-27
"P001199",6,1973-04-02
"P001199",6,1973-09-14
"P001199",33,1974-12-22
"P001199",33,1975-12-30
"P001199",26,1981-06-22
"P001199",2,1984-10-15
"P001199",7,1985-10-22
"P001199",23,1999-03-12
"P001199",28,2001-07-21
"P001199",39,2002-09-27
"P001199",52,2004-04-02
"P001200",7,1996-01-16
"P001200",39,1996-08-01
"P001200",11,1996-12-29
"P001200",11,1997-10-07
"P001200",17,1998-07-31
"P001200",18,2005-11-12
"P001200",8,2009-03-10
"P001200",28,2011-04-25
"P001200",26,2013-07-07
"P001200",24,2020-10-09
"P001200",62,2027-04-03
"P001200",44,2032-03-08
"P001200",57,2032-05-17
"P001200",57,2032-08-14
"P001200",16,2034-02-02
"P001202",62,2015-09-20
"P001202",52,2017-04-29
"P001202",65,2018-07-28
"P001202",57,2021-04-27
"P001202",16,2031-05-09
"P001202",28,2031-11-04
"P001203",49,1997-08-05
"P001203",10,1998-08-22
"P001203",51,1998-12-11
"P001203",3,2012-11-21
"P001203",49,2013-02-15
"P001203",24,2024-05-28
"P001204",12,2010-08-05
"P001204",64,2011-06-26
"P001204",18,2011-09-24
"P001204",28,2019-09-17
"P001204",8,2019-11-27
"P001204",1,2020-04-05
"P001204",40,2021-05-08
"P001204",16,2031-01-31
"P001204",23,2031-12-08
"P001204",56,2032-04-12
"P001204",62,2033-03-03
"P001204",57,2033-05-25
"P001204",43,2033-09-19
"P001204",51,2034-04-12
"P001204",47,2040-11-15
"P001204",14,2042-10-01
"P001204",13,2043-04-12
"P001205",23,1983-06-01
"P001205",8,1989-01-16
"P001205",1,1993-12-29
"P001205",9,2007-06-16
"P001205",14,2019-12-20
"P001206",12,2012-12-03
"P001206",5,2014-07-03
"P001207",55,2005-07-13
"P001207",18,2007-04-18
"P001208",24,2005-08-11
"P001208",55,2013-05-06
"P001208",28,2016-11-07
"P001208",53,2028-08-04
"P001208",3,2037-04-11
"P001208",2,2037-06-12
"P001208",1,2038-12-25
"P001209",23,2015-02-19
"P001209",57,2016-12-01
"P001209",42,2018-01-03
"P001209",2,2024-01-11
"P001209",26,2025-10-20
"P001209",67,2034-06-19
"P001210",14,1995-05-13
"P001210",6,1996-05-16
"P001210",52,1996-10-11
"P001210",25,2000-08-23
"P001210",61,2002-09-28
"P001210",34,2005-02-16
"P001210",33,2006-01-13
"P001210",25,2006-09-23
"P001210",11,2020-08-30
"P001211",23,2026-02-23
"P001212",15,1971-07-15
"P001212",55,1972-07-12
"P001212",63,1972-12-22
"P001212",25,1973-02-09
"P001212",12,1973-12-17
"P001212",19,1976-03-13
"P001212",58,1976-04-05
"P001212",16,1977-04-20
"P001212",38,1979-10-31
"P001212",49,1981-08-20
"P001212",18,2002-01-22
"P001213",15,1999-11-18
"P001213",9,2000-09-03
"P001213",6,2011-07-20
"P001213",52,2013-05-18
"P001213",34,2029-11-13
"P001214",8,1983-07-13
"P001214",31,1992-04-06
"P001214",55,2008-09-08
"P001215",24,1969-02-23
"P001215",18,1972-03-01
"P001215",4,1983-11-06
"P001215",2,1988-12-17
"P001215",62,1989-12-23
"P001215",2,1991-03-22
"P001216",23,1992-12-26
"P001216",14,2002-02-23
"P001216",24,2012-07-15
"P001216",42,2023-07-15
"P001216",4,2026-10-21
"P001217",26,1969-02-11
"P001217",3,1969-12-19
"P001217",15,1971-02-05
"P001217",1,1971-02-09
"P001218",6,2030-03-30
"P001218",52,2031-04-23
"P001218",14,2040-06-01
"P001218",62,2044-02-06
"P001219",53,2014-01-26
"P001219",18,2044-06-10
"P001219",37,2052-02-22
"P001220",2,1973-11-27
"P001220",8,1979-05-08
"P001220",42,1980-01-25
"P001220",15,1980-06-26
"P001220",54,1981-10-26
"P001220",1,1986-03-01
"P001220",28,1994-02-23
"P001221",3,2014-01-08
"P001221",52,2026-03-10
"P001221",1,2029-06-17
"P001221",62,2040-11-24
"P001221",2,2041-01-17
"P001222",23,2006-08-07
"P001222",6,2010-06-22
"P001222",49,2019-09-20
"P001222",28,2027-07-29
"P001222",43,2040-07-27
"P001223",28,1995-03-18
"P001223",12,1995-08-15
"P001223",5,2001-05-29
"P001224",55,2014-08-24
"P001224",26,2015-06-17
"P001224",52,2028-11-13
"P001224",1,2031-07-14
"P001224",3,2035-01-01
"P001224",39,2035-08-21
"P001224",21,2036-02-24
"P001225",63,2022-09-29
"P001225",14,2029-10-22
"P001225",24,2038-10-12
"P001226",28,2010-06-17
"P001226",48,2010-11-07
"P001226",52,2019-03-11
"P001226",1,2027-01-02
"P001227",8,1981-04-01
"P001227",31,1982-09-03
"P001227",50,1993-09-01
"P001227",8,1997-11-19
"P001227",30,2000-07-21
"P001227",53,2001-08-06
"P001227",27,2002-11-12
"P001227",62,2004-06-19
"P001227",1,2008-11-25
"P001228",1,2002-05-15
"P001228",55,2011-02-13
"P001228",12,2011-11-10
"P001228",44,2017-02-16
"P001228",27,2019-03-21
"P001228",49,2025-05-02
"P001228",64,2026-08-11
"P001228",55,2031-05-21
"P001228",11,2032-01-09
"P001228",49,2032-08-27
"P001228",4,2033-01-11
"P001228",49,2037-07-29
"P001229",8,2040-08-25
"P001229",49,2045-12-24
"P001230",14,2014-02-03
"P001230",17,2016-10-04
"P001230",4,2027-11-20
"P001230",50,2031-11-15
"P001230",36,2033-05-27
"P001230",9,2037-04-02
"P001230",3,2046-02-21
"P001230",1,2047-01-06
"P001231",28,2007-08-31
"P001231",57,2014-01-06
"P001231",54,2027-05-09
"P001232",28,2015-06-09
"P001232",50,2020-02-20
"P001232",36,2023-10-09
"P001232",14,2028-11-06
"P001232",1,2029-04-13
"P001232",16,2030-10-04
"P001232",2,2031-11-30
"P001232",41,2032-11-08
"P001232",3,2046-02-04
"P001232",8,2050-02-03
"P001233",12,1975-06-15
"P001233",30,1975-11-17
"P001233",3,1994-07-09
"P001233",57,1996-07-15
"P001233",1,2004-05-18
"P001233",63,2006-02-07
"P001234",55,1978-08-10
"P001234",18,1980-07-19
"P001234",41,1980-12-22
"P001234",42,1981-02-07
"P001234",14,1981-05-22
"P001234",54,1981-08-02
"P001234",40,1981-08-18
"P001234",6,1981-11-03
"P001234",4,1981-11-08
"P001234",49,1981-12-18
"P001234",16,1982-03-06
"P001234",16,1982-05-09
"P001234",22,1982-08-18
"P001234",14,1983-06-30
"P001234",23,1983-08-16
"P001234",61,1984-05-09
"P001234",67,1989-09-27
"P001234",63,1998-09-28
"P001234",25,2000-12-13
"P001234",1,2005-04-07
"P001235",52,1981-05-30
"P001235",26,1982-07-28
"P001235",23,1985-08-29
"P001235",4,1986-06-22
"P001235",28,1989-07-12
"P001235",30,1990-03-15
"P001235",62,1992-08-16
"P001235",28,1993-06-20
"P001235",44,1993-09-15
"P001235",13,1997-07-08
"P001235",53,2005-08-14
"P001236",27,1963-04-23
"P001236",25,1968-09-06
"P001237",23,2014-07-24
"P001237",61,2025-06-28
"P001237",53,2025-08-03
"P001237",2,2042-10-07
"P001237",8,2047-12-05
"P001238",52,1981-03-21
"P001238",28,1990-08-05
"P001238",52,2002-12-14
"P001238",57,2019-03-29
"P001239",25,1984-03-04
"P001239",55,1985-02-18
"P001239",13,2009-08-02
"P001239",26,2010-11-28
"P001239",40,2020-03-09
"P001240",55,2016-05-11
"P001240",57,2023-10-06
"P001240",24,2028-04-11
"P001240",49,2037-10-18
"P001240",22,2038-08-24
"P001240",2,2038-12-15
"P001241",12,1976-06-26
"P001241",21,1977-09-12
"P001241",26,1980-07-03
"P001241",56,1983-12-21
"P001241",49,1997-06-15
"P001242",28,2011-09-24
"P001242",25,2016-02-17
"P001242",6,2033-09-02
"P001243",55,2016-02-18
"P001243",43,2018-09-25
"P001243",16,2027-12-07
"P001244",6,1997-03-19
"P001244",1,2008-01-27
"P001244",60,2015-06-24
"P001244",18,2016-08-18
"P001244",28,2020-06-26
"P001244",27,2026-04-09
"P001245",50,1989-12-13
"P001245",36,1991-05-11
"P001245",54,1992-04-12
"P001245",14,2011-06-19
"P001246",4,2015-01-10
"P001246",4,2016-03-31
"P001246",67,2018-08-25
"P001246",25,2034-03-05
"P001246",28,2050-10-31
"P001248",38,1983-08-25
"P001248",52,1986-10-22
"P001248",12,1993-07-29
"P001248",27,1994-12-30
"P001249",16,1993-07-23
"P001249",16,1993-10-05
"P001249",41,1999-07-12
"P001249",14,2002-08-26
"P001249",30,2009-02-02
"P001249",28,2018-04-08
"P001249",10,2018-12-01
"P001249",1,2021-03-27
"P001249",41,2023-03-30
"P001249",52,2023-08-26
"P001249",65,2025-01-24
"P001249",16,2025-04-09
"P001249",54,2025-08-24
"P001249",33,2027-02-04
"P001250",28,1977-12-05
"P001250",16,1979-10-15
"P001250",14,1980-02-24
"P001251",62,1988-08-03
"P001251",1,1988-09-24
"P001251",1,2011-03-17
"P001251",4,2013-05-26
"P001252",9,1982-02-09
"P001252",55,1983-03-06
"P001252",19,1984-01-28
"P001252",42,1993-05-22
"P001252",55,1995-04-29
"P001253",43,1993-07-14
"P001253",13,1995-12-09
"P001253",15,2004-12-06
"P001253",28,2009-06-13
"P001253",21,2021-11-06
"P001253",3,2022-03-08
"P001253",44,2023-09-28
"P001253",24,2026-01-17
"P001253",35,2027-09-27
"P001253",62,2028-01-03
"P001254",56,2012-10-27
"P001254",30,2013-09-10
"P001254",27,2014-02-18
"P001254",25,2038-01-15
"P001254",24,2049-11-12
"P001254",17,2051-11-07
"P001255",43,2001-02-19
"P001255",23,2012-01-12
"P001255",62,2013-02-16
"P001255",23,2020-10-24
"P001256",18,1991-06-14
"P001256",27,2012-10-20
"P001257",62,1975-12-24
"P001257",43,1978-06-23
"P001257",6,1990-05-01
"P001257",23,1998-10-07
"P001257",37,2001-04-09
"P001257",47,2002-11-22
"P001257",12,2003-04-26
"P001258",52,1980-08-13
"P001258",23,1990-09-20
"P001258",54,1991-09-21
"P001258",23,1995-03-10
"P001258",3,1995-09-14
"P001258",28,1998-02-21
"P001258",30,1999-07-21
"P001259",8,2022-12-09
"P001259",1,2045-03-01
"P001259",11,2054-05-18
"P001260",17,1998-10-25
"P001260",6,2005-11-14
"P001260",54,2013-04-25
"P001262",1,1991-02-14
"P001262",27,1994-09-08
"P001262",15,2001-04-13
"P001262",29,2002-06-11
"P001262",30,2003-07-06
"P001262",34,2004-05-14
"P001262",52,2008-11-21
"P001262",28,2009-07-25
"P001262",19,2016-12-09
"P001263",58,1976-01-08
"P001263",26,1994-05-08
"P001264",27,1984-07-25
"P001264",61,1997-11-19
"P001264",21,1998-12-31
"P001264",2,2012-09-14
"P001265",47,1990-11-01
"P001265",47,1992-06-06
"P001265",14,1993-09-02
"P001265",18,1999-07-27
"P001265",2,2002-01-21
"P001265",27,2005-06-16
"P001265",47,2011-10-02
"P001265",23,2014-05-08
"P001265",36,2015-04-10
"P001266",21,2001-09-03
"P001266",24,2006-01-23
"P001266",18,2011-02-12
"P001267",6,1998-04-08
"P001267",57,2003-04-20
"P001267",39,2005-04-28
"P001267",1,2014-10-10
"P001267",25,2021-05-10
"P001267",62,2022-10-02
"P001268",6,1972-08-13
"P001268",14,1982-12-19
"P001268",58,1985-08-11
"P001268",40,1988-08-10
"P001268",1,1990-10-01
"P001268",28,2001-11-06
"P001268",2,2007-10-12
"P001269",28,2003-09-18
"P001269",30,2005-09-02
"P001269",12,2010-05-08
"P001269",8,2018-12-13
"P001269",26,2020-05-01
"P001269",6,2024-01-28
"P001270",1,2023-07-03
"P001270",21,2026-02-06
"P001270",28,2044-02-18
"P001271",32,1994-02-03
"P001271",48,1994-06-08
"P001271",48,2015-06-10
"P001271",43,2024-02-20
"P001272",12,2003-04-24
"P001272",21,2007-12-04
"P001272",16,2010-03-12
"P001272",40,2022-08-19
"P001272",61,2023-10-31
"P001272",26,2031-07-14
"P001272",14,2034-05-13
"P001273",2,2017-12-21
"P001273",25,2032-05-05
"P001273",43,2036-09-13
"P001273",22,2046-06-13
"P001273",16,2050-03-16
"P001274",42,2016-10-07
"P001274",25,2032-10-30
"P001274",20,2039-06-09
"P001275",54,1973-10-06
"P001275",18,1976-08-09
"P001275",61,1977-06-08
"P001275",50,1978-05-10
"P001275",66,1980-04-12
"P001275",14,1989-05-22
"P001275",21,1996-12-22
"P001275",44,1998-11-24
"P001275",40,1999-06-26
"P001275",14,2005-03-16
"P001275",9,2006-07-06
"P001275",4,2008-04-10
"P001275",46,2008-11-11
"P001276",8,1998-05-08
"P001276",60,2008-05-13
"P001276",60,2011-01-28
"P001276",53,2018-03-10
"P001276",47,2023-01-10
"P001276",66,2028-11-05
"P001276",60,2030-03-27
"P001277",6,1986-08-01
"P001277",55,1987-02-05
"P001277",27,1993-05-11
"P001277",3,1994-03-13
"P001277",64,1994-11-23
"P001277",35,1995-07-14
"P001277",1,1998-07-31
"P001277",12,1999-07-26
"P001278",12,1962-08-20
"P001278",58,1968-05-18
"P001278",28,1969-03-14
"P001278",26,1988-09-02
"P001278",55,1996-12-11
"P001278",34,1998-06-24
"P001279",23,1988-03-01
"P001279",30,1992-06-19
"P001279",24,1992-10-19
"P001279",40,1993-05-16
"P001279",15,2004-09-09
"P001280",28,1980-06-14
"P001280",13,1986-11-03
"P001281",26,2014-04-17
"P001281",46,2017-02-07
"P001281",43,2021-04-24
"P001282",26,1991-01-12
"P001282",27,1995-04-15
"P001282",1,2000-08-25
"P001282",1,2028-11-13
"P001283",4,2004-02-21
"P001283",26,2014-10-22
"P001283",62,2018-04-23
"P001283",28,2018-10-22
"P001283",16,2020-10-04
"P001283",54,2021-03-09
"P001283",31,2021-07-24
"P001283",37,2021-10-18
"P001283",65,2021-11-04
"P001283",42,2021-11-19
"P001283",50,2022-05-26
"P001283",50,2022-07-07
"P001283",4,2023-01-24
"P001283",2,2023-08-19
"P001283",29,2023-12-01
"P001283",66,2024-03-22
"P001283",25,2024-03-28
"P001283",9,2024-11-26
"P001283",50,2028-04-17
"P001283",26,2028-05-29
"P001283",48,2030-04-18
"P001283",48,2033-01-16
"P001284",28,1992-01-10
"P001284",4,1997-03-30
"P001284",62,2000-08-06
"P001285",3,1970-09-19
"P001285",2,1971-09-07
"P001285",21,1974-05-24
"P001285",26,1995-12-30
"P001285",14,2008-08-21
"P001286",55,1984-09-11
"P001286",52,1994-12-09
"P001286",1,1995-11-19
"P001287",18,2009-11-24
"P001287",25,2012-01-24
"P001287",55,2022-06-09
"P001288",55,2012-06-26
"P001288",46,2012-08-27
"P001288",8,2014-02-28
"P001288",47,2016-02-24
"P001288",23,2022-05-15
"P001288",1,2028-11-23
"P001288",55,2034-04-08
"P001289",50,2019-05-17
"P001289",27,2022-03-18
"P001289",61,2042-08-07
"P001292",60,1997-11-16
"P001292",52,2002-02-25
"P001292",63,2028-11-23
"P001292",6,2029-04-02
"P001292",44,2029-08-09
"P001292",8,2034-09-16
"P001293",7,1971-02-22
"P001293",64,1975-08-10
"P001293",49,1975-10-18
"P001293",54,1976-03-06
"P001293",43,1978-07-04
"P001293",54,1985-12-22
"P001294",49,2036-03-08
"P001294",34,2040-11-05
"P001295",17,2001-05-25
"P001295",6,2004-07-24
"P001295",28,2013-11-15
"P001295",32,2018-09-09
"P001295",9,2025-10-30
"P001296",8,2005-05-16
"P001296",4,2006-01-19
"P001296",28,2014-05-07
"P001296",4,2019-04-23
"P001296",60,2036-08-13
"P001297",1,2022-09-07
"P001297",57,2026-04-17
"P001297",15,2026-04-29
"P001297",28,2033-03-05
"P001297",30,2035-08-12
"P001298",3,2006-11-23
"P001298",8,2009-04-28
"P001298",42,2009-07-21
"P001301",14,2042-07-01
"P001301",6,2046-09-30
"P001302",6,1984-03-21
"P001302",2,1984-10-18
"P001302",50,1985-02-05
"P001302",2,1985-02-28
"P001302",2,2007-07-07
"P001302",16,2014-11-10
"P001303",61,1995-01-09
"P001303",3,2016-04-14
"P001303",61,2028-08-06
"P001303",48,2029-02-23
"P001303",27,2031-07-12
"P001303",28,2032-03-28
"P001304",11,2020-04-30
"P001305",37,2015-07-11
"P001305",27,2016-06-22
"P001305",29,2017-02-08
"P001305",9,2018-01-07
"P001305",15,2019-06-28
"P001305",52,2019-12-19
"P001305",8,2021-03-02
"P001305",31,2026-06-13
"P001305",63,2027-09-01
"P001305",19,2028-07-21
"P001305",14,2031-01-13
"P001305",41,2031-04-11
"P001305",34,2032-03-03
"P001305",19,2033-04-28
"P001305",41,2034-01-19
"P001305",44,2034-10-11
"P001305",4,2041-12-28
"P001305",61,2043-10-16
"P001305",6,2043-12-07
"P001306",9,1993-11-28
"P001306",55,1994-08-20
"P001306",23,1997-01-20
"P001306",9,2000-11-07
"P001306",18,2003-01-23
"P001306",49,2010-05-10
"P001306",35,2010-12-01
"P001307",67,1979-03-06
"P001307",6,1988-12-07
"P001307",14,1990-04-20
"P001307",4,1990-12-25
"P001307",63,2001-06-28
"P001307",8,2004-08-05
"P001308",23,2009-07-10
"P001308",8,2015-06-26
"P001309",12,2016-03-03
"P001309",31,2016-09-15
"P001309",30,2017-07-06
"P001309",48,2017-10-09
"P001309",31,2018-06-19
"P001309",3,2018-11-23
"P001309",23,2022-09-08
"P001309",23,2022-10-25
"P001309",24,2028-12-14
"P001309",56,2031-08-23
"P001309",3,2052-11-16
"P001310",3,2011-08-25
"P001310",26,2013-03-30
"P001310",41,2016-06-27
"P001310",55,2017-10-29
"P001310",22,2018-11-07
"P001310",14,2021-06-03
"P001310",46,2024-08-12
"P001310",59,2025-09-15
"P001310",15,2027-03-03
"P001310",12,2027-10-15
"P001311",28,1974-09-06
"P001311",60,1976-11-21
"P001311",39,1977-01-12
"P001311",24,1977-12-20
"P001311",6,2009-12-21
"P001312",53,2015-05-19
"P001312",12,2026-04-16
"P001312",30,2027-03-10
"P001312",28,2027-06-23
"P001313",3,1972-07-19
"P001313",28,1982-08-08
"P001313",21,2002-03-24
"P001313",8,2011-03-10
"P001314",4,1990-09-26
"P001314",66,2013-06-23
"P001314",23,2015-08-29
"P001314",19,2016-07-27
"P001314",47,2018-02-20
"P001314",6,2018-04-15
"P001314",45,2018-07-06
"P001315",28,1989-06-14
"P001315",54,1993-03-20
"P001315",20,1995-09-05
"P001316",2,2016-09-27
"P001316",3,2030-12-19
"P001316",35,2051-02-28
"P001317",11,2009-06-07
"P001317",26,2013-03-02
"P001317",13,2014-05-31
"P001317",4,2015-03-17
"P001317",35,2015-12-23
"P001317",3,2021-09-05
"P001317",55,2024-10-22
"P001317",46,2024-12-28
"P001317",52,2037-02-23
"P001318",53,1995-08-25
"P001318",8,1998-11-28
"P001318",26,2006-12-04
"P001318",10,2016-01-23
"P001318",3,2031-05-07
"P001318",59,2033-02-12
"P001318",50,2034-02-08
"P001319",43,1989-10-20
"P001320",4,1972-03-26
"P001320",12,1993-12-15
"P001320",27,1995-01-27
"P001320",24,1995-05-31
"P001320",42,1995-06-17
"P001320",56,1995-09-17
"P001320",17,1996-08-09
"P001321",50,2020-10-20
"P001321",21,2031-05-02
"P001321",53,2053-07-30
"P001322",12,1981-08-02
"P001322",4,1990-10-01
"P001322",23,1991-06-04
"P001322",47,1992-05-11
"P001322",53,1992-06-29
"P001322",45,1993-09-14
"P001322",31,1994-03-10
"P001322",59,1994-03-12
"P001322",46,1994-06-12
"P001322",5,1995-11-27
"P001322",36,1997-12-21
"P001322",63,1999-01-14
"P001322",43,2004-03-29
"P001322",6,2007-05-28
"P001323",28,2008-04-20
"P001323",30,2009-01-23
"P001323",57,2020-07-07
"P001323",35,2021-11-10
"P001323",64,2022-06-06
"P001323",27,2028-05-11
"P001323",12,2030-01-22
"P001323",60,2041-01-24
"P001324",4,2007-02-07
"P001324",37,2035-09-15
"P001324",23,2036-02-29
"P001324",39,2038-01-08
"P001325",7,1989-03-23
"P001325",14,1992-05-11
"P001325",1,1994-12-29
"P001325",2,1996-11-10
"P001325",57,2009-09-05
"P001325",24,2016-03-08
"P001325",38,2023-11-10
"P001326",18,1971-07-02
"P001326",13,1992-06-03
"P001326",21,1992-06-07
"P001326",17,1999-04-17
"P001326",14,2006-03-01
"P001327",55,2006-09-11
"P001327",8,2024-06-11
"P001327",42,2027-05-13
"P001327",61,2035-03-10
"P001328",55,1975-06-09
"P001328",25,1993-08-03
"P001328",19,1994-01-14
"P001328",41,1996-07-06
"P001328",66,1996-10-13
"P001328",54,2001-05-29
"P001329",26,1968-04-12
"P001329",25,1969-08-22
"P001329",1,1982-01-12
"P001329",25,1997-09-04
"P001330",49,1973-05-09
"P001330",21,1981-02-11
"P001330",31,1982-10-12
"P001330",6,1989-02-23
"P001330",23,1994-03-16
"P001331",65,1971-12-07
"P001331",52,1973-01-04
"P001331",6,1982-04-29
"P001331",28,1983-06-04
"P001331",1,1996-10-05
"P001332",28,1981-05-23
"P001332",4,1991-12-06
"P001332",28,1998-10-17
"P001332",28,2005-07-23
"P001332",2,2005-12-25
"P001332",24,2007-01-06
"P001333",3,2019-04-29
"P001333",52,2025-06-04
"P001333",2,2026-07-04
"P001333",34,2029-03-26
"P001333",32,2029-04-08
"P001333",19,2029-11-21
"P001334",4,1986-01-26
"P001334",58,1989-07-09
"P001334",28,1991-04-28
"P001334",2,1998-03-29
"P001334",25,2002-01-05
"P001334",21,2024-07-21
"P001335",14,1978-11-30
"P001335",62,1997-09-04
"P001335",6,1997-09-29
"P001335",8,1997-10-05
"P001335",8,1998-11-17
"P001335",34,1998-12-19
"P001335",1,1999-06-28
"P001336",28,2004-12-17
"P001336",16,2006-05-17
"P001337",36,1989-06-18
"P001337",21,2014-10-21
"P001338",28,1983-10-26
"P001338",23,1992-06-20
"P001338",43,2010-08-22
"P001338",26,2013-03-17
"P001338",18,2019-10-13
"P001338",6,2020-01-23
"P001339",21,2016-05-04
"P001339",11,2021-01-15
"P001339",11,2022-03-02
"P001339",23,2026-02-19
"P001339",13,2028-04-24
"P001339",4,2030-04-17
"P001339",46,2031-01-17
"P001339",26,2033-12-29
"P001340",8,2004-04-08
"P001340",23,2006-06-18
"P001340",42,2006-10-24
"P001340",36,2006-11-07
"P001340",61,2014-10-11
"P001340",54,2026-10-16
"P001341",3,1995-10-07
"P001341",1,2027-01-25
"P001342",18,2012-08-23
"P001342",18,2013-09-26
"P001342",46,2016-08-12
"P001342",16,2020-05-17
"P001342",54,2027-06-18
"P001342",2,2039-05-25
"P001342",3,2042-07-04
"P001343",7,1998-11-05
"P001343",21,2012-09-03
"P001343",1,2024-07-07
"P001343",39,2025-08-12
"P001343",21,2029-02-02
"P001344",61,2016-09-17
"P001344",6,2018-06-14
"P001344",60,2021-05-24
"P001344",42,2045-09-28
"P001344",11,2049-08-23
"P001344",4,2052-02-19
"P001345",29,1961-07-22
"P001345",21,1961-10-15
"P001345",41,1962-01-05
"P001345",28,1965-12-22
"P001345",14,1966-11-12
"P001345",23,1980-03-06
"P001345",12,1981-12-01
"P001345",11,1987-06-22
"P001345",42,1987-10-04
"P001346",61,2012-12-10
"P001346",61,2017-03-27
"P001346",43,2017-04-01
"P001346",14,2017-09-24
"P001346",54,2029-06-12
"P001346",54,2031-07-12
"P001346",50,2048-05-16
"P001347",2,1984-08-04
"P001347",56,1991-06-02
"P001347",54,1992-12-01
"P001348",36,1995-11-28
"P001348",30,1996-07-03
"P001348",30,1996-11-15
"P001348",23,2001-08-12
"P001348",26,2003-03-30
"P001348",40,2012-11-04
"P001349",8,2008-08-08
"P001349",54,2009-05-14
"P001349",4,2010-02-28
"P001349",1,2010-08-21
"P001349",11,2019-05-04
"P001349",12,2021-10-24
"P001349",17,2037-02-19
"P001349",2,2038-01-23
"P001349",53,2038-10-30
"P001350",14,1961-07-18
"P001350",41,1962-08-08
"P001350",55,1962-11-06
"P001350",11,1991-06-12
"P001350",37,1992-10-15
"P001350",29,1993-05-17
"P001350",19,1993-12-24
"P001351",30,2018-04-04
"P001352",60,2001-12-02
"P001352",26,2003-12-26
"P001352",52,2006-05-23
"P001352",28,2011-09-10
"P001352",28,2027-10-04
"P001353",15,2010-02-17
"P001353",28,2017-10-04
"P001353",28,2022-07-12
"P001353",23,2026-10-01
"P001353",11,2038-08-27
"P001354",4,1980-08-09
"P001354",4,1986-10-16
"P001354",29,1986-10-27
"P001354",41,1998-04-09
"P001354",6,2001-06-10
"P001354",60,2003-03-18
"P001355",49,2021-03-24
"P001355",35,2024-08-29
"P001355",16,2032-06-20
"P001356",19,1997-07-18
"P001356",4,2013-05-06
"P001357",3,1989-05-11
"P001357",27,1990-01-20
"P001357",3,1990-09-01
"P001357",16,1997-04-30
"P001357",50,2014-04-13
"P001357",27,2015-06-20
"P001358",35,1967-11-14
"P001358",24,1977-05-11
"P001358",42,1979-02-03
"P001358",67,1979-03-22
"P001358",29,1980-02-14
"P001358",41,1981-05-02
"P001358",53,1983-06-17
"P001358",25,1984-01-07
"P001358",56,1986-09-24
"P001359",8,2016-09-04
"P001359",11,2017-02-09
"P001359",37,2017-09-26
"P001359",1,2025-09-29
"P001360",1,1993-10-17
"P001360",25,2004-02-28
"P001361",27,1973-01-14
"P001361",63,1985-09-02
"P001361",28,1988-03-12
"P001361",1,1989-04-10
"P001361",14,1997-10-03
"P001361",2,1998-02-26
"P001361",4,2002-08-06
"P001361",50,2003-02-18
"P001361",67,2005-01-05
"P001362",6,1992-04-08
"P001362",12,1994-12-31
"P001362",58,2000-02-13
"P001362",44,2000-04-19
"P001362",61,2002-06-27
"P001362",49,2006-03-01
"P001362",2,2011-12-28
"P001363",3,1969-03-28
"P001363",11,1978-01-26
"P001363",58,1978-04-27
"P001363",62,1987-10-23
"P001363",7,1998-02-23
"P001363",29,1998-03-24
"P001364",52,2001-10-05
"P001364",17,2021-12-30
"P001364",21,2022-12-29
"P001364",31,2023-01-17
"P001364",3,2025-03-28
"P001364",3,2027-06-18
"P001365",14,1967-10-17
"P001365",58,1971-10-31
"P001365",38,1975-07-21
"P001365",11,1989-06-09
"P001365",21,1989-09-26
"P001365",6,1991-01-11
"P001365",60,1991-05-29
"P001366",25,1968-11-20
"P001366",26,1969-03-30
"P001366",30,1981-01-16
"P001366",18,1996-10-04
"P001366",18,1998-01-18
"P001366",6,1998-11-21
"P001367",3,2052-08-27
"P001368",28,2017-06-25
"P001368",14,2017-07-01
"P001368",1,2019-02-23
"P001368",23,2022-08-09
"P001368",39,2023-01-06
"P001368",11,2031-01-14
"P001368",8,2031-09-12
"P001368",50,2045-11-08
"P001368",40,2047-01-12
"P001369",11,1977-05-17
"P001369",13,1980-04-11
"P001369",12,1990-07-24
"P001369",38,1991-01-16
"P001369",2,1994-09-06
"P001369",3,1994-10-04
"P001369",59,1996-09-01
"P001369",28,1999-02-23
"P001369",14,1999-09-06
"P001369",28,2000-09-05
"P001369",47,2013-05-07
"P001370",31,1994-11-19
"P001370",66,2006-12-15
"P001370",42,2008-11-04
"P001370",25,2011-11-19
"P001370",14,2012-10-07
"P001370",13,2015-01-22
"P001370",18,2015-12-21
"P001370",44,2027-07-30
"P001370",55,2029-10-21
"P001371",5,2008-01-11
"P001371",54,2008-11-02
"P001371",47,2009-06-04
"P001371",59,2011-07-15
"P001371",12,2011-10-27
"P001371",54,2013-11-05
"P001371",53,2018-03-20
"P001372",1,1963-09-09
"P001372",63,1963-11-30
"P001372",6,1964-09-15
"P001372",52,1985-03-28
"P001372",65,1986-11-06
"P001373",11,1995-08-02
"P001373",21,2003-06-19
"P001373",52,2004-01-29
"P001373",44,2006-04-03
"P001374",2,2035-04-29
"P001374",5,2048-10-03
"P001375",55,1970-06-04
"P001375",34,1972-01-10
"P001375",14,1981-03-24
"P001375",11,2005-05-02
"P001375",4,2006-07-08
"P001376",28,2022-10-26
"P001376",6,2033-10-18
"P001376",4,2037-01-28
"P001376",7,2041-07-18
"P001377",23,2011-12-04
"P001377",60,2017-03-14
"P001377",23,2020-12-29
"P001377",1,2021-03-26
"P001377",36,2023-12-03
"P001377",23,2028-02-01
"P001377",29,2029-07-22
"P001377",4,2031-04-01
"P001378",13,1982-11-23
"P001378",22,1984-09-10
"P001378",18,1998-07-16
"P001378",15,1999-03-28
"P001378",54,2012-04-06
"P001378",46,2012-11-15
"P001378",15,2014-04-28
"P001378",31,2017-02-21
"P001379",57,1976-09-14
"P001379",11,1980-05-07
"P001379",24,1983-03-28
"P001379",60,2006-09-03
"P001380",4,1975-01-29
"P001380",55,1977-06-18
"P001380",54,1985-12-02
"P001380",41,1986-08-18
"P001380",54,1991-02-17
"P001380",23,2007-06-12
"P001381",28,1986-03-21
"P001381",21,1997-02-15
"P001381",21,1997-05-31
"P001381",47,2016-07-30
"P001381",14,2023-04-30
"P001382",12,1982-01-07
"P001382",24,1990-04-07
"P001382",1,1994-12-21
"P001382",23,2002-07-18
"P001382",42,2003-09-02
"P001383",10,1981-06-21
"P001383",4,1986-07-16
"P001383",53,1987-06-15
"P001383",45,1988-11-17
"P001383",5,1991-12-07
"P001383",47,1993-10-06
"P001383",57,1994-06-30
"P001384",18,2026-10-09
"P001384",9,2027-08-30
"P001384",21,2032-04-04
"P001385",10,2006-12-13
"P001385",62,2007-06-22
"P001385",6,2007-07-05
"P001385",50,2009-02-12
"P001385",36,2009-04-21
"P001385",64,2011-02-04
"P001385",23,2011-12-22
"P001385",29,2012-02-21
"P001385",58,2013-08-05
"P001385",28,2014-03-28
"P001385",30,2016-05-28
"P001385",10,2017-01-23
"P001385",18,2018-10-27
"P001385",9,2019-11-15
"P001385",14,2024-03-12
"P001385",9,2024-06-28
"P001386",52,2018-08-24
"P001386",55,2019-03-09
"P001386",18,2021-07-22
"P001386",28,2045-07-08
"P001386",2,2046-10-14
"P001386",57,2049-06-29
"P001386",2,2051-07-20
"P001387",61,1968-03-04
"P001387",44,1977-01-26
"P001387",28,1977-06-26
"P001387",38,1980-10-22
"P001387",49,1980-12-13
"P001387",35,1982-09-10
"P001387",30,1983-07-19
"P001387",4,1999-02-08
"P001387",17,2002-05-12
"P001388",18,1975-11-19
"P001388",44,1991-08-15
"P001388",24,1991-12-10
"P001388",12,1992-06-02
"P001388",17,1994-02-25
"P001388",27,1994-06-19
"P001388",4,1995-09-10
"P001389",60,1991-10-10
"P001389",64,1992-12-13
"P001389",14,1995-03-25
"P001389",53,2005-12-12
"P001389",10,2007-08-13
"P001390",47,2012-10-16
"P001390",14,2024-07-05
"P001390",25,2034-03-19
"P001390",5,2035-05-15
"P001390",50,2045-10-27
"P001390",23,2045-11-27
"P001390",9,2046-04-17
"P001390",8,2046-06-26
"P001391",57,2025-01-24
"P001391",7,2028-08-28
"P001391",26,2033-07-06
"P001391",43,2034-02-27
"P001391",66,2034-08-14
"P001391",52,2035-08-21
"P001391",1,2035-09-26
"P001391",65,2035-11-11
"P001391",6,2038-03-16
"P001391",33,2038-05-27
"P001391",34,2039-01-05
"P001391",19,2039-04-18
"P001391",14,2040-07-02
"P001392",2,1984-08-25
"P001392",50,1986-05-14
"P001392",4,1986-10-10
"P001392",52,1989-07-08
"P001393",14,1978-04-09
"P001393",1,1987-05-12
"P001393",28,1995-04-01
"P001393",28,2000-05-21
"P001394",50,2003-02-02
"P001394",59,2018-11-14
"P001394",3,2033-11-28
"P001394",56,2034-10-02
"P001395",61,2006-01-20
"P001395",28,2006-04-20
"P001395",61,2014-12-11
"P001396",2,2011-03-05
"P001396",3,2015-08-10
"P001396",1,2017-04-13
"P001396",6,2018-08-08
"P001396",27,2019-11-26
"P001396",44,2020-05-30
"P001396",17,2031-04-07
"P001396",26,2031-05-05
"P001396",65,2036-02-17
"P001397",11,2006-02-09
"P001398",43,1981-06-07
"P001398",52,1984-05-22
"P001398",6,1996-12-12
"P001398",23,1997-01-09
"P001398",60,1998-02-10
"P001398",3,2001-06-02
"P001398",5,2008-08-07
"P001398",23,2011-04-24
"P001398",62,2013-04-08
"P001399",17,1969-07-22
"P001399",40,1989-01-14
"P001399",8,1998-01-12
"P001399",12,2002-12-10
"P001400",27,2009-04-30
"P001400",62,2009-10-08
"P001400",43,2028-01-05
"P001401",6,1973-09-11
"P001401",28,1978-04-22
"P001401",23,1986-02-25
"P001401",55,1988-09-20
"P001401",12,1989-08-11
"P001401",18,2004-06-07
"P001402",28,2016-05-03
"P001402",55,2041-10-23
"P001403",8,2027-11-27
"P001403",25,2044-09-03
"P001403",30,2045-03-08
"P001404",6,1975-10-14
"P001404",1,1979-10-10
"P001404",28,1981-04-28
"P001404",61,1986-05-11
"P001404",1,1988-12-14
"P001405",24,1998-08-20
"P001405",22,2007-11-29
"P001405",45,2008-04-03
"P001405",45,2009-06-20
"P001405",3,2035-07-17
"P001406",9,2004-09-21
"P001406",6,2006-12-08
"P001406",28,2009-03-19
"P001406",54,2013-03-06
"P001406",4,2020-08-01
"P001406",14,2022-09-29
"P001406",58,2023-05-13
"P001407",53,1970-07-03
"P001407",27,1971-01-22
"P001407",62,1972-06-11
"P001407",64,1973-01-24
"P001407",24,1974-02-10
"P001407",59,1975-05-04
"P001407",17,1975-10-26
"P001407",63,1976-05-09
"P001407",64,1976-12-19
"P001407",24,1977-08-15
"P001407",6,1978-01-14
"P001407",36,1984-11-30
"P001408",61,2000-08-20
"P001408",14,2011-09-04
"P001408",25,2012-09-17
"P001408",27,2032-04-02
"P001408",6,2032-06-08
"P001409",28,2005-08-14
"P001409",7,2023-03-03
"P001409",8,2026-04-17
"P001410",21,1979-07-13
"P001410",43,1989-03-27
"P001410",15,1990-11-28
"P001410",28,2008-06-27
"P001411",21,1982-12-19
"P001411",3,1983-05-10
"P001411",31,1986-05-02
"P001411",28,2002-09-28
"P001411",1,2010-06-30
"P001411",27,2013-02-20
"P001411",38,2015-02-13
"P001411",5,2017-02-21
"P001411",64,2017-04-21
"P001411",9,2018-04-02
"P001412",14,2021-10-07
"P001412",23,2025-07-31
"P001412",50,2030-07-06
"P001412",3,2038-09-24
"P001413",61,2003-08-26
"P001413",33,2004-12-03
"P001413",25,2014-06-04
"P001413",52,2022-10-06
"P001414",18,2014-05-17
"P001414",2,2015-04-03
"P001414",10,2015-08-29
"P001414",21,2015-12-06
"P001414",28,2018-01-08
"P001414",28,2019-03-10
"P001414",40,2019-06-03
"P001414",9,2028-03-01
"P001414",16,2042-12-02
"P001414",56,2044-02-24
"P001414",44,2044-09-27
"P001414",26,2045-06-06
"P001414",44,2051-03-11
"P001415",50,2019-03-26
"P001415",14,2029-04-18
"P001416",37,1968-10-23
"P001416",50,1979-08-21
"P001416",18,1987-01-09
"P001416",47,1988-11-03
"P001416",37,2004-06-24
"P001416",55,2005-11-03
"P001417",1,2021-05-14
"P001418",28,1967-11-09
"P001418",9,1972-08-26
"P001418",38,1973-03-02
"P001418",6,1974-08-22
"P001418",23,1995-04-29
"P001418",52,2000-05-16
"P001419",67,1965-10-15
"P001419",67,1966-09-01
"P001419",9,1968-07-10
"P001419",4,1976-01-31
"P001419",55,1988-05-18
"P001420",65,2007-11-11
"P001420",28,2011-08-10
"P001420",24,2017-12-26
"P001420",4,2032-03-09
"P001420",66,2032-07-01
"P001420",4,2033-04-26
"P001420",4,2039-03-10
"P001420",8,2041-07-30
"P001421",8,2004-10-12
"P001421",8,2006-10-27
"P001421",54,2007-05-20
"P001421",41,2008-03-19
"P001421",20,2009-01-22
"P001421",48,2010-02-18
"P001422",1,1990-11-30
"P001422",63,1991-08-11
"P001422",1,1992-11-18
"P001422",44,2004-02-15
"P001422",61,2028-08-30
"P001422",43,2029-02-22
"P001422",14,2029-08-05
"P001423",63,1991-07-18
"P001423",25,1998-03-28
"P001423",2,2019-04-05
"P001424",18,1972-12-25
"P001424",28,1980-09-04
"P001424",40,1980-10-06
"P001424",27,1989-04-10
"P001424",12,2005-07-01
"P001424",4,2006-02-06
"P001425",21,2001-03-23
"P001425",6,2004-10-27
"P001425",5,2008-12-12
"P001425",23,2017-03-11
"P001426",43,2024-02-29
"P001426",14,2039-02-28
"P001426",13,2042-01-14
"P001426",8,2043-11-08
"P001426",31,2044-03-19
"P001427",1,1985-09-03
"P001427",63,1988-12-24
"P001428",52,2026-04-24
"P001428",23,2031-08-02
"P001428",67,2032-07-05
"P001428",62,2033-08-06
"P001429",52,2024-01-29
"P001429",13,2025-12-27
"P001429",49,2029-03-10
"P001430",3,1981-08-23
"P001430",49,1982-01-16
"P001430",8,2013-10-19
"P001431",29,2022-07-17
"P001431",19,2022-07-26
"P001431",58,2023-10-16
"P001431",61,2023-10-26
"P001431",1,2024-02-07
"P001431",38,2025-09-01
"P001431",4,2027-10-30
"P001431",9,2028-12-16
"P001431",14,2039-05-31
"P001431",41,2039-06-16
"P001431",6,2039-10-29
"P001431",55,2040-11-05
"P001431",49,2046-05-25
"P001432",3,2019-12-24
"P001432",7,2021-11-23
"P001433",47,2045-09-15
"P001433",54,2047-03-10
"P001433",66,2047-12-13
"P001434",4,1976-01-17
"P001434",58,1977-07-15
"P001434",12,1981-03-28
"P001434",49,1991-11-12
"P001434",1,1994-10-21
"P001434",20,1996-11-18
"P001434",1,1999-06-05
"P001434",13,2004-04-05
"P001435",4,1993-09-01
"P001435",67,1994-09-01
"P001435",62,1994-09-15
"P001435",28,2000-04-08
"P001435",9,2003-12-06
"P001435",49,2006-03-27
"P001435",2,2007-05-13
"P001435",21,2008-08-03
"P001435",55,2013-10-28
"P001435",35,2014-09-27
"P001435",39,2014-12-14
"P001435",8,2015-03-25
"P001435",52,2026-05-21
"P001436",49,1984-02-05
"P001436",27,1986-08-30
"P001436",65,1988-04-05
"P001436",18,1988-11-08
"P001436",11,1995-09-06
"P001436",28,1997-02-12
"P001436",39,2000-05-31
"P001437",63,2032-08-19
"P001437",4,2043-07-19
"P001438",28,2050-01-26
"P001438",50,2052-12-26
"P001439",1,1974-03-19
"P001439",2,1991-05-19
"P001439",26,2004-05-23
"P001439",13,2005-02-25
"P001439",27,2012-01-01
"P001440",23,1983-08-05
"P001440",37,1994-08-22
"P001440",2,1997-12-30
"P001440",40,2000-02-21
"P001440",34,2000-06-14
"P001441",43,2006-07-02
"P001441",53,2012-01-29
"P001442",6,1995-11-28
"P001442",41,1998-05-28
"P001442",26,2006-05-05
"P001442",52,2014-06-09
"P001442",52,2015-01-30
"P001443",15,2024-11-04
"P001443",56,2031-12-10
"P001444",4,2014-08-17
"P001444",46,2015-10-23
"P001445",5,2004-11-10
"P001445",15,2006-03-28
"P001445",28,2018-04-08
"P001445",15,2021-03-13
"P001445",24,2028-05-20
"P001445",67,2030-08-25
"P001445",67,2031-12-23
"P001446",1,1969-04-26
"P001446",57,1997-01-08
"P001447",42,1976-02-01
"P001447",30,1981-05-13
"P001447",3,1982-09-27
"P001447",14,1990-02-20
"P001447",25,1991-03-20
"P001447",58,1998-09-07
"P001447",30,2004-01-20
"P001448",23,1960-07-19
"P001448",44,1968-10-07
"P001448",15,1979-11-15
"P001449",4,1975-10-03
"P001449",24,1978-03-04
"P001449",27,1985-11-19
"P001450",53,1992-04-09
"P001450",65,1994-01-26
"P001450",18,2001-12-25
"P001450",61,2003-07-10
"P001450",23,2004-07-16
"P001450",4,2004-12-12
"P001450",6,2008-05-31
"P001450",23,2009-04-12
"P001450",25,2012-09-11
"P001450",26,2016-08-28
"P001450",13,2024-10-13
"P001450",65,2025-07-28
"P001451",52,1976-11-20
"P001451",28,2001-06-30
"P001452",28,1971-02-21
"P001452",15,1979-08-17
"P001452",43,1980-01-05
"P001452",4,1990-05-22
"P001452",37,1991-02-01
"P001452",23,1991-05-20
"P001452",18,1996-04-17
"P001452",12,2006-01-10
"P001453",30,2002-09-29
"P001453",23,2008-11-12
"P001453",1,2012-07-16
"P001453",25,2012-12-16
"P001453",30,2013-05-27
"P001453",30,2013-07-06
"P001453",12,2018-09-02
"P001454",2,2006-06-13
"P001454",26,2014-10-20
"P001454",55,2035-09-22
"P001454",21,2037-07-30
"P001454",23,2040-04-06
"P001454",12,2040-07-31
"P001455",7,1973-08-12
"P001455",11,1975-07-15
"P001455",50,1977-04-11
"P001455",27,1994-06-20
"P001455",3,1996-09-05
"P001456",13,1995-03-23
"P001457",55,2013-01-03
"P001457",3,2019-05-23
"P001458",58,2013-08-01
"P001458",1,2013-11-12
"P001458",61,2014-06-05
"P001458",61,2015-12-09
"P001458",10,2017-01-01
"P001458",24,2029-09-04
"P001458",57,2030-11-09
"P001458",28,2032-01-02
"P001458",6,2041-06-07
"P001459",2,2007-08-25
"P001459",35,2010-12-08
"P001459",10,2013-11-30
"P001459",19,2022-05-28
"P001459",14,2037-04-08
"P001460",4,2017-09-11
"P001460",25,2027-10-06
"P001460",24,2030-03-08
"P001461",43,1998-10-30
"P001461",57,2008-04-04
"P001461",54,2009-06-01
"P001461",41,2009-09-18
"P001461",3,2010-02-21
"P001461",60,2010-07-21
"P001461",61,2017-02-09
"P001461",22,2018-05-28
"P001462",55,2016-06-06
"P001462",41,2031-12-17
"P001462",44,2032-11-06
"P001463",6,2028-01-14
"P001464",21,1967-09-29
"P001464",49,1981-06-10
"P001464",55,1981-12-07
"P001464",30,1982-04-26
"P001464",2,1982-05-12
"P001464",39,1983-04-27
"P001464",43,1983-08-14
"P001464",41,1983-10-10
"P001464",54,2000-11-11
"P001464",3,2000-11-16
"P001464",54,2001-09-24
"P001465",51,1988-01-23
"P001465",3,1999-10-17
"P001465",39,2000-03-22
"P001465",39,2000-04-22
"P001465",35,2000-06-15
"P001465",35,2003-06-08
"P001465",14,2013-02-15
"P001465",28,2016-12-17
"P001466",29,1971-08-22
"P001466",49,1971-11-17
"P001466",11,1977-10-14
"P001466",5,1983-03-03
"P001466",1,1985-07-23
"P001467",30,2013-12-17
"P001467",18,2045-06-29
"P001467",53,2046-04-04
"P001468",52,1999-06-30
"P001468",36,2014-08-17
"P001468",1,2019-07-29
"P001469",43,2005-10-13
"P001469",28,2014-11-12
"P001469",27,2017-12-04
"P001469",64,2018-03-28
"P001469",18,2023-06-16
"P001469",15,2027-11-01
"P001469",12,2029-07-04
"P001470",28,2025-09-03
"P001470",62,2046-03-04
"P001470",14,2047-05-09
"P001472",11,2001-02-15
"P001472",26,2002-08-04
"P001472",8,2003-02-01
"P001472",13,2003-09-07
"P001472",23,2007-05-24
"P001473",47,2006-05-08
"P001473",12,2006-07-29
"P001473",56,2006-10-14
"P001473",31,2007-01-04
"P001473",1,2021-06-21
"P001474",30,1969-12-05
"P001474",61,1972-04-08
"P001474",23,1975-11-04
"P001474",28,1985-07-10
"P001475",4,1978-05-24
"P001475",53,1982-12-15
"P001475",2,1996-01-11
"P001476",28,1998-02-26
"P001476",52,2015-03-29
"P001476",19,2015-08-14
"P001476",24,2018-08-09
"P001476",52,2022-07-13
"P001476",1,2031-05-09
"P001477",49,1984-08-05
"P001477",14,1993-05-08
"P001477",13,1994-05-28
"P001477",2,2007-06-28
"P001478",7,1983-05-04
"P001478",48,1985-11-22
"P001478",57,1986-10-02
"P001478",14,1988-05-01
"P001478",1,1997-06-12
"P001478",43,2000-06-23
"P001478",44,2006-06-30
"P001478",22,2008-04-17
"P001479",40,2021-03-16
"P001479",60,2021-04-17
"P001479",19,2022-04-16
"P001479",2,2028-08-16
"P001479",12,2033-11-03
"P001479",1,2035-03-21
"P001479",24,2039-03-25
"P001480",30,2014-12-31
"P001480",30,2020-05-07
"P001480",23,2035-01-28
"P001481",25,2021-05-18
"P001481",1,2027-08-22
"P001481",28,2030-09-01
"P001482",30,2022-12-19
"P001482",9,2023-01-28
"P001482",4,2035-04-14
"P001482",3,2044-04-01
"P001483",57,2029-10-28
"P001483",41,2032-05-25
"P001483",1,2035-03-30
"P001483",62,2037-11-26
"P001483",17,2046-08-19
"P001484",5,2023-03-25
"P001484",43,2023-06-23
"P001484",43,2024-05-19
"P001484",20,2024-11-27
"P001484",22,2026-08-12
"P001484",52,2031-05-26
"P001484",44,2034-03-08
"P001485",65,1987-12-23
"P001485",52,1999-03-29
"P001485",25,2006-04-22
"P001485",1,2009-01-22
"P001485",53,2010-12-08
"P001485",56,2013-06-23
"P001485",27,2018-12-12
"P001486",62,2009-12-05
"P001486",40,2020-03-02
"P001486",9,2028-05-02
"P001486",52,2029-07-20
"P001486",35,2032-01-28
"P001486",43,2032-10-03
"P001486",36,2034-10-02
"P001486",10,2036-06-02
"P001486",55,2041-05-06
"P001486",7,2043-04-09
"P001487",4,2000-11-19
"P001487",55,2028-07-20
"P001487",6,2032-02-22
"P001488",11,2000-10-12
"P001488",40,2001-09-18
"P001488",37,2002-02-27
"P001488",40,2002-08-31
"P001488",6,2010-06-23
"P001488",15,2015-02-13
"P001488",3,2017-06-13
"P001489",12,1999-05-28
"P001489",28,2011-07-29
"P001490",31,1975-04-05
"P001490",5,1976-01-20
"P001490",5,1978-07-25
"P001490",44,1979-02-06
"P001490",61,1983-01-17
"P001491",60,1983-01-16
"P001491",38,1984-02-13
"P001491",7,1992-03-04
"P001491",28,2011-02-17
"P001491",52,2016-05-14
"P001492",30,1976-10-29
"P001492",1,1981-04-07
"P001492",1,1985-10-06
"P001492",5,1994-09-16
"P001492",37,1996-09-09
"P001492",27,2002-05-11
"P001493",52,1981-11-19
"P001493",29,1992-05-31
"P001493",49,1993-01-15
"P001493",4,1995-03-11
"P001493",4,1996-10-23
"P001493",40,2006-05-19
"P001493",3,2007-11-13
"P001493",60,2013-05-10
"P001493",47,2014-08-24
"P001493",3,2015-05-21
"P001493",49,2015-07-15
"P001493",35,2016-02-16
"P001493",61,2016-03-30
"P001494",16,2013-08-31
"P001494",8,2013-11-01
"P001494",11,2015-11-07
"P001495",60,1963-07-27
"P001495",53,1972-06-04
"P001495",28,1978-04-06
"P001495",7,1985-02-20
"P001495",23,1993-05-17
"P001496",18,2010-08-25
"P001496",1,2011-04-11
"P001496",66,2011-05-27
"P001496",15,2016-04-26
"P001498",19,1986-11-15
"P001498",63,2000-12-13
"P001498",53,2001-07-19
"P001498",45,2001-10-16
"P001498",67,2002-05-25
"P001498",2,2009-07-25
"P001498",8,2011-08-14
"P001499",60,2008-09-12
"P001499",23,2012-02-13
"P001499",25,2015-01-03
"P001499",47,2017-03-22
"P001499",64,2017-07-07
"P001499",54,2018-10-02
"P001499",41,2019-01-06
"P001499",18,2020-10-09
"P001499",39,2027-10-03
"P001500",61,1993-07-18
"P001500",40,1994-05-24
"P001500",19,2013-07-12
"P001500",24,2014-01-03
"P001500",44,2015-06-07
"P001500",17,2022-12-03
"P001500",64,2024-07-04
"P001500",24,2024-12-31
"P001501",3,1996-01-07
"P001501",49,1998-01-03
"P001501",43,2005-07-14
"P001501",3,2021-05-01
"P001501",40,2025-02-11
"P001501",40,2027-02-17
"P001501",40,2027-09-20
"P001502",28,2015-05-22
"P001502",23,2019-04-26
"P001502",27,2024-07-07
"P001502",4,2024-09-09
"P001502",26,2024-09-11
"P001503",19,2015-05-21
"P001503",26,2019-12-21
"P001503",6,2021-11-16
"P001503",34,2023-04-07
"P001503",1,2026-05-14
"P001504",23,2005-04-19
"P001504",9,2007-03-10
"P001504",2,2007-08-28
"P001504",36,2008-10-24
"P001504",24,2013-05-07
"P001504",7,2021-08-30
"P001504",28,2023-08-09
"P001505",26,1965-02-19
"P001505",24,1965-12-13
"P001505",48,1966-01-09
"P001505",43,1966-01-12
"P001505",15,1969-03-05
"P001505",13,1978-10-23
"P001506",37,1987-05-24
"P001506",24,1990-09-02
"P001506",61,1998-03-12
"P001506",24,2003-06-04
"P001506",1,2010-12-03
"P001506",2,2018-12-30
"P001506",8,2021-03-18
"P001507",3,1995-12-11
"P001507",62,1999-04-11
"P001507",6,2005-04-18
"P001507",35,2007-01-22
"P001507",5,2007-02-26
"P001507",24,2007-05-23
"P001507",14,2009-02-03
"P001507",18,2011-02-16
"P001507",54,2012-11-14
"P001507",31,2012-12-12
"P001507",39,2013-07-28
"P001507",62,2019-01-26
"P001508",27,1977-07-18
"P001508",28,1995-10-15
"P001508",44,2005-10-03
"P001508",38,2006-04-12
"P001508",35,2010-05-16
"P001509",1,2014-10-03
"P001509",10,2024-09-11
"P001510",49,2008-10-16
"P001510",39,2014-12-22
"P001510",54,2026-12-06
"P001510",14,2030-01-01
"P001510",13,2031-03-10
"P001511",28,1987-11-04
"P001511",53,1990-06-18
"P001511",16,1990-12-06
"P001511",16,1990-12-30
"P001511",36,2010-02-13
"P001511",47,2010-05-13
"P001511",7,2013-12-23
"P001511",14,2016-11-06
"P001512",12,1973-02-13
"P001512",47,1978-08-03
"P001512",58,1986-08-18
"P001513",31,1994-06-25
"P001513",28,2002-08-14
"P001513",14,2004-03-04
"P001513",62,2020-01-19
"P001514",8,2014-11-10
"P001514",2,2038-11-14
"P001515",24,2020-12-26
"P001515",44,2034-03-15
"P001516",38,2031-03-31
"P001516",49,2033-10-03
"P001516",4,2034-06-27
"P001516",39,2038-07-31
"P001516",40,2039-11-04
"P001516",24,2041-03-16
"P001516",2,2047-05-06
"P001517",24,2005-09-02
"P001518",5,1976-03-22
"P001518",52,2002-01-01
"P001518",10,2006-10-25
"P001518",22,2010-06-19
"P001518",28,2011-05-18
"P001518",6,2011-09-23
"P001518",39,2013-03-05
"P001519",43,1976-07-24
"P001519",1,1982-10-27
"P001519",63,1983-06-30
"P001519",62,2002-08-25
"P001520",11,1982-01-03
"P001520",14,1983-07-10
"P001520",40,1984-05-08
"P001520",63,1984-08-04
"P001520",42,1985-01-19
"P001520",32,1986-06-05
"P001520",9,1989-08-25
"P001520",55,1997-09-15
"P001520",46,1998-09-28
"P001520",67,2009-02-10
"P001521",65,1989-10-03
"P001521",42,1990-07-26
"P001521",27,1991-07-07
"P001521",16,1991-08-16
"P001521",54,1992-03-26
"P001522",3,2007-02-03
"P001522",3,2018-05-06
"P001522",30,2019-01-04
"P001522",13,2020-10-19
"P001522",51,2020-11-21
"P001522",35,2022-07-31
"P001522",48,2028-09-16
"P001522",2,2036-09-15
"P001523",13,2021-03-20
"P001523",22,2021-08-05
"P001523",53,2021-09-23
"P001523",65,2021-12-24
"P001523",1,2035-09-10
"P001523",11,2043-07-23
"P001524",11,1992-06-01
"P001524",26,1993-04-13
"P001524",16,2000-06-16
"P001524",40,2002-04-27
"P001524",23,2003-05-18
"P001524",29,2003-05-27
"P001524",8,2005-07-06
"P001524",3,2005-07-15
"P001524",30,2009-05-11
"P001524",49,2019-06-15
"P001526",16,2013-09-07
"P001526",33,2017-03-21
"P001526",4,2033-06-16
"P001526",62,2038-10-30
"P001526",55,2041-12-10
"P001526",3,2043-11-02
"P001527",42,2012-09-29
"P001527",3,2015-08-15
"P001527",23,2018-08-11
"P001527",55,2023-05-10
"P001528",49,1982-12-22
"P001528",7,1987-09-27
"P001528",15,2000-05-25
"P001528",54,2001-07-01
"P001528",60,2001-09-10
"P001530",3,1987-11-25
"P001530",8,1991-10-05
"P001530",54,1995-07-07
"P001530",43,2009-07-19
"P001530",43,2011-06-07
"P001530",14,2016-08-20
"P001531",16,2038-02-18
"P001531",54,2038-07-20
"P001531",46,2039-08-02
"P001531",27,2040-07-12
"P001531",4,2041-11-14
"P001532",3,1981-03-24
"P001533",30,1991-10-23
"P001533",30,1991-11-01
"P001533",59,1992-02-05
"P001533",63,1992-03-05
"P001533",3,1994-06-02
"P001533",52,1998-05-15
"P001533",60,2006-11-25
"P001534",65,2013-01-07
"P001535",30,2002-04-28
"P001535",18,2004-08-10
"P001535",28,2017-04-20
"P001535",21,2017-08-15
"P001535",47,2018-06-27
"P001535",47,2018-07-09
"P001535",54,2018-09-29
"P001535",66,2020-03-14
"P001535",14,2020-05-23
"P001536",8,1969-11-10
"P001536",28,1990-04-29
"P001538",21,1991-01-11
"P001538",6,2014-11-03
"P001538",25,2017-10-12
"P001538",27,2020-09-21
"P001539",7,2013-12-03
"P001539",55,2029-07-02
"P001539",54,2039-08-31
"P001540",28,2001-12-06
"P001540",13,2002-09-10
"P001540",18,2004-10-15
"P001540",61,2005-04-03
"P001540",10,2006-11-30
"P001540",23,2011-02-02
"P001540",41,2012-09-10
"P001540",42,2025-08-05
"P001541",18,2007-09-26
"P001541",46,2008-05-26
"P001541",46,2008-07-14
"P001541",43,2009-03-27
"P001542",60,1986-08-20
"P001542",44,1991-09-04
"P001542",23,2000-07-06
"P001543",47,2003-10-30
"P001543",3,2006-02-14
"P001543",4,2009-10-22
"P001543",57,2012-08-10
"P001543",28,2024-11-13
"P001543",8,2036-03-01
"P001543",25,2040-05-26
"P001544",28,1973-02-04
"P001544",6,1977-12-18
"P001544",49,1983-10-24
"P001545",11,2020-12-15
"P001545",49,2021-04-16
"P001545",40,2022-07-13
"P001545",6,2028-05-22
"P001545",47,2029-07-04
"P001545",14,2031-02-19
"P001545",41,2040-09-16
"P001545",28,2042-11-14
"P001545",6,2045-08-05
"P001545",1,2050-12-10
"P001546",8,1990-11-13
"P001546",28,1992-06-28
"P001546",10,1995-01-25
"P001546",28,1995-02-13
"P001546",28,1996-02-02
"P001547",6,1986-08-15
"P001547",63,1987-07-16
"P001547",30,1988-05-23
"P001547",24,1994-01-24
"P001547",13,2000-09-05
"P001547",47,2005-03-29
"P001547",45,2005-03-30
"P001547",12,2008-05-19
"P001548",28,1999-04-01
"P001549",55,1998-08-27
"P001549",28,1999-07-15
"P001549",40,2014-06-27
"P001549",27,2025-05-26
"P001550",26,2017-05-26
"P001550",43,2027-04-12
"P001550",13,2028-02-03
"P001550",61,2028-08-09
"P001550",2,2041-09-14
"P001550",43,2042-03-16
"P001551",23,1997-06-15
"P001552",58,1985-09-15
"P001553",18,2009-04-12
"P001553",18,2010-10-02
"P001553",61,2012-03-17
"P001553",61,2017-10-22
"P001553",52,2031-04-17
"P001553",53,2031-07-24
"P001554",28,1972-09-19
"P001554",1,1979-07-07
"P001554",24,1984-09-29
"P001554",57,1985-04-11
"P001555",41,2025-09-01
"P001555",18,2034-05-10
"P001555",42,2040-09-23
"P001556",52,1996-10-21
"P001557",62,1970-09-10
"P001557",41,1977-12-10
"P001557",2,1987-02-15
"P001557",14,1989-01-05
"P001557",2,1991-07-18
"P001557",43,1997-08-26
"P001558",3,2001-11-12
"P001558",14,2003-09-16
"P001558",35,2003-11-27
"P001558",25,2004-03-15
"P001558",27,2004-05-22
"P001558",4,2007-08-17
"P001558",14,2008-10-24
"P001558",2,2014-09-10
"P001558",13,2017-11-07
"P001558",23,2033-09-28
"P001558",62,2034-03-06
"P001558",64,2034-06-16
"P001559",14,1990-06-21
"P001559",25,1993-03-22
"P001559",42,1995-02-22
"P001559",23,1999-10-28
"P001559",27,2000-06-29
"P001560",8,2006-01-15
"P001560",63,2007-08-08
"P001560",52,2010-02-02
"P001560",28,2011-03-13
"P001560",18,2015-05-23
"P001560",1,2021-02-23
"P001560",18,2030-09-01
"P001560",15,2031-04-24
"P001560",9,2032-06-30
"P001560",3,2033-03-20
"P001560",53,2033-05-29
"P001560",53,2033-09-21
"P001560",53,2035-01-07
"P001560",17,2035-01-16
"P001561",18,1973-09-02
"P001561",14,1976-09-25
"P001561",25,1977-11-12
"P001561",2,1991-10-01
"P001561",2,2001-06-13
"P001561",22,2004-07-04
"P001562",4,1992-10-24
"P001562",53,1993-11-15
"P001562",10,1995-07-06
"P001562",28,1995-08-30
"P001562",30,1996-06-14
"P001562",34,1997-07-24
"P001562",34,1999-01-11
"P001562",27,2004-02-05
"P001562",6,2006-07-01
"P001562",11,2008-11-18
"P001562",16,2008-12-08
"P001562",67,2010-04-11
"P001562",54,2021-05-22
"P001562",41,2023-07-18
"P001562",7,2025-02-06
"P001562",28,2025-08-13
"P001562",50,2028-05-26
"P001563",1,1967-01-27
"P001563",12,1968-05-02
"P001563",6,1972-07-05
"P001563",28,1991-02-11
"P001563",28,1996-09-07
"P001563",16,1997-03-05
"P001563",3,1997-07-27
"P001564",1,1986-06-07
"P001564",11,2003-08-12
"P001564",6,2004-09-02
"P001565",4,1998-09-14
"P001565",58,1999-07-07
"P001565",61,2002-10-27
"P001565",56,2016-08-04
"P001565",49,2018-09-17
"P001566",10,2012-07-05
"P001566",1,2021-03-06
"P001566",1,2027-05-31
"P001566",35,2033-01-27
"P001566",40,2034-05-13
"P001566",60,2034-07-17
"P001566",38,2036-07-25
"P001567",26,2052-02-06
"P001568",18,1978-08-19
"P001568",3,1978-09-23
"P001568",46,1980-10-09
"P001568",52,1983-11-17
"P001568",40,2000-10-20
"P001568",8,2001-04-21
"P001568",31,2002-02-05
"P001568",52,2002-04-03
"P001568",4,2003-10-26
"P001568",14,2005-04-14
"P001569",1,1981-08-07
"P001569",28,1991-08-13
"P001569",2,1999-11-16
"P001569",24,2000-01-05
"P001570",65,1999-09-04
"P001570",40,2000-07-12
"P001570",34,2002-09-07
"P001570",65,2003-03-16
"P001570",6,2004-04-24
"P001570",14,2004-09-14
"P001570",58,2005-06-30
"P001570",55,2013-03-14
"P001571",2,2022-02-22
"P001571",48,2034-04-18
"P001571",13,2041-10-24
"P001571",4,2049-03-08
"P001572",10,1994-10-18
"P001572",15,1995-04-29
"P001572",43,2000-08-21
"P001572",43,2002-06-29
"P001572",26,2002-10-26
"P001572",53,2008-03-28
"P001572",1,2018-01-09
"P001573",3,1995-12-27
"P001573",30,1996-06-21
"P001573",55,2012-05-04
"P001573",61,2014-12-15
"P001573",53,2016-02-09
"P001573",58,2017-03-06
"P001573",16,2018-08-06
"P001573",4,2019-07-23
"P001573",21,2024-03-07
"P001573",54,2033-06-10
"P001573",7,2034-01-13
"P001574",52,2002-05-12
"P001574",50,2008-06-13
"P001574",50,2009-12-09
"P001574",21,2037-05-01
"P001575",36,2001-02-20
"P001575",49,2021-01-07
"P001575",19,2026-03-27
"P001576",44,1998-03-21
"P001576",31,2017-05-10
"P001576",63,2018-02-25
"P001577",16,2007-07-27
"P001577",67,2007-12-18
"P001577",27,2016-11-07
"P001577",58,2024-10-31
"P001577",28,2027-08-25
"P001577",67,2031-04-15
"P001578",5,1986-03-20
"P001578",15,1987-12-30
"P001578",28,1993-04-19
"P001578",30,1995-05-14
"P001578",4,1997-06-12
"P001578",53,2008-03-24
"P001578",49,2009-06-07
"P001578",61,2009-11-02
"P001578",11,2013-09-19
"P001578",4,2014-06-22
"P001578",6,2016-07-04
"P001578",8,2020-04-26
"P001579",23,1962-02-22
"P001579",2,1962-09-28
"P001580",11,1988-08-07
"P001580",32,1997-11-18
"P001580",4,1999-03-09
"P001581",19,2012-10-28
"P001581",63,2015-09-22
"P001581",25,2025-09-25
"P001581",28,2030-04-17
"P001581",10,2030-06-13
"P001581",38,2031-07-14
"P001581",43,2035-11-15
"P001582",6,1996-09-19
"P001582",4,1999-02-25
"P001582",11,2019-01-17
"P001583",28,1986-02-12
"P001583",57,2013-06-21
"P001584",21,2003-10-09
"P001584",24,2008-02-08
"P001584",17,2008-08-25
"P001584",27,2009-10-02
"P001584",27,2010-08-11
"P001585",55,1970-07-14
"P001585",23,1970-10-19
"P001585",29,1971-04-26
"P001585",9,1972-01-05
"P001585",49,1974-07-25
"P001585",4,1979-03-20
"P001585",47,1981-07-26
"P001585",27,1981-07-28
"P001585",66,1983-04-11
"P001585",48,1996-06-21
"P001586",18,1999-08-14
"P001586",1,1999-08-28
"P001586",62,2011-04-20
"P001586",2,2012-02-24
"P001586",51,2013-02-24
"P001586",54,2013-07-08
"P001587",35,2009-05-10
"P001587",23,2014-04-07
"P001587",2,2017-05-21
"P001587",61,2020-12-31
"P001587",53,2024-02-29
"P001587",10,2036-12-09
"P001588",17,1967-07-28
"P001588",14,1969-02-22
"P001588",21,1969-08-05
"P001588",21,1974-12-29
"P001588",55,1976-11-05
"P001588",19,1978-12-07
"P001588",34,1987-09-29
"P001588",11,1994-10-02
"P001588",15,1995-12-24
"P001589",26,1993-12-27
"P001589",66,1994-01-15
"P001589",21,1999-12-07
"P001589",66,2008-01-03
"P001589",25,2016-01-16
"P001589",1,2020-12-21
"P001590",1,2009-10-10
"P001590",52,2015-05-22
"P001590",49,2022-08-02
"P001590",54,2023-10-10
"P001590",2,2030-11-06
"P001590",1,2036-05-25
"P001591",12,2018-05-03
"P001591",23,2021-12-22
"P001591",62,2022-01-18
"P001591",52,2025-11-14
"P001591",55,2041-12-23
"P001591",53,2042-08-29
"P001591",12,2044-01-09
"P001591",30,2045-10-02
"P001592",55,2008-10-23
"P001592",62,2014-12-15
"P001593",25,1984-12-21
"P001593",16,1985-01-10
"P001593",30,1985-07-08
"P001593",3,1987-03-23
"P001593",23,1988-04-10
"P001593",55,1993-01-08
"P001593",43,2001-12-24
"P001593",4,2006-08-30
"P001593",58,2007-04-08
"P001593",50,2010-03-01
"P001594",3,1989-04-01
"P001594",1,1989-08-06
"P001594",31,1999-07-01
"P001594",6,2003-10-14
"P001594",18,2009-06-05
"P001594",27,2009-07-07
"P001594",41,2012-02-27
"P001594",66,2012-11-05
"P001594",2,2013-03-16
"P001594",22,2013-05-30
"P001594",36,2013-11-20
"P001594",24,2015-08-29
"P001594",52,2020-12-13
"P001594",28,2021-07-05
"P001594",55,2021-08-01
"P001595",44,2009-08-13
"P001595",3,2025-03-18
"P001595",28,2025-12-18
"P001595",30,2028-02-09
"P001596",24,1992-01-20
"P001596",21,2008-03-27
"P001596",44,2009-11-07
"P001596",15,2010-12-29
"P001596",21,2012-04-01
"P001596",38,2012-08-02
"P001596",3,2013-01-01
"P001596",1,2014-04-09
"P001596",33,2014-07-02
"P001597",28,2008-06-01
"P001597",15,2009-11-20
"P001597",67,2017-05-05
"P001597",48,2018-04-10
"P001597",27,2039-12-15
"P001597",64,2041-03-18
"P001598",43,1998-03-12
"P001598",28,1999-04-13
"P001598",40,2001-02-23
"P001598",18,2012-11-27
"P001598",9,2013-11-17
"P001598",28,2016-09-07
"P001598",26,2017-08-09
"P001598",52,2020-07-29
"P001598",48,2022-05-12
"P001598",6,2025-08-26
"P001599",15,2014-05-04
"P001599",52,2017-05-01
"P001600",61,2000-03-28
"P001600",6,2012-10-18
"P001600",40,2016-07-17
"P001600",63,2017-06-30
"P001600",11,2027-05-17
"P001600",42,2028-04-28
"P001600",37,2029-10-09
"P001600",23,2032-07-25
"P001600",27,2034-06-30
"P001600",3,2034-11-02
"P001601",3,2007-12-19
"P001601",27,2010-01-01
"P001601",48,2010-11-26
"P001601",2,2028-07-07
"P001601",49,2030-04-29
"P001601",4,2034-09-14
"P001601",56,2037-04-02
"P001601",44,2041-10-29
"P001602",60,2020-10-08
"P001602",3,2023-05-28
"P001602",11,2027-05-20
"P001602",3,2029-08-30
"P001602",56,2038-04-05
"P001603",2,1994-08-10
"P001603",52,2001-06-18
"P001603",18,2011-04-05
"P001603",66,2011-08-13
"P001603",34,2015-07-23
"P001603",61,2018-04-01
"P001604",3,2016-12-26
"P001604",27,2017-10-10
"P001604",65,2022-05-15
"P001604",34,2023-01-11
"P001604",40,2023-09-30
"P001604",16,2024-02-14
"P001604",33,2024-04-05
"P001604",27,2037-02-19
"P001605",2,2002-01-27
"P001605",18,2004-04-06
"P001605",27,2009-11-26
"P001605",54,2010-02-01
"P001605",6,2023-06-20
"P001605",14,2024-06-05
"P001605",16,2028-08-26
"P001605",33,2029-06-13
"P001605",26,2030-03-13
"P001605",56,2030-06-18
"P001605",64,2031-08-11
"P001605",44,2032-05-06
"P001606",18,1988-06-26
"P001606",15,1989-02-03
"P001606",46,1989-04-12
"P001606",12,1990-05-03
"P001606",59,1990-05-21
"P001606",27,1990-11-16
"P001606",27,1991-10-17
"P001606",30,1992-08-09
"P001606",62,2013-01-25
"P001606",62,2015-09-18
"P001606",6,2016-05-17
"P001606",6,2017-08-10
"P001606",65,2019-02-13
"P001606",34,2020-08-06
"P001606",1,2021-08-13
"P001607",1,1987-12-05
"P001607",62,1995-07-22
"P001607",23,2006-03-20
"P001607",27,2012-12-15
"P001607",65,2013-12-21
"P001608",17,2015-11-10
"P001608",28,2020-12-16
"P001608",24,2033-05-07
"P001608",12,2053-01-06
"P001608",43,2054-06-25
"P001609",18,2016-02-26
"P001609",55,2016-08-01
"P001609",39,2017-03-14
"P001609",51,2017-09-17
"P001609",4,2023-04-11
"P001609",15,2037-08-16
"P001610",49,1986-11-08
"P001610",41,1991-08-29
"P001610",42,1993-12-29
"P001610",7,1995-07-21
"P001610",3,1999-01-09
"P001610",47,2001-01-06
"P001610",14,2022-12-12
"P001611",3,1994-11-11
"P001611",27,1995-08-22
"P001611",8,1997-10-03
"P001611",2,2006-09-01
"P001611",55,2017-06-21
"P001611",49,2021-01-11
"P001612",14,1981-04-10
"P001612",58,1985-04-18
"P001612",34,1987-03-07
"P001612",24,1998-08-29
"P001612",55,2008-07-18
"P001613",12,1996-06-11
"P001613",41,1997-08-03
"P001613",52,1999-01-01
"P001613",15,1999-06-18
"P001613",62,2001-06-07
"P001613",1,2001-07-28
"P001613",60,2002-05-23
"P001613",28,2010-11-01
"P001613",24,2011-12-07
"P001613",3,2019-03-27
"P001614",28,2019-06-06
"P001615",23,2012-06-29
"P001615",16,2022-05-07
"P001615",57,2026-06-22
"P001615",15,2026-11-18
"P001615",54,2030-05-08
"P001615",55,2030-07-23
"P001615",34,2032-05-05
"P001616",24,1984-09-16
"P001616",57,1984-10-01
"P001616",21,1991-05-07
"P001617",27,2014-01-25
"P001617",42,2014-02-24
"P001617",26,2014-12-30
"P001617",65,2016-03-01
"P001617",49,2016-05-09
"P001617",15,2016-08-06
"P001617",15,2018-02-21
"P001618",60,1992-04-27
"P001618",28,2000-12-25
"P001619",6,2010-08-29
"P001619",52,2030-01-09
"P001619",2,2032-10-26
"P001619",24,2047-10-29
"P001620",16,1974-05-10
"P001620",3,1976-02-25
"P001620",1,1977-11-21
"P001620",14,1998-02-19
"P001620",43,1998-12-18
"P001620",27,2011-04-15
"P001620",63,2011-09-22
"P001621",53,2011-11-20
"P001621",10,2013-05-01
"P001621",12,2024-06-21
"P001621",62,2024-09-12
"P001622",14,1965-09-26
"P001622",13,1967-10-27
"P001622",53,1968-11-11
"P001622",53,1970-02-25
"P001622",28,1975-02-10
"P001622",1,1975-07-11
"P001622",11,1977-09-13
"P001622",49,1981-01-29
"P001622",28,1985-04-09
"P001623",14,2001-09-19
"P001623",10,2002-08-26
"P001623",58,2003-02-05
"P001623",18,2005-11-11
"P001623",52,2016-03-24
"P001624",23,1996-09-09
"P001624",54,2002-01-25
"P001624",39,2002-02-21
"P001624",23,2006-09-09
"P001624",23,2011-10-18
"P001624",35,2012-02-02
"P001624",4,2015-03-01
"P001624",32,2016-09-30
"P001624",43,2016-12-24
"P001624",51,2019-08-27
"P001624",50,2019-11-25
"P001624",24,2021-05-16
"P001624",27,2023-11-05
"P001624",43,2024-12-03
"P001624",41,2025-03-04
"P001624",27,2025-07-11
"P001624",22,2026-04-03
"P001624",54,2027-04-30
"P001624",41,2030-12-26
"P001625",37,2006-09-19
"P001625",29,2008-11-26
"P001625",9,2009-04-23
"P001625",31,2011-01-10
"P001625",55,2011-01-15
"P001625",4,2013-07-07
"P001625",43,2014-10-20
"P001625",62,2016-05-23
"P001625",13,2016-05-29
"P001625",51,2017-04-06
"P001625",64,2017-06-20
"P001625",53,2018-12-05
"P001625",4,2021-11-20
"P001625",64,2022-08-12
"P001625",25,2023-02-09
"P001625",28,2031-09-22
"P001625",1,2042-08-14
"P001626",8,2019-07-14
"P001626",12,2027-09-14
"P001626",28,2037-05-22
"P001626",23,2040-06-27
"P001627",18,2001-06-20
"P001627",57,2029-02-16
"P001627",1,2029-10-01
"P001628",26,1993-01-29
"P001628",25,1995-02-16
"P001629",18,1977-09-16
"P001629",18,1986-06-16
"P001629",15,1988-03-29
"P001629",54,1988-07-28
"P001629",3,1988-12-09
"P001629",5,1998-11-29
"P001629",54,1999-04-28
"P001630",8,1995-12-20
"P001630",61,2012-05-30
"P001630",55,2021-01-05
"P001630",60,2028-12-13
"P001630",38,2030-04-30
"P001630",62,2031-09-18
"P001631",55,1987-06-19
"P001631",59,1987-11-13
"P001631",18,1987-12-14
"P001632",11,1990-03-21
"P001632",4,1991-07-18
"P001632",32,1992-07-01
"P001632",34,2013-03-31
"P001632",40,2013-09-26
"P001632",61,2015-04-16
"P001633",4,1965-07-03
"P001633",58,1966-11-26
"P001633",64,1967-01-25
"P001633",10,1968-05-16
"P001633",28,1968-05-30
"P001633",1,1975-01-06
"P001633",12,1981-01-12
"P001633",2,1993-01-19
"P001634",26,2030-07-28
"P001634",52,2030-08-14
"P001635",21,1993-10-31
"P001635",14,1994-03-29
"P001635",58,1994-09-12
"P001635",28,1996-08-20
"P001635",25,2000-10-08
"P001636",16,1976-02-06
"P001636",20,1977-03-11
"P001636",67,1978-01-10
"P001636",41,1978-03-07
"P001636",62,1979-12-17
"P001636",2,1984-10-24
"P001636",52,1995-02-14
"P001636",65,2005-10-11
"P001637",23,1990-06-13
"P001637",28,1997-05-20
"P001637",49,1999-08-14
"P001637",3,2007-05-29
"P001637",11,2010-08-22
"P001637",27,2014-11-06
"P001637",30,2016-03-07
"P001637",3,2017-07-19
"P001637",3,2022-12-02
"P001637",27,2025-04-27
"P001638",28,2030-05-09
"P001639",13,1993-02-26
"P001639",67,1995-12-23
"P001639",43,1996-10-22
"P001640",13,2018-12-19
"P001640",4,2029-12-22
"P001640",28,2032-12-20
"P001640",14,2053-11-23
"P001641",24,1986-12-23
"P001641",40,1987-06-03
"P001641",21,1988-04-03
"P001641",20,1989-03-08
"P001641",18,1990-10-27
"P001641",6,1992-05-24
"P001641",52,2002-08-29
"P001641",47,2008-07-14
"P001641",25,2010-03-11
"P001641",62,2011-12-23
"P001641",21,2012-04-02
"P001641",65,2012-06-18
"P001641",6,2012-08-27
"P001641",47,2012-10-05
"P001641",27,2015-04-01
"P001642",20,2006-10-05
"P001642",40,2006-12-27
"P001642",3,2023-11-03
"P001643",33,1976-11-21
"P001643",66,1977-06-02
"P001643",3,1993-07-03
"P001644",58,1986-04-23
"P001644",10,1986-08-10
"P001645",30,2012-06-16
"P001645",21,2029-08-29
"P001646",26,1998-03-08
"P001646",16,1999-03-03
"P001646",14,2000-04-22
"P001646",4,2002-02-03
"P001646",6,2017-10-05
"P001646",55,2018-08-25
"P001647",11,2000-03-25
"P001647",6,2000-04-29
"P001647",49,2016-10-23
"P001647",2,2017-07-17
"P001648",25,1993-11-30
"P001648",3,2016-02-14
"P001648",28,2024-05-31
"P001648",62,2026-03-20
"P001649",43,2003-01-08
"P001649",21,2015-04-12
"P001649",11,2024-09-17
"P001649",40,2024-10-27
"P001649",15,2025-03-12
"P001649",36,2026-04-30
"P001650",18,2015-01-06
"P001650",48,2017-03-23
"P001650",18,2032-06-19
"P001650",49,2034-01-26
"P001650",22,2034-10-15
"P001650",66,2036-03-14
"P001650",26,2046-01-09
"P001650",8,2046-09-25
"P001650",8,2052-03-06
"P001651",49,1997-10-04
"P001651",8,2013-04-14
"P001651",56,2017-07-23
"P001651",3,2024-02-05
"P001652",27,2002-11-11
"P001652",12,2006-09-25
"P001652",55,2007-07-05
"P001652",24,2037-08-11
"P001653",54,2043-04-08
"P001653",19,2045-11-19
"P001654",47,1987-08-29
"P001654",11,1989-12-31
"P001654",38,1990-03-12
"P001654",26,1991-05-22
"P001654",23,1997-07-28
"P001654",25,1999-10-15
"P001654",52,2002-10-24
"P001654",7,2015-01-13
"P001654",28,2015-06-28
"P001654",19,2016-05-07
"P001654",15,2019-05-15
"P001655",42,1985-10-27
"P001655",30,1986-06-27
"P001655",40,1986-11-03
"P001655",2,1995-10-20
"P001655",11,2008-10-16
"P001655",3,2015-11-08
"P001656",61,1983-08-31
"P001656",53,1984-10-07
"P001656",3,1987-08-09
"P001656",17,2002-10-20
"P001657",54,1964-07-05
"P001657",55,1984-08-17
"P001657",11,1988-02-25
"P001657",40,1990-06-24
"P001657",2,1997-07-11
"P001657",53,1998-12-16
"P001657",42,1999-03-31
"P001658",27,1999-08-02
"P001658",52,2016-02-11
"P001658",38,2018-04-04
"P001659",55,1981-03-12
"P001659",28,2001-04-27
"P001659",1,2001-09-24
"P001659",14,2002-09-11
"P001659",63,2003-03-04
"P001660",6,1996-11-01
"P001660",27,1998-01-19
"P001660",14,2001-03-16
"P001660",30,2007-06-05
"P001660",3,2008-07-28
"P001660",35,2009-04-21
"P001660",10,2009-09-01
"P001661",39,1994-07-21
"P001661",7,1997-09-10
"P001661",52,2000-12-09
"P001661",1,2008-11-05
"P001661",13,2010-10-13
"P001661",52,2016-03-06
"P001661",2,2017-07-18
"P001661",24,2020-03-18
"P001661",53,2020-12-22
"P001661",49,2025-12-06
"P001662",55,1981-03-16
"P001662",12,1983-06-29
"P001662",56,1985-11-02
"P001662",30,1986-04-08
"P001662",28,1986-09-03
"P001662",18,1987-03-24
"P001662",18,1988-02-23
"P001662",12,1989-01-31
"P001662",66,1990-01-21
"P001662",56,1990-05-15
"P001662",56,1990-09-14
"P001662",8,2006-01-19
"P001662",8,2007-06-10
"P001662",41,2007-09-10
"P001662",8,2008-05-26
"P001662",31,2008-09-07
"P001662",13,2010-04-02
"P001663",28,2002-05-01
"P001663",21,2009-03-10
"P001663",42,2010-09-18
"P001663",14,2017-03-20
"P001663",28,2019-02-01
"P001663",60,2040-06-24
"P001663",38,2040-11-21
"P001664",55,1979-03-11
"P001664",41,1981-01-13
"P001664",12,1983-01-05
"P001664",57,1994-11-01
"P001664",6,2004-05-17
"P001665",4,1993-05-03
"P001665",3,1994-09-28
"P001665",28,2012-09-18
"P001665",12,2014-10-11
"P001665",6,2022-10-19
"P001665",34,2022-12-19
"P001665",65,2025-05-24
"P001665",31,2027-09-19
"P001665",37,2028-05-24
"P001666",62,1980-08-15
"P001666",7,1984-12-22
"P001666",21,1989-10-29
"P001666",21,2006-02-07
"P001667",28,1975-01-05
"P001667",3,1978-06-02
"P001667",25,1982-12-30
"P001667",18,1984-06-15
"P001667",4,1984-10-15
"P001667",3,1998-04-07
"P001667",39,1998-11-26
"P001667",35,1999-09-30
"P001668",52,1980-09-11
"P001668",47,1981-07-12
"P001668",38,1982-12-20
"P001668",27,1996-07-14
"P001668",55,1998-01-12
"P001669",1,1987-07-19
"P001669",54,1991-06-08
"P001669",14,1992-12-30
"P001669",65,1999-07-18
"P001670",21,1996-04-04
"P001670",4,1999-05-01
"P001670",1,1999-06-28
"P001670",38,2007-02-07
"P001670",54,2009-04-25
"P001670",55,2022-12-19
"P001670",46,2024-02-05
"P001671",25,1983-07-17
"P001671",3,2001-06-05
"P001671",6,2003-06-26
"P001671",41,2009-02-22
"P001672",6,2004-12-02
"P001672",49,2007-12-06
"P001672",64,2009-12-10
"P001672",47,2022-05-19
"P001672",31,2024-02-28
"P001672",14,2027-05-04
"P001673",12,1972-05-01
"P001673",8,1991-09-12
"P001673",54,1991-10-09
"P001673",7,1994-04-01
"P001673",64,1994-09-05
"P001673",26,2003-01-10
"P001674",18,2008-03-29
"P001675",23,1972-08-22
"P001675",54,1985-10-02
"P001675",23,1986-05-04
"P001675",28,1987-11-17
"P001675",50,1991-06-30
"P001675",1,1991-11-02
"P001675",25,1993-01-15
"P001675",3,2001-10-03
"P001676",21,2028-01-06
"P001676",2,2038-04-24
"P001676",28,2041-05-24
"P001677",14,2014-04-06
"P001677",58,2015-10-31
"P001677",10,2017-10-31
"P001677",28,2018-06-05
"P001677",3,2042-01-07
"P001677",27,2045-02-12
"P001678",3,1998-12-04
"P001678",28,2031-11-30
"P001679",21,2029-04-30
"P001680",47,1978-09-12
"P001680",23,1991-04-18
"P001680",26,1996-09-03
"P001680",41,2000-07-22
"P001680",34,2001-03-23
"P001681",4,2030-01-31
"P001681",23,2030-12-30
"P001682",9,1999-03-07
"P001682",15,2010-11-18
"P001683",41,1999-06-16
"P001683",40,2000-11-19
"P001683",25,2002-01-12
"P001683",62,2002-06-23
"P001683",62,2003-07-05
"P001683",62,2004-04-10
"P001683",6,2004-05-29
"P001683",4,2006-03-17
"P001683",66,2006-12-25
"P001683",56,2007-07-20
"P001683",2,2007-12-08
"P001683",32,2009-07-08
"P001683",26,2029-10-01
"P001684",36,1991-10-11
"P001684",55,1991-12-22
"P001684",3,1992-10-21
"P001684",49,1993-01-27
"P001684",18,1994-04-22
"P001684",30,1994-12-25
"P001684",15,1996-06-30
"P001684",55,1999-02-10
"P001684",59,1999-05-12
"P001684",4,2000-09-14
"P001684",53,2000-12-15
"P001684",19,2000-12-26
"P001684",2,2002-02-25
"P001684",52,2007-11-24
"P001684",15,2009-10-30
"P001684",1,2016-11-18
"P001684",16,2021-12-23
"P001684",35,2022-02-21
"P001684",2,2027-03-01
"P001685",28,1977-11-06
"P001685",30,1979-11-02
"P001685",17,1985-12-07
"P001685",39,1989-03-06
"P001685",35,1989-11-05
"P001685",16,1991-02-08
"P001685",64,1992-01-20
"P001685",15,1993-12-18
"P001685",56,1994-01-11
"P001685",19,1994-08-10
"P001685",57,1994-08-20
"P001685",28,1996-11-26
"P001685",1,1997-08-18
"P001685",62,2001-11-23
"P001686",26,1976-08-11
"P001686",28,1976-12-25
"P001686",14,1991-11-08
"P001686",61,1995-05-17
"P001686",6,1998-06-25
"P001687",39,1972-09-05
"P001687",10,1973-07-23
"P001687",12,1980-07-07
"P001687",7,1983-06-19
"P001687",8,1986-11-11
"P001687",42,1990-07-07
"P001687",14,1993-10-28
"P001687",14,2005-12-21
"P001688",24,1983-03-22
"P001688",32,1984-11-11
"P001688",10,1988-04-06
"P001688",23,1991-03-04
"P001688",17,2011-06-10
"P001689",3,1994-07-26
"P001689",52,2005-12-28
"P001689",50,2009-10-05
"P001689",29,2011-05-08
"P001689",9,2012-07-24
"P001689",47,2013-02-28
"P001689",31,2013-04-01
"P001690",26,1988-01-23
"P001690",52,1996-12-16
"P001690",28,2014-07-31
"P001690",63,2015-03-14
"P001691",14,1990-04-27
"P001691",52,1993-07-14
"P001691",55,1996-10-08
"P001691",60,2002-12-18
"P001691",27,2005-09-18
"P001691",3,2006-01-05
"P001691",39,2007-08-19
"P001691",52,2010-06-12
"P001692",32,1993-12-18
"P001692",2,2007-03-14
"P001692",4,2014-04-07
"P001692",11,2014-05-23
"P001693",39,2001-02-28
"P001693",6,2004-04-16
"P001693",3,2006-05-29
"P001693",39,2013-02-23
"P001693",6,2016-09-06
"P001693",1,2017-04-01
"P001693",53,2024-01-21
"P001694",23,2004-10-19
"P001694",21,2010-06-14
"P001694",18,2011-07-16
"P001694",30,2015-06-23
"P001694",4,2028-02-01
"P001694",52,2036-03-19
"P001694",47,2037-04-17
"P001695",2,2019-03-28
"P001695",14,2022-08-26
"P001695",7,2026-07-14
"P001695",41,2034-01-29
"P001695",2,2034-09-30
"P001695",40,2036-07-19
"P001696",1,1998-01-29
"P001696",39,2000-01-08
"P001696",51,2001-02-23
"P001696",34,2006-04-23
"P001696",32,2008-07-06
"P001697",24,1989-02-16
"P001697",55,1992-05-11
"P001697",39,1992-09-30
"P001697",31,2024-03-28
"P001698",48,2006-04-05
"P001698",7,2007-01-30
"P001698",11,2017-11-26
"P001698",15,2019-08-06
"P001698",18,2023-01-30
"P001699",55,1981-02-26
"P001699",28,1987-07-06
"P001699",11,1993-09-18
"P001699",41,1994-03-14
"P001699",42,1994-10-18
"P001700",22,2013-06-24
"P001700",61,2014-03-04
"P001700",28,2024-03-25
"P001700",16,2024-10-08
"P001700",57,2035-07-13
"P001700",26,2038-08-05
"P001701",38,1982-01-27
"P001701",53,1982-12-22
"P001702",52,2015-07-18
"P001702",17,2024-07-28
"P001702",11,2031-07-02
"P001702",36,2031-10-07
"P001702",30,2035-12-28
"P001702",57,2037-01-04
"P001702",11,2051-08-03
"P001703",3,1961-10-18
"P001703",52,1973-03-11
"P001703",28,1984-11-05
"P001703",1,1988-07-17
"P001704",42,1975-10-08
"P001704",28,1977-03-31
"P001704",51,1984-02-19
"P001704",10,1984-05-14
"P001705",53,1976-01-12
"P001705",13,1993-03-25
"P001705",24,1996-03-31
"P001705",53,2001-02-02
"P001705",52,2001-06-24
"P001706",27,1969-07-30
"P001706",65,1970-04-13
"P001706",16,1970-08-02
"P001706",23,1971-10-09
"P001706",36,1974-08-12
"P001706",28,1986-08-27
"P001706",49,2003-02-28
"P001707",40,2003-12-26
"P001707",55,2019-10-04
"P001707",1,2021-07-01
"P001707",52,2034-11-12
"P001707",55,2035-11-03
"P001707",18,2036-08-09
"P001707",1,2036-10-10
"P001707",9,2037-02-26
"P001707",66,2037-08-18
"P001707",66,2037-11-13
"P001707",1,2039-05-01
"P001708",4,1962-01-14
"P001708",28,1970-01-10
"P001708",27,1998-09-13
"P001708",26,2000-06-05
"P001709",58,1990-06-09
"P001709",18,2000-10-22
"P001709",2,2004-11-26
"P001709",50,2010-03-20
"P001709",52,2021-03-03
"P001709",57,2021-03-06
"P001710",62,2002-10-01
"P001710",4,2009-04-16
"P001710",43,2041-07-21
"P001711",23,2021-07-21
"P001711",8,2024-03-12
"P001711",1,2035-05-05
"P001712",12,2000-11-27
"P001712",1,2008-05-23
"P001712",49,2012-10-13
"P001713",49,1984-07-17
"P001713",16,1985-08-07
"P001713",4,1986-01-06
"P001713",43,2004-09-17
"P001713",52,2004-12-04
"P001714",49,2020-02-18
"P001714",64,2021-02-22
"P001714",59,2022-03-15
"P001714",6,2024-04-15
"P001714",14,2024-09-10
"P001714",23,2024-10-03
"P001714",53,2030-06-28
"P001714",49,2030-10-28
"P001714",25,2030-12-16
"P001714",22,2031-07-16
"P001714",45,2033-12-28
"P001715",47,2016-10-01
"P001715",3,2024-07-15
"P001715",30,2035-02-16
"P001716",52,2011-05-25
"P001716",26,2011-09-18
"P001716",16,2011-10-08
"P001716",24,2014-08-09
"P001716",49,2016-04-03
"P001716",38,2021-04-12
"P001717",44,1999-08-21
"P001717",26,2006-05-24
"P001717",3,2007-01-08
"P001717",12,2016-07-06
"P001717",8,2020-10-15
"P001718",11,2002-03-27
"P001718",30,2004-11-30
"P001718",4,2017-05-08
"P001718",43,2023-03-09
"P001720",21,2011-06-10
"P001720",50,2013-04-09
"P001720",27,2017-03-23
"P001720",1,2023-02-02
"P001721",4,1991-10-23
"P001721",2,1996-01-12
"P001721",5,2010-04-01
"P001721",27,2010-06-27
"P001721",48,2014-03-01
"P001722",28,1965-03-18
"P001722",17,1969-03-20
"P001722",57,1979-06-11
"P001722",26,1979-07-06
"P001722",21,1980-01-08
"P001723",53,2001-02-01
"P001723",48,2001-08-29
"P001723",49,2002-05-02
"P001723",50,2003-02-07
"P001723",43,2006-01-18
"P001723",43,2021-07-11
"P001723",1,2024-04-06
"P001723",61,2029-03-16
"P001724",27,2007-08-12
"P001725",14,1982-04-29
"P001725",24,1983-05-07
"P001725",11,1984-09-01
"P001725",28,1992-01-20
"P001725",18,1993-06-29
"P001725",66,1994-06-29
"P001725",46,1995-05-11
"P001725",33,1997-01-27
"P001725",28,1997-06-05
"P001725",40,1998-08-12
"P001725",25,2000-02-10
"P001725",30,2009-06-13
"P001725",41,2013-10-02
"P001725",24,2016-03-24
"P001725",62,2020-03-28
"P001726",30,2017-09-15
"P001726",53,2018-03-24
"P001727",1,2016-03-09
"P001727",14,2020-12-14
"P001727",1,2021-12-09
"P001727",4,2043-01-21
"P001727",12,2052-02-12
"P001728",30,2018-06-05
"P001728",28,2054-02-19
"P001729",1,2008-08-06
"P001729",25,2017-03-13
"P001729",56,2021-07-01
"P001729",25,2022-10-26
"P001729",62,2026-04-01
"P001729",23,2027-09-25
"P001730",30,2042-04-27
"P001730",53,2043-06-02
"P001730",3,2044-05-10
"P001730",25,2052-01-10
"P001731",2,2017-11-03
"P001731",23,2020-01-31
"P001731",3,2020-03-26
"P001731",3,2029-03-01
"P001732",55,2000-12-15
"P001732",27,2003-08-13
"P001732",4,2003-11-02
"P001732",3,2005-08-21
"P001733",2,2008-11-01
"P001733",27,2010-03-11
"P001733",3,2011-02-25
"P001733",28,2016-07-03
"P001733",48,2031-10-11
"P001734",4,2015-05-29
"P001734",4,2021-12-08
"P001735",24,1987-12-22
"P001735",17,1988-03-19
"P001735",18,1994-10-10
"P001735",8,1999-06-09
"P001735",28,2003-01-14
"P001735",41,2003-05-08
"P001735",54,2012-03-27
"P001735",25,2015-09-21
"P001736",27,1993-05-20
"P001736",28,1994-04-19
"P001736",18,2011-01-22
"P001736",3,2012-10-12
"P001737",18,2005-12-13
"P001737",44,2028-04-17
"P001737",38,2031-03-06
"P001738",61,1990-03-17
"P001738",4,1992-09-19
"P001738",18,1996-12-27
"P001738",28,1998-08-02
"P001738",2,2004-10-03
"P001738",6,2011-03-16
"P001738",52,2011-10-22
"P001739",3,2001-12-02
"P001739",61,2007-02-17
"P001739",1,2008-12-28
"P001739",11,2009-11-30
"P001739",34,2011-01-07
"P001739",15,2017-02-16
"P001739",13,2018-01-29
"P001739",2,2031-12-28
"P001741",42,1990-03-17
"P001741",6,1992-01-13
"P001741",41,1992-05-04
"P001741",34,1992-06-28
"P001741",21,1997-01-21
"P001741",28,2024-05-27
"P001741",10,2024-07-03
"P001742",42,2002-02-27
"P001742",55,2002-02-28
"P001742",49,2003-12-14
"P001742",7,2005-09-28
"P001742",23,2014-08-28
"P001743",4,1972-01-07
"P001743",46,1972-01-24
"P001743",28,1974-07-13
"P001743",60,1999-09-02
"P001744",28,1989-10-25
"P001744",52,1994-09-11
"P001744",55,1997-01-20
"P001744",1,1997-07-09
"P001744",18,1998-01-29
"P001744",19,1999-10-03
"P001744",24,2000-09-28
"P001744",49,2001-10-23
"P001744",28,2003-07-15
"P001744",1,2004-08-09
"P001744",30,2004-08-12
"P001744",27,2007-12-01
"P001744",16,2008-09-03
"P001744",8,2009-06-18
"P001744",23,2010-07-28
"P001744",28,2021-06-29
"P001744",6,2021-11-06
"P001745",3,2002-08-26
"P001745",13,2004-05-06
"P001745",1,2009-02-08
"P001745",54,2010-06-26
"P001745",14,2027-08-25
"P001746",43,1990-06-11
"P001746",4,2004-04-25
"P001746",3,2007-07-01
"P001746",23,2012-10-31
"P001746",55,2020-02-15
"P001747",25,1992-12-27
"P001747",56,1993-07-21
"P001747",22,2000-09-07
"P001747",61,2004-02-23
"P001747",52,2010-06-28
"P001747",62,2011-05-13
"P001747",12,2017-07-12
"P001747",41,2025-07-19
"P001748",55,2019-09-25
"P001748",1,2021-06-30
"P001748",17,2029-06-08
"P001748",31,2029-09-30
"P001748",28,2040-01-03
"P001749",28,1978-06-16
"P001749",11,1981-08-16
"P001749",15,1982-03-27
"P001749",18,1983-05-06
"P001749",55,1984-07-18
"P001750",50,1989-06-27
"P001750",18,1996-09-09
"P001750",64,2001-04-26
"P001750",49,2026-04-14
"P001751",18,1989-03-28
"P001751",18,1990-04-14
"P001752",40,2015-09-10
"P001752",23,2016-05-08
"P001752",62,2016-06-16
"P001752",17,2037-12-01
"P001752",31,2038-08-25
"P001752",27,2040-04-28
"P001753",28,2029-12-28
"P001753",1,2046-12-27
"P001755",23,1962-06-21
"P001755",53,1988-07-17
"P001755",45,1990-06-25
"P001755",1,1991-05-08
"P001756",3,2000-08-08
"P001756",27,2004-09-09
"P001756",28,2006-04-04
"P001756",1,2006-07-23
"P001756",2,2019-11-07
"P001756",43,2021-04-22
"P001756",26,2021-10-16
"P001756",25,2024-02-27
"P001756",60,2025-01-11
"P001756",27,2025-08-02
"P001757",28,1983-02-06
"P001757",25,1991-10-26
"P001757",47,2001-07-09
"P001757",57,2001-11-04
"P001757",1,2006-10-05
"P001758",19,2001-02-20
"P001758",4,2009-09-11
"P001758",61,2016-06-04
"P001758",52,2022-01-24
"P001758",19,2024-03-03
"P001758",25,2031-06-03
"P001759",50,1964-07-06
"P001759",8,1967-09-07
"P001759",52,1967-12-14
"P001759",28,1979-12-14
"P001759",55,1981-06-17
"P001759",34,1982-03-01
"P001759",52,1990-09-05
"P001760",6,2017-04-18
"P001760",27,2026-02-15
"P001760",62,2027-10-21
"P001760",1,2027-11-28
"P001760",44,2033-07-14
"P001761",5,2031-12-11
"P001761",32,2032-07-09
"P001761",52,2033-04-01
"P001761",37,2033-05-28
"P001761",40,2033-06-02
"P001761",28,2039-02-15
"P001761",43,2039-04-05
"P001761",7,2039-06-29
"P001762",4,2019-08-28
"P001763",28,2005-05-27
"P001763",4,2011-11-30
"P001764",49,1995-10-13
"P001764",16,2000-11-08
"P001764",7,2001-08-26
"P001764",67,2004-03-22
"P001764",42,2022-11-20
"P001765",1,1991-12-22
"P001765",58,1993-03-18
"P001765",11,1995-09-28
"P001765",11,1999-08-30
"P001765",28,2001-09-06
"P001765",39,2002-07-31
"P001765",2,2005-11-03
"P001766",31,2005-05-10
"P001766",63,2008-08-10
"P001766",17,2017-06-08
"P001766",43,2018-06-07
"P001766",64,2018-12-21
"P001766",65,2020-03-23
"P001766",41,2025-05-25
"P001767",52,1967-07-31
"P001767",55,1968-12-05
"P001767",4,1983-02-25
"P001767",53,1983-04-28
"P001767",32,1985-04-07
"P001767",11,1997-08-29
"P001768",11,1987-05-21
"P001768",58,1988-07-31
"P001768",37,1989-07-10
"P001768",21,1990-01-26
"P001768",61,1990-10-13
"P001768",31,1991-04-13
"P001768",62,1991-08-18
"P001768",41,1992-01-06
"P001768",10,1992-12-18
"P001768",1,1996-01-23
"P001768",41,2007-01-31
"P001768",15,2011-02-08
"P001769",9,1991-04-28
"P001769",62,1999-08-13
"P001769",36,2004-01-31
"P001769",1,2015-06-19
"P001769",56,2022-09-19
"P001769",14,2026-05-22
"P001770",63,1994-01-26
"P001770",13,1998-06-21
"P001770",4,2017-06-25
"P001771",62,2019-11-11
"P001771",43,2023-04-24
"P001771",16,2025-10-22
"P001771",23,2029-07-08
"P001771",30,2030-12-20
"P001771",57,2031-04-29
"P001771",15,2034-07-27
"P001772",67,1982-10-27
"P001772",15,1992-05-23
"P001772",62,1994-03-16
"P001772",23,1994-11-20
"P001772",6,1996-03-02
"P001772",13,1997-06-17
"P001772",55,1998-10-20
"P001772",23,1999-07-19
"P001772",25,2001-03-05
"P001772",27,2003-02-11
"P001772",27,2003-03-12
"P001773",57,1993-10-28
"P001773",2,1997-04-23
"P001773",3,1998-08-09
"P001773",17,2004-01-06
"P001773",11,2013-05-01
"P001773",30,2013-07-20
"P001773",35,2013-11-30
"P001773",31,2014-01-07
"P001773",40,2014-08-01
"P001773",37,2015-04-05
"P001774",58,1968-04-14
"P001774",16,1968-07-20
"P001774",23,1969-01-15
"P001774",33,1970-02-10
"P001774",52,1970-08-07
"P001774",34,1972-01-26
"P001774",30,1982-02-15
"P001774",53,1982-06-29
"P001774",30,1984-03-13
"P001774",40,1985-02-24
"P001775",27,1981-09-12
"P001775",8,1983-03-29
"P001775",27,2008-04-29
"P001775",42,2008-10-21
"P001776",18,1981-11-13
"P001776",8,1982-02-08
"P001776",18,1982-05-01
"P001776",17,1995-04-18
"P001777",16,2023-12-06
"P001777",25,2024-01-18
"P001777",9,2024-01-22
"P001777",52,2025-11-28
"P001777",36,2028-06-25
"P001777",38,2033-01-15
"P001777",32,2036-06-02
"P001777",36,2045-06-18
"P001777",47,2045-06-26
"P001778",55,2022-03-01
"P001778",26,2027-08-04
"P001778",49,2028-07-08
"P001778",4,2031-03-17
"P001778",28,2045-10-23
"P001778",30,2046-03-11
"P001778",30,2047-01-10
"P001778",3,2054-03-11
"P001779",48,2006-01-02
"P001779",23,2035-06-27
"P001779",28,2035-11-28
"P001780",62,1974-02-11
"P001780",8,2000-09-03
"P001780",42,2000-10-13
"P001780",51,2000-12-14
"P001780",26,2001-03-12
"P001780",32,2001-10-19
"P001780",30,2002-09-25
"P001781",4,2015-01-22
"P001782",11,1964-01-22
"P001782",49,1968-10-21
"P001782",28,1993-01-28
"P001783",18,1998-04-21
"P001783",1,2000-03-24
"P001784",28,2015-06-12
"P001784",53,2016-07-13
"P001784",27,2017-02-27
"P001784",11,2021-02-23
"P001784",27,2024-08-24
"P001784",37,2024-09-12
"P001784",49,2033-04-14
"P001784",2,2033-08-22
"P001784",16,2033-10-02
"P001784",20,2037-12-02
"P001785",21,1962-10-16
"P001785",44,1998-07-19
"P001785",27,1998-11-22
"P001786",1,2026-09-01
"P001787",20,1997-01-16
"P001787",54,2003-09-22
"P001788",42,2009-11-12
"P001788",24,2010-01-02
"P001788",55,2011-07-09
"P001788",11,2018-05-11
"P001788",28,2026-08-02
"P001788",44,2027-08-05
"P001789",2,1997-10-26
"P001789",52,2003-01-01
"P001790",4,2027-12-21
"P001791",49,2003-08-23
"P001791",54,2004-10-19
"P001792",18,1998-01-07
"P001792",6,2011-06-30
"P001793",4,1986-06-10
"P001793",27,1990-03-26
"P001793",5,2005-01-12
"P001793",27,2011-08-01
"P001793",1,2013-06-21
"P001794",30,1970-12-11
"P001794",27,1971-11-17
"P001794",62,1978-01-17
"P001794",55,1989-10-27
"P001794",13,1991-06-14
"P001794",55,1993-05-31
"P001794",55,2004-03-01
"P001795",4,2016-12-29
"P001795",3,2046-02-28
"P001796",2,2016-05-02
"P001796",28,2018-07-15
"P001796",28,2028-02-11
"P001796",67,2032-10-08
"P001796",52,2033-05-21
"P001796",28,2036-10-15
"P001796",8,2043-06-09
"P001796",8,2045-03-12
"P001796",28,2049-03-24
"P001797",56,1991-04-25
"P001797",61,1993-10-27
"P001797",48,1994-10-05
"P001797",17,2001-02-20
"P001797",4,2013-07-30
"P001798",24,1997-06-08
"P001798",49,1997-11-18
"P001798",23,2002-07-01
"P001798",52,2015-04-21
"P001798",55,2023-01-07
"P001799",60,1979-05-28
"P001799",37,1981-05-25
"P001799",5,1983-11-12
"P001799",16,1984-11-05
"P001799",55,1984-11-08
"P001799",46,1985-06-22
"P001799",12,1985-08-19
"P001799",23,2004-02-03
"P001800",43,1984-03-14
"P001800",14,1984-06-24
"P001800",6,1987-04-20
"P001800",24,1994-02-25
"P001800",24,1994-09-25
"P001800",35,1994-12-30
"P001800",40,1995-02-20
"P001800",28,1995-02-20
"P001800",14,1995-05-03
"P001800",24,1995-05-16
"P001800",41,1996-09-14
"P001800",6,1996-10-07
"P001800",5,1997-07-12
"P001800",7,2000-08-21
"P001800",13,2002-02-09
"P001800",64,2003-09-06
"P001800",55,2009-04-05
"P001800",55,2015-02-16
"P001801",2,1983-11-05
"P001801",28,1987-04-26
"P001801",30,1989-06-03
"P001801",59,1990-04-10
"P001801",60,1990-10-21
"P001801",44,1991-04-16
"P001801",40,1991-10-15
"P001802",21,1984-11-19
"P001802",11,1988-07-12
"P001802",3,2003-01-13
"P001802",30,2004-08-19
"P001802",35,2005-09-26
"P001802",11,2008-05-24
"P001802",37,2011-12-08
"P001802",47,2012-07-16
"P001802",65,2013-03-22
"P001802",14,2014-05-06
"P001803",28,1970-09-29
"P001803",1,1980-07-05
"P001804",39,2003-07-30
"P001804",23,2014-11-13
"P001804",29,2015-03-04
"P001804",30,2015-03-05
"P001804",65,2022-03-25
"P001805",27,1965-05-21
"P001805",50,1966-12-18
"P001805",62,1969-05-09
"P001805",2,1970-02-01
"P001805",52,1978-04-09
"P001805",55,1979-05-15
"P001806",67,2007-08-11
"P001806",2,2008-04-02
"P001806",67,2008-04-10
"P001806",67,2008-08-24
"P001806",43,2008-09-14
"P001806",26,2014-02-28
"P001806",57,2029-06-20
"P001806",28,2033-11-11
"P001806",12,2035-04-01
"P001806",8,2036-07-10
"P001806",2,2037-07-03
"P001807",13,1994-07-17
"P001807",14,1995-04-03
"P001807",43,1997-12-16
"P001807",24,2002-06-28
"P001807",1,2008-01-15
"P001807",40,2012-10-31
"P001807",20,2014-09-28
"P001807",14,2021-07-20
"P001807",3,2028-11-14
"P001808",56,2007-01-02
"P001808",4,2008-10-16
"P001808",15,2014-09-23
"P001808",7,2015-11-25
"P001808",48,2025-08-03
"P001808",61,2029-01-13
"P001808",43,2038-02-04
"P001809",30,1994-07-31
"P001809",18,1996-06-26
"P001809",66,1996-07-15
"P001809",46,2006-06-05
"P001809",25,2007-11-15
"P001809",14,2017-10-12
"P001809",27,2022-06-11
"P001809",65,2024-07-22
"P001810",15,2025-07-16
"P001811",44,1979-03-28
"P001812",28,2010-02-08
"P001812",48,2019-04-02
"P001812",7,2020-08-09
"P001812",27,2021-01-25
"P001812",64,2022-08-19
"P001812",62,2025-05-16
"P001813",8,1963-08-08
"P001813",67,1964-01-09
"P001813",8,1964-07-27
"P001813",13,1964-11-20
"P001813",27,1964-12-22
"P001813",13,1965-01-15
"P001813",13,1965-04-02
"P001813",13,1965-10-14
"P001813",28,1999-05-17
"P001814",28,2035-05-28
"P001814",25,2047-05-26
"P001815",2,1994-07-25
"P001815",23,1998-04-05
"P001815",59,1998-05-01
"P001815",2,1998-11-24
"P001815",61,2000-08-13
"P001815",63,2001-10-08
"P001815",63,2004-09-16
"P001815",8,2014-11-24
"P001815",21,2018-07-09
"P001816",61,2001-09-02
"P001816",60,2011-04-20
"P001816",39,2013-01-04
"P001816",26,2018-08-12
"P001817",15,2001-04-08
"P001817",49,2023-08-18
"P001818",12,2007-11-06
"P001818",40,2013-12-16
"P001818",28,2032-05-05
"P001818",56,2035-04-04
"P001818",25,2041-09-09
"P001819",3,2007-07-19
"P001819",1,2007-09-22
"P001819",18,2007-11-03
"P001819",21,2013-10-11
"P001819",57,2043-11-21
"P001820",28,1977-05-17
"P001820",41,1996-06-01
"P001820",8,2010-10-26
"P001821",23,2000-04-03
"P001821",4,2025-06-06
"P001822",27,1988-12-19
"P001822",26,1990-04-24
"P001822",52,1997-11-20
"P001822",28,2005-03-06
"P001822",30,2006-10-11
"P001822",63,2008-03-30
"P001823",53,1992-04-30
"P001824",2,2011-05-24
"P001824",34,2012-08-17
"P001824",63,2018-07-28
"P001824",34,2018-09-22
"P001824",30,2020-12-20
"P001824",24,2022-01-28
"P001824",4,2023-08-05
"P001824",44,2023-10-19
"P001824",53,2025-01-19
"P001824",32,2025-04-28
"P001824",42,2025-07-23
"P001824",50,2026-02-05
"P001824",8,2027-01-13
"P001824",10,2027-01-21
"P001824",8,2028-02-24
"P001824",5,2031-08-20
"P001824",48,2035-05-17
"P001824",37,2044-06-12
"P001824",40,2045-10-06
"P001824",40,2046-02-04
"P001825",23,2020-06-15
"P001825",52,2025-04-08
"P001825",8,2027-08-13
"P001825",31,2030-07-25
"P001825",2,2039-11-01
"P001826",23,2021-07-20
"P001826",28,2030-05-23
"P001826",28,2034-11-28
"P001827",28,1978-06-07
"P001827",17,1987-06-02
"P001827",4,1991-07-21
"P001827",29,2001-11-06
"P001827",3,2002-07-03
"P001828",28,1968-08-11
"P001828",24,1972-06-09
"P001828",53,1976-09-21
"P001828",28,1984-04-12
"P001828",58,1993-03-11
"P001828",10,1993-05-27
"P001828",18,1993-12-07
"P001828",15,1994-03-05
"P001828",60,1994-05-13
"P001828",43,1995-09-26
"P001828",40,2004-10-31
"P001829",25,2012-05-24
"P001829",27,2020-03-14
"P001829",23,2037-08-09
"P001830",30,2032-02-18
"P001831",4,1969-04-18
"P001831",21,1970-02-26
"P001831",28,1977-11-21
"P001831",49,1982-10-25
"P001831",54,1994-03-08
"P001831",46,1994-06-22
"P001831",21,2004-03-28
"P001831",62,2005-02-13
"P001831",31,2006-04-09
"P001832",11,1961-10-19
"P001832",1,1965-12-12
"P001832",55,1978-08-05
"P001833",55,2013-10-07
"P001833",11,2015-05-29
"P001833",8,2026-05-17
"P001833",14,2039-03-17
"P001833",15,2039-04-04
"P001834",12,1974-08-03
"P001834",30,1981-07-14
"P001834",55,1986-04-12
"P001834",39,1986-05-18
"P001834",28,2000-02-11
"P001835",4,2016-10-03
"P001835",1,2045-04-13
"P001835",12,2045-12-21
"P001836",5,1985-05-28
"P001836",1,1997-08-26
"P001836",61,1999-03-09
"P001836",53,2000-02-12
"P001836",7,2014-11-13
"P001837",2,1985-08-21
"P001837",3,1987-04-13
"P001837",28,1995-06-20
"P001837",18,1997-04-16
"P001837",37,2010-05-27
"P001837",21,2011-07-21
"P001837",49,2012-06-27
"P001837",22,2012-07-15
"P001837",1,2013-01-12
"P001838",40,1987-06-04
"P001838",42,1996-07-11
"P001838",8,2007-01-15
"P001838",4,2011-03-27
"P001839",10,2011-06-11
"P001839",22,2013-02-22
"P001839",47,2027-07-14
"P001839",55,2028-04-15
"P001839",8,2032-02-12
"P001839",31,2033-04-25
"P001839",26,2036-05-09
"P001839",15,2036-11-03
"P001839",25,2039-02-01
"P001839",33,2040-08-15
"P001839",2,2042-08-09
"P001840",21,2011-06-24
"P001840",11,2017-10-02
"P001840",6,2019-03-17
"P001840",1,2027-10-21
"P001841",4,2024-02-22
"P001841",44,2034-01-22
"P001841",55,2038-07-09
"P001841",36,2044-01-30
"P001841",28,2052-08-26
"P001842",15,1985-07-10
"P001842",25,1997-05-13
"P001842",43,1999-01-11
"P001842",14,2003-12-29
"P001842",3,2008-04-20
"P001842",14,2013-07-13
"P001842",41,2015-03-24
"P001843",25,1995-04-03
"P001843",1,2007-12-28
"P001843",1,2025-04-13
"P001844",43,1999-08-26
"P001844",28,2001-03-19
"P001844",40,2003-02-27
"P001844",8,2003-09-01
"P001844",18,2020-06-16
"P001844",66,2021-01-02
"P001844",42,2022-05-09
"P001845",52,2002-07-06
"P001845",28,2021-01-28
"P001845",1,2025-05-30
"P001845",65,2032-04-17
"P001846",19,2033-10-06
"P001846",12,2036-11-05
"P001846",27,2037-02-23
"P001847",27,2010-07-03
"P001847",11,2014-08-15
"P001847",61,2017-10-12
"P001847",39,2024-07-02
"P001848",52,2012-01-26
"P001848",17,2015-05-17
"P001848",10,2023-05-04
"P001848",28,2023-05-27
"P001849",18,1997-01-11
"P001849",11,2012-02-01
"P001849",1,2017-06-01
"P001849",4,2022-08-21
"P001850",27,1979-09-30
"P001850",23,1982-08-24
"P001850",2,1996-05-17
"P001850",28,2002-06-29
"P001850",23,2006-02-27
"P001850",9,2006-09-27
"P001850",4,2008-11-26
"P001851",2,2015-05-10
"P001852",23,1999-12-17
"P001852",23,2001-08-09
"P001852",9,2001-12-06
"P001852",52,2001-12-16
"P001852",19,2003-08-05
"P001853",24,2015-06-28
"P001853",44,2016-10-28
"P001853",32,2022-05-21
"P001853",62,2027-08-30
"P001853",23,2029-03-16
"P001853",42,2035-12-25
"P001853",32,2040-12-06
"P001853",8,2041-06-20
"P001853",32,2041-08-02
"P001853",52,2043-07-13
"P001854",52,1985-07-28
"P001854",6,1988-11-13
"P001854",60,1989-12-13
"P001854",17,1996-04-06
"P001854",28,2001-03-04
"P001855",30,1987-05-05
"P001855",10,1989-03-30
"P001855",22,1993-01-03
"P001855",8,1996-01-22
"P001855",4,2000-03-24
"P001855",53,2000-04-08
"P001856",38,1992-08-30
"P001856",9,1993-11-10
"P001856",15,1995-12-19
"P001856",26,1996-02-01
"P001856",43,2022-05-19
"P001856",26,2023-08-01
"P001856",12,2026-05-01
"P001857",32,2013-02-27
"P001857",3,2014-11-16
"P001857",59,2015-12-17
"P001857",53,2019-06-14
"P001858",25,2028-08-16
"P001858",62,2029-03-24
"P001858",14,2029-06-03
"P001858",58,2030-03-12
"P001858",64,2030-05-31
"P001858",53,2048-07-27
"P001858",50,2048-11-14
"P001858",9,2050-07-08
"P001858",28,2051-05-11
"P001858",28,2052-07-04
"P001859",62,2006-12-20
"P001859",27,2011-09-23
"P001859",6,2020-06-09
"P001859",14,2024-01-21
"P001859",27,2025-04-25
"P001859",7,2032-04-29
"P001860",30,1999-04-22
"P001860",4,1999-08-07
"P001860",8,2001-09-12
"P001860",52,2002-09-17
"P001861",3,2028-03-15
"P001861",49,2028-08-26
"P001861",52,2033-08-13
"P001861",12,2049-03-02
"P001861",21,2049-05-17
"P001861",3,2050-12-21
"P001861",5,2051-04-24
"P001862",18,1982-09-13
"P001862",25,1988-02-07
"P001862",28,1995-07-17
"P001862",41,1995-12-27
"P001862",6,1997-04-22
"P001862",55,1997-11-05
"P001862",28,2002-09-02
"P001862",62,2003-03-22
"P001863",23,2035-12-04
"P001863",9,2037-03-18
"P001863",6,2043-10-24
"P001863",8,2045-08-08
"P001864",23,1996-12-03
"P001864",55,2011-04-24
"P001864",23,2015-02-22
"P001865",23,1999-03-04
"P001865",12,2016-06-26
"P001865",14,2033-12-05
"P001865",43,2037-05-08
"P001867",7,2012-01-21
"P001867",11,2017-02-17
"P001867",6,2017-05-29
"P001867",4,2037-08-08
"P001868",21,1980-09-21
"P001868",21,1981-04-05
"P001868",44,1981-06-13
"P001868",8,1990-07-12
"P001868",52,1991-02-11
"P001868",15,1994-09-25
"P001868",15,1996-10-04
"P001868",23,1996-11-18
"P001868",27,2000-11-11
"P001869",44,1983-01-26
"P001869",2,1984-12-19
"P001869",3,2004-05-14
"P001869",24,2005-03-20
"P001870",52,2027-09-28
"P001870",42,2028-04-06
"P001870",21,2037-07-13
"P001870",47,2037-09-10
"P001870",12,2037-10-15
"P001870",5,2040-05-22
"P001870",36,2041-04-03
"P001870",21,2045-05-10
"P001870",52,2045-08-20
"P001871",18,2003-09-14
"P001871",44,2004-07-22
"P001871",28,2027-10-20
"P001872",2,1983-04-07
"P001872",7,1998-07-18
"P001872",14,2002-03-08
"P001872",61,2002-03-25
"P001872",22,2003-03-29
"P001872",24,2009-08-31
"P001872",27,2019-05-01
"P001872",53,2020-09-04
"P001873",44,1991-12-30
"P001873",27,1993-01-06
"P001873",22,1993-03-30
"P001873",55,1994-02-02
"P001873",42,1994-05-28
"P001873",49,1994-10-22
"P001873",45,1997-07-09
"P001873",67,1998-05-09
"P001873",8,2002-11-26
"P001873",4,2020-09-15
"P001873",17,2022-02-09
"P001874",7,2045-07-17
"P001875",41,1994-01-29
"P001875",12,2010-04-10
"P001875",53,2019-04-30
"P001875",45,2020-11-17
"P001876",56,1973-02-26
"P001876",25,1985-07-03
"P001876",18,1994-08-03
"P001877",18,2004-02-13
"P001877",12,2027-12-08
"P001878",41,1999-08-09
"P001878",6,1999-10-01
"P001878",58,2000-07-21
"P001878",4,2010-02-14
"P001878",58,2012-08-16
"P001878",29,2013-02-23
"P001878",28,2013-12-06
"P001878",55,2020-06-08
"P001878",14,2029-04-25
"P001878",13,2034-09-06
"P001879",49,1979-02-13
"P001879",23,1979-06-30
"P001879",37,1980-10-14
"P001879",25,1982-05-11
"P001879",56,1982-07-14
"P001879",3,1994-08-06
"P001879",47,1998-06-15
"P001880",3,2008-07-16
"P001880",28,2020-01-06
"P001880",67,2032-12-10
"P001880",1,2035-02-06
"P001880",13,2035-09-07
"P001880",55,2037-02-02
"P001881",28,2016-03-15
"P001881",40,2018-10-03
"P001881",2,2018-12-10
"P001881",4,2026-03-29
"P001881",15,2027-06-14
"P001881",26,2035-03-22
"P001881",55,2044-04-14
"P001881",50,2044-12-22
"P001882",25,1984-05-07
"P001882",55,1986-01-19
"P001882",14,1998-06-19
"P001882",2,1998-09-13
"P001882",34,2000-01-10
"P001882",17,2002-02-28
"P001883",24,2003-08-09
"P001883",61,2028-10-19
"P001883",48,2030-01-21
"P001884",38,2002-03-11
"P001884",13,2008-08-06
"P001885",17,2000-10-23
"P001886",28,1994-04-20
"P001887",42,2005-07-12
"P001887",18,2017-03-22
"P001887",67,2035-11-11
"P001887",8,2036-10-07
"P001888",23,2041-01-09
"P001888",39,2041-10-30
"P001888",11,2044-11-24
"P001889",21,2046-09-28
"P001890",28,1966-09-10
"P001890",65,1972-07-02
"P001890",19,1983-03-14
"P001890",55,2004-06-13
"P001891",19,2023-12-17
"P001891",13,2031-12-11
"P001891",61,2034-09-22
"P001891",28,2035-12-07
"P001891",50,2041-10-06
"P001891",55,2046-11-13
"P001891",55,2049-10-30
"P001891",49,2050-01-24
"P001891",1,2050-10-04
"P001892",52,1997-12-07
"P001892",11,2010-06-17
"P001893",4,2038-08-14
"P001893",8,2047-03-24
"P001893",28,2050-04-26
"P001894",23,2035-03-14
"P001894",27,2037-04-27
"P001894",25,2038-05-11
"P001894",1,2044-11-25
"P001895",4,1990-10-29
"P001895",3,1996-06-06
"P001895",39,1997-06-13
"P001895",40,1999-08-19
"P001895",54,2003-01-23
"P001895",55,2004-09-11
"P001895",3,2005-10-30
"P001895",28,2009-12-22
"P001895",2,2010-10-05
"P001895",28,2014-04-21
"P001895",44,2019-02-24
"P001896",4,2019-03-03
"P001896",14,2020-10-18
"P001896",27,2021-11-10
"P001896",17,2024-02-18
"P001896",26,2024-10-21
"P001896",25,2026-01-03
"P001897",28,1991-05-28
"P001897",4,2009-10-18
"P001897",53,2010-10-18
"P001897",42,2012-11-06
"P001897",32,2015-01-03
"P001897",3,2015-10-19
"P001898",1,2013-05-28
"P001899",14,1974-08-04
"P001899",18,1975-01-22
"P001899",10,1976-12-20
"P001899",14,1977-09-23
"P001899",22,1978-01-09
"P001899",28,1978-04-16
"P001899",4,1979-01-23
"P001899",41,1979-01-23
"P001899",12,1979-11-16
"P001899",64,1982-03-04
"P001899",11,1982-08-15
"P001899",11,1983-06-27
"P001899",50,1983-11-24
"P001899",49,1985-05-12
"P001899",24,1985-08-04
"P001899",19,2000-10-27
"P001899",28,2009-03-04
"P001899",28,2012-07-25
"P001900",1,2008-07-02
"P001900",3,2021-02-18
"P001900",49,2022-08-07
"P001900",52,2022-08-29
"P001900",12,2024-05-24
"P001901",15,1970-03-30
"P001901",61,1984-10-18
"P001901",22,1985-03-05
"P001901",5,1996-06-30
"P001901",7,1998-07-14
"P001901",28,2003-01-07
"P001901",30,2004-10-24
"P001902",25,1981-08-18
"P001902",30,2004-12-04
"P001903",24,2029-08-08
"P001903",6,2030-06-10
"P001903",19,2038-08-29
"P001903",5,2039-08-27
"P001903",61,2042-04-26
"P001904",11,1967-08-14
"P001904",26,1967-10-09
"P001904",66,1968-06-28
"P001904",2,1970-07-22
"P001904",44,1981-01-21
"P001904",27,1990-08-22
"P001904",55,1996-03-31
"P001904",10,1999-04-25
"P001904",14,2002-01-25
"P001904",21,2005-01-09
"P001905",6,2010-06-15
"P001905",17,2012-04-07
"P001905",65,2012-10-05
"P001905",25,2014-01-04
"P001905",61,2015-03-14
"P001905",49,2034-01-05
"P001905",52,2038-01-19
"P001905",61,2038-03-26
"P001905",15,2040-04-13
"P001905",11,2045-10-29
"P001906",26,1975-03-25
"P001906",3,1976-01-28
"P001906",65,1984-10-12
"P001906",49,1986-12-20
"P001906",2,1989-02-16
"P001906",11,2000-10-03
"P001906",37,2002-10-29
"P001906",8,2003-03-17
"P001906",2,2008-07-25
"P001907",27,1989-12-30
"P001907",40,2005-01-07
"P001907",28,2005-07-24
"P001907",21,2016-09-18
"P001908",3,1965-07-18
"P001908",1,1965-09-25
"P001908",19,1976-06-07
"P001908",5,1976-11-25
"P001908",23,1977-01-17
"P001908",4,1996-04-26
"P001908",2,1997-05-29
"P001909",4,2006-03-29
"P001909",7,2010-04-17
"P001909",29,2014-07-14
"P001909",49,2014-09-05
"P001909",37,2014-11-27
"P001909",2,2025-08-16
"P001909",47,2028-12-31
"P001909",49,2035-11-09
"P001909",28,2042-01-03
"P001909",6,2043-07-26
"P001909",1,2044-10-22
"P001909",44,2045-04-27
"P001910",2,2033-08-26
"P001910",27,2041-09-29
"P001911",11,2025-01-08
"P001911",6,2026-09-01
"P001911",34,2027-05-27
"P001911",19,2028-02-07
"P001911",28,2043-03-13
"P001912",2,1992-11-25
"P001912",7,1993-07-12
"P001912",43,1998-07-26
"P001912",41,1999-06-23
"P001912",27,2004-10-26
"P001912",52,2008-08-22
"P001912",24,2016-10-06
"P001912",49,2017-04-29
"P001913",14,1985-02-06
"P001913",43,1993-10-15
"P001913",14,2000-03-08
"P001913",6,2019-09-08
"P001913",44,2019-09-22
"P001913",33,2020-02-07
"P001913",26,2021-07-12
"P001913",49,2021-08-24
"P001913",54,2021-11-24
"P001914",28,1975-10-10
"P001914",28,1986-09-08
"P001914",24,1998-01-06
"P001915",60,2021-10-07
"P001915",61,2022-04-22
"P001915",53,2023-08-05
"P001915",50,2034-04-23
"P001916",8,2009-12-28
"P001916",28,2010-03-21
"P001916",42,2011-04-17
"P001916",52,2013-03-29
"P001916",49,2039-01-07
"P001916",1,2040-09-19
"P001917",28,1994-01-02
"P001917",52,2021-02-27
"P001917",61,2028-12-31
"P001918",5,2013-02-27
"P001918",44,2014-09-28
"P001918",38,2015-04-23
"P001918",31,2028-09-22
"P001919",27,1984-03-19
"P001919",42,1985-12-05
"P001919",17,2002-05-18
"P001919",18,2003-06-15
"P001919",1,2004-03-20
"P001919",3,2005-06-03
"P001919",50,2007-06-23
"P001920",55,2014-12-01
"P001920",23,2024-01-21
"P001920",1,2025-10-17
"P001920",9,2025-12-25
"P001920",15,2027-05-29
"P001920",2,2028-09-24
"P001920",50,2029-02-21
"P001920",50,2029-02-21
"P001920",40,2029-06-08
"P001920",24,2030-07-17
"P001920",1,2032-02-24
"P001920",28,2043-10-23
"P001920",11,2048-03-21
"P001921",52,1969-11-10
"P001921",47,1973-07-10
"P001921",57,1977-12-19
"P001921",8,1997-06-18
"P001921",52,2003-03-23
"P001921",55,2005-03-11
"P001921",60,2006-11-21
"P001922",17,2006-01-24
"P001922",67,2007-08-20
"P001922",55,2010-12-04
"P001922",16,2032-11-04
"P001922",2,2034-02-18
"P001922",52,2037-06-17
"P001922",9,2037-08-14
"P001922",3,2042-02-05
"P001923",3,2003-09-30
"P001923",39,2004-05-05
"P001923",15,2006-08-01
"P001923",7,2008-02-02
"P001923",55,2008-03-01
"P001923",4,2027-06-09
"P001923",55,2029-07-08
"P001923",37,2032-05-06
"P001924",11,1989-07-19
"P001924",27,1995-10-29
"P001924",49,2018-11-30
"P001924",1,2022-04-14
"P001924",20,2026-09-02
"P001925",55,2025-10-06
"P001926",18,1990-07-23
"P001926",11,1992-02-27
"P001926",37,1993-12-11
"P001926",58,2001-11-08
"P001926",18,2002-01-02
"P001926",28,2003-01-01
"P001926",41,2004-02-15
"P001926",18,2006-01-17
"P001926",4,2008-08-16
"P001926",58,2009-08-25
"P001927",61,1982-03-08
"P001927",24,1993-09-06
"P001927",57,1995-06-09
"P001928",3,1975-01-26
"P001928",28,1993-02-24
"P001928",30,1994-07-21
"P001928",34,1996-05-10
"P001929",3,1998-11-26
"P001929",2,2029-08-20
"P001929",28,2031-01-12
"P001930",12,2021-09-21
"P001930",53,2024-10-10
"P001931",28,1995-02-04
"P001931",16,1996-05-02
"P001931",39,1997-07-11
"P001931",6,2002-08-19
"P001931",7,2009-01-03
"P001931",43,2024-05-11
"P001932",21,1983-04-25
"P001932",12,1985-05-25
"P001932",6,1994-05-18
"P001932",4,1995-08-30
"P001932",53,1996-04-07
"P001932",11,1996-04-20
"P001932",49,1997-04-13
"P001932",1,1998-01-04
"P001932",39,1998-11-17
"P001932",52,2004-02-10
"P001932",25,2008-03-09
"P001933",8,1984-10-10
"P001933",3,2004-07-11
"P001933",27,2004-11-04
"P001933",48,2013-12-18
"P001933",57,2014-10-16
"P001933",35,2015-12-13
"P001933",66,2018-10-11
"P001934",1,1999-06-15
"P001934",5,2002-10-20
"P001934",17,2015-07-22
"P001934",41,2015-10-19
"P001934",21,2016-08-27
"P001934",55,2017-07-31
"P001934",10,2017-08-25
"P001934",44,2020-02-09
"P001934",2,2026-04-14
"P001935",28,2011-11-23
"P001935",39,2013-03-29
"P001935",30,2022-09-29
"P001935",2,2029-10-20
"P001935",14,2039-07-04
"P001935",9,2041-02-05
"P001936",26,1996-05-03
"P001936",3,1997-12-04
"P001936",12,2002-07-20
"P001937",60,2007-05-23
"P001937",57,2023-07-20
"P001937",28,2025-11-21
"P001937",19,2039-06-10
"P001938",19,1972-05-25
"P001938",11,1972-12-28
"P001938",28,1973-02-27
"P001938",61,1974-09-23
"P001938",48,1976-11-25
"P001938",18,1977-07-26
"P001938",26,2003-11-17
"P001939",42,1971-01-29
"P001939",23,1971-04-15
"P001939",52,1988-01-29
"P001939",26,1997-05-31
"P001939",21,1998-03-22
"P001939",47,2004-07-12
"P001940",27,2038-08-21
"P001940",30,2039-01-22
"P001941",52,2033-01-24
"P001941",1,2033-08-08
"P001941",8,2037-09-26
"P001941",4,2039-11-03
"P001941",14,2040-01-18
"P001941",2,2040-12-03
"P001942",65,1993-07-05
"P001942",30,1994-12-02
"P001942",58,2016-06-08
"P001942",8,2017-04-22
"P001942",8,2023-04-20
"P001942",5,2027-06-11
"P001942",30,2030-08-24
"P001943",56,1971-10-05
"P001943",11,1972-07-06
"P001943",15,1973-09-26
"P001943",5,1977-11-21
"P001943",7,1981-11-13
"P001943",14,1989-12-13
"P001943",9,1991-07-26
"P001943",36,1992-04-23
"P001944",61,1970-04-26
"P001944",17,1994-08-04
"P001944",16,1995-03-28
"P001944",23,1995-04-05
"P001944",17,1999-02-17
"P001945",6,1981-04-18
"P001945",60,1981-06-15
"P001945",18,1985-06-23
"P001945",41,1997-08-21
"P001946",47,2020-01-23
"P001946",38,2021-11-09
"P001946",27,2040-11-14
"P001946",30,2041-05-17
"P001946",3,2045-12-29
"P001946",16,2048-06-28
"P001946",20,2049-10-24
"P001947",49,1991-05-17
"P001947",3,1998-04-06
"P001947",41,2016-01-07
"P001947",41,2017-10-27
"P001947",54,2020-07-26
"P001947",2,2020-09-20
"P001947",2,2025-10-01
"P001947",24,2027-12-13
"P001949",26,1993-09-23
"P001949",24,1994-12-28
"P001949",55,1999-09-10
"P001949",7,2015-04-29
"P001950",2,1999-04-22
"P001950",2,2000-02-04
"P001950",50,2001-03-10
"P001950",36,2004-09-08
"P001950",30,2006-02-14
"P001950",50,2006-07-21
"P001950",2,2015-10-09
"P001950",1,2016-05-15
"P001950",4,2024-01-28
"P001950",6,2026-05-15
"P001950",58,2027-10-17
"P001950",44,2027-12-04
"P001951",56,2023-03-14
"P001951",3,2044-02-10
"P001951",12,2044-12-05
"P001951",27,2045-04-05
"P001951",4,2045-12-26
"P001951",40,2049-01-25
"P001951",38,2049-03-04
"P001951",24,2051-12-16
"P001952",24,1962-05-18
"P001952",27,1970-08-01
"P001952",15,1984-04-29
"P001952",6,1995-04-03
"P001952",8,1996-04-16
"P001952",41,1997-09-15
"P001953",21,1998-01-18
"P001953",3,1998-04-14
"P001953",15,2004-08-24
"P001953",21,2005-10-19
"P001953",8,2018-04-24
"P001953",54,2018-06-06
"P001953",31,2018-06-22
"P001953",41,2033-01-07
"P001953",7,2033-12-09
"P001953",13,2034-12-10
"P001954",26,1974-09-17
"P001954",66,1975-11-28
"P001954",54,1977-04-13
"P001954",49,1982-06-12
"P001954",20,1983-06-03
"P001954",4,1983-10-01
"P001954",49,1986-01-04
"P001954",38,1986-04-13
"P001954",4,1986-07-08
"P001954",16,1988-02-25
"P001954",52,1989-09-30
"P001954",9,1992-08-07
"P001954",6,1999-07-04
"P001954",62,2008-04-08
"P001955",28,1990-11-30
"P001955",6,1991-10-19
"P001955",34,1992-08-29
"P001955",63,1993-10-25
"P001956",27,2020-08-15
"P001956",19,2029-07-20
"P001956",21,2039-12-06
"P001956",42,2041-03-27
"P001956",18,2042-01-04
"P001956",66,2042-02-14
"P001956",66,2044-04-12
"P001956",22,2044-10-01
"P001957",23,1993-10-15
"P001957",49,1994-09-20
"P001957",57,1998-04-18
"P001957",3,2001-07-06
"P001957",6,2028-04-25
"P001958",30,2043-08-05
"P001958",62,2043-10-04
"P001958",53,2044-04-25
"P001958",49,2044-05-10
"P001958",53,2045-04-02
"P001958",6,2046-07-12
"P001958",51,2047-06-09
"P001959",52,2025-08-24
"P001959",55,2026-03-09
"P001959",4,2027-03-16
"P001959",55,2028-06-25
"P001959",40,2030-02-24
"P001960",31,2011-12-29
"P001960",28,2027-06-09
"P001961",44,1988-06-26
"P001961",3,1997-04-03
"P001961",35,1997-11-27
"P001961",67,2003-07-17
"P001962",62,2003-12-02
"P001962",17,2012-07-30
"P001962",5,2020-09-06
"P001962",5,2026-05-15
"P001962",44,2026-06-26
"P001962",11,2027-10-24
"P001962",62,2029-08-01
"P001963",6,1986-07-31
"P001963",3,1989-04-29
"P001963",53,1997-08-27
"P001963",51,1998-12-22
"P001963",45,2000-02-10
"P001963",62,2000-12-16
"P001963",61,2014-09-14
"P001963",23,2015-08-06
"P001964",28,2009-11-14
"P001964",14,2018-08-22
"P001964",1,2024-10-03
"P001964",1,2036-11-30
"P001964",12,2039-10-04
"P001964",11,2041-01-21
"P001965",3,1987-07-28
"P001965",27,1987-10-18
"P001965",39,1988-02-22
"P001965",1,1988-05-13
"P001965",7,2001-01-19
"P001965",29,2002-08-29
"P001965",2,2013-11-24
"P001966",52,2020-02-07
"P001966",23,2036-04-08
"P001966",61,2041-11-01
"P001967",11,1983-10-10
"P001967",58,1985-08-01
"P001967",2,1986-01-29
"P001967",30,1992-08-28
"P001967",7,1993-08-14
"P001967",67,1994-01-23
"P001967",67,1994-11-02
"P001967",23,1997-10-29
"P001967",53,1999-05-18
"P001967",29,1999-11-30
"P001968",4,2000-03-11
"P001968",23,2000-08-18
"P001968",27,2007-03-01
"P001968",64,2007-03-25
"P001968",12,2024-06-20
"P001968",28,2028-06-26
"P001969",24,1979-05-14
"P001969",5,1985-01-16
"P001969",50,1988-10-14
"P001969",36,1994-12-11
"P001969",15,2005-02-08
"P001969",62,2005-09-23
"P001969",64,2006-01-01
"P001969",17,2009-08-24
"P001969",16,2010-10-22
"P001969",1,2014-09-21
"P001970",58,1995-01-25
"P001970",28,1995-05-08
"P001970",26,1996-10-16
"P001970",24,1998-08-15
"P001970",23,1999-05-25
"P001970",55,2010-12-29
"P001970",1,2020-09-25
"P001970",39,2022-07-22
"P001971",11,2035-09-19
"P001971",19,2037-02-20
"P001971",36,2043-11-22
"P001972",8,2010-01-09
"P001972",8,2013-03-12
"P001972",25,2014-06-05
"P001972",52,2015-01-12
"P001972",54,2033-09-22
"P001972",37,2034-08-03
"P001973",3,1974-04-15
"P001973",18,1980-05-02
"P001973",28,1981-01-26
"P001973",1,1981-11-07
"P001973",43,1985-07-14
"P001973",26,1986-05-17
"P001973",23,1986-09-20
"P001973",6,1992-12-29
"P001973",14,1994-02-08
"P001973",8,1996-03-13
"P001973",50,2000-08-05
"P001973",29,2000-09-11
"P001973",54,2003-01-23
"P001973",39,2004-08-04
"P001973",38,2005-11-02
"P001973",11,2011-07-07
"P001974",28,2014-01-22
"P001974",55,2020-01-13
"P001974",16,2022-01-25
"P001974",28,2027-02-19
"P001975",42,2000-11-03
"P001975",22,2006-10-08
"P001975",55,2007-06-18
"P001975",50,2008-10-01
"P001975",10,2009-03-15
"P001976",52,2007-01-02
"P001976",17,2021-03-09
"P001976",3,2041-03-05
"P001976",6,2041-06-22
"P001977",6,1987-05-07
"P001977",1,1989-03-20
"P001977",30,2003-10-11
"P001977",4,2019-08-07
"P001977",28,2021-09-12
"P001978",19,2011-04-13
"P001978",28,2014-12-08
"P001979",35,1995-06-19
"P001979",55,1999-12-11
"P001979",23,2004-06-03
"P001979",23,2006-06-29
"P001979",47,2008-02-24
"P001979",56,2010-05-02
"P001979",6,2024-03-03
"P001979",53,2029-04-14
"P001979",42,2029-07-27
"P001980",39,1976-06-24
"P001980",15,1976-07-14
"P001980",52,1989-04-21
"P001980",53,2007-09-08
"P001980",11,2013-09-06
"P001981",64,2000-05-24
"P001981",30,2006-10-16
"P001981",2,2008-01-27
"P001981",3,2008-11-24
"P001981",27,2009-04-09
"P001981",23,2020-01-17
"P001981",55,2020-03-06
"P001981",29,2020-09-03
"P001981",28,2033-03-27
"P001982",39,2014-11-07
"P001982",4,2018-04-16
"P001982",23,2024-11-25
"P001983",2,2025-07-03
"P001983",42,2028-07-12
"P001983",1,2034-09-14
"P001983",13,2036-05-28
"P001983",52,2038-03-06
"P001983",16,2042-12-26
"P001983",6,2048-10-04
"P001984",7,2004-11-03
"P001984",47,2013-02-01
"P001984",50,2031-09-16
"P001985",17,2002-12-31
"P001985",67,2003-03-07
"P001985",7,2020-12-05
"P001985",12,2029-08-17
"P001985",7,2032-05-01
"P001985",27,2032-07-05
"P001986",36,1987-12-16
"P001986",53,2003-03-12
"P001986",11,2009-08-03
"P001986",15,2017-03-19
"P001987",23,2006-10-24
"P001987",36,2007-12-09
"P001987",25,2010-01-20
"P001987",44,2010-11-25
"P001987",62,2014-02-06
"P001987",55,2014-02-20
"P001987",2,2014-12-18
"P001987",12,2016-02-13
"P001987",49,2020-06-16
"P001987",8,2023-01-07
"P001987",54,2023-10-29
"P001987",39,2023-11-02
"P001987",8,2026-09-27
"P001988",21,1992-06-23
"P001988",28,2001-01-03
"P001988",24,2024-06-18
"P001989",25,1966-08-12
"P001989",55,1971-01-24
"P001989",63,1973-02-22
"P001989",14,1975-11-19
"P001989",9,1976-06-22
"P001989",12,1989-11-03
"P001990",11,2004-04-10
"P001990",17,2005-06-19
"P001990",67,2005-09-01
"P001990",39,2006-06-07
"P001990",51,2006-10-21
"P001990",10,2006-12-13
"P001990",53,2006-12-18
"P001990",53,2007-02-17
"P001990",21,2007-10-05
"P001990",41,2008-06-01
"P001990",6,2022-09-04
"P001990",14,2023-01-20
"P001990",44,2023-01-31
"P001990",33,2024-05-20
"P001990",23,2036-09-11
"P001991",1,2008-01-26
"P001991",22,2010-05-17
"P001991",50,2011-11-03
"P001991",22,2022-03-16
"P001991",3,2022-10-17
"P001991",61,2025-08-08
"P001991",55,2027-02-25
"P001991",43,2039-02-13
"P001992",52,2011-10-15
"P001992",1,2022-11-18
"P001992",11,2024-01-15
"P001992",1,2027-01-27
"P001993",55,1986-10-14
"P001993",11,1987-04-09
"P001993",61,1997-07-26
"P001993",32,1997-12-19
"P001993",48,1999-03-07
"P001993",48,1999-06-09
"P001993",55,2001-12-19
"P001993",21,2004-06-14
"P001993",57,2006-05-10
"P001993",12,2006-06-05
"P001993",5,2006-09-23
"P001994",28,1987-05-12
"P001994",16,1988-01-22
"P001994",27,1990-06-08
"P001994",61,1991-03-24
"P001994",32,1994-01-14
"P001994",3,1994-11-13
"P001995",1,2032-08-25
"P001995",6,2036-09-17
"P001995",28,2037-08-27
"P001995",16,2040-03-07
"P001995",23,2043-02-13
"P001996",2,2016-01-13
"P001996",61,2024-11-27
"P001996",6,2027-03-30
"P001997",47,1990-04-26
"P001997",52,1996-05-27
"P001997",65,2001-12-29
"P001997",60,2003-02-02
"P001997",16,2003-10-14
"P001997",8,2010-05-27
"P001997",14,2018-10-09
"P001998",11,2028-12-20
"P001998",19,2029-09-20
"P001998",18,2031-11-14
"P001998",6,2035-08-19
"P001998",55,2038-08-27
"P001998",43,2048-09-08
"P001998",35,2049-09-20
"P001999",49,1976-06-24
"P001999",4,1989-12-15
"P001999",30,2004-05-18
"P002000",6,1981-07-03
"P002000",27,1991-12-19
"P002000",18,2001-04-07
"P002000",61,2006-08-10
"P002001",2,1997-09-23
"P002001",49,1997-10-16
"P002001",4,2002-01-22
"P002001",16,2003-12-22
"P002001",49,2015-04-14
"P002001",62,2017-04-03
"P002001",18,2024-08-08
"P002002",28,2010-07-02
"P002002",28,2013-10-10
"P002002",61,2021-01-01
"P002002",25,2034-05-09
"P002002",27,2037-08-21
"P002003",8,2016-05-31
"P002003",23,2033-07-03
"P002003",52,2049-07-01
"P002004",26,2025-12-22
"P002004",32,2026-07-30
"P002004",27,2029-03-22
"P002005",28,1972-05-08
"P002005",28,1977-07-04
"P002005",28,1979-01-22
"P002006",61,2005-07-03
"P002006",62,2013-05-13
"P002006",14,2018-12-26
"P002006",52,2021-01-07
"P002006",27,2041-07-21
"P002006",4,2042-12-25
"P002007",25,1962-03-14
"P002007",27,1963-10-06
"P002007",27,1967-09-27
"P002007",23,1974-08-14
"P002007",9,1975-06-12
"P002007",27,1985-06-12
"P002007",64,1987-10-02
"P002007",23,1998-05-04
"P002008",55,2015-06-23
"P002008",5,2020-07-18
"P002008",2,2030-06-21
"P002009",61,1974-12-22
"P002009",4,1997-09-29
"P002009",28,2003-08-31
"P002009",38,2004-04-22
"P002010",52,1996-07-15
"P002010",28,1997-04-26
"P002010",38,1998-12-22
"P002011",3,1990-10-02
"P002011",57,2009-08-27
"P002011",42,2014-04-16
"P002011",18,2018-11-06
"P002011",23,2020-04-05
"P002011",67,2020-09-30
"P002011",21,2021-05-05
"P002012",21,2012-03-02
"P002012",25,2014-09-22
"P002012",14,2019-11-01
"P002012",50,2019-11-09
"P002012",41,2031-09-25
"P002012",30,2032-04-28
"P002012",4,2036-07-22
"P002012",8,2036-09-26
"P002012",14,2041-02-10
"P002012",58,2041-03-03
"P002012",58,2041-04-03
"P002012",34,2042-07-27
"P002012",6,2043-10-11
"P002013",18,2015-01-16
"P002013",66,2015-06-05
"P002013",46,2015-08-13
"P002013",50,2016-02-02
"P002013",36,2016-02-22
"P002013",9,2017-01-11
"P002013",59,2018-04-04
"P002013",42,2019-05-24
"P002013",55,2022-09-09
"P002013",14,2026-08-08
"P002013",4,2031-02-19
"P002013",25,2031-06-05
"P002013",67,2039-05-25
"P002013",11,2042-09-01
"P002013",19,2045-11-06
"P002014",55,2038-01-12
"P002014",2,2039-02-15
"P002014",7,2040-02-13
"P002014",13,2041-03-06
"P002014",13,2042-08-22
"P002014",40,2048-05-24
"P002015",1,2037-04-17
"P002016",3,2013-03-23
"P002016",24,2028-03-11
"P002016",57,2029-01-23
"P002016",42,2029-03-02
"P002016",12,2029-05-29
"P002016",55,2031-01-05
"P002017",19,2024-12-30
"P002017",28,2028-05-23
"P002017",28,2029-09-15
"P002017",60,2037-05-10
"P002018",4,2008-08-23
"P002018",4,2023-01-07
"P002018",29,2024-06-01
"P002018",11,2025-12-02
"P002018",37,2026-06-02
"P002018",33,2028-01-27
"P002018",27,2030-12-14
"P002019",37,1992-04-25
"P002019",6,1996-08-06
"P002019",4,1996-12-08
"P002019",60,1997-02-03
"P002019",60,2011-04-23
"P002019",37,2011-09-27
"P002019",18,2013-04-24
"P002020",14,2018-08-15
"P002020",14,2019-12-14
"P002020",21,2024-02-05
"P002021",23,2004-10-31
"P002021",55,2006-08-23
"P002021",2,2006-12-25
"P002021",34,2007-05-05
"P002021",2,2009-04-11
"P002021",12,2009-09-19
"P002021",31,2026-09-28
"P002022",23,1972-08-02
"P002022",61,1983-05-19
"P002022",4,2003-04-11
"P002023",47,1993-04-03
"P002023",46,1993-10-24
"P002023",30,1996-03-25
"P002023",54,2008-03-06
"P002023",54,2008-07-26
"P002023",55,2013-01-13
"P002023",30,2019-12-12
"P002024",11,2012-05-25
"P002024",8,2020-04-08
"P002024",54,2035-12-07
"P002024",50,2036-02-09
"P002024",9,2036-12-17
"P002025",26,2026-02-10
"P002025",6,2026-10-28
"P002025",23,2028-10-21
"P002025",24,2028-11-10
"P002025",14,2045-02-28
"P002025",25,2045-08-27
"P002026",52,1970-04-21
"P002026",36,1976-07-31
"P002026",23,1989-06-13
"P002026",44,2003-01-08
"P002026",1,2006-01-06
"P002027",30,2008-05-28
"P002027",28,2012-08-16
"P002027",1,2013-09-25
"P002027",30,2014-05-28
"P002028",3,1992-10-03
"P002028",14,2004-07-03
"P002028",55,2015-08-06
"P002028",12,2015-08-14
"P002028",46,2016-04-28
"P002028",21,2016-04-28
"P002028",21,2016-07-24
"P002028",67,2017-02-17
"P002028",6,2017-06-24
"P002028",62,2017-11-19
"P002028",62,2019-04-16
"P002028",49,2019-10-16
"P002028",55,2024-08-30
"P002028",24,2027-04-29
"P002029",36,2025-11-04
"P002029",31,2032-10-23
"P002029",4,2034-08-01
"P002029",63,2034-11-06
"P002029",52,2044-06-15
"P002031",9,1988-05-23
"P002031",60,1993-04-27
"P002031",23,1994-11-13
"P002031",52,1996-08-05
"P002031",65,1999-04-03
"P002031",67,2002-12-22
"P002031",48,2008-12-14
"P002032",44,2017-01-21
"P002033",5,2028-05-10
"P002033",4,2052-01-08
"P002033",1,2052-01-12
"P002034",57,1991-06-18
"P002034",16,1993-01-02
"P002034",16,1997-07-16
"P002034",67,1999-02-27
"P002034",67,1999-10-09
"P002034",52,2005-05-17
"P002034",55,2011-09-03
"P002034",2,2011-11-13
"P002034",34,2013-09-26
"P002034",61,2016-02-17
"P002034",26,2020-08-16
"P002035",14,1990-07-05
"P002035",3,1990-07-26
"P002035",39,1991-10-05
"P002035",62,1992-12-30
"P002035",1,2000-11-25
"P002035",6,2002-12-16
"P002035",53,2003-07-16
"P002035",17,2011-07-10
"P002035",65,2015-03-11
"P002035",53,2017-04-19
"P002035",16,2018-08-15
"P002035",21,2018-09-24
"P002035",31,2019-09-09
"P002036",61,2016-07-28
"P002036",22,2017-06-29
"P002036",54,2022-03-30
"P002036",6,2033-09-30
"P002036",41,2033-11-16
"P002036",60,2034-07-10
"P002036",41,2034-12-15
"P002036",23,2044-03-22
"P002037",61,2015-07-10
"P002037",63,2029-09-01
"P002037",49,2029-12-21
"P002037",30,2030-05-25
"P002038",28,1979-05-28
"P002038",25,1981-05-12
"P002039",41,2026-01-28
"P002039",21,2028-03-09
"P002039",6,2037-04-16
"P002039",12,2040-05-26
"P002039",15,2049-02-16
"P002040",1,1979-07-05
"P002040",62,1990-10-13
"P002040",55,1996-12-31
"P002040",53,2002-06-29
"P002041",1,2010-11-12
"P002041",3,2012-09-28
"P002041",26,2029-03-27
"P002041",10,2029-08-03
"P002041",60,2031-06-21
"P002041",6,2042-12-08
"P002041",1,2042-12-29
"P002041",44,2044-10-12
"P002042",5,1985-05-12
"P002042",11,1987-01-29
"P002042",2,1988-01-12
"P002042",6,2001-09-30
"P002042",62,2013-04-05
"P002042",36,2016-04-18
"P002043",23,1978-11-15
"P002043",4,1983-05-08
"P002043",54,1983-06-03
"P002044",31,1992-07-29
"P002044",25,1994-02-17
"P002044",1,2000-09-15
"P002044",4,2000-10-27
"P002044",8,2001-10-13
"P002044",8,2003-09-08
"P002044",43,2015-06-09
"P002044",41,2015-12-01
"P002044",20,2018-08-05
"P002045",35,2020-02-09
"P002045",62,2020-03-31
"P002045",31,2021-05-18
"P002045",44,2035-12-12
"P002045",26,2038-03-19
"P002045",10,2038-11-18
"P002046",1,2018-06-12
"P002046",16,2020-03-24
"P002047",32,1968-09-04
"P002047",23,1970-08-23
"P002047",28,1980-09-19
"P002048",2,2003-01-31
"P002048",14,2009-07-09
"P002048",21,2019-09-24
"P002048",14,2020-02-17
"P002048",65,2029-02-21
"P002048",60,2029-08-31
"P002048",60,2031-07-16
"P002049",28,2017-09-09
"P002049",28,2029-04-30
"P002049",40,2029-07-06
"P002049",11,2039-12-16
"P002049",55,2050-04-19
"P002050",1,1965-12-21
"P002050",48,1978-02-11
"P002050",42,1980-03-01
"P002050",23,1989-03-29
"P002050",60,1999-10-06
"P002050",27,2000-11-04
"P002051",44,1973-04-08
"P002051",43,1973-08-12
"P002051",11,1978-01-08
"P002051",28,1985-12-30
"P002051",40,1992-05-04
"P002051",4,2003-08-11
"P002052",42,1973-09-13
"P002052",14,1990-10-13
"P002052",25,1990-11-18
"P002052",7,1995-10-29
"P002052",23,1996-07-26
"P002052",6,2006-01-02
"P002052",4,2006-06-08
"P002053",30,2035-05-27
"P002053",8,2037-03-16
"P002054",1,1973-02-09
"P002054",62,1986-09-29
"P002054",13,1991-11-22
"P002054",53,1991-12-26
"P002054",53,1993-04-18
"P002054",51,1993-07-17
"P002054",53,1994-03-01
"P002054",50,1994-04-04
"P002054",40,2002-10-25
"P002054",35,2003-02-16
"P002054",24,2004-05-08
"P002054",3,2007-01-07
"P002054",28,2007-03-06
"P002054",52,2008-05-04
"P002054",30,2008-08-22
"P002055",23,1998-06-25
"P002055",26,2001-03-27
"P002055",26,2011-07-26
"P002055",55,2013-08-02
"P002055",46,2014-01-29
"P002055",11,2016-06-03
"P002055",49,2017-08-26
"P002055",28,2019-01-26
"P002055",29,2027-08-26
"P002055",66,2027-11-22
"P002055",6,2028-07-24
"P002056",52,2009-05-26
"P002056",49,2010-01-07
"P002056",54,2010-07-09
"P002056",62,2018-07-01
"P002056",6,2021-09-08
"P002057",5,1982-07-20
"P002057",3,1982-09-07
"P002057",27,1986-06-05
"P002057",2,1988-07-08
"P002057",3,1993-01-06
"P002057",57,1994-01-12
"P002057",57,1996-07-04
"P002057",49,1998-09-24
"P002057",5,2014-09-14
"P002058",28,2007-06-02
"P002058",53,2009-12-31
"P002058",65,2010-04-01
"P002058",7,2023-02-03
"P002058",62,2028-01-03
"P002058",24,2040-06-26
"P002059",27,1970-06-09
"P002059",2,1972-04-09
"P002059",8,1972-11-13
"P002059",31,1975-08-08
"P002059",12,1982-05-12
"P002059",7,1999-03-08
"P002059",67,2000-10-31
"P002060",14,2015-07-24
"P002060",6,2016-02-03
"P002060",25,2023-06-02
"P002061",63,1998-01-18
"P002061",49,2005-04-02
"P002061",49,2005-06-03
"P002061",16,2006-12-08
"P002061",15,2007-03-09
"P002061",9,2008-04-18
"P002061",13,2008-07-07
"P002062",30,2003-09-20
"P002062",27,2006-12-16
"P002062",25,2011-07-19
"P002062",1,2013-07-31
"P002062",61,2026-01-13
"P002063",14,2007-03-21
"P002063",13,2008-10-11
"P002063",9,2009-04-06
"P002063",16,2012-04-13
"P002063",23,2012-07-13
"P002063",12,2019-04-01
"P002063",4,2021-02-19
"P002063",63,2026-08-10
"P002063",4,2036-05-20
"P002063",8,2036-06-28
"P002064",14,1978-05-23
"P002064",41,1982-12-21
"P002064",38,2002-09-24
"P002064",60,2009-07-19
"P002064",18,2012-05-05
"P002065",35,2001-08-16
"P002065",40,2002-12-09
"P002065",62,2012-05-08
"P002065",24,2016-09-13
"P002065",17,2016-09-18
"P002065",16,2018-08-03
"P002065",47,2031-11-15
"P002065",55,2039-05-01
"P002065",18,2039-06-19
"P002066",55,1992-12-07
"P002066",21,1994-03-18
"P002066",55,1999-05-12
"P002066",11,2002-02-20
"P002066",49,2002-03-09
"P002066",8,2002-12-29
"P002066",35,2005-11-19
"P002067",8,2006-11-09
"P002067",4,2011-08-17
"P002067",64,2014-01-08
"P002067",6,2043-03-16
"P002068",4,2034-02-22
"P002068",1,2039-03-14
"P002068",36,2041-02-21
"P002068",3,2044-04-22
"P002069",37,2016-04-01
"P002069",33,2017-05-30
"P002069",21,2018-05-15
"P002069",53,2037-06-15
"P002069",23,2037-12-12
"P002069",53,2038-01-19
"P002069",16,2039-09-20
"P002069",67,2039-10-07
"P002069",2,2040-02-10
"P002070",61,1984-08-13
"P002070",32,1989-10-13
"P002071",2,1979-03-03
"P002071",28,1990-06-14
"P002072",28,1994-11-02
"P002072",28,2001-01-21
"P002072",58,2012-07-26
"P002073",5,1978-08-10
"P002073",47,1980-09-04
"P002074",28,1995-09-27
"P002074",55,1996-09-22
"P002074",49,1999-04-30
"P002074",22,2000-02-28
"P002074",52,2001-07-09
"P002074",28,2001-08-12
"P002074",35,2012-01-11
"P002075",6,2015-11-18
"P002075",15,2016-09-05
"P002075",31,2018-04-23
"P002075",61,2018-05-20
"P002075",43,2018-06-14
"P002075",66,2019-07-25
"P002075",41,2020-02-17
"P002075",62,2031-03-26
"P002075",23,2032-05-16
"P002076",50,1992-12-06
"P002076",4,2000-04-21
"P002076",3,2008-11-01
"P002076",12,2018-07-09
"P002077",14,2013-08-30
"P002078",41,2002-01-19
"P002078",6,2022-03-26
"P002078",24,2028-03-26
"P002078",35,2031-04-05
"P002079",10,2018-04-25
"P002079",3,2046-02-05
"P002079",4,2046-12-19
"P002080",24,2019-06-28
"P002080",21,2019-10-29
"P002080",50,2038-09-28
"P002080",54,2040-08-29
"P002080",52,2041-01-11
"P002080",25,2042-06-10
"P002080",6,2043-11-17
"P002081",14,1989-05-28
"P002081",47,1993-11-29
"P002081",62,2003-05-20
"P002081",53,2008-07-18
"P002081",6,2008-08-12
"P002081",49,2008-10-24
"P002081",11,2009-04-21
"P002083",6,1991-07-25
"P002083",55,2005-01-23
"P002083",52,2006-03-08
"P002083",55,2006-10-06
"P002084",44,2028-07-28
"P002084",41,2029-04-11
"P002084",3,2033-10-17
"P002085",28,1977-10-19
"P002085",7,1987-09-06
"P002086",2,1989-01-14
"P002087",57,2012-01-13
"P002087",4,2017-08-28
"P002088",3,1997-11-30
"P002088",25,2000-10-07
"P002089",28,1991-03-22
"P002089",44,2003-11-06
"P002089",61,2004-06-27
"P002089",3,2011-04-28
"P002089",18,2016-08-29
"P002089",15,2017-09-03
"P002089",26,2018-01-31
"P002089",47,2026-09-18
"P002090",3,1969-10-16
"P002090",53,1977-02-07
"P002090",28,1983-02-09
"P002090",1,1994-07-12
"P002090",21,1994-12-07
"P002090",28,1998-07-14
"P002091",27,2029-04-19
"P002091",11,2037-10-29
"P002091",49,2038-05-17
"P002091",15,2039-12-05
"P002092",6,2028-01-26
"P002092",62,2031-07-20
"P002092",12,2031-12-18
"P002092",41,2033-06-30
"P002092",64,2033-09-03
"P002093",23,1995-06-28
"P002093",28,2005-09-23
"P002093",23,2008-07-03
"P002093",14,2010-05-16
"P002094",26,1988-07-05
"P002095",52,2009-07-27
"P002095",1,2015-12-04
"P002095",12,2016-04-24
"P002095",39,2017-10-06
"P002095",17,2027-12-11
"P002095",1,2043-08-19
"P002096",28,1968-08-25
"P002096",6,1971-10-22
"P002096",28,1979-12-19
"P002096",50,1988-12-06
"P002096",17,1993-08-08
"P002096",39,1995-05-01
"P002096",4,1996-10-03
"P002096",46,1999-06-29
"P002097",3,1988-10-17
"P002097",8,1998-06-15
"P002097",42,2005-01-31
"P002097",50,2005-08-18
"P002097",54,2008-10-07
"P002097",41,2009-11-11
"P002098",12,1987-02-14
"P002098",64,1988-02-22
"P002098",30,1988-07-19
"P002098",3,1989-05-22
"P002098",27,1989-06-07
"P002098",24,1990-03-09
"P002098",35,1990-08-22
"P002098",30,1998-11-29
"P002098",10,1999-05-13
"P002098",19,1999-08-06
"P002098",38,2000-01-15
"P002098",49,2001-07-02
"P002098",28,2006-06-28
"P002098",60,2011-11-21
"P002098",14,2015-07-26
"P002098",58,2015-08-24
"P002099",28,2012-02-23
"P002099",13,2046-03-20
"P002099",24,2047-02-28
"P002099",44,2047-12-18
"P002099",6,2048-03-05
"P002100",13,2000-09-09
"P002100",22,2001-04-16
"P002100",24,2028-02-29
"P002100",26,2028-10-16
"P002101",8,1976-09-27
"P002101",48,1982-01-31
"P002101",24,1983-04-30
"P002102",52,2031-06-28
"P002102",53,2042-11-18
"P002103",53,1983-10-19
"P002103",50,1983-10-24
"P002103",4,1989-11-08
"P002103",43,1992-03-24
"P002103",61,1997-05-25
"P002103",61,1999-11-29
"P002104",23,1989-08-01
"P002104",23,1998-03-02
"P002104",22,2004-03-21
"P002104",16,2010-05-28
"P002104",23,2012-05-18
"P002104",39,2013-09-11
"P002105",17,2026-10-10
"P002105",14,2026-10-11
"P002105",1,2032-11-23
"P002105",2,2041-11-05
"P002105",55,2041-11-06
"P002106",37,1999-03-22
"P002106",6,2019-04-29
"P002106",3,2033-08-27
"P002107",52,1997-03-31
"P002107",28,1998-07-12
"P002107",61,1999-01-22
"P002107",14,1999-07-24
"P002107",34,1999-11-06
"P002107",12,2002-09-15
"P002107",30,2004-04-17
"P002107",59,2004-10-29
"P002107",52,2019-07-24
"P002108",37,1979-12-24
"P002108",47,1980-01-09
"P002108",17,1981-02-28
"P002108",50,1981-05-09
"P002108",40,1992-10-11
"P002108",67,1998-02-17
"P002108",47,2008-05-13
"P002108",56,2008-11-01
"P002108",27,2009-08-14
"P002108",4,2012-02-03
"P002109",27,1966-06-15
"P002109",2,1982-05-20
"P002109",24,1982-07-08
"P002109",53,1982-07-31
"P002109",2,1984-04-04
"P002110",2,2000-08-03
"P002110",2,2012-11-20
"P002110",26,2013-05-30
"P002110",23,2019-07-03
"P002111",57,1995-05-29
"P002112",8,1976-11-27
"P002112",13,2001-04-10
"P002112",22,2002-07-29
"P002112",24,2004-04-26
"P002113",16,1979-06-09
"P002113",28,1988-07-24
"P002113",4,1993-12-22
"P002113",7,2002-09-28
"P002114",28,1976-09-09
"P002114",32,1978-03-10
"P002114",65,1985-03-10
"P002114",67,1993-01-06
"P002114",23,2002-05-01
"P002115",18,2014-05-31
"P002115",66,2014-12-21
"P002115",54,2015-01-30
"P002115",1,2015-10-06
"P002115",24,2020-05-03
"P002115",63,2024-05-20
"P002115",19,2030-05-09
"P002115",5,2030-07-02
"P002115",7,2033-08-15
"P002116",11,2020-07-12
"P002116",49,2021-01-19
"P002116",55,2024-08-20
"P002116",60,2028-04-02
"P002116",38,2028-05-28
"P002116",24,2029-07-04
"P002116",35,2030-06-26
"P002116",23,2032-10-05
"P002116",61,2046-06-26
"P002116",50,2050-02-21
"P002118",49,2018-05-19
"P002118",4,2019-10-01
"P002118",2,2019-12-13
"P002118",61,2022-08-27
"P002118",32,2033-05-02
"P002118",52,2035-03-07
"P002118",23,2048-10-02
"P002118",23,2050-03-09
"P002119",35,2020-12-15
"P002119",66,2021-09-13
"P002119",63,2025-10-14
"P002120",53,2006-01-14
"P002120",2,2022-04-01
"P002120",23,2034-04-23
"P002120",67,2034-07-11
"P002120",9,2035-07-31
"P002120",56,2040-03-25
"P002120",28,2040-11-22
"P002120",16,2042-02-16
"P002120",14,2042-11-29
"P002121",28,1983-12-09
"P002122",37,2004-10-20
"P002122",10,2006-06-07
"P002122",62,2012-06-13
"P002122",23,2012-08-28
"P002122",14,2012-10-31
"P002122",36,2016-02-28
"P002122",20,2017-07-21
"P002123",41,1982-03-21
"P002123",63,1993-10-31
"P002123",52,1998-09-28
"P002123",18,2001-03-04
"P002123",61,2001-05-22
"P002123",15,2002-04-29
"P002124",19,1991-08-03
"P002124",52,1992-03-12
"P002124",5,1993-07-03
"P002124",28,1996-01-19
"P002125",40,2031-03-13
"P002125",63,2031-11-03
"P002125",41,2032-01-03
"P002125",36,2034-08-18
"P002125",3,2035-02-12
"P002125",39,2036-10-12
"P002125",44,2036-10-19
"P002125",39,2039-07-05
"P002125",11,2040-03-25
"P002125",6,2040-11-02
"P002126",12,1971-11-24
"P002126",1,1974-02-07
"P002126",1,1979-05-12
"P002126",43,1986-10-10
"P002126",27,1991-11-29
"P002126",26,1998-12-18
"P002126",40,2006-11-05
"P002127",3,1993-11-08
"P002127",59,1996-01-11
"P002127",30,1996-05-23
"P002127",3,1997-09-28
"P002127",53,2004-07-29
"P002127",45,2004-09-16
"P002128",58,2007-08-30
"P002128",1,2009-03-13
"P002128",18,2014-10-15
"P002128",8,2031-10-30
"P002128",61,2034-11-20
"P002129",61,2002-07-26
"P002129",25,2015-08-24
"P002129",53,2024-05-20
"P002129",50,2025-09-07
"P002129",4,2026-12-11
"P002129",67,2027-04-20
"P002130",7,2004-10-26
"P002130",4,2005-11-24
"P002130",52,2006-12-15
"P002130",51,2007-11-24
"P002130",47,2010-01-02
"P002130",8,2026-03-05
"P002130",15,2029-06-13
"P002131",12,2014-04-20
"P002131",53,2020-03-02
"P002131",48,2036-07-19
"P002132",52,1967-03-04
"P002132",65,1968-02-11
"P002132",3,1971-01-07
"P002132",5,1976-04-20
"P002132",47,1977-01-18
"P002132",5,1977-05-15
"P002132",8,1983-09-28
"P002132",55,1996-10-08
"P002132",43,2001-10-31
"P002133",2,2008-10-13
"P002133",14,2011-05-03
"P002133",53,2028-02-06
"P002134",8,1988-03-04
"P002134",2,1989-06-16
"P002135",63,1976-03-01
"P002135",50,2001-12-17
"P002135",1,2009-08-03
"P002137",14,1983-06-22
"P002137",13,1983-11-01
"P002137",11,1987-06-11
"P002137",50,1992-01-17
"P002137",62,1994-04-22
"P002137",9,2001-11-28
"P002137",6,2003-03-05
"P002137",28,2006-11-13
"P002137",63,2007-09-10
"P002138",29,2012-03-09
"P002138",21,2015-07-28
"P002138",2,2015-10-13
"P002138",43,2023-01-02
"P002139",23,1978-12-09
"P002139",17,1993-12-21
"P002139",41,1994-01-31
"P002139",28,1996-09-01
"P002139",44,1996-09-09
"P002139",38,1997-01-05
"P002139",54,1998-07-20
"P002139",10,2002-07-17
"P002139",19,2003-01-06
"P002139",6,2004-01-26
"P002139",58,2014-12-30
"P002140",14,2017-01-11
"P002140",26,2021-08-16
"P002140",32,2034-10-24
"P002140",54,2037-07-18
"P002141",53,1972-11-19
"P002141",16,1974-09-24
"P002141",22,1987-09-30
"P002141",61,1990-02-02
"P002141",1,2000-05-20
"P002141",14,2001-04-10
"P002141",52,2001-05-16
"P002142",27,1987-01-21
"P002142",4,1987-02-15
"P002142",24,1988-10-16
"P002142",8,1992-11-09
"P002142",18,1993-01-05
"P002142",54,1993-12-27
"P002142",42,1996-05-16
"P002142",41,2000-06-01
"P002142",28,2009-09-25
"P002142",3,2012-07-26
"P002143",51,1984-08-20
"P002143",27,1985-06-29
"P002143",2,1985-07-31
"P002143",23,2011-12-25
"P002144",27,2041-06-18
"P002144",24,2042-04-19
"P002144",1,2044-04-11
"P002144",4,2055-07-09
"P002145",50,2016-08-06
"P002145",29,2017-04-07
"P002145",24,2018-01-21
"P002145",53,2019-07-11
"P002145",42,2019-11-28
"P002145",49,2024-08-03
"P002146",49,2021-04-23
"P002146",55,2025-07-18
"P002146",42,2041-08-09
"P002147",55,2006-10-29
"P002147",18,2042-03-25
"P002147",15,2042-12-31
"P002148",4,2010-01-11
"P002148",3,2014-03-18
"P002149",3,1997-12-29
"P002149",15,2011-10-18
"P002149",14,2011-12-17
"P002149",60,2013-11-13
"P002149",14,2019-02-23
"P002149",24,2022-09-19
"P002149",35,2024-09-23
"P002149",64,2026-04-05
"P002149",40,2029-01-27
"P002150",3,2014-02-01
"P002150",18,2021-01-24
"P002150",9,2021-04-22
"P002150",4,2022-05-25
"P002150",32,2023-01-02
"P002150",53,2033-05-07
"P002151",40,2014-08-15
"P002151",21,2025-12-22
"P002151",10,2027-10-05
"P002151",23,2044-09-25
"P002151",6,2045-03-19
"P002151",8,2045-04-19
"P002151",50,2050-04-21
"P002152",1,1969-05-05
"P002152",43,1982-12-12
"P002152",14,1986-04-02
"P002152",23,1998-06-29
"P002153",25,2014-03-08
"P002153",30,2014-04-16
"P002153",53,2030-09-08
"P002153",48,2032-06-13
"P002153",21,2033-08-07
"P002153",27,2044-11-15
"P002153",16,2046-05-13
"P002153",23,2047-10-01
"P002153",36,2048-06-05
"P002153",67,2050-05-31
"P002154",3,1994-08-27
"P002154",55,1998-05-22
"P002154",21,2013-01-22
"P002155",3,1994-07-26
"P002155",17,2005-10-11
"P002155",52,2012-07-26
"P002157",18,2007-10-16
"P002157",28,2015-12-06
"P002157",17,2025-06-08
"P002157",15,2026-05-13
"P002157",54,2028-03-06
"P002157",55,2028-07-24
"P002157",3,2029-01-22
"P002157",25,2032-01-14
"P002158",49,2011-06-11
"P002158",20,2025-09-16
"P002158",15,2030-04-30
"P002159",13,1985-03-07
"P002159",4,2008-06-27
"P002159",67,2008-09-26
"P002159",30,2009-10-09
"P002159",67,2009-12-20
"P002159",28,2010-04-25
"P002159",41,2013-12-23
"P002159",1,2016-05-01
"P002160",18,2028-01-05
"P002160",15,2028-03-28
"P002161",48,2006-05-19
"P002161",21,2018-05-26
"P002161",62,2019-05-10
"P002161",28,2020-03-25
"P002161",14,2020-08-18
"P002161",58,2020-09-09
"P002161",64,2021-02-01
"P002161",10,2023-02-27
"P002161",15,2033-04-11
"P002162",52,1981-06-06
"P002162",2,1989-07-11
"P002162",24,1996-05-22
"P002162",17,1997-03-14
"P002163",24,1994-07-29
"P002163",35,2002-04-30
"P002163",23,2002-10-08
"P002163",61,2005-09-18
"P002163",21,2013-08-06
"P002163",14,2014-03-10
"P002164",11,1973-07-13
"P002164",10,1978-10-26
"P002164",3,1981-10-19
"P002164",2,1986-02-06
"P002165",6,1992-01-27
"P002165",58,1999-11-28
"P002165",1,2001-03-20
"P002165",3,2014-11-18
"P002165",13,2015-07-17
"P002166",28,2008-05-02
"P002166",1,2010-04-01
"P002166",24,2010-09-15
"P002166",18,2021-07-29
"P002166",28,2032-08-30
"P002167",52,2019-11-17
"P002167",54,2021-08-02
"P002167",52,2021-12-05
"P002167",28,2024-02-16
"P002167",55,2026-01-20
"P002167",23,2031-04-08
"P002167",16,2034-06-18
"P002167",4,2043-06-20
"P002168",54,2004-11-30
"P002169",38,1993-10-14
"P002169",35,2010-08-26
"P002169",21,2014-02-22
"P002169",18,2021-07-09
"P002169",41,2022-07-05
"P002169",48,2023-05-12
"P002169",46,2025-01-25
"P002169",7,2025-08-21
"P002169",39,2026-06-30
"P002169",57,2026-08-05
"P002170",49,2026-08-29
"P002170",50,2040-12-29
"P002171",28,1995-02-01
"P002171",30,1995-09-02
"P002171",28,1998-08-05
"P002171",6,2005-09-11
"P002171",12,2012-10-16
"P002171",27,2017-06-20
"P002171",52,2017-07-10
"P002171",15,2023-09-02
"P002172",2,2016-12-03
"P002172",43,2017-03-22
"P002172",52,2017-08-25
"P002172",22,2019-03-30
"P002172",3,2020-04-28
"P002173",13,1985-02-13
"P002173",28,1990-12-14
"P002173",28,2000-08-16
"P002173",16,2008-08-12
"P002173",23,2008-11-25
"P002173",10,2009-07-28
"P002173",9,2011-04-19
"P002173",40,2013-07-05
"P002173",55,2016-05-15
"P002173",11,2022-03-24
"P002174",4,2001-08-02
"P002174",67,2001-10-08
"P002174",32,2002-01-23
"P002174",17,2012-06-20
"P002174",57,2012-11-12
"P002174",42,2013-04-11
"P002174",30,2013-07-12
"P002174",59,2014-08-14
"P002174",42,2016-06-18
"P002174",12,2034-06-21
"P002174",42,2036-02-22
"P002174",55,2037-03-16
"P002174",43,2037-10-12
"P002175",58,1988-11-24
"P002175",16,1989-04-25
"P002175",7,1994-08-15
"P002175",24,2012-11-13
"P002175",50,2016-07-13
"P002175",24,2019-11-04
"P002175",35,2021-08-25
"P002175",24,2022-11-24
"P002175",7,2022-12-28
"P002176",25,2033-12-09
"P002176",53,2040-07-24
"P002176",30,2043-02-04
"P002177",53,2010-07-02
"P002177",45,2011-11-30
"P002177",2,2025-01-10
"P002177",28,2025-05-21
"P002177",1,2029-07-12
"P002177",18,2034-04-25
"P002177",44,2045-08-24
"P002178",2,2013-05-10
"P002178",2,2013-06-30
"P002178",25,2015-05-26
"P002178",19,2018-12-01
"P002178",14,2026-08-02
"P002178",4,2028-03-16
"P002178",7,2034-01-07
"P002178",40,2034-10-02
"P002178",19,2035-11-25
"P002179",26,1971-10-16
"P002179",2,1974-12-19
"P002179",65,1978-05-04
"P002179",34,1979-02-15
"P002179",61,2001-05-06
"P002180",28,2001-02-27
"P002180",61,2012-07-25
"P002180",18,2012-08-02
"P002180",28,2021-09-13
"P002180",50,2024-08-30
"P002180",26,2034-05-13
"P002180",8,2035-09-10
"P002180",66,2037-02-26
"P002180",16,2037-11-25
"P002180",12,2037-12-19
"P002181",53,1974-01-12
"P002181",49,1975-04-14
"P002181",54,1984-09-12
"P002181",63,1990-01-20
"P002181",36,1991-07-05
"P002181",65,1996-08-10
"P002181",2,2000-10-07
"P002182",26,1983-07-02
"P002182",66,1984-02-06
"P002182",16,1986-11-28
"P002182",67,1990-01-09
"P002182",52,1995-11-14
"P002182",21,2008-03-10
"P002182",31,2009-11-26
"P002182",31,2017-03-21
"P002183",21,2018-09-12
"P002183",21,2018-10-25
"P002183",31,2019-01-21
"P002183",26,2023-03-22
"P002183",15,2023-06-10
"P002183",31,2023-09-28
"P002183",41,2027-01-25
"P002183",17,2037-10-08
"P002184",55,2001-12-14
"P002184",24,2002-07-21
"P002184",43,2003-09-23
"P002184",6,2004-03-26
"P002184",40,2010-03-02
"P002184",28,2014-11-10
"P002184",28,2018-10-16
"P002184",60,2037-03-06
"P002184",58,2037-11-03
"P002184",14,2039-06-11
"P002184",58,2039-08-11
"P002184",41,2039-12-31
"P002185",60,1991-06-10
"P002185",6,1991-08-16
"P002185",9,1991-08-21
"P002185",1,1993-02-14
"P002185",26,1999-11-30
"P002185",55,2014-06-18
"P002185",23,2020-02-19
"P002185",28,2022-06-12
"P002185",62,2022-11-22
"P002185",28,2024-08-18
"P002186",30,1970-07-15
"P002186",28,1986-04-06
"P002186",4,1994-06-11
"P002186",7,1995-09-13
"P002187",28,2013-05-31
"P002187",57,2022-02-23
"P002187",49,2022-03-18
"P002187",2,2024-04-24
"P002187",2,2024-08-06
"P002187",33,2024-09-04
"P002187",62,2027-12-19
"P002188",28,1997-06-28
"P002188",9,1999-07-28
"P002188",6,2010-08-08
"P002189",4,2013-01-14
"P002189",1,2015-10-14
"P002189",5,2021-04-24
"P002189",44,2021-05-28
"P002189",8,2021-06-30
"P002189",54,2021-11-30
"P002189",34,2038-02-10
"P002189",18,2038-06-03
"P002189",9,2039-08-10
"P002189",34,2040-05-18
"P002189",43,2040-11-28
"P002189",4,2049-04-20
"P002189",60,2049-07-01
"P002190",28,2008-03-16
"P002190",24,2008-12-20
"P002190",49,2009-03-30
"P002190",58,2016-11-29
"P002190",19,2017-01-22
"P002190",41,2018-04-20
"P002190",40,2019-07-11
"P002190",1,2020-07-10
"P002190",63,2022-02-17
"P002190",53,2033-03-02
"P002190",60,2033-05-28
"P002191",24,1982-08-03
"P002191",8,1984-01-27
"P002191",24,1984-04-19
"P002191",54,1985-11-19
"P002191",13,1986-04-06
"P002191",41,1986-06-30
"P002191",27,1991-07-04
"P002191",65,1994-03-05
"P002191",44,1994-06-26
"P002191",12,1997-11-13
"P002191",5,2000-03-06
"P002191",7,2001-07-19
"P002191",54,2001-11-02
"P002191",61,2013-02-05
"P002192",23,1993-11-05
"P002192",28,1998-12-04
"P002192",44,2011-09-04
"P002193",53,2014-10-17
"P002193",40,2019-04-27
"P002193",4,2035-11-02
"P002193",32,2036-10-27
"P002194",19,1998-06-25
"P002194",23,2023-03-27
"P002194",61,2026-05-21
"P002194",43,2027-04-13
"P002194",22,2032-12-13
"P002195",1,1985-02-17
"P002195",49,1986-04-08
"P002196",22,2000-12-31
"P002196",4,2001-11-10
"P002197",60,2030-03-29
"P002197",26,2033-07-18
"P002197",21,2034-11-09
"P002198",2,1969-05-03
"P002198",4,1969-06-17
"P002198",50,1972-11-08
"P002198",54,1976-03-20
"P002198",3,1985-10-16
"P002198",16,1985-12-24
"P002198",40,1987-04-08
"P002198",35,1988-10-23
"P002198",3,1989-01-27
"P002198",28,1996-05-16
"P002198",62,1999-07-11
"P002199",1,2007-04-12
"P002199",6,2007-11-19
"P002199",14,2010-06-09
"P002199",23,2033-02-03
"P002199",21,2034-01-11
"P002199",67,2043-04-20
"P002199",39,2043-06-18
"P002200",28,1979-12-09
"P002200",4,1990-02-23
"P002200",19,1990-12-09
"P002200",28,1999-01-17
"P002200",8,1999-06-14
"P002201",57,1967-03-09
"P002201",51,1967-07-22
"P002201",26,1968-03-18
"P002201",8,1968-10-10
"P002201",2,1969-04-25
"P002201",35,1975-01-10
"P002201",62,1978-09-03
"P002201",2,1984-10-28
"P002201",48,1986-11-30
"P002201",13,1988-06-27
"P002201",14,1989-04-07
"P002202",25,1979-05-04
"P002202",13,1998-06-04
"P002202",53,1999-04-26
"P002202",50,1999-11-02
"P002202",22,2000-03-17
"P002203",26,2008-04-27
"P002203",23,2016-03-24
"P002203",55,2017-12-02
"P002204",41,1979-03-08
"P002204",37,1983-11-16
"P002204",29,1984-08-14
"P002204",8,1998-03-07
"P002204",27,2013-03-17
"P002204",1,2013-04-16
"P002204",64,2013-07-30
"P002204",24,2014-01-20
"P002204",18,2014-10-07
"P002204",53,2015-10-29
"P002204",18,2016-11-11
"P002204",45,2017-05-17
"P002205",18,2007-12-19
"P002205",14,2020-12-23
"P002205",52,2023-05-30
"P002205",6,2034-12-05
"P002205",21,2040-04-27
"P002205",53,2040-09-08
"P002205",14,2041-07-07
"P002205",44,2042-12-31
"P002206",25,2006-08-31
"P002206",26,2026-05-13
"P002206",66,2028-11-15
"P002206",54,2028-12-04
"P002206",31,2030-01-06
"P002207",6,1996-03-31
"P002207",1,1996-10-15
"P002207",44,1997-04-12
"P002207",38,1997-12-15
"P002207",24,1998-09-15
"P002207",21,1999-04-18
"P002207",47,1999-11-01
"P002207",49,2001-06-25
"P002207",17,2004-02-05
"P002207",16,2008-12-19
"P002207",16,2014-04-14
"P002207",54,2014-10-27
"P002207",59,2015-12-27
"P002207",26,2031-07-24
"P002208",11,2010-12-14
"P002208",15,2015-09-29
"P002208",54,2016-05-16
"P002208",23,2018-12-27
"P002208",41,2021-09-08
"P002208",27,2031-03-13
"P002208",27,2032-09-11
"P002208",62,2037-09-25
"P002208",6,2043-08-07
"P002208",55,2047-03-06
"P002209",13,2009-12-08
"P002209",1,2010-04-26
"P002209",21,2010-06-07
"P002210",55,2004-09-22
"P002210",16,2020-02-10
"P002210",23,2023-12-16
"P002211",41,2003-04-10
"P002211",52,2005-10-16
"P002211",4,2023-04-11
"P002211",2,2024-05-15
"P002211",6,2027-06-04
"P002211",11,2028-02-01
"P002212",27,1995-01-29
"P002212",45,2000-05-05
"P002212",44,2017-03-17
"P002212",22,2022-09-12
"P002212",40,2030-12-09
"P002213",49,1982-07-20
"P002213",28,1987-09-11
"P002213",1,1987-09-30
"P002213",47,1991-05-25
"P002213",66,1991-09-26
"P002213",54,1991-10-31
"P002213",36,1992-07-08
"P002213",23,2010-04-23
"P002214",27,1982-03-12
"P002214",41,1993-11-29
"P002214",27,2003-08-01
"P002214",65,2003-11-30
"P002214",4,2004-10-02
"P002214",67,2005-08-14
"P002214",4,2008-05-11
"P002215",19,2033-02-14
"P002216",8,1965-10-14
"P002216",8,1973-06-14
"P002216",41,1981-09-30
"P002216",6,1983-04-01
"P002216",34,1984-11-05
"P002216",34,1987-11-10
"P002216",30,1989-09-15
"P002216",10,1990-04-26
"P002216",50,1990-07-22
"P002216",62,1990-11-20
"P002216",24,1996-05-25
"P002216",61,1998-11-24
"P002217",55,1997-03-11
"P002217",62,1997-12-04
"P002217",6,1999-10-28
"P002217",33,2009-01-11
"P002217",13,2016-02-07
"P002217",22,2020-10-15
"P002218",8,1993-10-30
"P002218",3,2003-01-06
"P002218",6,2003-11-29
"P002219",43,1990-12-04
"P002219",25,1991-01-02
"P002219",50,2004-02-17
"P002219",50,2005-09-19
"P002219",40,2005-12-18
"P002220",26,1982-09-17
"P002220",53,1994-07-25
"P002220",1,1997-10-29
"P002220",30,2000-04-03
"P002220",24,2000-10-18
"P002220",1,2006-06-12
"P002220",6,2010-09-04
"P002220",12,2011-10-03
"P002220",44,2013-12-14
"P002221",28,1963-02-14
"P002221",2,1968-06-03
"P002221",43,1988-12-28
"P002221",14,1991-02-27
"P002221",58,1991-12-06
"P002222",27,1966-07-19
"P002222",23,1970-02-14
"P002222",6,1970-07-30
"P002222",62,1972-02-04
"P002222",62,1973-04-09
"P002222",28,1976-07-01
"P002222",14,1977-01-14
"P002222",61,1989-07-08
"P002222",32,1992-05-10
"P002222",62,1992-05-11
"P002222",1,1994-04-04
"P002224",60,2001-01-05
"P002224",11,2003-02-02
"P002224",40,2006-04-07
"P002224",63,2007-03-01
"P002224",52,2010-12-27
"P002224",42,2012-09-07
"P002225",54,2005-06-13
"P002226",23,2008-05-24
"P002226",36,2008-07-05
"P002226",29,2009-02-08
"P002226",54,2009-03-21
"P002226",9,2009-05-22
"P002226",9,2010-02-24
"P002226",28,2011-09-03
"P002226",28,2011-12-09
"P002226",62,2012-11-11
"P002227",3,1974-02-16
"P002227",21,1997-06-19
"P002227",49,1998-08-10
"P002227",12,1998-09-09
"P002227",47,2003-10-18
"P002227",57,2004-05-06
"P002227",59,2007-09-19
"P002227",15,2010-01-12
"P002228",47,1995-12-10
"P002228",62,2002-06-27
"P002228",55,2003-03-07
"P002228",49,2004-03-04
"P002228",42,2005-07-06
"P002228",6,2005-09-22
"P002228",28,2009-04-05
"P002228",57,2019-06-01
"P002228",40,2020-08-08
"P002229",62,1975-11-07
"P002229",51,1978-08-13
"P002229",60,1989-07-10
"P002229",6,1990-09-01
"P002229",24,2003-08-09
"P002230",28,1971-12-27
"P002230",47,1983-11-27
"P002230",1,1985-01-31
"P002230",8,1991-09-29
"P002230",28,1992-01-06
"P002230",44,1996-11-25
"P002230",33,1997-12-21
"P002230",3,2004-05-09
"P002230",48,2009-06-11
"P002230",67,2010-08-07
"P002231",61,1991-10-08
"P002231",11,2017-10-21
"P002231",26,2019-04-18
"P002232",23,1981-12-14
"P002232",31,1989-12-08
"P002232",4,1996-06-13
"P002232",23,2008-01-14
"P002232",27,2016-02-25
"P002233",41,1995-10-21
"P002233",55,1997-02-19
"P002233",2,2000-11-26
"P002233",66,2005-10-06
"P002233",54,2005-11-24
"P002233",44,2005-12-16
"P002233",30,2007-09-12
"P002233",62,2013-03-05
"P002233",28,2021-04-21
"P002234",55,1969-02-20
"P002234",34,1970-05-08
"P002234",2,1983-11-15
"P002234",28,1985-04-26
"P002235",30,2019-02-17
"P002235",2,2021-06-27
"P002235",24,2021-10-27
"P002235",52,2023-12-10
"P002235",54,2041-07-16
"P002235",12,2042-06-30
"P002235",25,2045-02-03
"P002235",56,2045-02-27
"P002235",28,2049-06-15
"P002235",10,2050-01-16
"P002236",2,1978-06-26
"P002236",27,1982-11-06
"P002236",28,1983-02-04
"P002236",6,1986-07-26
"P002237",2,2010-07-18
"P002237",27,2026-03-10
"P002237",27,2029-01-16
"P002238",27,2011-08-20
"P002238",28,2016-04-30
"P002238",1,2016-12-13
"P002238",6,2025-07-30
"P002238",33,2026-02-27
"P002239",26,2010-12-26
"P002239",17,2018-03-29
"P002239",67,2020-02-26
"P002239",53,2030-07-22
"P002239",62,2033-03-20
"P002239",41,2038-05-12
"P002239",55,2040-06-10
"P002239",18,2041-05-09
"P002239",1,2041-06-14
"P002239",11,2041-07-08
"P002239",41,2048-02-08
"P002239",7,2048-07-22
"P002240",23,1982-12-15
"P002240",9,1984-12-16
"P002240",28,1993-07-30
"P002240",62,1994-12-22
"P002240",46,1995-05-18
"P002240",21,1995-05-29
"P002240",1,1996-06-24
"P002240",21,1997-10-04
"P002240",28,2000-08-07
"P002240",30,2001-02-25
"P002240",28,2006-07-31
"P002240",11,2010-05-17
"P002241",24,2004-03-22
"P002241",67,2023-06-15
"P002241",43,2026-02-01
"P002241",22,2026-05-07
"P002241",25,2031-02-16
"P002241",27,2031-04-05
"P002241",52,2031-04-16
"P002241",28,2033-03-24
"P002241",28,2035-03-31
"P002241",14,2035-09-08
"P002242",57,2007-10-29
"P002242",5,2033-08-26
"P002242",15,2041-05-02
"P002242",13,2042-08-11
"P002243",24,1973-08-30
"P002243",23,1976-03-29
"P002243",6,1977-01-29
"P002243",4,1995-01-23
"P002243",4,2003-02-06
"P002243",5,2004-12-31
"P002243",64,2005-10-23
"P002243",28,2006-11-04
"P002243",43,2007-08-21
"P002243",41,2009-09-17
"P002244",23,2030-08-18
"P002244",36,2030-11-07
"P002245",42,2013-04-28
"P002245",14,2017-04-23
"P002245",24,2018-08-17
"P002245",28,2019-02-21
"P002245",8,2020-07-14
"P002245",35,2023-04-05
"P002245",16,2043-10-03
"P002245",4,2044-02-28
"P002245",7,2044-11-16
"P002245",57,2045-11-04
"P002246",49,1985-09-09
"P002246",61,1991-03-19
"P002246",11,1997-12-08
"P002246",49,2002-09-12
"P002246",35,2003-12-29
"P002246",40,2009-05-08
"P002247",18,1997-04-25
"P002247",3,1998-08-09
"P002247",53,2008-11-19
"P002247",11,2010-08-13
"P002247",26,2014-02-05
"P002247",52,2015-07-19
"P002247",49,2016-11-19
"P002247",24,2025-07-29
"P002248",23,2017-01-22
"P002248",6,2019-09-26
"P002248",40,2020-04-23
"P002248",63,2021-03-05
"P002248",63,2021-12-08
"P002248",30,2022-01-29
"P002248",19,2022-11-13
"P002248",40,2024-01-21
"P002248",5,2029-12-05
"P002248",52,2030-08-20
"P002249",15,2024-03-22
"P002249",54,2026-01-09
"P002249",37,2026-01-22
"P002249",67,2041-06-01
"P002249",14,2044-11-08
"P002250",18,1989-06-15
"P002250",55,1996-08-23
"P002250",46,1997-02-23
"P002250",42,1998-02-22
"P002250",50,1999-05-15
"P002250",11,1999-11-16
"P002250",6,2004-08-12
"P002250",7,2007-08-18
"P002250",63,2017-10-14
"P002250",55,2019-05-27
"P002250",11,2021-08-08
"P002251",55,1998-11-16
"P002251",20,2010-05-07
"P002251",61,2011-10-02
"P002251",28,2029-06-03
"P002252",26,2009-06-01
"P002252",52,2019-12-26
"P002252",52,2023-09-21
"P002252",19,2026-11-27
"P002252",50,2027-06-07
"P002252",6,2028-02-08
"P002252",28,2028-02-29
"P002252",1,2028-03-11
"P002252",8,2036-03-14
"P002253",4,1971-07-16
"P002253",63,1973-11-22
"P002253",42,1974-03-03
"P002253",43,1977-04-10
"P002253",3,1992-02-24
"P002253",24,1995-07-19
"P002254",11,1961-10-03
"P002254",60,1975-06-23
"P002254",4,1993-02-16
"P002255",16,1979-04-26
"P002255",67,1980-07-13
"P002255",60,1989-12-18
"P002255",53,1997-06-12
"P002255",6,2001-07-24
"P002255",67,2002-10-03
"P002255",15,2002-10-15
"P002255",44,2004-05-01
"P002255",41,2008-01-31
"P002256",52,2005-08-24
"P002256",14,2015-07-10
"P002256",14,2015-08-07
"P002256",9,2016-08-29
"P002256",55,2017-04-17
"P002256",58,2019-01-10
"P002256",8,2026-04-19
"P002256",40,2036-10-06
"P002256",37,2037-09-21
"P002256",28,2042-01-15
"P002256",4,2042-02-08
"P002256",14,2042-05-04
"P002257",1,1991-04-16
"P002257",30,1992-02-24
"P002257",28,1994-05-26
"P002258",65,2019-06-13
"P002258",56,2019-12-25
"P002258",27,2020-08-01
"P002258",41,2038-06-10
"P002259",26,2016-02-20
"P002259",47,2023-04-27
"P002260",52,1987-03-26
"P002260",57,1989-04-14
"P002260",4,1990-09-02
"P002260",58,1993-03-31
"P002260",32,2001-03-25
"P002262",28,2030-02-05
"P002262",1,2030-06-30
"P002262",24,2030-09-26
"P002262",47,2047-08-13
"P002262",45,2047-10-03
"P002262",18,2048-07-31
"P002263",24,1975-01-11
"P002263",3,1977-11-08
"P002263",52,1979-08-19
"P002263",49,1994-01-06
"P002263",44,2005-06-19
"P002263",28,2007-04-04
"P002263",63,2007-11-07
"P002264",14,1991-06-25
"P002264",28,2008-01-04
"P002264",30,2009-10-25
"P002264",65,2018-07-01
"P002264",11,2019-04-09
"P002264",12,2019-12-04
"P002264",40,2020-03-24
"P002264",60,2021-01-04
"P002264",55,2025-06-19
"P002264",18,2025-11-22
"P002264",53,2026-03-31
"P002265",6,2013-09-26
"P002265",60,2021-07-15
"P002265",58,2024-06-12
"P002265",64,2025-01-26
"P002265",11,2033-06-16
"P002265",23,2033-11-10
"P002265",3,2042-12-21
"P002265",39,2043-02-10
"P002265",44,2043-04-02
"P002265",56,2045-01-03
"P002266",14,2022-12-08
"P002266",10,2024-12-15
"P002266",28,2043-12-24
"P002267",11,2003-11-26
"P002268",16,1979-08-18
"P002268",23,1980-02-03
"P002268",4,1981-01-21
"P002268",61,1985-09-04
"P002268",34,1986-10-22
"P002268",6,2005-04-08
"P002268",55,2011-01-03
"P002269",14,1983-08-21
"P002269",2,1987-07-18
"P002269",50,1987-08-04
"P002269",61,1991-07-31
"P002269",50,1993-09-09
"P002269",38,2000-12-25
"P002269",62,2001-08-19
"P002270",24,2021-04-14
"P002270",16,2041-06-16
"P002270",54,2042-12-20
"P002270",14,2045-04-12
"P002270",41,2046-08-22
"P002270",15,2047-01-13
"P002270",10,2048-10-09
"P002271",3,2020-12-16
"P002271",18,2030-05-29
"P002271",27,2039-04-18
"P002271",61,2041-01-22
"P002271",32,2041-07-31
"P002272",21,2026-04-12
"P002272",1,2030-11-08
"P002273",2,1987-08-11
"P002273",14,2008-09-19
"P002273",54,2009-01-31
"P002274",1,2012-12-30
"P002274",15,2021-11-27
"P002274",55,2045-01-09
"P002275",41,2016-06-16
"P002275",12,2019-07-10
"P002275",23,2024-06-21
"P002275",62,2024-07-13
"P002275",55,2025-05-30
"P002275",46,2026-04-17
"P002275",50,2036-05-01
"P002275",23,2037-07-03
"P002275",6,2038-08-30
"P002275",24,2039-03-03
"P002275",44,2039-05-09
"P002275",29,2047-01-08
"P002276",52,1992-06-11
"P002276",12,2000-12-16
"P002277",7,2023-12-15
"P002277",57,2027-07-05
"P002277",11,2028-10-05
"P002277",3,2038-02-14
"P002277",27,2049-09-28
"P002278",55,1970-07-05
"P002278",44,1983-03-27
"P002278",22,1983-08-02
"P002278",47,1986-09-26
"P002279",55,1980-03-12
"P002279",1,2012-01-17
"P002280",25,1987-05-04
"P002280",19,1987-10-22
"P002280",30,1989-02-07
"P002280",18,1993-07-15
"P002280",41,1993-12-27
"P002280",33,1995-09-20
"P002280",18,1996-01-22
"P002280",28,2004-06-03
"P002280",1,2007-11-14
"P002280",18,2012-09-22
"P002280",61,2014-03-17
"P002281",18,2037-10-04
"P002281",21,2038-10-10
"P002281",3,2039-02-08
"P002281",18,2043-08-04
"P002282",41,1984-08-15
"P002282",28,1988-05-06
"P002282",16,1988-06-02
"P002282",30,1989-03-11
"P002282",23,1989-04-25
"P002282",9,1989-10-28
"P002282",53,1994-08-08
"P002282",50,1998-06-13
"P002282",10,1999-04-16
"P002282",12,2001-12-01
"P002282",14,2006-09-17
"P002283",24,2006-05-13
"P002283",67,2007-03-26
"P002283",43,2007-04-21
"P002283",21,2017-12-04
"P002284",3,2005-01-30
"P002284",49,2013-07-08
"P002284",1,2018-08-19
"P002284",26,2022-12-12
"P002285",62,2008-08-24
"P002285",1,2009-02-10
"P002285",23,2009-04-24
"P002285",9,2010-03-24
"P002285",36,2011-09-21
"P002285",26,2011-12-10
"P002285",2,2025-09-09
"P002285",11,2026-01-10
"P002285",4,2026-05-20
"P002285",26,2026-07-23
"P002285",32,2026-08-28
"P002285",28,2035-07-04
"P002285",12,2040-12-23
"P002285",64,2042-04-01
"P002286",49,2007-11-13
"P002286",54,2009-07-21
"P002286",49,2016-01-24
"P002286",16,2016-02-26
"P002286",61,2017-05-04
"P002286",44,2020-06-24
"P002286",26,2020-08-11
"P002286",14,2025-02-02
"P002286",1,2026-01-23
"P002286",12,2026-05-19
"P002286",47,2028-09-15
"P002286",8,2029-06-30
"P002286",57,2029-09-25
"P002286",19,2036-01-27
"P002286",7,2037-08-29
"P002286",49,2038-02-14
"P002287",1,1990-01-02
"P002287",24,1990-02-06
"P002287",44,1990-10-17
"P002287",22,1990-10-20
"P002287",11,1993-11-24
"P002287",49,1995-04-10
"P002287",4,1995-10-24
"P002287",32,1999-05-15
"P002287",48,1999-11-08
"P002288",50,2000-08-30
"P002288",26,2010-09-28
"P002288",23,2013-02-20
"P002288",57,2014-05-07
"P002288",41,2023-08-11
"P002288",2,2025-03-13
"P002288",50,2025-05-08
"P002288",9,2026-01-06
"P002288",1,2037-07-04
"P002289",7,2029-04-11
"P002290",3,1989-11-03
"P002290",11,2006-01-17
"P002290",53,2010-12-26
"P002290",51,2011-11-20
"P002290",49,2012-12-08
"P002290",6,2013-04-20
"P002290",1,2014-08-17
"P002290",54,2021-06-01
"P002290",55,2022-08-31
"P002290",11,2023-01-01
"P002290",60,2023-05-07
"P002291",56,1983-01-07
"P002291",62,1984-10-13
"P002291",12,1985-09-13
"P002291",7,1987-04-21
"P002291",8,1987-10-31
"P002291",38,1988-09-11
"P002291",54,1988-11-04
"P002291",42,1988-12-03
"P002291",6,1995-03-01
"P002292",5,1984-11-17
"P002292",41,1992-11-26
"P002292",3,1993-01-20
"P002292",39,1995-06-30
"P002292",39,1995-11-20
"P002292",15,2000-03-19
"P002292",13,2000-11-10
"P002292",42,2003-04-07
"P002292",51,2013-03-23
"P002293",44,2010-02-01
"P002293",28,2022-05-12
"P002293",39,2023-08-24
"P002293",39,2024-11-06
"P002293",51,2026-09-12
"P002293",58,2030-07-13
"P002293",34,2031-03-11
"P002293",28,2032-11-15
"P002295",44,2001-12-16
"P002295",43,2019-03-12
"P002295",43,2020-03-02
"P002295",35,2020-08-06
"P002295",27,2025-09-04
"P002295",14,2026-10-12
"P002295",6,2028-08-13
"P002296",55,1982-02-17
"P002296",53,1982-03-08
"P002296",28,1982-05-11
"P002296",34,1982-07-04
"P002296",65,1984-04-05
"P002296",16,1989-08-31
"P002296",14,1991-03-22
"P002296",4,2001-01-13
"P002296",58,2002-06-18
"P002296",16,2002-09-16
"P002296",26,2002-11-12
"P002296",23,2003-11-25
"P002296",24,2003-12-23
"P002296",18,2004-03-09
"P002296",67,2004-09-24
"P002296",14,2008-06-28
"P002296",58,2009-04-27
"P002296",1,2012-10-23
"P002297",25,2002-07-14
"P002297",16,2012-07-25
"P002297",3,2014-07-06
"P002297",6,2024-07-20
"P002297",41,2024-11-14
"P002297",27,2025-02-26
"P002298",17,1966-06-19
"P002298",61,1986-01-23
"P002298",23,1986-06-20
"P002298",2,1992-05-23
"P002298",28,1993-10-04
"P002298",24,2001-02-15
"P002299",60,1964-05-10
"P002299",1,1969-10-12
"P002299",52,1972-03-12
"P002299",61,1974-03-03
"P002299",43,1974-10-12
"P002299",44,1982-02-06
"P002299",47,1987-03-19
"P002299",49,1998-04-25
"P002300",53,1996-08-22
"P002300",18,2001-08-01
"P002300",53,2002-06-09
"P002300",1,2003-02-13
"P002300",10,2003-04-13
"P002300",12,2004-07-28
"P002300",6,2009-08-16
"P002300",65,2011-06-30
"P002300",23,2018-12-21
"P002300",2,2024-04-27
"P002300",43,2024-05-13
"P002301",62,1996-01-06
"P002301",46,1996-03-10
"P002301",13,1996-04-13
"P002301",30,2004-06-07
"P002301",62,2007-07-19
"P002301",20,2012-10-15
"P002301",55,2021-09-08
"P002302",61,1977-02-18
"P002302",3,1981-12-22
"P002302",44,1982-04-26
"P002302",33,1982-08-03
"P002302",41,1988-12-08
"P002302",44,1989-01-12
"P002302",44,1989-05-30
"P002302",55,1997-07-14
"P002302",7,2005-07-06
"P002303",30,1979-05-16
"P002303",30,1980-05-09
"P002303",59,1981-03-22
"P002303",47,1982-07-01
"P002303",65,1983-11-23
"P002303",58,1985-05-11
"P002303",24,1986-05-07
"P002303",5,1990-02-19
"P002303",25,2003-07-24
"P002303",55,2006-11-10
"P002304",53,1981-05-24
"P002304",53,1982-01-25
"P002304",30,1987-03-30
"P002304",14,2000-03-28
"P002304",4,2007-04-24
"P002304",28,2010-04-29
"P002305",16,2001-03-09
"P002305",42,2003-03-29
"P002305",55,2003-11-04
"P002305",1,2004-12-03
"P002305",52,2008-04-06
"P002305",25,2010-01-29
"P002306",55,2001-07-20
"P002307",10,1990-11-20
"P002307",2,2001-06-13
"P002307",11,2003-02-27
"P002307",26,2013-01-27
"P002307",40,2013-02-06
"P002307",43,2014-10-01
"P002308",15,1966-03-23
"P002308",28,1966-06-18
"P002308",30,1967-12-12
"P002308",24,1968-02-25
"P002308",49,1968-04-28
"P002308",67,1969-08-25
"P002308",28,1975-09-04
"P002308",27,1981-05-16
"P002308",8,1989-01-01
"P002308",23,1999-06-06
"P002309",43,1995-12-13
"P002309",14,1997-09-14
"P002309",3,1999-05-14
"P002309",53,2029-05-26
"P002310",28,1987-08-22
"P002310",8,1994-06-30
"P002310",11,1996-03-31
"P002310",1,1997-05-28
"P002310",21,1999-07-30
"P002310",12,2001-12-29
"P002310",27,2003-05-01
"P002310",10,2013-01-28
"P002310",8,2014-07-04
"P002311",4,1974-05-06
"P002311",67,1975-02-18
"P002311",3,1978-10-31
"P002312",39,2010-09-07
"P002312",1,2016-02-14
"P002312",4,2023-11-11
"P002312",6,2024-08-04
"P002312",13,2025-05-16
"P002312",16,2028-05-31
"P002312",9,2029-07-04
"P002313",23,2007-05-04
"P002313",28,2010-01-27
"P002313",12,2010-04-06
"P002313",31,2011-01-23
"P002313",40,2011-03-09
"P002313",47,2011-10-07
"P002313",54,2012-03-02
"P002313",57,2013-03-30
"P002313",11,2031-01-18
"P002313",55,2033-03-16
"P002313",19,2035-04-21
"P002314",18,1977-04-04
"P002314",6,1980-10-09
"P002314",55,1986-03-08
"P002315",8,2012-02-29
"P002315",5,2014-07-31
"P002315",11,2014-10-25
"P002315",11,2016-01-12
"P002315",26,2017-04-11
"P002315",26,2017-08-19
"P002315",3,2019-01-29
"P002315",16,2019-05-24
"P002315",2,2019-10-07
"P002315",40,2019-10-24
"P002315",53,2020-02-01
"P002315",14,2022-01-01
"P002315",23,2025-12-23
"P002315",2,2029-09-26
"P002315",47,2030-05-22
"P002315",12,2032-04-12
"P002315",28,2035-09-12
"P002316",49,2015-08-17
"P002317",55,1983-02-08
"P002317",22,1991-11-10
"P002317",43,2013-07-20
"P002317",55,2016-09-08
"P002317",59,2017-12-11
"P002317",42,2020-06-27
"P002318",10,1998-04-19
"P002318",44,1998-05-20
"P002318",6,1999-12-06
"P002318",44,2000-02-25
"P002318",44,2001-03-17
"P002318",38,2002-10-14
"P002318",62,2007-01-26
"P002318",8,2009-04-20
"P002318",14,2016-02-04
"P002318",26,2028-09-28
"P002318",15,2028-10-23
"P002320",55,1979-06-02
"P002320",28,1984-09-21
"P002320",6,1997-04-03
"P002320",33,1997-04-30
"P002320",34,1998-04-06
"P002320",66,1998-10-04
"P002320",40,1999-03-26
"P002320",24,1999-06-27
"P002320",2,1999-09-30
"P002320",35,2000-04-23
"P002320",24,2001-02-15
"P002320",2,2010-09-21
"P002320",50,2011-06-24
"P002320",43,2011-11-25
"P002320",36,2012-04-24
"P002320",52,2013-03-19
"P002321",28,1981-12-15
"P002321",4,1993-06-22
"P002321",16,1994-09-02
"P002321",15,1994-12-14
"P002321",56,1995-01-21
"P002322",28,1965-02-28
"P002322",2,1975-03-24
"P002322",50,1990-08-09
"P002323",6,2044-08-13
"P002324",37,2018-10-04
"P002324",23,2020-12-01
"P002324",9,2020-12-17
"P002324",2,2021-05-23
"P002324",43,2022-01-28
"P002324",33,2022-09-02
"P002324",24,2027-03-08
"P002324",43,2032-01-12
"P002324",4,2039-11-29
"P002325",18,2033-02-10
"P002325",15,2034-12-12
"P002325",54,2036-04-11
"P002326",4,2017-11-21
"P002326",14,2018-02-27
"P002326",54,2035-01-28
"P002326",39,2035-07-01
"P002326",39,2035-09-26
"P002326",12,2036-02-24
"P002326",34,2037-07-20
"P002326",12,2043-03-05
"P002326",15,2043-09-11
"P002327",57,1978-06-12
"P002327",57,1978-07-13
"P002327",1,1980-10-11
"P002327",26,1981-05-21
"P002327",8,1982-04-26
"P002327",8,1984-01-22
"P002327",2,1992-08-06
"P002328",15,1965-01-30
"P002328",1,1982-06-16
"P002328",18,1986-12-08
"P002328",61,1987-04-08
"P002329",47,1989-05-20
"P002329",57,1989-07-10
"P002329",59,1989-08-11
"P002329",39,1993-05-25
"P002329",51,1997-08-05
"P002329",24,2019-02-24
"P002329",52,2021-03-31
"P002330",27,1996-05-25
"P002330",14,2001-10-26
"P002330",6,2006-12-11
"P002330",16,2013-12-08
"P002330",3,2014-01-04
"P002330",14,2014-04-24
"P002330",14,2015-03-08
"P002331",7,1997-01-27
"P002331",55,1998-12-29
"P002331",16,2014-08-21
"P002331",44,2021-04-23
"P002331",12,2021-04-26
"P002332",14,2022-10-08
"P002332",9,2024-11-15
"P002332",8,2031-05-13
"P002332",8,2032-04-12
"P002332",3,2038-02-05
"P002332",49,2038-05-06
"P002332",64,2040-02-16
"P002333",14,1977-02-09
"P002333",43,1999-05-02
"P002333",8,2014-12-09
"P002334",9,1992-03-09
"P002334",35,1992-09-11
"P002334",12,2010-10-16
"P002334",64,2013-04-21
"P002335",14,2030-05-02
"P002335",54,2039-07-04
"P002335",3,2045-04-06
"P002335",26,2048-10-30
"P002335",30,2053-04-05
"P002335",20,2053-11-21
"P002335",3,2054-02-05
"P002335",1,2054-09-02
"P002336",40,2001-02-15
"P002336",63,2001-09-11
"P002336",19,2003-04-14
"P002336",19,2007-04-28
"P002336",4,2011-06-04
"P002337",6,2005-05-02
"P002337",3,2018-03-03
"P002337",53,2029-11-13
"P002338",20,2009-02-04
"P002338",26,2018-02-10
"P002338",21,2018-10-23
"P002338",15,2020-02-14
"P002338",23,2021-11-30
"P002338",36,2022-11-29
"P002338",53,2027-04-17
"P002338",61,2035-04-29
"P002338",8,2046-10-14
"P002339",28,1993-06-12
"P002339",6,2002-05-19
"P002339",12,2005-01-25
"P002339",3,2005-03-17
"P002339",52,2006-03-09
"P002340",11,2018-09-25
"P002340",7,2026-01-17
"P002340",39,2028-01-06
"P002340",14,2032-07-16
"P002341",28,2010-08-20
"P002341",30,2012-06-07
"P002341",24,2013-06-08
"P002341",56,2016-01-09
"P002341",21,2024-06-26
"P002341",5,2030-07-31
"P002341",62,2039-01-12
"P002343",26,2009-10-17
"P002343",66,2011-06-16
"P002343",48,2014-07-26
"P002343",41,2015-12-18
"P002343",7,2016-02-22
"P002343",28,2021-02-23
"P002343",7,2023-05-08
"P002343",57,2023-10-03
"P002343",18,2024-08-14
"P002343",53,2025-04-12
"P002343",15,2025-07-19
"P002343",53,2025-10-07
"P002343",15,2025-12-21
"P002343",55,2028-01-22
"P002343",12,2039-04-01
"P002343",4,2040-11-18
"P002344",21,2025-11-14
"P002344",21,2026-09-10
"P002344",55,2033-02-05
"P002344",11,2033-06-06
"P002344",18,2033-06-15
"P002344",11,2033-07-08
"P002344",46,2033-12-25
"P002344",23,2034-03-16
"P002345",49,2016-04-13
"P002345",8,2036-02-15
"P002346",25,1970-05-29
"P002346",38,1974-07-02
"P002346",53,1975-03-26
"P002346",3,1977-02-05
"P002346",49,1978-12-19
"P002346",4,1979-05-28
"P002346",24,1981-05-16
"P002346",18,2000-05-19
"P002346",49,2003-02-05
"P002347",21,1985-05-26
"P002347",28,1997-07-14
"P002347",40,1999-03-13
"P002347",7,2003-10-12
"P002347",31,2004-03-21
"P002347",8,2008-03-27
"P002348",26,1968-07-11
"P002348",14,1977-05-14
"P002348",41,1977-06-29
"P002348",13,1980-08-13
"P002348",53,1983-11-30
"P002348",4,1987-03-03
"P002348",8,1987-11-27
"P002348",7,1988-08-12
"P002348",2,1999-04-26
"P002349",4,1974-02-22
"P002349",67,1975-01-04
"P002349",24,1979-10-09
"P002349",57,1980-09-29
"P002349",41,1982-09-27
"P002349",4,1984-10-01
"P002349",41,2002-09-02
"P002350",56,1967-07-17
"P002350",37,1976-07-14
"P002350",2,1978-03-18
"P002350",18,1998-08-26
"P002350",10,1998-09-14
"P002350",61,1999-06-19
"P002350",56,2002-05-15
"P002351",53,1995-11-03
"P002351",23,1997-07-01
"P002351",40,2005-12-26
"P002351",11,2014-12-05
"P002352",16,2006-08-24
"P002352",9,2010-03-17
"P002352",28,2016-09-04
"P002352",65,2035-02-16
"P002353",61,1965-09-07
"P002353",17,1980-09-22
"P002353",28,1982-10-09
"P002353",28,1984-11-16
"P002353",1,1993-11-16
"P002353",42,1996-06-23
"P002353",3,1997-11-07
"P002354",14,2051-09-06
"P002355",32,2014-06-25
"P002355",24,2016-06-06
"P002355",26,2020-11-16
"P002355",2,2025-03-26
"P002355",6,2026-06-15
"P002355",33,2026-10-24
"P002355",53,2032-02-01
"P002355",49,2033-11-26
"P002356",28,1995-02-22
"P002356",3,1997-01-21
"P002356",28,1998-02-05
"P002356",28,2008-03-08
"P002356",22,2014-07-05
"P002356",1,2020-01-21
"P002357",9,2004-05-01
"P002357",50,2005-02-09
"P002358",7,1971-02-21
"P002358",25,1973-04-11
"P002358",56,1974-04-06
"P002358",53,1985-12-12
"P002358",21,1992-12-10
"P002358",44,1993-05-12
"P002358",33,1993-06-15
"P002358",33,1993-09-16
"P002359",28,1970-01-01
"P002359",62,1976-04-28
"P002359",4,1981-05-31
"P002359",26,1981-11-11
"P002359",2,1985-01-31
"P002359",34,1986-05-20
"P002359",18,1994-08-16
"P002360",14,1981-04-08
"P002360",24,1994-04-26
"P002361",23,1969-12-15
"P002361",26,1973-10-12
"P002361",65,1975-07-18
"P002361",18,1976-08-24
"P002361",66,1977-11-22
"P002361",41,1980-11-20
"P002361",41,1981-07-26
"P002361",6,1981-08-28
"P002361",55,1982-10-16
"P002361",30,1983-06-12
"P002361",24,1983-07-23
"P002361",62,1984-10-10
"P002361",10,1990-09-15
"P002361",60,1994-02-11
"P002362",23,2013-08-28
"P002362",14,2015-11-08
"P002362",17,2025-12-11
"P002362",1,2029-01-15
"P002362",62,2036-08-11
"P002362",17,2038-01-05
"P002363",24,2015-12-19
"P002363",12,2024-12-16
"P002363",30,2025-06-15
"P002363",52,2026-07-08
"P002363",2,2029-07-29
"P002363",28,2048-09-01
"P002363",3,2052-03-08
"P002365",23,1973-01-19
"P002365",44,1980-11-18
"P002365",17,1984-09-21
"P002366",41,1965-05-13
"P002366",28,1987-09-20
"P002366",50,1996-02-05
"P002367",60,1976-09-24
"P002367",56,1979-10-26
"P002367",50,1979-11-15
"P002367",2,1994-03-07
"P002367",7,2000-04-01
"P002367",11,2005-06-20
"P002367",30,2006-09-10
"P002367",62,2007-08-04
"P002367",53,2007-12-13
"P002367",59,2012-05-06
"P002367",43,2012-08-30
"P002368",26,1973-08-25
"P002368",21,1987-02-26
"P002368",22,1987-12-01
"P002368",2,1990-04-02
"P002368",28,1994-09-02
"P002368",1,1995-05-31
"P002368",7,1995-08-19
"P002369",54,1985-07-11
"P002369",20,1985-08-08
"P002369",14,1985-12-17
"P002369",11,2010-04-22
"P002369",3,2010-08-31
"P002369",16,2011-02-19
"P002369",26,2012-08-22
"P002369",55,2013-07-16
"P002370",2,2013-06-15
"P002370",28,2035-09-19
"P002370",12,2036-11-05
"P002371",17,1973-07-05
"P002371",3,1978-02-26
"P002371",57,1985-07-31
"P002371",24,1994-04-18
"P002371",1,1995-06-07
"P002371",55,1998-06-08
"P002371",55,2004-06-27
"P002372",27,2004-07-30
"P002373",4,2006-12-06
"P002373",28,2007-01-20
"P002373",31,2007-12-29
"P002373",25,2008-10-21
"P002374",3,1979-07-14
"P002374",23,1997-08-15
"P002374",47,2008-10-22
"P002375",11,1996-12-31
"P002375",36,2000-04-24
"P002375",50,2000-09-15
"P002375",55,2010-06-04
"P002375",49,2013-05-02
"P002375",16,2014-03-25
"P002376",26,2012-06-09
"P002376",55,2013-05-20
"P002377",4,1994-06-19
"P002377",28,1998-02-16
"P002377",3,2003-12-14
"P002377",7,2014-06-21
"P002377",13,2015-04-20
"P002377",14,2018-05-07
"P002377",61,2020-11-06
"P002377",48,2021-10-03
"P002377",58,2021-10-21
"P002377",36,2022-01-30
"P002377",61,2023-11-07
"P002378",61,1973-02-03
"P002378",6,1978-07-27
"P002378",1,1979-08-13
"P002378",17,1981-02-16
"P002378",64,1981-12-23
"P002378",25,1985-01-10
"P002378",28,1987-11-17
"P002378",47,2000-04-28
"P002378",24,2002-10-11
"P002378",28,2002-11-04
"P002378",17,2002-12-17
"P002378",14,2004-02-12
"P002379",23,1980-10-24
"P002379",6,1982-05-19
"P002379",1,1984-05-19
"P002379",18,1992-05-22
"P002379",53,1994-05-04
"P002379",24,1995-06-26
"P002379",12,1996-04-20
"P002379",53,1996-10-11
"P002379",21,2003-08-13
"P002380",4,2000-07-19
"P002380",2,2008-06-17
"P002381",31,1969-09-21
"P002381",44,1969-11-19
"P002381",63,1973-08-24
"P002381",18,1974-01-18
"P002381",66,1974-02-13
"P002381",60,1976-12-25
"P002381",6,1979-05-04
"P002381",2,1997-01-16
"P002382",27,2013-07-12
"P002383",16,1994-04-03
"P002383",42,2002-02-14
"P002383",62,2010-02-12
"P002383",55,2011-04-19
"P002383",14,2011-05-04
"P002383",40,2012-12-30
"P002383",43,2013-03-04
"P002383",23,2021-02-09
"P002384",9,2002-07-07
"P002384",50,2003-06-08
"P002384",4,2033-10-01
"P002384",64,2036-02-04
"P002385",28,1992-03-11
"P002385",41,2000-01-16
"P002385",34,2006-09-06
"P002385",52,2010-07-12
"P002385",14,2020-09-09
"P002385",25,2021-09-30
"P002385",9,2022-03-03
"P002385",15,2022-06-01
"P002385",18,2022-07-14
"P002385",41,2023-04-26
"P002385",66,2023-10-06
"P002385",55,2023-10-14
"P002385",44,2024-07-18
"P002385",54,2024-07-19
"P002385",11,2025-05-19
"P002385",15,2025-07-30
"P002385",37,2025-12-14
"P002385",28,2028-08-07
"P002386",2,2014-04-10
"P002386",60,2020-06-27
"P002386",4,2020-12-28
"P002386",21,2021-06-21
"P002386",61,2026-07-12
"P002386",50,2037-06-15
"P002387",52,2027-04-08
"P002387",27,2029-10-08
"P002388",39,1992-03-10
"P002388",28,2012-07-26
"P002388",34,2015-07-12
"P002388",63,2027-08-10
"P002388",3,2027-10-31
"P002389",10,1994-04-25
"P002389",39,1994-09-01
"P002389",2,2004-02-06
"P002389",18,2020-04-23
"P002389",23,2021-02-24
"P002389",23,2023-08-20
"P002390",28,1996-03-28
"P002390",15,2001-09-13
"P002390",62,2002-05-15
"P002390",35,2003-12-04
"P002390",49,2006-09-29
"P002390",29,2016-01-07
"P002390",6,2020-06-22
"P002390",23,2020-09-19
"P002390",67,2023-12-09
"P002390",44,2032-11-10
"P002390",22,2032-11-23
"P002391",28,2025-07-24
"P002391",61,2027-05-03
"P002391",27,2037-11-09
"P002392",4,1980-06-27
"P002392",7,1980-09-23
"P002393",15,2023-12-16
"P002393",18,2026-07-24
"P002394",34,2044-07-13
"P002394",5,2044-07-13
"P002394",23,2051-02-14
"P002395",11,2027-07-01
"P002395",14,2045-11-23
"P002396",50,1982-03-25
"P002396",25,1985-10-22
"P002396",1,1993-01-26
"P002396",62,2000-07-12
"P002396",44,2005-05-30
"P002396",12,2006-04-30
"P002396",26,2011-09-01
"P002397",6,2005-01-23
"P002397",47,2008-07-27
"P002397",36,2017-01-14
"P002397",30,2018-07-04
"P002397",1,2018-10-18
"P002397",24,2024-10-31
"P002399",52,1983-03-19
"P002399",55,1985-10-29
"P002399",3,1987-02-25
"P002399",39,1989-10-03
"P002399",24,1993-10-03
"P002399",62,1997-07-12
"P002399",64,1999-05-15
"P002399",23,2000-06-03
"P002399",28,2014-07-14
"P002400",28,1982-09-14
"P002401",4,1975-04-16
"P002401",66,1975-05-01
"P002401",28,1986-09-18
"P002401",44,1987-10-18
"P002401",28,1991-08-09
"P002401",6,1992-08-10
"P002401",10,1996-02-25
"P002401",2,2002-01-22
"P002401",50,2004-07-16
"P002401",54,2007-02-10
"P002401",46,2009-03-12
"P002401",21,2010-03-04
"P002401",28,2014-09-16
"P002402",2,1990-02-14
"P002402",28,2013-04-22
"P002403",3,1993-04-20
"P002403",25,2008-03-13
"P002403",12,2009-09-14
"P002403",4,2016-02-08
"P002404",23,1994-02-11
"P002404",13,2000-05-05
"P002404",4,2000-10-20
"P002404",23,2003-06-07
"P002404",14,2015-12-03
"P002404",9,2016-06-07
"P002405",4,2004-01-28
"P002405",6,2013-11-29
"P002405",21,2017-08-11
"P002405",44,2019-10-26
"P002405",49,2029-11-05
"P002406",32,2022-11-30
"P002406",53,2035-03-14
"P002406",27,2035-06-26
"P002406",27,2036-04-09
"P002406",42,2037-08-10
"P002406",55,2038-05-17
"P002406",27,2041-11-27
"P002407",54,2002-04-27
"P002407",16,2004-10-11
"P002407",35,2041-01-20
"P002408",26,1990-07-27
"P002408",23,1994-09-24
"P002408",14,2009-11-18
"P002409",20,1970-10-04
"P002409",24,1982-02-14
"P002409",6,2002-12-14
"P002410",62,1990-12-25
"P002410",46,1993-04-06
"P002410",11,1993-12-31
"P002410",25,2002-02-12
"P002410",3,2011-06-18
"P002411",8,1970-08-14
"P002411",23,1992-11-29
"P002411",49,1998-02-11
"P002411",2,1999-10-24
"P002411",34,2001-11-19
"P002411",24,2004-08-29
"P002411",63,2004-09-02
"P002412",48,1999-11-30
"P002412",53,2001-07-08
"P002412",27,2002-02-03
"P002412",64,2003-01-09
"P002412",11,2014-04-20
"P002412",15,2015-08-11
"P002413",14,2045-02-15
"P002413",21,2051-02-12
"P002414",49,2008-07-08
"P002414",30,2010-06-13
"P002414",8,2010-10-02
"P002414",10,2011-10-25
"P002414",28,2011-11-07
"P002414",8,2012-08-04
"P002414",12,2013-05-03
"P002414",58,2013-10-23
"P002414",7,2016-10-13
"P002414",64,2016-11-13
"P002414",31,2019-04-24
"P002414",43,2021-10-30
"P002414",25,2026-12-13
"P002414",5,2033-01-23
"P002414",61,2037-03-05
"P002415",1,1990-07-05
"P002415",4,1993-12-11
"P002415",15,1999-09-15
"P002415",3,2005-10-10
"P002416",18,1998-02-22
"P002416",34,2000-06-29
"P002416",43,2008-08-26
"P002416",26,2012-04-07
"P002416",3,2025-04-10
"P002416",42,2025-08-22
"P002416",1,2027-01-16
"P002416",50,2029-04-19
"P002416",50,2030-02-16
"P002416",66,2030-05-15
"P002416",41,2030-07-22
"P002416",50,2031-06-29
"P002416",29,2033-05-19
"P002416",9,2034-02-16
"P002417",62,1989-08-16
"P002417",23,1995-04-08
"P002418",21,2015-11-18
"P002418",16,2053-04-18
"P002419",14,1964-10-28
"P002419",3,1965-01-15
"P002419",35,1966-09-01
"P002419",1,1990-06-23
"P002420",43,2008-04-09
"P002420",50,2017-09-12
"P002420",9,2019-06-23
"P002420",30,2022-10-11
"P002420",59,2023-04-26
"P002420",2,2025-12-16
"P002420",47,2033-02-24
"P002421",41,1969-09-02
"P002421",52,1974-06-16
"P002421",35,1976-07-23
"P002421",52,1992-12-30
"P002421",6,2002-11-20
"P002422",28,1995-12-17
"P002422",63,2029-08-05
"P002422",49,2030-11-24
"P002422",15,2031-11-25
"P002423",28,1975-06-28
"P002423",58,1987-08-02
"P002423",10,1987-10-12
"P002423",58,2002-09-10
"P002424",26,1994-12-24
"P002424",2,1998-09-13
"P002424",63,1998-11-21
"P002424",16,2009-06-23
"P002425",3,1985-07-21
"P002425",30,1986-01-14
"P002425",2,1988-03-19
"P002425",11,2010-04-06
"P002425",1,2011-07-29
"P002426",58,2005-02-16
"P002426",1,2007-05-10
"P002426",14,2008-10-16
"P002426",27,2017-09-28
"P002426",37,2019-06-01
"P002426",4,2020-04-30
"P002426",17,2024-09-12
"P002427",11,2010-06-12
"P002427",49,2011-10-27
"P002427",6,2014-11-08
"P002427",3,2023-01-13
"P002427",2,2029-10-03
"P002427",52,2030-08-21
"P002428",1,2008-12-26
"P002428",4,2010-11-28
"P002428",8,2011-09-14
"P002428",42,2015-08-17
"P002428",54,2020-07-12
"P002428",50,2021-08-14
"P002429",27,2026-10-13
"P002429",10,2033-05-31
"P002429",8,2033-09-12
"P002429",26,2035-02-28
"P002429",33,2035-12-12
"P002430",21,2023-03-07
"P002430",30,2028-01-02
"P002430",30,2028-05-02
"P002430",4,2037-11-10
"P002430",57,2042-02-18
"P002430",26,2048-01-30
"P002431",32,2015-01-18
"P002431",61,2026-11-12
"P002431",43,2027-10-07
"P002431",11,2036-12-21
"P002431",26,2039-11-15
"P002431",1,2047-01-09
"P002431",2,2053-08-28
"P002431",43,2054-06-05
"P002432",41,1963-07-28
"P002432",60,1987-05-11
"P002432",55,1988-10-01
"P002432",28,1989-05-11
"P002432",12,1990-03-16
"P002433",1,1995-08-15
"P002433",25,2024-08-24
"P002433",26,2029-09-25
"P002434",8,1979-04-30
"P002434",28,1980-01-29
"P002434",53,1983-04-16
"P002434",65,1983-06-30
"P002434",60,1985-02-09
"P002434",1,1998-04-11
"P002434",4,2002-02-08
"P002434",55,2005-06-15
"P002434",43,2006-12-03
"P002435",23,1975-10-01
"P002435",52,1999-07-24
"P002435",14,2004-03-19
"P002435",3,2005-12-20
"P002436",47,2012-02-14
"P002436",61,2015-03-25
"P002436",15,2015-12-30
"P002436",60,2018-02-27
"P002436",18,2028-02-18
"P002436",5,2033-10-25
"P002436",28,2034-04-16
"P002436",38,2036-04-18
"P002436",28,2042-02-15
"P002436",14,2044-06-07
"P002437",9,1989-05-04
"P002437",58,1994-02-06
"P002437",28,2003-08-16
"P002437",2,2005-06-20
"P002437",14,2015-12-12
"P002438",30,2004-11-19
"P002438",40,2006-08-27
"P002438",24,2008-10-25
"P002438",3,2011-01-07
"P002438",57,2012-10-09
"P002438",15,2013-04-12
"P002438",42,2013-10-16
"P002438",34,2030-05-27
"P002438",22,2034-02-03
"P002439",23,2009-04-26
"P002439",25,2011-06-06
"P002439",62,2020-09-01
"P002439",21,2021-04-21
"P002439",40,2033-10-29
"P002439",44,2040-08-15
"P002440",44,2006-04-20
"P002440",33,2007-03-06
"P002440",18,2010-07-02
"P002440",66,2015-05-05
"P002441",62,2015-05-04
"P002441",54,2024-03-08
"P002441",55,2033-02-16
"P002441",12,2035-12-04
"P002441",55,2042-03-04
"P002441",2,2042-03-18
"P002442",41,2000-07-08
"P002442",1,2017-02-20
"P002442",52,2025-04-16
"P002442",54,2035-03-25
"P002442",11,2035-10-28
"P002443",61,1969-12-01
"P002443",40,1981-05-12
"P002444",44,2032-07-30
"P002444",49,2045-05-23
"P002444",61,2046-01-18
"P002444",29,2049-11-05
"P002444",11,2050-06-17
"P002444",12,2051-07-29
"P002448",37,2031-08-06
"P002448",40,2032-03-19
"P002448",15,2037-12-19
"P002448",14,2038-02-22
"P002449",8,1988-11-09
"P002449",6,1992-08-20
"P002449",15,2003-05-02
"P002449",28,2004-02-26
"P002449",62,2007-03-27
"P002449",13,2008-08-14
"P002449",43,2009-06-03
"P002449",22,2009-10-04
"P002449",6,2009-12-14
"P002449",55,2013-06-10
"P002449",15,2019-10-27
"P002449",10,2022-04-11
"P002450",55,1987-04-11
"P002450",60,1991-01-09
"P002450",2,2000-03-29
"P002450",41,2002-07-29
"P002450",41,2003-10-08
"P002450",30,2003-10-22
"P002450",15,2004-04-21
"P002450",43,2004-11-30
"P002450",55,2018-01-14
"P002450",53,2019-05-16
"P002450",53,2021-01-30
"P002451",33,2019-05-24
"P002451",3,2020-01-15
"P002452",2,1998-07-22
"P002453",3,2000-11-08
"P002453",61,2018-12-11
"P002453",15,2019-05-06
"P002453",50,2032-05-28
"P002453",11,2034-09-03
"P002453",15,2034-12-20
"P002454",27,1999-06-05
"P002454",32,2012-05-26
"P002454",54,2014-11-01
"P002454",54,2015-06-05
"P002455",23,2016-04-25
"P002455",62,2016-06-28
"P002455",14,2018-03-22
"P002455",53,2034-03-01
"P002455",16,2034-07-28
"P002455",33,2035-05-17
"P002455",57,2036-04-03
"P002455",25,2037-03-12
"P002455",11,2037-07-22
"P002455",33,2037-10-26
"P002455",19,2037-11-08
"P002455",44,2043-03-03
"P002456",1,2008-01-12
"P002456",39,2008-11-19
"P002456",14,2019-04-18
"P002456",28,2036-05-24
"P002457",28,2009-09-05
"P002457",59,2010-06-18
"P002457",60,2017-08-14
"P002458",61,1973-05-27
"P002458",43,1976-08-25
"P002458",10,1980-11-23
"P002458",3,1983-02-13
"P002458",25,1985-06-16
"P002458",1,1988-03-15
"P002458",12,1989-07-11
"P002458",15,1991-02-28
"P002458",53,1998-01-30
"P002458",16,1998-08-22
"P002458",49,1999-01-20
"P002458",6,2003-11-13
"P002459",7,1968-05-09
"P002460",18,1966-01-22
"P002460",21,1971-11-10
"P002460",54,1975-05-02
"P002460",18,1976-08-31
"P002460",18,1996-04-28
"P002461",49,2017-12-19
"P002461",23,2028-05-17
"P002461",20,2037-11-29
"P002462",23,1984-05-26
"P002462",43,1987-01-21
"P002462",20,2005-03-20
"P002463",4,1978-05-05
"P002463",18,1982-04-02
"P002463",12,1982-10-05
"P002463",8,1984-04-26
"P002463",42,1984-11-23
"P002463",6,1989-05-17
"P002463",1,1992-12-06
"P002463",39,1999-12-19
"P002463",23,2000-12-25
"P002463",37,2002-10-16
"P002464",6,1972-03-31
"P002464",52,1983-09-21
"P002464",55,1985-07-10
"P002464",55,1985-08-15
"P002464",21,1992-09-18
"P002464",44,1996-04-01
"P002464",28,2004-05-17
"P002464",40,2004-06-23
"P002465",4,2012-03-10
"P002465",38,2026-02-04
"P002465",44,2026-12-15
"P002465",49,2029-03-05
"P002465",65,2030-12-13
"P002465",21,2048-01-03
"P002466",6,1973-01-06
"P002466",34,1980-03-30
"P002466",9,1980-09-23
"P002466",62,1993-07-08
"P002466",17,1994-12-10
"P002467",61,1966-09-16
"P002467",30,1986-03-01
"P002467",61,1990-05-31
"P002467",58,1991-04-06
"P002467",34,1993-06-12
"P002467",34,1993-10-30
"P002467",15,2003-10-20
"P002468",5,1965-09-09
"P002468",12,1976-01-03
"P002469",3,1990-02-02
"P002469",13,2002-01-20
"P002470",23,1996-07-14
"P002470",9,1998-05-07
"P002470",14,2007-06-28
"P002470",52,2007-11-08
"P002470",1,2010-06-03
"P002471",55,2040-12-08
"P002472",16,1992-03-09
"P002472",4,1992-05-06
"P002472",4,1993-10-03
"P002472",28,2025-03-01
"P002472",23,2025-10-18
"P002472",6,2026-01-28
"P002472",6,2027-11-03
"P002473",44,1971-07-07
"P002474",18,1994-05-11
"P002474",21,2014-06-08
"P002474",31,2015-11-30
"P002474",4,2021-12-31
"P002474",58,2022-07-13
"P002474",7,2022-10-17
"P002475",28,2010-06-10
"P002475",1,2010-06-15
"P002475",14,2020-01-19
"P002475",28,2037-08-11
"P002475",62,2038-05-16
"P002475",5,2040-02-17
"P002475",64,2040-11-29
"P002476",6,1973-03-15
"P002476",55,1974-01-26
"P002476",3,1974-04-02
"P002476",28,1976-08-02
"P002476",4,1996-07-29
"P002476",12,1998-07-06
"P002476",67,2000-06-07
"P002476",29,2003-07-04
"P002477",58,1979-01-07
"P002477",28,1992-04-23
"P002477",28,1997-08-27
"P002477",21,2004-07-15
"P002477",5,2008-03-10
"P002477",27,2012-08-24
"P002477",11,2014-05-30
"P002478",27,2018-02-07
"P002478",38,2019-04-09
"P002478",49,2019-05-23
"P002478",65,2020-09-30
"P002478",62,2020-10-11
"P002478",18,2029-04-25
"P002478",31,2043-06-28
"P002479",55,1986-08-30
"P002479",23,1988-05-27
"P002480",28,2014-05-29
"P002480",16,2015-06-06
"P002480",67,2016-04-14
"P002480",30,2017-02-12
"P002480",30,2017-09-22
"P002480",28,2029-05-14
"P002480",12,2032-02-14
"P002480",27,2032-04-12
"P002480",3,2032-06-16
"P002480",27,2032-10-05
"P002481",23,1994-07-03
"P002481",67,1994-11-05
"P002481",43,1995-03-28
"P002481",52,1999-07-29
"P002481",28,2006-04-14
"P002482",23,2001-03-27
"P002482",14,2002-01-31
"P002482",3,2028-01-21
"P002483",1,2031-12-19
"P002484",27,2006-11-03
"P002484",4,2027-09-06
"P002484",20,2036-08-08
"P002484",3,2036-10-02
"P002484",40,2036-12-12
"P002484",27,2037-03-30
"P002484",26,2037-09-05
"P002484",63,2038-04-30
"P002484",13,2038-08-06
"P002485",5,2002-02-17
"P002485",64,2003-12-27
"P002485",27,2012-08-11
"P002485",43,2014-11-05
"P002485",52,2024-02-23
"P002485",52,2028-04-28
"P002486",1,1978-11-14
"P002486",58,1991-09-05
"P002487",53,1991-05-22
"P002487",55,1998-11-07
"P002487",28,2007-12-13
"P002488",23,2031-06-09
"P002488",36,2033-07-02
"P002488",11,2045-04-10
"P002488",41,2047-07-22
"P002489",54,2032-10-02
"P002489",63,2040-05-11
"P002490",62,2015-09-16
"P002490",6,2016-09-14
"P002490",54,2029-02-26
"P002491",7,2005-08-21
"P002491",41,2008-01-24
"P002491",35,2013-04-28
"P002491",4,2018-08-14
"P002491",7,2025-12-31
"P002492",14,2008-05-25
"P002492",58,2009-02-13
"P002492",28,2009-05-02
"P002492",4,2013-08-30
"P002492",52,2014-07-22
"P002492",28,2015-07-19
"P002492",14,2017-03-31
"P002492",2,2018-12-31
"P002492",3,2019-06-27
"P002492",30,2020-05-18
"P002492",25,2021-02-22
"P002492",49,2033-05-17
"P002492",43,2035-10-01
"P002493",60,1985-09-27
"P002493",18,1986-05-23
"P002493",36,1987-08-21
"P002493",2,2003-05-21
"P002493",54,2011-07-09
"P002493",15,2013-03-12
"P002493",60,2014-09-09
"P002494",15,1983-11-07
"P002494",30,1987-11-24
"P002494",8,2000-04-26
"P002495",10,1990-02-02
"P002495",28,1990-03-04
"P002495",28,1990-10-05
"P002495",47,1990-12-10
"P002495",25,1990-12-28
"P002495",47,1991-02-05
"P002495",7,1993-05-17
"P002495",37,1993-11-03
"P002495",46,1993-12-07
"P002495",18,1993-12-11
"P002495",10,1994-09-13
"P002495",59,2000-04-21
"P002495",1,2018-01-09
"P002496",11,1997-05-13
"P002496",2,2002-02-24
"P002496",3,2013-09-13
"P002496",12,2021-04-19
"P002496",1,2021-06-22
"P002497",52,1988-03-18
"P002497",50,2013-08-14
"P002497",48,2014-12-12
"P002498",21,1996-05-13
"P002498",23,2001-09-22
"P002498",52,2003-07-25
"P002499",66,1967-03-16
"P002499",60,1967-10-12
"P002499",39,1969-09-13
"P002499",11,1970-04-05
"P002499",11,1975-10-26
"P002499",24,1978-09-26
"P002499",3,1998-10-09
"P002500",53,2015-09-07
"P002500",47,2043-12-22
"P002501",3,2010-11-09
"P002501",56,2011-06-05
"P002501",3,2031-08-07
"P002501",31,2044-07-19
"P002502",18,2011-02-28
"P002502",15,2011-05-31
"P002502",17,2044-09-25
"P002502",42,2046-08-18
"P002503",23,2015-06-20
"P002503",52,2020-07-02
"P002503",24,2022-04-22
"P002503",14,2023-08-06
"P002503",15,2045-03-25
"P002503",4,2046-08-25
"P002503",26,2049-07-05
"P002504",4,1985-06-17
"P002504",8,1987-08-15
"P002504",8,1999-07-15
"P002504",3,2022-04-03
"P002505",1,1979-08-15
"P002505",8,1980-03-23
"P002505",52,1981-08-26
"P002505",61,1984-01-15
"P002505",30,2004-04-15
"P002505",24,2011-03-26
"P002505",49,2011-05-01
"P002506",12,1965-09-18
"P002506",52,1976-08-23
"P002506",62,1979-05-15
"P002506",21,1989-03-23
"P002507",22,1993-04-20
"P002507",12,1994-04-27
"P002507",4,1998-08-30
"P002507",8,2006-05-12
"P002507",43,2008-04-04
"P002507",8,2020-07-25
"P002507",8,2027-03-09
"P002507",52,2029-05-24
"P002508",7,1986-12-31
"P002508",38,1999-06-26
"P002508",45,2000-03-16
"P002508",18,2003-03-19
"P002508",15,2005-05-22
"P002509",8,1990-03-14
"P002509",23,2002-07-03
"P002510",14,1986-08-04
"P002510",6,1999-11-27
"P002510",41,2002-12-12
"P002510",53,2003-06-06
"P002510",21,2004-12-19
"P002510",51,2004-12-26
"P002510",11,2008-09-26
"P002510",4,2009-06-25
"P002510",53,2009-10-03
"P002510",46,2009-10-17
"P002510",29,2010-02-23
"P002510",52,2013-12-08
"P002511",4,1995-06-28
"P002511",12,2012-10-08
"P002512",22,1993-07-02
"P002512",44,1995-07-05
"P002512",2,2006-03-31
"P002512",34,2007-08-29
"P002512",44,2008-03-24
"P002512",34,2008-04-21
"P002512",11,2012-08-08
"P002512",54,2019-07-19
"P002512",31,2020-02-07
"P002512",50,2022-01-15
"P002513",18,2009-05-22
"P002513",42,2018-04-03
"P002514",28,2005-12-03
"P002514",62,2007-02-19
"P002514",6,2007-09-08
"P002514",6,2013-12-25
"P002514",17,2031-10-23
"P002514",37,2031-10-30
"P002514",4,2032-01-18
"P002514",10,2032-02-12
"P002514",24,2035-04-08
"P002515",24,2007-04-26
"P002515",25,2014-07-03
"P002515",32,2017-04-05
"P002515",4,2031-12-24
"P002515",1,2039-05-13
"P002516",40,2022-05-08
"P002516",28,2040-03-30
"P002516",23,2041-03-04
"P002516",18,2041-04-16
"P002517",1,2016-08-09
"P002517",18,2026-03-23
"P002518",53,2038-12-07
"P002518",51,2041-11-27
"P002518",9,2042-01-06
"P002518",15,2042-04-01
"P002518",54,2044-10-03
"P002518",54,2045-03-19
"P002518",50,2046-01-15
"P002519",62,1994-07-07
"P002519",23,2010-12-31
"P002519",37,2011-11-17
"P002519",29,2014-01-16
"P002519",54,2014-08-14
"P002519",50,2015-03-03
"P002519",39,2016-12-13
"P002519",53,2017-02-14
"P002520",2,2007-10-26
"P002520",36,2017-02-28
"P002520",57,2034-05-07
"P002520",35,2035-10-01
"P002520",66,2042-09-11
"P002521",60,2009-06-20
"P002521",21,2017-12-23
"P002521",50,2025-02-14
"P002521",66,2025-04-13
"P002521",54,2025-10-23
"P002521",59,2026-01-09
"P002521",44,2026-11-03
"P002521",3,2032-11-01
"P002521",2,2042-09-27
"P002522",19,2016-06-07
"P002522",28,2022-03-06
"P002522",43,2053-06-19
"P002523",12,1979-09-16
"P002523",12,1986-04-22
"P002523",19,2004-12-25
"P002523",19,2007-05-21
"P002523",28,2011-09-17
"P002524",15,2003-09-08
"P002524",44,2006-10-12
"P002524",55,2007-04-27
"P002524",28,2013-05-09
"P002524",27,2018-02-13
"P002524",3,2026-03-25
"P002524",16,2034-01-04
"P002525",23,1990-06-20
"P002525",55,2004-09-28
"P002525",50,2004-12-13
"P002525",39,2005-09-02
"P002525",60,2005-11-04
"P002525",40,2005-11-18
"P002525",52,2006-08-21
"P002525",24,2008-05-19
"P002525",57,2017-12-25
"P002525",28,2018-11-24
"P002525",10,2019-01-01
"P002525",1,2019-01-09
"P002525",16,2019-02-27
"P002526",60,2010-07-23
"P002526",18,2012-09-19
"P002526",8,2016-09-03
"P002526",28,2046-05-26
"P002527",18,1996-11-19
"P002527",41,2000-03-30
"P002527",7,2002-02-09
"P002527",12,2005-10-13
"P002528",6,1987-12-11
"P002528",28,1991-01-26
"P002528",12,1992-12-24
"P002528",55,2004-09-06
"P002528",2,2007-10-02
"P002528",7,2007-12-01
"P002528",3,2008-08-15
"P002528",64,2009-06-11
"P002528",59,2009-11-16
"P002528",49,2010-08-08
"P002529",21,2009-03-19
"P002529",2,2036-11-17
"P002531",1,1974-01-26
"P002531",13,1974-04-11
"P002531",6,1974-10-30
"P002531",14,1974-11-20
"P002531",21,1980-02-17
"P002531",14,2012-09-29
"P002532",2,2024-01-05
"P002532",1,2026-04-14
"P002532",32,2027-11-05
"P002532",27,2032-07-09
"P002532",42,2033-02-08
"P002532",26,2033-11-19
"P002532",30,2034-08-03
"P002532",52,2041-05-14
"P002533",1,1970-11-04
"P002533",26,1973-12-27
"P002533",10,1974-04-02
"P002533",61,1981-06-30
"P002533",18,1984-04-25
"P002533",9,1988-01-31
"P002533",52,1995-03-12
"P002534",64,2025-01-05
"P002534",13,2030-03-11
"P002534",4,2031-09-03
"P002534",14,2033-05-13
"P002534",3,2035-12-24
"P002534",5,2037-12-09
"P002534",30,2041-04-05
"P002534",40,2041-08-15
"P002534",28,2042-02-06
"P002534",43,2043-05-21
"P002535",2,1980-06-20
"P002535",15,1981-10-22
"P002535",1,1983-10-05
"P002535",61,1986-04-24
"P002535",34,1987-01-02
"P002535",11,1989-10-06
"P002535",1,1990-09-10
"P002535",15,1990-09-13
"P002535",8,1992-03-26
"P002535",58,1992-03-28
"P002535",8,1992-09-18
"P002535",6,2008-02-14
"P002535",14,2008-04-28
"P002535",2,2009-05-04
"P002535",7,2010-01-15
"P002536",7,1971-08-09
"P002536",14,1976-03-05
"P002536",40,1983-12-07
"P002536",23,1988-03-11
"P002536",21,1989-07-07
"P002536",14,1989-11-11
"P002536",47,1990-06-09
"P002537",49,1976-11-06
"P002537",61,1978-03-13
"P002537",38,1982-06-13
"P002537",53,2006-02-27
"P002537",30,2006-11-10
"P002537",62,2007-05-21
"P002538",23,2019-09-18
"P002538",9,2037-12-25
"P002538",6,2038-01-31
"P002538",40,2038-05-25
"P002538",22,2044-02-11
"P002539",28,2023-04-05
"P002539",9,2029-03-17
"P002539",2,2029-07-09
"P002539",2,2032-02-15
"P002539",28,2046-06-03
"P002540",53,2007-04-07
"P002540",53,2011-10-20
"P002541",56,2000-01-08
"P002541",55,2001-02-21
"P002541",23,2007-02-21
"P002541",6,2007-11-08
"P002541",47,2016-11-15
"P002541",5,2029-12-24
"P002541",15,2030-01-09
"P002542",12,1996-02-18
"P002542",2,1999-09-10
"P002543",1,1981-02-18
"P002543",42,1982-04-28
"P002543",49,1984-09-14
"P002543",3,1988-12-03
"P002544",15,1992-11-16
"P002544",13,1994-12-19
"P002544",14,1995-03-25
"P002544",14,1996-03-13
"P002544",11,1997-04-22
"P002545",61,1997-11-10
"P002545",4,2012-08-26
"P002545",12,2019-01-28
"P002546",14,1998-12-30
"P002546",12,2002-04-17
"P002546",3,2002-09-24
"P002546",35,2003-11-04
"P002546",18,2017-05-15
"P002546",28,2023-11-13
"P002546",55,2025-09-06
"P002546",55,2026-02-13
"P002546",14,2027-07-05
"P002546",59,2032-04-08
"P002546",8,2033-04-27
"P002547",9,2021-02-21
"P002547",10,2027-09-19
"P002547",22,2028-01-08
"P002547",4,2028-12-25
"P002547",3,2033-02-27
"P002547",3,2040-04-13
"P002547",59,2041-06-07
"P002547",53,2042-01-10
"P002547",37,2052-03-20
"P002548",13,2011-01-16
"P002548",4,2014-05-31
"P002548",25,2030-08-08
"P002548",56,2045-04-28
"P002549",25,2021-02-21
"P002549",6,2044-01-14
"P002550",3,2017-07-17
"P002550",50,2031-05-20
"P002550",50,2031-07-09
"P002550",48,2031-11-10
"P002551",6,2018-06-14
"P002551",4,2022-05-17
"P002551",14,2023-07-11
"P002551",53,2024-03-17
"P002551",50,2024-05-21
"P002551",21,2041-05-19
"P002551",26,2041-09-11
"P002551",30,2042-05-07
"P002551",3,2043-05-09
"P002553",61,1976-02-23
"P002553",34,1977-05-03
"P002553",43,1978-03-16
"P002553",40,1980-07-13
"P002553",26,1984-12-17
"P002553",16,1986-01-03
"P002553",3,1988-07-20
"P002553",44,1994-11-15
"P002553",56,1994-12-16
"P002554",12,2003-10-15
"P002554",28,2022-08-06
"P002556",11,2029-08-29
"P002556",58,2030-06-17
"P002556",60,2032-12-07
"P002556",58,2035-03-27
"P002556",26,2036-02-10
"P002556",19,2037-04-28
"P002556",5,2040-12-12
"P002556",50,2051-08-28
"P002556",37,2054-10-28
"P002557",26,2009-11-13
"P002557",66,2011-04-25
"P002557",33,2011-05-27
"P002557",30,2011-07-18
"P002557",44,2012-07-11
"P002557",12,2013-11-11
"P002557",34,2014-07-31
"P002557",53,2020-09-28
"P002557",28,2022-02-17
"P002557",30,2029-01-11
"P002557",26,2032-08-19
"P002557",18,2035-07-18
"P002557",3,2035-11-15
"P002557",30,2038-02-24
"P002557",24,2039-04-12
"P002557",54,2041-01-31
"P002557",46,2042-06-13
"P002557",39,2042-08-02
"P002558",13,2013-02-26
"P002559",16,2010-11-01
"P002559",9,2011-04-05
"P002559",3,2011-07-24
"P002559",40,2013-03-19
"P002559",48,2016-06-19
"P002559",36,2029-11-03
"P002560",49,1981-12-28
"P002560",2,1982-03-07
"P002560",3,1996-09-08
"P002560",12,1996-10-13
"P002560",39,1997-07-19
"P002560",6,2007-06-14
"P002560",3,2011-01-24
"P002560",35,2012-12-21
"P002561",15,2006-12-26
"P002561",11,2015-08-06
"P002561",52,2027-06-27
"P002562",1,2007-04-22
"P002562",24,2018-06-14
"P002562",56,2022-01-11
"P002562",61,2028-11-15
"P002562",3,2038-12-12
"P002562",1,2041-03-24
"P002562",39,2041-06-24
"P002562",34,2042-10-13
"P002563",57,1979-06-22
"P002563",35,1981-07-20
"P002563",47,2002-04-01
"P002563",4,2002-09-19
"P002563",67,2003-05-20
"P002563",14,2006-12-11
"P002563",38,2008-05-17
"P002563",11,2011-01-06
"P002563",15,2016-04-30
"P002564",10,1980-05-25
"P002565",62,1984-05-11
"P002565",10,2008-12-06
"P002565",28,2009-02-17
"P002565",21,2012-06-15
"P002565",28,2012-10-11
"P002565",50,2013-10-04
"P002566",21,1967-01-07
"P002566",27,1983-03-26
"P002566",3,1983-03-29
"P002566",28,1984-02-05
"P002566",30,1996-08-15
"P002566",24,1999-11-23
"P002567",11,1986-12-25
"P002567",15,1997-12-28
"P002568",14,1970-04-20
"P002568",17,1975-08-16
"P002568",18,1980-12-15
"P002568",35,1982-01-09
"P002568",51,1984-08-22
"P002568",15,1986-05-16
"P002568",41,1986-12-27
"P002568",10,1988-02-18
"P002568",43,1989-01-31
"P002568",3,1992-01-14
"P002568",10,2001-10-09
"P002568",67,2002-07-09
"P002568",57,2004-09-24
"P002569",62,2003-09-23
"P002569",53,2036-03-19
"P002569",21,2036-11-07
"P002570",4,2000-12-02
"P002570",4,2001-10-04
"P002570",55,2014-07-20
"P002570",27,2027-09-22
"P002570",3,2031-06-24
"P002571",23,2008-01-25
"P002571",61,2011-05-20
"P002571",15,2013-03-25
"P002571",35,2013-10-19
"P002571",24,2019-10-01
"P002571",48,2039-05-24
"P002572",63,1996-09-01
"P002572",28,2013-09-28
"P002572",14,2015-08-16
"P002572",41,2016-03-14
"P002572",6,2017-06-23
"P002572",23,2018-01-27
"P002573",3,2017-10-29
"P002573",23,2017-12-24
"P002573",27,2019-04-03
"P002573",8,2040-04-13
"P002573",14,2041-09-29
"P002574",8,2014-01-25
"P002574",4,2022-08-25
"P002574",28,2024-04-30
"P002574",56,2026-01-27
"P002574",28,2039-09-16
"P002574",40,2040-06-22
"P002574",28,2049-05-10
"P002575",60,1992-03-16
"P002575",37,1994-01-14
"P002575",17,1994-06-05
"P002575",4,1994-10-15
"P002575",58,1995-01-10
"P002575",41,1996-05-08
"P002575",4,1997-08-18
"P002575",34,1999-03-04
"P002575",25,1999-07-05
"P002575",2,2002-02-06
"P002575",40,2002-03-20
"P002576",43,1981-04-02
"P002576",26,1990-11-22
"P002576",1,1997-03-30
"P002576",1,1999-07-14
"P002577",21,1970-05-23
"P002577",48,1997-05-08
"P002577",43,1999-02-09
"P002578",1,2016-05-10
"P002578",17,2019-11-11
"P002578",55,2022-08-16
"P002578",28,2028-03-18
"P002578",12,2029-05-28
"P002578",11,2030-11-15
"P002578",14,2037-05-04
"P002578",3,2042-03-27
"P002579",28,2014-04-15
"P002579",61,2033-11-20
"P002579",53,2035-08-16
"P002580",28,2000-06-27
"P002580",8,2004-04-26
"P002580",6,2005-06-17
"P002580",6,2016-03-23
"P002580",23,2019-07-08
"P002580",57,2019-12-13
"P002581",5,1981-05-28
"P002581",54,1983-02-28
"P002581",6,2010-01-09
"P002582",49,1993-04-13
"P002583",18,1998-07-16
"P002583",65,1999-01-26
"P002583",58,1999-03-08
"P002583",24,2011-12-01
"P002584",48,2007-02-20
"P002584",28,2011-07-12
"P002584",16,2011-10-22
"P002584",57,2015-10-26
"P002584",35,2023-11-12
"P002584",53,2029-11-21
"P002584",44,2030-02-19
"P002584",10,2030-04-11
"P002584",24,2030-11-08
"P002584",38,2031-09-14
"P002584",40,2035-12-22
"P002585",28,2030-01-07
"P002585",21,2046-01-22
"P002585",43,2046-11-23
"P002586",26,1979-01-03
"P002586",30,1991-12-31
"P002586",59,1992-03-30
"P002586",44,1994-07-23
"P002586",53,1994-11-22
"P002586",41,1996-05-02
"P002586",41,1998-02-09
"P002586",12,2001-07-20
"P002587",44,2026-07-18
"P002587",24,2028-08-22
"P002587",44,2031-09-11
"P002587",22,2037-03-28
"P002587",14,2040-10-27
"P002587",16,2041-12-26
"P002587",33,2043-05-12
"P002587",2,2043-06-02
"P002588",14,2013-02-04
"P002588",2,2014-08-20
"P002588",24,2014-12-08
"P002588",52,2021-03-21
"P002588",31,2033-08-04
"P002588",23,2034-01-05
"P002588",2,2037-10-07
"P002589",4,1993-06-07
"P002589",21,1994-11-10
"P002589",48,2006-03-29
"P002589",16,2007-06-26
"P002589",1,2011-08-20
"P002589",56,2015-02-28
"P002590",61,1987-10-14
"P002590",32,1987-11-05
"P002590",24,1995-03-11
"P002590",6,2007-09-24
"P002590",23,2008-05-26
"P002590",6,2008-05-27
"P002590",15,2011-04-08
"P002591",47,2032-11-01
"P002591",38,2034-11-02
"P002591",4,2035-10-14
"P002591",19,2043-01-31
"P002591",5,2047-05-29
"P002591",44,2047-10-07
"P002591",41,2052-12-21
"P002591",30,2053-10-19
"P002591",40,2054-11-19
"P002592",3,1970-03-29
"P002592",25,1982-09-17
"P002592",14,1985-06-10
"P002593",14,1967-11-03
"P002593",12,1967-11-28
"P002593",41,1969-07-16
"P002593",15,1977-06-05
"P002593",5,1979-11-27
"P002593",38,1980-08-14
"P002593",23,1980-11-11
"P002593",28,1985-08-21
"P002593",13,1985-12-05
"P002593",22,1986-04-23
"P002593",39,1986-11-09
"P002593",57,1987-02-25
"P002593",51,1987-07-28
"P002593",28,1987-09-24
"P002593",57,1988-03-05
"P002593",6,1988-12-25
"P002593",53,1992-03-26
"P002593",50,1992-06-16
"P002593",26,1995-07-22
"P002593",4,1997-02-09
"P002593",53,1997-02-18
"P002593",10,1998-03-22
"P002594",49,2002-04-17
"P002594",35,2002-07-06
"P002594",20,2003-02-10
"P002594",49,2003-04-29
"P002594",34,2004-02-29
"P002594",40,2004-03-31
"P002594",4,2005-08-06
"P002594",61,2006-10-21
"P002594",40,2007-06-10
"P002594",47,2007-11-27
"P002594",32,2007-12-25
"P002594",14,2008-09-02
"P002594",11,2011-04-27
"P002594",58,2011-05-20
"P002594",64,2012-11-17
"P002594",4,2017-04-19
"P002594",14,2017-12-13
"P002594",67,2018-04-20
"P002594",13,2018-07-28
"P002594",13,2018-11-18
"P002594",21,2019-10-15
"P002594",23,2022-02-13
"P002594",44,2026-05-17
"P002595",23,1993-01-01
"P002595",29,1993-12-18
"P002595",1,1994-02-22
"P002595",39,1994-03-21
"P002596",23,2007-06-27
"P002596",23,2017-01-08
"P002596",9,2018-05-13
"P002596",1,2020-11-22
"P002596",61,2028-02-09
"P002596",14,2029-03-31
"P002596",49,2029-07-27
"P002596",54,2030-08-09
"P002596",12,2045-08-03
"P002597",14,2015-06-06
"P002597",58,2016-01-19
"P002598",23,2009-02-17
"P002598",26,2009-04-11
"P002598",18,2019-05-20
"P002598",9,2019-11-17
"P002599",24,1989-07-06
"P002599",43,2012-07-20
"P002599",13,2013-08-25
"P002599",26,2014-03-17
"P002599",24,2016-09-14
"P002600",17,2000-05-30
"P002600",11,2006-02-10
"P002600",61,2006-04-02
"P002600",1,2007-03-05
"P002600",5,2027-11-04
"P002601",8,1975-10-28
"P002601",1,1990-03-03
"P002601",2,1993-09-19
"P002601",30,1998-07-11
"P002602",12,1984-02-07
"P002602",28,1991-04-08
"P002602",43,1992-07-09
"P002602",16,1992-09-20
"P002602",14,1994-06-07
"P002603",1,2019-05-07
"P002603",61,2020-09-08
"P002603",32,2021-03-19
"P002603",63,2029-11-19
"P002604",28,2022-02-01
"P002604",28,2026-03-23
"P002604",28,2032-10-10
"P002604",25,2044-05-20
"P002604",52,2044-10-24
"P002604",33,2047-01-10
"P002605",62,2023-08-31
"P002605",7,2040-08-03
"P002605",28,2042-12-20
"P002605",10,2044-07-27
"P002605",26,2051-03-09
"P002605",28,2051-07-28
"P002605",24,2051-11-09
"P002606",18,1973-09-17
"P002606",66,1973-12-30
"P002606",50,1979-03-11
"P002606",36,1979-05-08
"P002606",9,1980-10-22
"P002606",28,2004-01-12
"P002606",23,2010-08-16
"P002607",52,2004-07-04
"P002607",15,2010-02-24
"P002608",13,1962-05-14
"P002608",23,1962-12-28
"P002608",51,1967-02-27
"P002608",34,1969-12-27
"P002608",27,1988-10-26
"P002608",26,1995-09-14
"P002608",13,1995-10-25
"P002608",15,1996-06-29
"P002608",33,2000-02-03
"P002609",52,2028-04-29
"P002609",1,2032-08-27
"P002609",28,2046-01-11
"P002610",14,2026-07-10
"P002610",41,2027-09-03
"P002610",58,2027-12-11
"P002610",41,2029-07-06
"P002610",26,2030-01-21
"P002610",44,2030-07-12
"P002610",4,2034-10-31
"P002610",47,2037-06-27
"P002611",3,1978-11-20
"P002611",1,1983-10-08
"P002611",16,1987-09-18
"P002611",1,2006-10-03
"P002611",49,2011-05-13
"P002611",54,2012-01-29
"P002612",55,1966-05-25
"P002612",42,1967-03-09
"P002612",18,1968-03-16
"P002612",6,1968-05-18
"P002612",3,1974-05-11
"P002612",11,1977-03-04
"P002612",57,1978-07-09
"P002612",41,1983-11-08
"P002612",41,1984-03-17
"P002612",55,1984-11-05
"P002612",15,2000-05-20
"P002612",36,2002-11-26
"P002613",29,2005-12-12
"P002613",61,2017-05-24
"P002613",8,2029-01-13
"P002613",4,2034-03-12
"P002614",55,1995-05-12
"P002614",54,1999-03-05
"P002614",50,2000-10-12
"P002614",16,2001-12-11
"P002614",55,2021-04-12
"P002615",14,1963-07-21
"P002615",58,1965-04-21
"P002615",28,1992-11-26
"P002615",39,1993-04-12
"P002615",4,1996-08-02
"P002615",27,1996-10-03
"P002615",3,1997-06-16
"P002616",4,1985-01-15
"P002616",15,1986-05-07
"P002616",55,1989-04-03
"P002616",2,1994-01-20
"P002616",24,1996-09-18
"P002616",17,1997-03-14
"P002616",9,1998-03-30
"P002616",64,1999-05-11
"P002616",25,2001-11-03
"P002617",2,1973-09-14
"P002617",4,1980-08-31
"P002617",53,1988-11-29
"P002617",14,2002-02-05
"P002617",23,2006-07-26
"P002617",54,2006-08-03
"P002617",12,2006-11-19
"P002617",37,2007-10-26
"P002617",5,2008-05-23
"P002617",1,2010-02-08
"P002618",1,2016-12-08
"P002618",7,2018-07-22
"P002618",13,2020-02-15
"P002618",28,2047-01-30
"P002619",40,1985-09-23
"P002619",4,1990-11-22
"P002619",28,2003-12-25
"P002619",11,2005-09-05
"P002619",26,2005-11-17
"P002619",16,2006-02-28
"P002619",15,2007-01-12
"P002619",54,2015-01-08
"P002619",18,2018-12-17
"P002619",53,2019-01-09
"P002619",49,2020-01-16
"P002619",54,2020-08-21
"P002620",23,1990-07-10
"P002620",21,1999-01-18
"P002620",12,1999-05-10
"P002620",12,1999-10-17
"P002621",20,2003-08-18
"P002621",40,2011-02-16
"P002621",35,2011-06-29
"P002621",32,2013-12-26
"P002622",2,1963-04-24
"P002622",37,1970-01-17
"P002622",25,1991-05-11
"P002622",6,2001-05-07
"P002623",23,1972-06-07
"P002623",8,1978-06-14
"P002623",52,1979-11-27
"P002624",8,1982-07-07
"P002624",52,1989-07-21
"P002624",23,2019-10-18
"P002625",1,1989-05-13
"P002626",54,2001-02-06
"P002626",35,2007-06-18
"P002626",40,2008-03-01
"P002626",2,2016-11-01
"P002627",36,1997-05-26
"P002627",55,1997-12-03
"P002627",21,2002-05-24
"P002627",12,2002-11-02
"P002627",61,2002-11-17
"P002627",53,2005-09-07
"P002627",22,2010-06-08
"P002627",12,2019-06-03
"P002627",5,2020-05-09
"P002628",22,2016-06-17
"P002628",55,2021-05-17
"P002629",27,1986-10-23
"P002629",55,1995-04-19
"P002629",52,1997-09-21
"P002629",62,1998-09-08
"P002630",1,1991-12-11
"P002630",40,2012-12-30
"P002630",50,2028-07-17
"P002631",50,1964-07-10
"P002631",26,1971-12-07
"P002631",24,1978-06-28
"P002631",57,1978-07-21
"P002631",35,1980-05-15
"P002631",24,1981-01-12
"P002631",17,1983-10-14
"P002631",67,1985-01-06
"P002631",16,1998-09-29
"P002632",55,2020-05-21
"P002632",27,2033-03-27
"P002632",4,2036-02-14
"P002632",1,2042-10-24
"P002632",63,2043-04-01
"P002632",55,2045-01-19
"P002632",25,2047-08-17
"P002633",23,2003-11-10
"P002633",28,2017-06-27
"P002633",3,2018-09-19
"P002633",7,2036-05-24
"P002634",36,1964-06-29
"P002634",3,1965-02-24
"P002634",23,1974-10-01
"P002634",27,1995-08-13
"P002634",30,1996-11-22
"P002635",47,1973-08-26
"P002635",4,1975-05-19
"P002635",1,1991-03-31
"P002636",54,1975-09-15
"P002636",24,1981-03-01
"P002636",49,1983-08-04
"P002636",54,1983-12-11
"P002636",22,1988-03-16
"P002636",55,2005-11-25
"P002637",14,2014-08-27
"P002637",3,2015-12-18
"P002637",53,2023-03-22
"P002637",49,2023-09-19
"P002637",11,2027-05-16
"P002637",26,2027-05-31
"P002638",47,1997-06-03
"P002638",59,1999-07-11
"P002638",2,2002-01-06
"P002638",2,2014-02-16
"P002638",14,2015-10-16
"P002638",41,2016-01-30
"P002638",58,2016-07-17
"P002638",34,2018-06-01
"P002638",43,2018-11-03
"P002638",7,2023-03-12
"P002638",12,2027-07-06
"P002639",11,1973-11-13
"P002639",17,1974-07-23
"P002639",13,1974-07-26
"P002639",40,1975-04-25
"P002639",27,1975-05-29
"P002639",44,1975-07-03
"P002639",65,1975-10-29
"P002639",62,1976-02-07
"P002639",2,1976-11-13
"P002639",56,1977-06-16
"P002639",14,1978-01-21
"P002639",62,1978-11-07
"P002639",28,1981-10-09
"P002639",14,1982-06-23
"P002639",4,1982-08-09
"P002639",24,1983-07-07
"P002639",23,1986-11-27
"P002639",25,1997-05-28
"P002639",17,2005-08-19
"P002639",3,2009-04-02
"P002640",55,2008-04-29
"P002640",1,2012-02-18
"P002641",25,1987-11-08
"P002641",11,1990-07-06
"P002641",4,1991-01-25
"P002641",8,1991-06-29
"P002641",8,1991-12-12
"P002641",52,1992-01-04
"P002641",49,1992-06-28
"P002641",65,1992-09-27
"P002641",60,1992-11-21
"P002641",16,1993-07-11
"P002641",60,1993-11-18
"P002641",67,1994-08-21
"P002641",29,1995-08-19
"P002641",64,1998-05-28
"P002641",57,2002-01-28
"P002641",1,2003-05-25
"P002641",62,2013-11-16
"P002642",7,1966-05-29
"P002642",27,1967-11-29
"P002642",27,1970-10-08
"P002642",27,1971-02-27
"P002642",13,1972-07-03
"P002642",4,1990-02-28
"P002642",8,1990-07-27
"P002643",54,2017-06-05
"P002643",37,2019-08-19
"P002643",40,2021-06-17
"P002643",21,2023-10-13
"P002643",27,2024-11-01
"P002643",32,2024-11-06
"P002643",27,2025-02-18
"P002643",27,2025-09-13
"P002643",30,2026-06-28
"P002643",63,2028-04-13
"P002644",18,1972-11-01
"P002644",16,2000-04-20
"P002645",25,1977-01-05
"P002645",60,1991-03-27
"P002645",23,1993-05-03
"P002645",38,1993-06-14
"P002645",9,1993-07-21
"P002645",6,1993-10-31
"P002645",14,2005-03-29
"P002646",39,1983-06-03
"P002646",13,1995-04-06
"P002646",50,1999-08-14
"P002647",7,1973-04-22
"P002647",1,1973-08-07
"P002647",52,1976-05-09
"P002648",5,1990-11-16
"P002649",25,1975-06-17
"P002649",35,1976-03-05
"P002649",50,1979-11-15
"P002649",43,1991-03-27
"P002649",30,1995-10-20
"P002649",2,2004-05-17
"P002649",34,2004-06-08
"P002650",11,2017-04-16
"P002650",26,2031-07-19
"P002650",2,2038-12-19
"P002651",14,1985-07-03
"P002651",28,2000-05-30
"P002651",11,2004-06-18
"P002651",47,2006-05-27
"P002651",38,2007-06-22
"P002651",9,2011-07-04
"P002652",55,1973-07-09
"P002652",2,1975-04-03
"P002652",11,1975-12-21
"P002653",23,1999-04-03
"P002653",52,1999-10-22
"P002653",9,2000-09-08
"P002653",28,2001-04-21
"P002653",25,2001-10-11
"P002653",27,2029-03-04
"P002654",62,1970-01-11
"P002654",23,1988-02-15
"P002654",6,1988-05-09
"P002654",55,1989-01-30
"P002654",50,1989-08-13
"P002654",67,1989-11-19
"P002654",2,1990-03-27
"P002654",41,1990-10-29
"P002654",66,1991-10-16
"P002654",6,1993-01-29
"P002654",14,1994-03-04
"P002655",30,1965-01-11
"P002655",28,1969-07-30
"P002655",3,1976-05-14
"P002656",18,1993-08-23
"P002656",61,1994-11-14
"P002656",11,1998-12-06
"P002656",56,2006-06-08
"P002656",17,2010-05-20
"P002656",15,2011-06-09
"P002656",42,2017-07-27
"P002657",26,2024-04-19
"P002657",49,2026-07-06
"P002657",57,2027-11-16
"P002657",64,2028-01-18
"P002657",34,2030-12-06
"P002657",16,2033-07-13
"P002657",39,2035-12-22
"P002657",40,2036-10-27
"P002657",24,2037-07-21
"P002657",4,2046-04-20
"P002657",14,2048-04-19
"P002658",26,2009-05-23
"P002658",43,2010-08-26
"P002658",9,2012-08-11
"P002658",14,2028-10-09
"P002658",67,2031-08-03
"P002658",2,2032-09-05
"P002658",28,2034-01-11
"P002658",33,2034-02-02
"P002658",10,2035-03-11
"P002658",28,2040-03-18
"P002659",28,1968-05-06
"P002659",16,1974-02-05
"P002659",24,1975-08-11
"P002659",12,1982-07-18
"P002659",27,1997-10-29
"P002659",62,1998-06-01
"P002660",2,1990-11-03
"P002660",50,1991-10-30
"P002660",26,1996-08-04
"P002660",1,1998-06-16
"P002660",28,2001-01-29
"P002660",40,2001-04-12
"P002660",2,2012-09-05
"P002661",6,2006-05-10
"P002662",47,1976-07-15
"P002662",14,1978-04-10
"P002662",56,1981-05-02
"P002663",53,1995-01-25
"P002663",65,1995-04-30
"P002663",2,2005-09-28
"P002664",26,2021-09-16
"P002664",12,2027-03-16
"P002664",28,2047-09-24
"P002664",21,2047-11-04
"P002665",11,2018-06-17
"P002665",4,2020-01-21
"P002665",44,2028-04-09
"P002665",28,2034-02-16
"P002665",16,2034-06-05
"P002666",49,1993-06-21
"P002666",10,2001-01-30
"P002666",67,2005-03-07
"P002666",48,2005-04-24
"P002666",21,2008-11-07
"P002666",52,2011-04-25
"P002667",31,1979-08-02
"P002667",1,1985-09-06
"P002667",60,1994-12-15
"P002667",47,1998-01-01
"P002667",2,2001-02-02
"P002667",2,2015-04-13
"P002668",57,1963-02-05
"P002668",11,1963-11-04
"P002668",15,1964-02-13
"P002668",65,1973-10-08
"P002668",17,1975-09-13
"P002668",64,1976-06-05
"P002668",27,1977-05-13
"P002668",43,1979-09-09
"P002668",62,1980-05-29
"P002668",21,1982-01-07
"P002668",25,1987-09-01
"P002669",49,1969-07-31
"P002669",2,1969-10-13
"P002669",33,1969-12-24
"P002669",23,1972-09-02
"P002669",2,1976-06-16
"P002669",12,1988-10-05
"P002670",14,1978-11-03
"P002670",61,1999-05-05
"P002670",13,2000-07-10
"P002670",4,2000-10-17
"P002670",65,2001-04-16
"P002670",2,2009-03-26
"P002671",22,1996-03-20
"P002672",23,1998-01-04
"P002672",55,2018-07-14
"P002672",39,2019-09-11
"P002672",11,2020-02-22
"P002672",6,2021-05-16
"P002672",49,2024-04-08
"P002673",28,1986-02-10
"P002673",49,2007-06-25
"P002673",55,2021-10-19
"P002674",41,1977-04-02
"P002674",6,1979-02-12
"P002674",44,1985-11-09
"P002674",2,1992-11-19
"P002674",21,1997-05-11
"P002675",27,1987-08-20
"P002675",32,1991-03-07
"P002675",14,1999-12-03
"P002675",48,2002-03-10
"P002675",7,2003-11-14
"P002675",48,2004-05-25
"P002675",48,2009-12-08
"P002675",7,2010-01-21
"P002676",2,1983-09-02
"P002676",55,1987-02-15
"P002676",49,2007-11-13
"P002677",21,2017-06-25
"P002677",4,2033-08-27
"P002677",6,2038-02-28
"P002677",8,2039-06-06
"P002678",18,1986-07-27
"P002678",41,1987-09-19
"P002678",62,1994-01-04
"P002678",55,1995-04-20
"P002678",2,1995-09-15
"P002678",33,1999-04-06
"P002678",28,2008-12-09
"P002678",14,2009-05-01
"P002679",25,1977-02-10
"P002679",63,1978-10-18
"P002679",67,1987-09-01
"P002679",2,1989-05-16
"P002679",41,1990-12-11
"P002680",57,2025-10-22
"P002680",15,2036-08-06
"P002681",1,2007-04-07
"P002681",7,2023-12-04
"P002681",1,2034-08-13
"P002681",6,2036-05-31
"P002681",1,2037-03-14
"P002681",63,2037-12-15
"P002681",33,2038-02-06
"P002681",25,2039-12-22
"P002682",26,1962-05-28
"P002682",2,1963-03-18
"P002682",6,1983-03-10
"P002682",65,1983-05-31
"P002682",11,1991-05-09
"P002682",19,1992-02-29
"P002682",40,1992-06-05
"P002682",49,1994-03-14
"P002682",40,1996-08-25
"P002682",1,2000-01-07
"P002683",26,2007-11-15
"P002683",7,2013-01-28
"P002683",28,2021-02-06
"P002683",23,2027-02-20
"P002684",52,1989-10-29
"P002684",55,1990-08-15
"P002684",19,1992-11-01
"P002685",16,1978-01-24
"P002685",2,1984-05-24
"P002685",67,1985-06-10
"P002685",54,1989-05-19
"P002685",4,2004-12-17
"P002686",30,2000-09-15
"P002686",40,2001-09-17
"P002686",28,2015-04-19
"P002686",16,2028-04-25
"P002687",28,2003-10-15
"P002687",35,2007-03-28
"P002687",23,2008-07-29
"P002687",25,2009-05-01
"P002687",33,2011-03-21
"P002687",52,2011-07-08
"P002687",49,2013-09-06
"P002687",16,2013-09-14
"P002687",14,2017-08-04
"P002687",41,2017-10-14
"P002687",30,2019-11-30
"P002687",56,2020-01-28
"P002687",55,2020-08-04
"P002687",22,2030-11-12
"P002687",50,2037-11-19
"P002688",23,2013-04-25
"P002688",18,2019-05-04
"P002688",61,2020-07-22
"P002688",1,2021-08-17
"P002688",41,2022-07-08
"P002688",44,2023-01-15
"P002688",1,2023-08-18
"P002688",38,2023-12-17
"P002688",6,2024-08-25
"P002688",56,2045-10-03
"P002689",50,2010-12-20
"P002689",3,2011-09-15
"P002689",66,2012-01-06
"P002689",6,2017-12-13
"P002689",52,2024-06-20
"P002690",3,1996-01-14
"P002690",34,1997-11-09
"P002691",31,2042-01-05
"P002691",12,2048-02-26
"P002691",6,2050-09-16
"P002691",58,2051-12-17
"P002692",1,2046-08-27
"P002693",18,1979-10-17
"P002693",4,1981-01-13
"P002693",52,1995-01-17
"P002693",3,2002-01-16
"P002694",2,2024-01-08
"P002694",1,2030-10-20
"P002694",28,2033-07-06
"P002694",13,2033-10-21
"P002694",28,2040-03-28
"P002695",6,1984-06-14
"P002695",33,1985-03-03
"P002695",10,1993-03-09
"P002696",62,2006-01-11
"P002696",28,2010-02-02
"P002696",28,2022-09-24
"P002696",21,2039-01-31
"P002696",55,2044-01-21
"P002697",24,1994-07-14
"P002697",57,1995-02-28
"P002697",52,1995-11-04
"P002697",61,2021-01-05
"P002698",8,2023-02-22
"P002698",21,2040-04-27
"P002698",31,2041-07-01
"P002698",27,2043-04-26
"P002698",2,2044-02-27
"P002699",8,1968-02-22
"P002699",40,1983-08-16
"P002699",50,1997-06-21
"P002700",2,2026-06-22
"P002700",33,2027-05-17
"P002700",25,2027-12-21
"P002700",66,2028-10-30
"P002700",22,2029-05-14
"P002700",2,2031-03-19
"P002700",18,2033-10-16
"P002701",3,2003-09-04
"P002701",28,2008-07-03
"P002701",4,2011-06-22
"P002701",14,2012-11-15
"P002702",12,2009-01-31
"P002702",21,2025-09-04
"P002702",4,2038-11-19
"P002703",52,1979-10-04
"P002703",62,1980-08-03
"P002703",43,1992-01-19
"P002703",50,2005-01-08
"P002703",18,2015-03-08
"P002704",57,1979-08-12
"P002704",1,1981-04-14
"P002704",55,1991-09-01
"P002704",42,1997-05-20
"P002704",55,1998-03-04
"P002704",25,2008-08-09
"P002705",8,1969-06-26
"P002705",49,1975-04-03
"P002705",28,1976-08-02
"P002705",35,1977-04-06
"P002705",51,1978-09-10
"P002705",1,1980-01-10
"P002705",1,1989-11-06
"P002705",28,2008-07-01
"P002706",24,1984-09-04
"P002707",55,1978-03-24
"P002707",7,1981-07-09
"P002707",44,1983-06-06
"P002707",38,1985-10-08
"P002707",25,2008-12-11
"P002708",25,1986-06-06
"P002708",62,1986-06-17
"P002708",6,1991-05-16
"P002708",34,1992-01-05
"P002708",62,1993-01-30
"P002708",15,1995-04-08
"P002708",63,1996-03-22
"P002708",17,2001-01-11
"P002708",62,2002-09-29
"P002708",43,2003-07-08
"P002708",8,2006-06-11
"P002708",61,2011-03-07
"P002708",27,2016-10-10
"P002708",52,2021-06-26
"P002709",26,1982-08-02
"P002709",55,1984-02-06
"P002709",60,1985-10-31
"P002709",46,1986-01-20
"P002709",18,1991-02-17
"P002709",3,1991-09-02
"P002709",57,1994-03-11
"P002709",54,1994-11-02
"P002709",28,2001-06-09
"P002709",30,2001-09-29
"P002709",25,2007-01-20
"P002709",33,2008-04-04
"P002709",64,2009-04-11
"P002710",2,2000-08-02
"P002710",42,2003-02-28
"P002710",17,2004-07-17
"P002710",67,2005-01-08
"P002710",13,2007-05-22
"P002710",49,2012-07-28
"P002710",23,2019-03-25
"P002710",37,2019-12-17
"P002710",33,2023-03-01
"P002710",21,2027-09-14
"P002710",31,2029-09-16
"P002711",21,2013-07-09
"P002711",15,2015-01-30
"P002711",31,2015-02-23
"P002711",31,2015-09-25
"P002711",39,2019-12-14
"P002711",34,2020-03-15
"P002711",8,2021-05-04
"P002711",11,2021-05-15
"P002711",49,2023-02-10
"P002712",6,1972-06-30
"P002712",21,1975-02-04
"P002712",18,1993-09-22
"P002712",46,1994-03-27
"P002712",13,1995-02-22
"P002712",1,1996-01-03
"P002712",28,1999-09-07
"P002712",10,1999-12-07
"P002712",16,2001-04-30
"P002712",26,2002-02-16
"P002713",18,1987-11-25
"P002713",28,1988-05-29
"P002713",61,1989-04-16
"P002713",53,1989-07-16
"P002713",47,2003-12-14
"P002713",48,2010-01-12
"P002714",14,2045-11-28
"P002715",2,2004-11-24
"P002715",33,2006-12-02
"P002715",2,2009-06-14
"P002715",8,2011-06-28
"P002715",50,2011-11-10
"P002715",18,2026-02-28
"P002715",12,2033-05-01
"P002715",55,2038-01-30
"P002715",28,2040-03-23
"P002715",40,2040-08-01
"P002716",1,1973-10-17
"P002716",38,1986-09-12
"P002716",23,2002-02-01
"P002717",17,1968-08-03
"P002717",64,1968-11-28
"P002717",24,1968-12-27
"P002717",42,1970-11-07
"P002717",2,1992-01-24
"P002718",27,1995-04-06
"P002718",26,1996-02-23
"P002718",15,2002-11-24
"P002719",28,1991-10-17
"P002719",27,2013-05-09
"P002719",30,2013-06-23
"P002719",10,2013-10-26
"P002719",50,2013-12-05
"P002719",54,2016-02-23
"P002719",38,2025-12-14
"P002720",23,2007-02-25
"P002720",58,2007-03-12
"P002720",61,2007-10-21
"P002720",11,2016-12-10
"P002720",61,2019-07-21
"P002721",4,2013-10-04
"P002721",32,2017-12-05
"P002721",12,2027-06-13
"P002721",27,2027-07-23
"P002721",64,2027-08-30
"P002721",4,2035-08-14
"P002721",8,2036-08-19
"P002721",14,2038-01-15
"P002721",58,2038-04-30
"P002722",11,1986-03-27
"P002722",26,1986-08-14
"P002722",26,1998-06-14
"P002722",6,2004-10-02
"P002722",20,2013-02-22
"P002722",2,2015-04-11
"P002723",5,1994-03-03
"P002723",64,1994-10-17
"P002724",5,1992-05-02
"P002724",7,1993-02-03
"P002724",30,1994-12-24
"P002724",3,2015-09-15
"P002724",15,2022-01-31
"P002725",20,2013-01-23
"P002725",61,2015-01-31
"P002725",11,2031-06-17
"P002725",43,2036-10-25
"P002725",40,2037-07-04
"P002725",60,2039-09-21
"P002725",4,2044-07-22
"P002726",16,2017-04-23
"P002726",37,2028-04-27
"P002726",21,2036-12-12
"P002726",18,2037-07-21
"P002727",24,1991-10-21
"P002727",27,1995-10-04
"P002727",21,1997-04-25
"P002727",64,1997-06-24
"P002727",28,2007-07-03
"P002727",61,2018-07-07
"P002727",13,2025-05-25
"P002727",51,2025-11-03
"P002727",4,2029-05-19
"P002728",3,1994-06-16
"P002728",16,2000-09-20
"P002728",35,2009-09-05
"P002728",34,2012-01-25
"P002729",1,2021-04-07
"P002729",4,2027-03-11
"P002730",30,2008-11-15
"P002730",62,2012-09-22
"P002730",53,2016-09-21
"P002730",40,2025-01-10
"P002730",63,2042-09-24
"P002730",14,2042-11-17
"P002731",40,1993-03-16
"P002731",40,2001-06-05
"P002731",8,2022-11-10
"P002732",7,2009-05-12
"P002732",4,2019-10-05
"P002732",52,2037-11-27
"P002732",55,2039-08-29
"P002732",30,2042-10-11
"P002733",11,2016-06-02
"P002733",40,2017-03-16
"P002733",47,2017-10-14
"P002733",37,2021-07-24
"P002733",4,2022-08-18
"P002733",43,2025-01-13
"P002733",28,2028-08-12
"P002733",53,2033-07-13
"P002733",16,2033-09-26
"P002733",54,2034-08-13
"P002734",65,2006-05-27
"P002734",4,2013-11-19
"P002734",14,2013-11-21
"P002734",64,2015-03-06
"P002734",4,2018-04-26
"P002734",14,2020-04-19
"P002734",14,2020-08-23
"P002734",15,2027-12-07
"P002734",62,2028-04-23
"P002734",25,2028-05-14
"P002735",14,2012-03-14
"P002735",6,2019-11-24
"P002735",55,2033-04-21
"P002735",16,2038-11-05
"P002736",18,1992-10-17
"P002736",6,1995-05-17
"P002736",23,2000-10-10
"P002736",29,2011-08-28
"P002736",20,2013-07-12
"P002736",21,2023-05-26
"P002736",28,2027-06-04
"P002737",39,1987-06-30
"P002737",61,1989-11-07
"P002737",48,1997-05-09
"P002737",52,2000-07-14
"P002737",6,2000-08-13
"P002737",1,2017-03-05
"P002738",1,2000-05-19
"P002738",3,2006-05-31
"P002738",52,2008-08-01
"P002738",60,2012-05-08
"P002739",6,2005-07-24
"P002739",23,2025-06-18
"P002739",53,2036-02-02
"P002739",10,2036-09-17
"P002739",58,2036-12-18
"P002740",50,1988-02-28
"P002740",48,1989-05-10
"P002740",30,1999-06-05
"P002740",43,1999-12-11
"P002740",62,2012-04-15
"P002740",19,2012-09-17
"P002740",14,2014-03-17
"P002740",9,2016-05-23
"P002740",38,2017-07-27
"P002741",14,1998-11-01
"P002741",23,2002-04-09
"P002741",6,2002-07-21
"P002741",34,2002-11-25
"P002741",34,2003-12-15
"P002741",28,2007-07-02
"P002741",12,2008-06-07
"P002742",28,1966-03-04
"P002742",43,1976-04-28
"P002742",8,1985-01-30
"P002742",42,1987-05-17
"P002742",21,1990-10-07
"P002742",49,1991-04-17
"P002743",19,1975-03-08
"P002743",60,1980-06-04
"P002743",28,1995-06-10
"P002744",24,1966-02-20
"P002744",44,1973-03-26
"P002744",14,1973-12-31
"P002744",41,1975-05-29
"P002744",40,1977-01-15
"P002744",11,2003-05-16
"P002745",52,1970-07-14
"P002746",12,2001-12-22
"P002746",27,2002-11-28
"P002746",4,2010-12-23
"P002746",55,2028-07-21
"P002746",3,2036-06-17
"P002746",7,2036-10-28
"P002747",54,2024-12-08
"P002747",31,2025-06-23
"P002747",39,2025-11-19
"P002747",63,2027-08-17
"P002747",18,2040-03-10
"P002747",52,2047-10-07
"P002747",3,2050-07-22
"P002748",2,2013-04-14
"P002748",4,2015-01-15
"P002748",60,2016-04-19
"P002748",14,2020-07-07
"P002748",23,2021-11-10
"P002748",39,2024-11-14
"P002748",52,2025-01-04
"P002748",28,2025-02-25
"P002748",19,2025-04-08
"P002748",12,2025-04-21
"P002748",60,2025-09-17
"P002749",4,1988-09-22
"P002749",4,1992-05-06
"P002749",25,2000-08-09
"P002749",1,2006-03-29
"P002749",14,2006-07-12
"P002749",25,2009-01-23
"P002749",30,2013-06-10
"P002749",61,2014-08-13
"P002749",21,2014-09-04
"P002749",30,2015-08-01
"P002749",24,2016-02-04
"P002749",62,2016-05-01
"P002749",1,2016-08-09
"P002749",34,2018-05-12
"P002749",19,2019-11-25
"P002750",28,1997-01-12
"P002750",17,2016-03-02
"P002750",52,2017-08-07
"P002750",55,2017-10-04
"P002750",3,2017-10-22
"P002750",31,2019-09-06
"P002750",8,2030-03-17
"P002750",25,2031-07-21
"P002750",8,2036-02-06
"P002751",62,1970-04-25
"P002751",49,1975-10-27
"P002751",4,1977-05-13
"P002751",21,1984-10-13
"P002751",58,2005-01-08
"P002751",34,2005-07-16
"P002751",2,2007-12-26
"P002751",50,2009-12-12
"P002751",50,2009-12-26
"P002752",44,2010-08-29
"P002752",61,2011-10-26
"P002752",29,2032-05-28
"P002752",1,2034-02-04
"P002752",11,2043-03-29
"P002752",37,2043-10-12
"P002752",19,2043-11-03
"P002752",65,2043-12-06
"P002752",18,2044-01-07
"P002752",4,2045-01-29
"P002752",33,2046-10-05
"P002753",27,1991-02-26
"P002753",66,2001-09-27
"P002753",44,2002-11-06
"P002753",23,2003-01-05
"P002753",38,2003-11-09
"P002754",43,1985-10-12
"P002754",14,1986-10-21
"P002754",38,1987-04-01
"P002754",41,1988-01-10
"P002754",40,1988-05-02
"P002754",60,1988-08-26
"P002754",30,1989-07-17
"P002754",2,1998-08-01
"P002754",50,2001-05-19
"P002754",6,2008-06-10
"P002754",44,2011-04-20
"P002754",44,2012-08-17
"P002755",28,1970-01-11
"P002755",55,1978-11-09
"P002755",12,1979-10-30
"P002755",27,1983-01-04
"P002755",55,1993-09-29
"P002755",18,1994-03-15
"P002756",13,1992-01-21
"P002756",27,2010-03-24
"P002756",41,2019-08-04
"P002756",61,2030-11-01
"P002757",28,1975-03-30
"P002757",21,1984-04-10
"P002757",57,1997-10-25
"P002757",12,1998-06-25
"P002758",53,2028-04-21
"P002758",49,2028-11-19
"P002758",42,2029-02-01
"P002758",27,2034-10-08
"P002758",1,2043-04-12
"P002759",50,1998-06-29
"P002759",50,1999-09-30
"P002759",48,2001-07-05
"P002759",36,2002-06-24
"P002759",14,2004-09-27
"P002759",11,2006-07-24
"P002759",58,2006-09-11
"P002759",28,2009-12-24
"P002759",6,2021-06-14
"P002759",14,2024-03-11
"P002759",28,2033-01-31
"P002759",1,2033-03-12
"P002759",62,2033-12-27
"P002760",47,1997-08-16
"P002760",53,1998-07-31
"P002760",52,2003-12-29
"P002760",28,2009-03-24
"P002760",61,2015-01-05
"P002760",62,2015-08-17
"P002760",42,2020-03-15
"P002760",55,2020-11-23
"P002760",26,2029-11-26
"P002760",8,2030-08-05
"P002761",19,2011-02-06
"P002761",19,2011-02-11
"P002761",24,2012-02-12
"P002761",6,2012-05-17
"P002761",14,2017-01-30
"P002761",58,2017-05-16
"P002761",12,2020-03-26
"P002761",23,2023-01-02
"P002761",12,2023-06-21
"P002761",27,2036-11-18
"P002762",21,1970-10-12
"P002762",14,1971-03-15
"P002762",30,1981-08-12
"P002762",62,1984-07-01
"P002762",23,1986-07-18
"P002762",8,1990-09-29
"P002763",2,1982-06-12
"P002763",3,1987-02-25
"P002763",1,1987-04-19
"P002763",27,1987-06-13
"P002763",49,1988-05-02
"P002763",21,1989-07-18
"P002763",44,1990-08-20
"P002763",24,1992-02-17
"P002763",22,1993-03-11
"P002763",38,1993-07-11
"P002763",61,1995-10-02
"P002763",22,1995-11-08
"P002763",58,1997-01-05
"P002763",28,2012-11-13
"P002763",16,2014-09-13
"P002763",14,2015-09-11
"P002764",52,2025-11-03
"P002765",18,2000-10-19
"P002765",5,2028-12-25
"P002765",54,2030-03-16
"P002766",55,1973-03-31
"P002766",39,1974-04-20
"P002766",24,1984-07-28
"P002766",62,1987-09-05
"P002766",55,1988-01-26
"P002766",64,1988-10-28
"P002767",2,1979-04-29
"P002767",50,1979-06-23
"P002767",36,1980-07-13
"P002767",53,1985-09-08
"P002767",8,2010-03-27
"P002767",27,2014-04-27
"P002768",27,1983-05-02
"P002768",61,1994-10-06
"P002768",12,1998-07-25
"P002768",64,1998-12-30
"P002768",23,1999-03-06
"P002768",15,2000-03-18
"P002768",11,2011-01-29
"P002768",49,2013-01-26
"P002768",22,2014-08-03
"P002769",54,1980-03-08
"P002769",28,1986-05-10
"P002769",21,1989-10-28
"P002769",2,1991-11-06
"P002769",56,1997-12-11
"P002770",23,2003-12-03
"P002770",54,2005-12-24
"P002770",28,2008-03-03
"P002771",14,1975-08-01
"P002771",25,1975-09-21
"P002771",35,1975-12-01
"P002771",4,1995-03-31
"P002771",27,2010-03-13
"P002771",3,2010-07-07
"P002771",39,2011-10-19
"P002771",34,2012-10-11
"P002772",5,2026-09-05
"P002772",30,2028-03-13
"P002772",16,2037-01-07
"P002772",18,2043-08-12
"P002773",35,1984-12-15
"P002773",24,1996-03-02
"P002773",53,1998-12-18
"P002773",12,2003-05-09
"P002773",10,2020-09-25
"P002773",12,2021-10-29
"P002773",14,2022-02-13
"P002774",52,2008-08-17
"P002774",54,2011-12-31
"P002774",18,2026-01-04
"P002774",29,2028-09-21
"P002775",25,1984-01-19
"P002775",15,1997-12-24
"P002775",60,1998-05-30
"P002775",37,2002-02-27
"P002775",21,2006-12-03
"P002775",15,2009-04-07
"P002775",42,2016-11-30
"P002775",1,2022-04-22
"P002776",27,1991-11-01
"P002776",15,1992-06-29
"P002776",54,1993-01-17
"P002776",54,1994-04-14
"P002776",55,2001-11-29
"P002776",41,2002-02-03
"P002776",52,2012-02-28
"P002776",11,2028-01-15
"P002777",8,2019-01-15
"P002777",6,2023-02-23
"P002777",1,2023-03-16
"P002777",7,2036-04-02
"P002777",23,2042-08-21
"P002778",47,2008-01-12
"P002778",9,2013-04-30
"P002778",54,2021-12-05
"P002778",21,2030-01-03
"P002779",67,1984-06-06
"P002779",30,2008-01-07
"P002780",9,1974-09-22
"P002780",63,1981-11-01
"P002780",53,1991-09-21
"P002780",2,1993-06-15
"P002780",26,1997-03-25
"P002780",36,1997-08-09
"P002780",24,2009-08-21
"P002780",28,2010-12-22
"P002781",31,1969-05-06
"P002781",47,1974-09-16
"P002781",52,1982-06-30
"P002781",8,1982-07-25
"P002781",25,1982-11-19
"P002781",55,1987-08-05
"P002781",39,1995-08-07
"P002781",51,1996-01-18
"P002781",55,2001-10-13
"P002781",42,2002-01-15
"P002781",49,2003-04-14
"P002781",2,2004-07-25
"P002782",3,1980-06-13
"P002782",35,1981-01-03
"P002782",10,2006-08-31
"P002783",37,2005-06-11
"P002783",21,2006-03-25
"P002783",26,2006-08-25
"P002783",31,2006-10-02
"P002783",52,2027-08-05
"P002783",28,2028-06-06
"P002783",34,2036-07-11
"P002784",7,1989-04-18
"P002784",13,1990-12-14
"P002784",14,2015-08-18
"P002785",8,1968-08-22
"P002785",6,1969-08-11
"P002785",8,1980-04-27
"P002785",3,1980-12-24
"P002785",41,1984-10-01
"P002785",30,1987-12-15
"P002785",40,1989-01-17
"P002785",30,1989-10-27
"P002785",3,1991-08-20
"P002786",3,2034-05-17
"P002787",1,2004-02-20
"P002787",14,2009-09-14
"P002787",36,2021-09-18
"P002787",3,2022-09-21
"P002787",41,2034-09-01
"P002787",32,2035-06-20
"P002787",62,2038-06-27
"P002788",3,2012-11-24
"P002788",4,2020-10-20
"P002788",21,2040-10-01
"P002788",19,2041-01-04
"P002788",21,2043-10-16
"P002788",1,2043-10-21
"P002789",1,2011-05-26
"P002789",27,2015-05-08
"P002789",27,2016-08-14
"P002789",14,2028-05-15
"P002789",5,2030-07-09
"P002790",60,2024-09-18
"P002790",53,2027-01-17
"P002790",11,2027-05-06
"P002790",38,2028-07-25
"P002790",62,2044-05-11
"P002790",28,2045-04-19
"P002791",28,2001-12-17
"P002791",26,2007-08-05
"P002791",28,2032-08-12
"P002792",8,2017-05-21
"P002792",34,2020-06-23
"P002792",3,2021-02-17
"P002792",32,2027-09-30
"P002792",10,2030-12-03
"P002792",58,2033-08-05
"P002792",10,2034-07-22
"P002793",8,2005-03-20
"P002794",40,1974-06-13
"P002794",8,1975-05-31
"P002794",23,1975-12-02
"P002794",52,1976-04-06
"P002794",1,1977-01-28
"P002794",25,1980-11-26
"P002794",27,1981-03-01
"P002794",8,1982-10-06
"P002794",27,1984-04-24
"P002794",64,1986-10-22
"P002794",21,1988-06-10
"P002794",48,1988-07-06
"P002794",44,1988-12-20
"P002794",49,1989-10-20
"P002794",6,1995-01-29
"P002794",11,1995-08-31
"P002794",65,1995-10-11
"P002794",28,1996-04-06
"P002794",53,1998-03-15
"P002794",10,2000-01-07
"P002794",10,2000-04-21
"P002794",38,2001-03-15
"P002794",58,2001-05-22
"P002795",6,2031-01-29
"P002795",28,2034-03-01
"P002795",1,2034-03-22
"P002795",13,2034-07-10
"P002795",14,2034-11-01
"P002795",1,2035-06-06
"P002795",39,2036-04-29
"P002795",47,2039-03-17
"P002795",2,2044-01-27
"P002796",27,2014-09-22
"P002796",14,2045-11-16
"P002796",2,2046-06-30
"P002797",55,2026-01-23
"P002797",59,2027-04-18
"P002798",57,2000-03-14
"P002798",3,2003-07-12
"P002798",27,2003-09-14
"P002798",67,2006-12-03
"P002798",40,2007-01-14
"P002798",14,2021-06-14
"P002798",9,2023-06-03
"P002799",29,2011-02-04
"P002799",13,2017-10-16
"P002799",23,2031-12-18
"P002800",14,2007-12-26
"P002800",18,2009-08-07
"P002800",2,2010-11-25
"P002800",28,2013-01-05
"P002800",25,2016-02-08
"P002800",56,2016-05-09
"P002801",67,1977-08-28
"P002801",47,1997-04-03
"P002801",21,2000-08-23
"P002801",53,2007-05-09
"P002802",12,1998-07-22
"P002802",8,2005-08-07
"P002802",52,2006-10-03
"P002802",52,2012-04-13
"P002802",62,2017-04-03
"P002803",52,1967-04-11
"P002803",28,1981-07-03
"P002803",62,1994-02-09
"P002803",1,1994-07-03
"P002803",19,1995-09-17
"P002803",23,1996-04-26
"P002803",41,1996-07-25
"P002803",25,2001-10-26
"P002803",62,2003-06-24
"P002804",14,2004-10-12
"P002804",40,2023-06-25
"P002805",27,1967-09-30
"P002805",27,1969-05-28
"P002805",6,1984-08-22
"P002806",28,1978-10-29
"P002806",16,1979-12-09
"P002806",28,1995-10-20
"P002806",62,1995-12-10
"P002806",31,2006-12-06
"P002806",26,2015-01-27
"P002806",3,2015-05-31
"P002806",28,2017-05-25
"P002807",4,2024-05-07
"P002807",47,2028-05-07
"P002807",12,2039-02-05
"P002807",4,2039-07-11
"P002807",67,2045-07-07
"P002807",43,2048-01-14
"P002807",6,2048-06-17
"P002807",52,2051-01-02
"P002808",44,2005-05-29
"P002808",33,2006-03-24
"P002808",3,2009-07-01
"P002808",13,2032-03-22
"P002809",8,1990-03-03
"P002809",52,2004-05-18
"P002809",28,2018-11-19
"P002810",39,1990-03-13
"P002810",39,1991-10-10
"P002810",18,1995-07-29
"P002811",1,1969-10-11
"P002811",12,1971-11-13
"P002811",6,1975-02-08
"P002811",33,1976-08-03
"P002811",3,1979-02-02
"P002811",49,1981-05-31
"P002811",3,1989-11-02
"P002811",35,1991-05-15
"P002811",62,1993-12-16
"P002811",17,1995-04-19
"P002811",41,1995-09-02
"P002811",52,1996-08-12
"P002811",16,1997-06-28
"P002811",49,1998-05-20
"P002811",18,1998-06-10
"P002811",6,2002-05-29
"P002812",13,1996-01-11
"P002812",25,2000-05-02
"P002812",4,2008-01-29
"P002812",32,2008-06-26
"P002812",37,2011-03-10
"P002813",55,1991-05-20
"P002813",46,1991-10-03
"P002813",43,1991-12-26
"P002813",27,2000-01-01
"P002813",44,2002-01-24
"P002813",23,2003-01-23
"P002813",24,2003-05-30
"P002813",24,2006-12-17
"P002813",52,2011-01-08
"P002813",32,2019-11-12
"P002814",53,1998-05-30
"P002814",7,2006-07-01
"P002814",39,2009-06-02
"P002814",35,2013-01-27
"P002814",28,2021-07-20
"P002815",11,2001-06-03
"P002815",36,2002-05-01
"P002815",58,2003-05-06
"P002816",61,1971-04-09
"P002816",34,1971-06-05
"P002816",22,1972-01-15
"P002816",66,1972-10-21
"P002816",14,1972-10-27
"P002816",32,1973-06-20
"P002816",54,1975-10-11
"P002816",39,1980-01-20
"P002816",42,1983-11-08
"P002816",4,1987-08-25
"P002816",11,1989-07-04
"P002816",66,1989-12-23
"P002816",35,1990-01-09
"P002816",30,1990-08-22
"P002816",62,1991-05-13
"P002816",34,1992-04-14
"P002816",42,1993-03-03
"P002817",14,1967-03-15
"P002817",50,1970-12-13
"P002817",6,1984-02-04
"P002817",60,1986-12-10
"P002818",30,2009-10-09
"P002818",2,2010-06-04
"P002818",40,2011-10-20
"P002818",27,2015-08-20
"P002818",24,2016-02-27
"P002818",14,2032-09-21
"P002818",3,2039-03-08
"P002819",3,2024-03-06
"P002819",5,2042-05-13
"P002820",50,1978-06-21
"P002820",52,1987-10-25
"P002820",12,1997-05-25
"P002820",3,1999-11-28
"P002820",1,2000-11-27
"P002821",50,1981-08-05
"P002821",28,2001-02-14
"P002821",25,2006-12-10
"P002821",18,2007-03-23
"P002822",47,1995-11-09
"P002822",28,2000-04-30
"P002822",23,2002-08-09
"P002822",41,2011-09-21
"P002822",54,2012-08-10
"P002822",55,2014-04-30
"P002822",52,2014-10-17
"P002823",23,2011-10-25
"P002823",62,2012-11-30
"P002823",18,2019-04-29
"P002823",28,2029-12-13
"P002823",47,2042-04-24
"P002824",3,1999-10-24
"P002824",49,2000-03-24
"P002824",54,2001-07-21
"P002824",20,2035-01-18
"P002825",20,2023-03-24
"P002825",4,2023-03-25
"P002825",28,2035-05-20
"P002825",24,2035-11-01
"P002825",30,2035-12-06
"P002826",52,2014-12-13
"P002827",28,2026-04-03
"P002827",47,2030-01-29
"P002827",20,2038-02-12
"P002827",1,2039-10-20
"P002827",1,2041-03-24
"P002828",38,1974-04-01
"P002828",11,1978-05-29
"P002828",26,1992-10-02
"P002829",56,1993-05-10
"P002830",40,1992-02-18
"P002830",6,2014-05-15
"P002830",24,2027-10-16
"P002831",26,2012-06-25
"P002831",26,2023-05-08
"P002832",2,2000-04-12
"P002832",13,2003-07-27
"P002832",27,2004-05-03
"P002832",62,2005-02-12
"P002832",57,2005-07-17
"P002832",44,2008-11-28
"P002832",46,2009-07-25
"P002832",21,2010-08-15
"P002832",43,2017-08-20
"P002832",60,2018-04-23
"P002832",64,2018-11-30
"P002832",52,2025-01-19
"P002832",27,2029-11-08
"P002833",8,2016-11-15
"P002833",6,2017-05-28
"P002833",24,2022-08-03
"P002833",67,2022-11-15
"P002834",17,2004-08-09
"P002834",21,2005-12-27
"P002834",10,2006-05-03
"P002834",23,2006-05-18
"P002834",50,2016-12-17
"P002834",66,2018-12-26
"P002834",1,2019-01-26
"P002834",24,2020-07-30
"P002834",28,2031-04-29
"P002835",14,1979-04-30
"P002835",47,1979-05-09
"P002835",54,1984-01-10
"P002835",25,1992-08-27
"P002835",51,2014-09-23
"P002836",35,1992-02-24
"P002836",52,1993-08-04
"P002836",8,2020-12-30
"P002837",27,1989-09-08
"P002837",30,1993-08-14
"P002837",53,1994-01-15
"P002837",27,2008-04-11
"P002837",26,2008-10-24
"P002837",66,2009-03-11
"P002837",26,2009-03-18
"P002837",21,2009-06-02
"P002837",42,2010-03-26
"P002837",22,2010-05-03
"P002837",55,2011-02-12
"P002837",24,2019-06-25
"P002837",4,2023-01-22
"P002837",55,2023-10-12
"P002838",2,1992-04-21
"P002838",35,1993-11-05
"P002838",55,1997-02-06
"P002838",44,2007-11-07
"P002839",9,2008-05-30
"P002839",21,2010-03-16
"P002839",15,2018-04-16
"P002839",55,2019-03-19
"P002839",18,2019-06-04
"P002839",52,2020-11-14
"P002839",43,2041-08-20
"P002840",12,2024-06-20
"P002840",4,2027-01-20
"P002840",52,2028-04-26
"P002840",21,2037-09-29
"P002842",16,1984-12-10
"P002842",3,1992-09-15
"P002842",8,2000-12-12
"P002842",28,2002-09-02
"P002842",27,2006-03-21
"P002842",62,2007-12-01
"P002843",60,1995-12-06
"P002843",25,2000-06-26
"P002843",62,2001-03-15
"P002844",62,2036-06-04
"P002845",42,2007-05-27
"P002845",63,2008-06-10
"P002846",28,1988-07-08
"P002846",28,1991-02-24
"P002846",40,1992-02-27
"P002846",60,1992-06-28
"P002846",25,2001-12-17
"P002846",27,2009-08-06
"P002847",55,1996-10-23
"P002847",18,1997-04-03
"P002847",53,1998-07-20
"P002847",38,2000-04-04
"P002848",63,1977-07-30
"P002848",8,1979-04-29
"P002848",21,1982-07-13
"P002848",62,1988-02-22
"P002848",44,2003-02-07
"P002849",30,2010-05-08
"P002849",61,2011-04-10
"P002850",6,2027-05-01
"P002850",1,2028-03-18
"P002851",6,2006-12-20
"P002851",1,2007-02-04
"P002851",3,2013-10-20
"P002852",27,1986-09-03
"P002852",21,1988-07-25
"P002852",28,1994-01-13
"P002853",2,2033-10-15
"P002853",24,2034-09-01
"P002854",27,2025-03-25
"P002855",55,2026-10-01
"P002855",3,2041-06-24
"P002855",35,2043-02-11
"P002855",31,2047-08-18
"P002856",49,1995-02-17
"P002856",7,2003-10-02
"P002856",29,2004-04-26
"P002856",11,2012-02-10
"P002856",28,2012-08-02
"P002856",40,2013-07-13
"P002856",47,2014-01-14
"P002856",8,2025-12-30
"P002856",52,2026-08-27
"P002857",3,2014-05-16
"P002857",63,2026-12-03
"P002857",52,2030-02-05
"P002857",28,2031-11-17
"P002857",48,2035-03-31
"P002857",29,2035-04-28
"P002858",52,2001-05-21
"P002858",3,2008-10-01
"P002858",67,2010-11-22
"P002858",67,2013-09-15
"P002858",2,2015-02-11
"P002858",48,2015-08-23
"P002858",43,2015-11-11
"P002858",2,2015-11-18
"P002858",2,2031-11-06
"P002859",1,2027-02-02
"P002859",4,2033-07-17
"P002859",7,2033-09-18
"P002859",64,2034-01-25
"P002859",64,2034-07-01
"P002860",48,2017-07-09
"P002860",15,2017-08-15
"P002860",7,2019-02-15
"P002860",5,2036-04-22
"P002860",38,2043-09-27
"P002860",18,2050-04-15
"P002861",2,2005-05-05
"P002861",24,2007-06-30
"P002861",27,2010-11-02
"P002861",26,2013-08-11
"P002861",24,2014-05-25
"P002861",67,2014-09-18
"P002861",5,2027-05-28
"P002861",28,2028-03-19
"P002861",1,2028-09-15
"P002861",17,2031-10-12
"P002862",4,2013-12-13
"P002862",8,2013-12-29
"P002862",18,2017-02-13
"P002862",42,2017-06-26
"P002862",53,2018-05-15
"P002862",53,2019-02-19
"P002862",53,2019-09-18
"P002862",65,2019-11-16
"P002862",49,2020-02-09
"P002862",54,2020-05-19
"P002863",52,1993-05-29
"P002863",10,2000-09-29
"P002863",28,2000-10-12
"P002863",24,2023-03-06
"P002863",63,2029-11-21
"P002864",52,1966-09-20
"P002864",1,1974-10-09
"P002864",23,1978-01-26
"P002864",28,1983-04-25
"P002864",40,1984-01-30
"P002864",1,1988-06-01
"P002865",28,1974-11-09
"P002865",23,1978-11-16
"P002865",14,1980-12-16
"P002866",11,1995-03-19
"P002866",27,2003-10-26
"P002866",23,2007-02-20
"P002866",65,2016-05-24
"P002867",53,2024-09-15
"P002867",50,2025-12-24
"P002867",21,2026-08-18
"P002867",27,2034-01-29
"P002867",63,2054-07-27
"P002868",23,2002-05-30
"P002868",44,2004-07-14
"P002868",57,2004-08-28
"P002868",51,2005-10-23
"P002868",26,2007-07-23
"P002868",30,2008-09-30
"P002868",27,2013-01-23
"P002868",61,2025-10-03
"P002868",33,2026-01-30
"P002868",43,2027-02-04
"P002868",36,2038-10-19
"P002869",23,1977-05-19
"P002869",65,1996-10-28
"P002869",7,2008-03-06
"P002870",55,2006-11-10
"P002870",43,2007-09-30
"P002870",6,2007-10-09
"P002870",26,2017-09-21
"P002870",6,2022-03-25
"P002870",44,2041-11-09
"P002870",12,2043-12-24
"P002870",4,2044-03-11
"P002871",1,1981-12-07
"P002871",52,1988-07-12
"P002871",4,1990-11-24
"P002871",29,1991-05-19
"P002871",37,1998-11-04
"P002871",44,1999-09-27
"P002872",61,2019-05-28
"P002872",65,2036-06-20
"P002872",6,2036-06-30
"P002872",27,2042-12-30
"P002872",8,2043-12-03
"P002873",25,2024-06-20
"P002873",28,2043-03-10
"P002873",61,2043-07-01
"P002874",4,1973-01-15
"P002874",11,1976-09-28
"P002874",4,1995-03-18
"P002874",8,1995-04-29
"P002874",55,2001-08-26
"P002874",28,2002-03-17
"P002874",16,2002-03-23
"P002874",46,2002-07-15
"P002874",1,2003-08-11
"P002874",39,2004-01-23
"P002874",24,2005-07-13
"P002875",40,1996-12-09
"P002875",11,2005-05-05
"P002875",63,2015-12-02
"P002875",61,2018-07-16
"P002875",20,2019-03-26
"P002875",2,2025-02-28
"P002875",7,2025-11-05
"P002875",13,2026-10-05
"P002875",27,2027-09-05
"P002875",62,2028-06-30
"P002875",21,2030-10-27
"P002876",53,2007-05-24
"P002876",15,2010-08-09
"P002876",28,2015-05-06
"P002876",61,2017-08-19
"P002876",53,2024-04-19
"P002876",16,2024-06-15
"P002876",52,2025-01-20
"P002876",14,2025-11-09
"P002876",58,2027-08-18
"P002876",12,2029-12-27
"P002876",19,2031-02-27
"P002877",1,1997-01-12
"P002877",32,2001-06-12
"P002877",48,2001-08-25
"P002878",2,2002-03-02
"P002878",1,2007-08-31
"P002878",55,2009-08-02
"P002878",8,2011-02-15
"P002878",52,2011-11-02
"P002878",14,2014-02-27
"P002878",4,2033-05-02
"P002878",8,2034-03-03
"P002879",23,1990-09-23
"P002879",43,1993-01-22
"P002879",22,1993-04-14
"P002879",55,1994-01-10
"P002879",62,1994-05-21
"P002879",6,1994-06-22
"P002879",49,1995-07-13
"P002879",34,1995-12-01
"P002879",8,1999-11-27
"P002879",3,2004-04-20
"P002879",5,2013-03-19
"P002879",61,2016-04-08
"P002880",55,1996-11-29
"P002881",32,1977-12-22
"P002881",27,1982-09-23
"P002881",52,1986-02-26
"P002881",55,1989-08-11
"P002882",28,2009-01-25
"P002882",12,2009-10-15
"P002882",5,2010-04-13
"P002882",8,2010-06-01
"P002882",3,2011-03-29
"P002882",15,2011-10-25
"P002882",44,2014-02-24
"P002882",26,2017-08-16
"P002882",52,2017-09-15
"P002882",3,2019-12-04
"P002882",37,2035-06-06
"P002882",54,2038-06-04
"P002883",24,1980-12-03
"P002883",11,1996-05-10
"P002884",15,1968-04-27
"P002884",60,1969-09-06
"P002884",58,1971-10-06
"P002884",10,1973-04-20
"P002884",49,1987-05-05
"P002884",29,1988-05-19
"P002884",20,1988-07-23
"P002884",28,1993-07-18
"P002884",1,1994-03-02
"P002885",21,2022-07-30
"P002885",47,2029-11-11
"P002885",66,2030-02-24
"P002885",55,2034-01-19
"P002885",39,2034-07-06
"P002885",54,2035-02-26
"P002885",43,2036-08-11
"P002885",6,2044-06-27
"P002885",48,2044-12-16
"P002885",4,2045-06-20
"P002886",12,1988-07-22
"P002888",47,1980-11-22
"P002888",15,1989-06-26
"P002888",4,1992-08-07
"P002888",46,1993-05-28
"P002888",55,1994-10-05
"P002888",15,1994-10-30
"P002888",31,1995-02-03
"P002888",31,1996-02-26
"P002888",63,1996-10-22
"P002888",53,1997-02-10
"P002888",58,1999-09-09
"P002888",23,2000-08-07
"P002888",4,2002-07-30
"P002889",27,2003-12-17
"P002889",6,2004-08-23
"P002889",9,2017-06-27
"P002890",25,2003-12-26
"P002890",33,2003-12-30
"P002890",8,2004-03-08
"P002890",52,2004-08-20
"P002890",53,2015-04-25
"P002890",52,2016-07-24
"P002890",50,2017-05-25
"P002890",55,2034-07-06
"P002890",42,2036-06-18
"P002890",49,2036-09-21
"P002890",66,2036-10-24
"P002890",49,2036-10-29
"P002890",42,2037-02-23
"P002890",53,2037-04-19
"P002890",32,2037-06-15
"P002890",23,2037-09-16
"P002890",44,2037-11-05
"P002890",53,2039-08-11
"P002890",51,2039-12-21
"P002891",32,1993-02-14
"P002892",28,2014-03-14
"P002892",16,2014-11-19
"P002892",57,2016-09-17
"P002892",8,2017-03-11
"P002892",27,2029-04-19
"P002892",24,2035-06-17
"P002892",17,2035-12-07
"P002892",27,2037-03-04
"P002892",14,2049-07-08
"P002892",1,2049-08-03
"P002893",19,1986-01-08
"P002893",4,1987-08-12
"P002893",40,2010-06-23
"P002893",61,2011-04-14
"P002893",53,2011-07-06
"P002894",12,2021-12-06
"P002894",12,2032-09-27
"P002894",3,2033-06-22
"P002894",47,2034-08-03
"P002894",58,2035-06-01
"P002894",56,2036-04-13
"P002894",56,2037-03-19
"P002894",64,2037-08-24
"P002894",37,2038-09-15
"P002895",14,2019-04-26
"P002895",24,2019-09-08
"P002895",13,2022-10-02
"P002895",22,2025-01-20
"P002895",22,2027-12-27
"P002895",1,2031-11-01
"P002896",62,2006-08-06
"P002896",64,2009-01-06
"P002896",24,2010-11-08
"P002896",23,2020-08-14
"P002896",6,2020-08-17
"P002896",21,2026-04-29
"P002896",10,2031-08-18
"P002896",4,2033-07-07
"P002896",58,2035-12-19
"P002896",18,2037-08-03
"P002896",28,2037-10-20
"P002896",2,2041-09-02
"P002896",36,2043-01-03
"P002896",55,2043-04-22
"P002897",27,2002-07-21
"P002897",35,2010-06-02
"P002898",26,1984-06-14
"P002898",64,1986-04-06
"P002898",21,1997-02-04
"P002898",44,2000-03-04
"P002898",3,2002-09-26
"P002898",4,2010-07-05
"P002899",3,2011-11-02
"P002899",27,2028-11-28
"P002899",24,2029-10-16
"P002899",58,2037-01-13
"P002899",10,2037-07-10
"P002899",42,2038-06-13
"P002899",34,2038-09-12
"P002899",55,2040-03-02
"P002899",50,2040-08-25
"P002899",55,2041-11-24
"P002899",12,2043-09-13
"P002900",4,2018-11-22
"P002900",30,2019-08-16
"P002900",55,2036-09-04
"P002900",11,2037-08-19
"P002900",25,2052-05-17
"P002901",1,1977-02-12
"P002901",6,1980-02-24
"P002901",57,1984-06-01
"P002901",54,1985-04-27
"P002901",50,1986-12-17
"P002901",36,1987-06-02
"P002902",2,2013-01-29
"P002902",11,2013-03-31
"P002902",44,2020-03-19
"P002902",62,2025-07-01
"P002902",17,2025-12-29
"P002902",4,2036-11-16
"P002902",8,2038-02-18
"P002903",55,1986-09-27
"P002904",56,1997-02-28
"P002904",36,1997-03-24
"P002904",35,2003-01-04
"P002904",53,2014-11-26
"P002904",61,2018-02-16
"P002904",32,2019-01-24
"P002904",44,2020-05-27
"P002904",10,2021-05-13
"P002904",11,2023-11-03
"P002904",60,2024-01-27
"P002904",49,2024-04-05
"P002904",1,2025-03-07
"P002904",29,2029-07-30
"P002906",60,1981-11-13
"P002906",23,1996-11-17
"P002906",7,2008-08-26
"P002907",44,2007-06-24
"P002907",58,2012-04-19
"P002907",61,2013-04-13
"P002907",52,2015-04-27
"P002907",15,2017-08-05
"P002907",24,2026-10-12
"P002908",18,1978-11-05
"P002908",57,1992-08-04
"P002908",57,1996-11-07
"P002908",30,2001-11-03
"P002908",14,2006-08-15
"P002908",3,2009-12-07
"P002909",27,1994-11-30
"P002909",30,1995-05-26
"P002910",42,1994-12-03
"P002910",40,2010-07-07
"P002910",6,2011-07-29
"P002911",44,2008-02-01
"P002911",6,2008-09-20
"P002911",62,2019-06-04
"P002911",11,2020-02-13
"P002911",43,2020-06-17
"P002911",6,2021-09-16
"P002911",1,2021-10-05
"P002911",33,2022-07-21
"P002911",18,2029-01-26
"P002911",3,2042-08-02
"P002911",3,2043-08-23
"P002911",65,2043-10-04
"P002911",27,2044-08-04
"P002912",23,1994-02-09
"P002912",7,1997-11-28
"P002912",8,2001-05-27
"P002912",6,2015-11-06
"P002912",4,2019-01-21
"P002912",66,2019-11-04
"P002912",8,2021-03-15
"P002912",18,2027-09-29
"P002912",12,2031-02-26
"P002913",55,2010-10-21
"P002913",11,2042-03-21
"P002913",26,2045-07-23
"P002913",25,2045-07-27
"P002914",28,2004-04-03
"P002914",67,2011-08-07
"P002914",4,2015-04-14
"P002915",11,1975-06-09
"P002915",15,1976-11-27
"P002915",23,1984-11-09
"P002915",36,1986-02-07
"P002915",30,1987-01-26
"P002915",5,1993-08-13
"P002915",2,1998-06-27
"P002915",49,1999-07-27
"P002915",18,2013-04-21
"P002916",54,1988-11-29
"P002916",46,1989-12-15
"P002916",18,1990-02-12
"P002916",46,1990-06-06
"P002916",55,1990-11-21
"P002916",2,1991-06-01
"P002916",59,1992-05-12
"P002916",25,2006-02-20
"P002917",8,2022-07-20
"P002917",2,2033-03-11
"P002917",33,2035-04-29
"P002917",42,2035-06-17
"P002917",14,2038-06-25
"P002917",25,2049-07-07
"P002918",4,2034-06-16
"P002918",64,2034-12-31
"P002918",28,2046-11-19
"P002919",1,2005-04-01
"P002919",61,2006-09-25
"P002919",12,2007-07-11
"P002919",33,2009-05-21
"P002919",66,2009-05-23
"P002919",13,2009-11-01
"P002919",8,2012-08-09
"P002920",49,1982-01-07
"P002920",21,2007-10-06
"P002920",23,2013-12-29
"P002920",49,2015-07-22
"P002921",55,2000-11-20
"P002921",18,2001-04-25
"P002921",66,2001-09-22
"P002921",2,2002-02-02
"P002921",2,2003-02-18
"P002921",38,2003-09-26
"P002921",28,2003-10-28
"P002921",23,2014-09-09
"P002921",55,2020-04-03
"P002921",49,2023-10-31
"P002921",6,2029-06-14
"P002921",19,2034-06-21
"P002921",30,2035-02-11
"P002922",4,1969-11-09
"P002922",67,1993-10-31
"P002923",7,1988-07-29
"P002923",7,1992-12-10
"P002923",52,1994-05-31
"P002923",6,2012-01-03
"P002923",23,2013-03-19
"P002923",9,2016-01-17
"P002925",22,1977-09-20
"P002925",6,1979-03-23
"P002925",55,1979-07-03
"P002925",25,1980-10-17
"P002925",48,1982-05-07
"P002925",52,1991-07-16
"P002925",28,1992-07-02
"P002925",17,1999-07-20
"P002925",65,2000-12-11
"P002926",24,2007-10-22
"P002926",49,2008-08-19
"P002926",35,2011-01-12
"P002926",4,2012-01-10
"P002926",20,2013-03-22
"P002926",7,2013-06-14
"P002926",14,2018-08-02
"P002926",28,2024-04-15
"P002926",21,2031-07-11
"P002927",6,2000-05-30
"P002927",28,2000-11-04
"P002927",23,2002-03-16
"P002927",42,2006-04-18
"P002927",2,2008-10-22
"P002927",34,2009-08-22
"P002927",15,2013-09-04
"P002927",7,2014-05-14
"P002927",29,2016-01-27
"P002927",4,2020-02-18
"P002927",24,2027-07-28
"P002927",23,2035-06-23
"P002928",38,1987-02-18
"P002928",8,2011-01-09
"P002928",42,2013-04-04
"P002928",52,2021-03-18
"P002929",27,1990-05-14
"P002929",65,1991-08-29
"P002929",50,1998-06-15
"P002929",37,2002-04-13
"P002929",21,2005-01-13
"P002929",30,2005-10-18
"P002929",2,2010-01-26
"P002929",32,2010-06-13
"P002929",48,2011-01-12
"P002929",53,2012-01-29
"P002929",14,2023-07-28
"P002930",3,2036-06-05
"P002930",8,2043-11-10
"P002931",3,1986-04-11
"P002931",1,1990-11-17
"P002931",55,1992-04-24
"P002931",3,1998-07-16
"P002931",14,2003-04-08
"P002931",60,2009-08-07
"P002931",6,2018-07-18
"P002932",58,2024-07-30
"P002932",19,2024-10-02
"P002932",26,2033-10-18
"P002932",2,2046-08-02
"P002932",34,2047-04-12
"P002933",1,1982-03-17
"P002934",10,1989-08-24
"P002934",62,1990-08-12
"P002934",6,1992-05-04
"P002934",64,1992-05-14
"P002934",11,2002-07-29
"P002935",24,1962-06-27
"P002935",13,1970-01-08
"P002935",28,1977-12-29
"P002935",52,1991-02-16
"P002935",42,1992-09-08
"P002936",53,2038-08-04
"P002937",52,1999-09-16
"P002938",4,2010-02-05
"P002938",29,2015-08-19
"P002938",31,2020-02-07
"P002938",28,2020-07-03
"P002938",30,2020-09-15
"P002938",28,2021-05-22
"P002938",24,2022-08-16
"P002938",62,2025-10-18
"P002938",4,2037-06-11
"P002938",26,2038-01-28
"P002938",29,2039-07-13
"P002938",52,2040-08-10
"P002939",25,1979-07-18
"P002940",27,1986-09-02
"P002940",27,1990-09-18
"P002940",42,1992-11-19
"P002940",3,1995-04-22
"P002940",11,1995-07-01
"P002940",58,1996-12-01
"P002940",36,1998-02-03
"P002940",34,1998-03-22
"P002940",3,2001-07-06
"P002940",3,2008-04-01
"P002940",4,2009-09-23
"P002940",53,2011-11-27
"P002941",53,1985-05-07
"P002941",62,2001-12-02
"P002942",21,1987-05-20
"P002942",14,1987-09-07
"P002942",58,1988-07-26
"P002942",64,1990-04-24
"P002942",2,1993-05-20
"P002942",24,2015-06-14
"P002942",21,2016-12-15
"P002943",52,1982-07-31
"P002943",4,1991-06-09
"P002943",62,1991-11-02
"P002943",27,1992-11-25
"P002943",27,1993-06-04
"P002943",65,1994-10-03
"P002943",41,2019-05-13
"P002944",3,2038-06-29
"P002945",24,1991-04-18
"P002945",3,1996-06-17
"P002945",39,1998-03-02
"P002945",19,1998-06-09
"P002945",30,2000-05-03
"P002945",40,2001-03-13
"P002945",63,2001-11-25
"P002945",35,2002-07-23
"P002945",35,2003-04-07
"P002945",64,2004-01-20
"P002945",21,2008-02-02
"P002946",27,1980-01-06
"P002946",14,1980-04-03
"P002946",3,1981-04-27
"P002946",41,1990-06-06
"P002946",21,2006-11-12
"P002947",23,1967-02-07
"P002947",67,1967-02-19
"P002947",48,1967-04-26
"P002947",28,1975-07-24
"P002947",1,1983-09-29
"P002947",6,1986-06-12
"P002947",55,1987-10-29
"P002947",2,1994-04-23
"P002947",57,2000-02-15
"P002947",10,2000-04-02
"P002947",60,2001-08-13
"P002947",38,2002-03-04
"P002948",60,1984-09-10
"P002948",31,1989-09-16
"P002948",23,1991-07-31
"P002948",67,1993-05-29
"P002948",49,1996-06-23
"P002948",55,2008-02-25
"P002948",19,2017-01-18
"P002949",2,1988-11-24
"P002949",55,1997-12-01
"P002949",39,1999-09-09
"P002949",1,2002-08-15
"P002949",58,2019-07-15
"P002949",16,2021-04-18
"P002950",21,2009-05-06
"P002950",2,2027-11-20
"P002951",11,1981-08-19
"P002951",58,1982-05-09
"P002951",26,1982-07-15
"P002951",10,1982-10-29
"P002951",49,1985-01-30
"P002951",55,1997-02-05
"P002952",10,1998-04-29
"P002952",27,2013-09-16
"P002952",27,2016-11-14
"P002953",42,1978-11-11
"P002953",21,1979-09-26
"P002953",1,1993-11-02
"P002953",14,2001-10-29
"P002954",27,2010-02-02
"P002954",62,2010-04-26
"P002954",64,2010-07-04
"P002954",2,2010-10-15
"P002954",56,2017-10-10
"P002954",50,2018-03-26
"P002954",28,2020-03-05
"P002954",28,2021-01-29
"P002954",9,2023-02-26
"P002954",12,2026-11-04
"P002954",4,2027-02-24
"P002954",46,2028-03-29
"P002954",61,2032-07-22
"P002954",3,2042-08-03
"P002954",39,2044-06-26
"P002955",11,2002-07-14
"P002955",3,2003-04-03
"P002955",44,2010-08-29
"P002955",19,2011-07-20
"P002955",55,2021-12-01
"P002955",49,2023-11-28
"P002955",30,2025-06-09
"P002955",3,2026-12-22
"P002955",61,2026-12-24
"P002955",58,2027-02-06
"P002955",3,2028-03-06
"P002955",16,2031-11-25
"P002955",33,2033-03-01
"P002956",26,1997-02-03
"P002956",3,1998-09-12
"P002956",8,2025-03-06
"P002957",24,2012-12-04
"P002957",24,2017-02-05
"P002958",27,2051-11-17
"P002958",7,2052-09-23
"P002959",18,2005-01-20
"P002959",2,2006-05-05
"P002959",3,2006-05-10
"P002959",4,2009-04-21
"P002959",2,2009-05-17
"P002960",48,2023-07-10
"P002960",15,2025-07-14
"P002960",8,2027-03-16
"P002960",18,2030-08-02
"P002960",21,2032-11-28
"P002961",5,1978-03-06
"P002961",3,1982-12-12
"P002961",49,1999-07-22
"P002961",28,1999-11-29
"P002961",28,2009-11-29
"P002961",3,2010-06-26
"P002962",5,2005-02-09
"P002962",65,2005-04-11
"P002962",6,2005-07-05
"P002962",55,2013-04-23
"P002962",34,2020-07-22
"P002963",2,1982-07-06
"P002963",11,1986-03-05
"P002963",53,1986-06-08
"P002963",12,1988-05-14
"P002963",3,1993-07-29
"P002963",23,1993-10-16
"P002963",59,1994-09-21
"P002963",1,1994-09-22
"P002963",42,1994-11-26
"P002963",1,1995-02-06
"P002963",39,1997-01-13
"P002964",28,2022-02-19
"P002964",63,2039-07-15
"P002966",56,2010-03-20
"P002966",7,2027-10-20
"P002966",57,2028-02-01
"P002966",40,2029-05-26
"P002966",60,2029-10-01
"P002966",2,2033-02-20
"P002966",49,2036-01-14
"P002967",53,2016-09-20
"P002968",1,1965-09-04
"P002968",14,1981-04-26
"P002969",23,1997-07-24
"P002969",1,2001-02-28
"P002969",4,2005-09-14
"P002970",4,2033-08-23
"P002970",26,2040-09-12
"P002971",24,1994-04-05
"P002971",49,2000-01-20
"P002971",38,2001-06-01
"P002971",27,2006-05-08
"P002971",4,2014-12-01
"P002971",18,2015-02-26
"P002972",23,2007-02-22
"P002972",3,2007-07-04
"P002972",1,2008-11-22
"P002972",28,2011-04-14
"P002972",17,2025-11-12
"P002972",41,2026-03-09
"P002973",30,1962-09-22
"P002973",43,1969-02-28
"P002973",42,1975-02-19
"P002973",43,1987-05-18
"P002973",61,1990-05-09
"P002974",62,1963-01-13
"P002974",25,1968-01-27
"P002974",49,1968-06-17
"P002974",23,1973-01-26
"P002974",60,1975-06-25
"P002974",16,1986-07-02
"P002974",40,1986-10-22
"P002974",23,1991-04-09
"P002974",6,1992-06-04
"P002974",33,1994-02-14
"P002975",23,1999-03-19
"P002975",6,2000-01-13
"P002975",43,2028-08-30
"P002976",28,1974-02-28
"P002976",16,1977-06-14
"P002976",39,1978-08-20
"P002976",35,1978-09-07
"P002976",56,1978-11-30
"P002976",34,1979-03-18
"P002976",40,1979-04-01
"P002976",27,1979-06-15
"P002976",6,1980-03-19
"P002976",34,1982-08-10
"P002976",6,1982-08-16
"P002976",18,1982-10-30
"P002976",27,1983-04-19
"P002976",27,1984-01-05
"P002976",3,1984-10-12
"P002976",56,1986-05-13
"P002977",8,1988-12-25
"P002977",8,2001-03-29
"P002978",61,2027-08-17
"P002978",34,2027-09-01
"P002978",34,2030-09-09
"P002978",15,2032-01-16
"P002980",35,1996-09-30
"P002980",40,1999-04-29
"P002980",26,2002-01-06
"P002981",7,1987-07-17
"P002981",23,1993-05-27
"P002981",15,1993-09-04
"P002981",13,1993-11-05
"P002981",2,2002-12-11
"P002981",44,2011-07-11
"P002981",28,2015-12-30
"P002982",26,2003-01-15
"P002982",16,2003-02-28
"P002982",4,2003-07-19
"P002982",64,2006-03-12
"P002982",66,2006-09-06
"P002982",3,2007-10-10
"P002982",7,2014-07-11
"P002982",12,2015-01-31
"P002982",10,2024-10-26
"P002983",14,1993-05-02
"P002983",13,1993-10-14
"P002983",21,1995-06-07
"P002983",13,2001-10-30
"P002983",34,2002-06-28
"P002983",63,2003-06-15
"P002983",23,2003-12-07
"P002983",37,2008-03-02
"P002983",26,2030-03-05
"P002984",62,2006-06-11
"P002984",12,2009-09-19
"P002984",30,2010-11-13
"P002984",4,2011-10-20
"P002984",11,2019-11-21
"P002984",15,2038-08-27
"P002985",53,1974-11-03
"P002985",38,1980-04-18
"P002985",24,1980-12-18
"P002985",54,1980-12-22
"P002985",8,1981-06-09
"P002985",28,1981-11-20
"P002985",28,1981-12-16
"P002985",31,1982-07-15
"P002986",55,2019-01-22
"P002986",19,2020-01-27
"P002986",58,2020-02-24
"P002986",40,2020-12-08
"P002986",28,2027-01-25
"P002986",14,2028-11-15
"P002986",26,2047-06-10
"P002987",14,1996-02-06
"P002987",52,2028-06-07
"P002988",55,1965-09-01
"P002988",28,1984-01-12
"P002988",40,1985-09-28
"P002988",1,2000-02-19
"P002989",26,2013-07-26
"P002989",13,2039-03-06
"P002989",52,2047-03-03
"P002989",24,2047-09-14
"P002990",8,1990-01-17
"P002990",26,2003-02-03
"P002990",61,2006-12-30
"P002990",6,2007-12-31
"P002990",14,2009-08-01
"P002991",28,1998-12-16
"P002991",41,2001-11-30
"P002991",14,2002-09-06
"P002991",61,2005-02-06
"P002991",28,2024-01-02
"P002991",54,2025-03-04
"P002991",62,2025-11-06
"P002991",16,2026-05-06
"P002991",23,2027-03-11
"P002991",8,2030-04-03
"P002991",1,2031-12-19
"P002992",26,1984-06-21
"P002992",18,1987-11-11
"P002992",3,1992-01-22
"P002992",2,1995-07-04
"P002992",50,1997-03-14
"P002992",11,1998-03-09
"P002992",26,2018-12-18
"P002993",6,2025-07-07
"P002993",27,2025-07-25
"P002993",2,2030-01-18
"P002993",63,2044-01-15
"P002994",61,2012-02-28
"P002994",2,2036-05-13
"P002995",2,2001-01-19
"P002995",55,2010-01-08
"P002995",55,2014-11-21
"P002995",12,2015-12-22
"P002995",11,2016-06-30
"P002995",55,2037-06-13
"P002995",28,2038-03-14
"P002995",30,2038-04-11
"P002995",24,2039-04-17
"P002996",24,2009-08-22
"P002997",23,2005-05-07
"P002997",54,2008-11-23
"P002998",15,2015-03-09
"P002998",62,2018-08-07
"P002998",20,2025-09-09
"P002998",55,2035-06-19
"P002999",2,1976-08-25
"P002999",26,1978-08-10
"P002999",3,1980-07-10
"P002999",27,1981-06-10
"P002999",17,1984-12-01
"P002999",31,1985-07-11
"P002999",52,1985-08-19
"P002999",61,1992-01-08
"P002999",55,1997-07-22
"P002999",46,1999-01-14
"P002999",39,1999-07-31
"P003000",55,2015-12-08
"P003000",14,2031-11-03
"P003000",23,2038-06-25
"P003001",8,1971-08-16
"P003001",42,1976-10-25
"P003001",26,1977-11-05
"P003001",24,1982-08-01
"P003001",52,1983-10-04
"P003001",23,1999-12-06
"P003001",62,2007-07-24
"P003002",55,1973-02-09
"P003002",35,1975-09-12
"P003002",60,1981-09-12
"P003002",7,1985-02-01
"P003002",55,1993-06-02
"P003002",4,2007-09-07
"P003003",23,1997-04-10
"P003003",11,1999-01-07
"P003003",14,2000-03-06
"P003003",2,2000-05-08
"P003003",2,2001-05-05
"P003003",28,2012-12-28
"P003004",3,2014-05-06
"P003004",55,2016-05-06
"P003004",60,2025-03-27
"P003005",11,1995-05-24
"P003005",8,1998-02-07
"P003005",27,2017-03-14
"P003005",14,2019-06-10
"P003005",25,2023-11-24
"P003005",28,2025-06-08
"P003005",8,2033-09-21
"P003006",49,1990-05-30
"P003006",22,1992-06-25
"P003006",2,1997-08-31
"P003006",14,1998-09-12
"P003006",27,2008-02-11
"P003006",50,2026-06-03
"P003007",3,1991-01-14
"P003007",23,1994-10-22
"P003007",49,2005-01-20
"P003007",29,2005-11-08
"P003007",18,2009-06-14
"P003008",6,2009-02-07
"P003008",1,2016-04-18
"P003008",61,2016-08-25
"P003008",49,2023-09-30
"P003008",24,2026-08-04
"P003008",52,2029-09-15
"P003009",52,1991-10-22
"P003009",6,1995-02-23
"P003009",28,2004-01-15
"P003010",10,2025-06-21
"P003010",62,2026-01-23
"P003010",27,2028-08-28
"P003010",43,2030-02-10
"P003010",43,2037-05-06
"P003010",23,2039-09-06
"P003012",1,1967-08-16
"P003012",17,1985-02-13
"P003012",27,1985-09-20
"P003012",26,1994-03-04
"P003012",3,1996-04-23
"P003012",52,2002-09-02
"P003012",53,2003-03-17
"P003013",15,1983-04-19
"P003013",4,1989-01-20
"P003013",8,1990-09-02
"P003013",29,1992-11-28
"P003013",28,1993-03-29
"P003013",52,1995-02-02
"P003013",52,1998-08-30
"P003013",28,2006-03-31
"P003013",28,2008-03-14
"P003013",52,2008-03-28
"P003013",47,2013-07-09
"P003014",43,1969-07-15
"P003014",62,1988-04-02
"P003014",3,2004-08-26
"P003014",54,2008-07-16
"P003015",28,2011-04-23
"P003015",1,2014-08-09
"P003015",21,2016-06-30
"P003015",53,2017-07-21
"P003015",6,2018-01-12
"P003016",7,2008-06-07
"P003017",50,2003-01-28
"P003017",48,2004-02-08
"P003017",55,2011-08-24
"P003017",40,2012-10-25
"P003017",3,2017-12-05
"P003017",61,2018-09-17
"P003017",32,2019-10-12
"P003017",15,2019-11-27
"P003017",3,2020-05-14
"P003017",32,2022-06-15
"P003018",47,1986-09-10
"P003018",3,2000-07-12
"P003018",55,2003-06-14
"P003018",2,2003-12-02
"P003018",19,2004-12-10
"P003018",4,2022-07-10
"P003019",14,2038-07-08
"P003019",9,2042-12-07
"P003019",38,2043-02-19
"P003019",2,2045-02-15
"P003020",3,1986-03-23
"P003020",21,2000-03-09
"P003020",55,2000-11-28
"P003020",11,2002-11-18
"P003020",1,2003-08-03
"P003021",28,2017-06-09
"P003021",27,2045-09-08
"P003022",3,2007-06-12
"P003022",27,2012-03-02
"P003022",30,2028-11-11
"P003022",1,2028-12-14
"P003022",11,2032-06-29
"P003022",26,2034-01-22
"P003023",26,1984-07-18
"P003023",30,1986-03-26
"P003023",53,1988-11-14
"P003023",49,1992-05-26
"P003023",54,1992-09-14
"P003023",7,2003-10-11
"P003023",50,2006-09-03
"P003023",24,2020-02-04
"P003024",28,2006-07-01
"P003024",18,2008-09-25
"P003024",36,2011-11-08
"P003024",8,2041-07-20
"P003026",55,1998-07-29
"P003026",5,2003-10-16
"P003026",47,2017-10-24
"P003026",56,2018-03-06
"P003026",47,2018-08-08
"P003027",8,2016-04-02
"P003028",50,1984-06-16
"P003028",21,1985-02-27
"P003028",21,2008-02-24
"P003028",12,2008-10-26
"P003028",28,2008-11-01
"P003028",53,2010-07-14
"P003028",53,2013-02-25
"P003029",24,2000-12-26
"P003030",1,2004-05-28
"P003030",34,2021-01-07
"P003030",19,2022-02-05
"P003030",34,2026-04-14
"P003031",38,1982-05-31
"P003032",2,1980-03-02
"P003032",48,1998-11-18
"P003032",52,2005-09-04
"P003033",28,2005-07-28
"P003033",1,2018-12-25
"P003033",11,2025-03-03
"P003033",15,2028-07-17
"P003033",15,2033-09-16
"P003034",52,2001-06-04
"P003034",44,2004-08-01
"P003034",34,2006-07-07
"P003035",67,2033-11-08
"P003035",43,2052-08-13
"P003036",25,1985-02-21
"P003036",62,1991-08-23
"P003036",17,1994-05-01
"P003037",2,2023-03-29
"P003037",23,2024-09-29
"P003037",40,2033-10-17
"P003037",28,2037-05-07
"P003038",4,2015-10-08
"P003038",58,2015-12-31
"P003038",26,2016-03-08
"P003038",61,2016-04-10
"P003038",22,2018-01-28
"P003038",12,2018-07-10
"P003038",28,2018-11-12
"P003038",28,2040-01-11
"P003039",2,2025-05-30
"P003039",33,2025-06-16
"P003039",53,2026-03-31
"P003039",48,2032-01-30
"P003039",53,2046-10-04
"P003040",3,2008-12-02
"P003040",35,2009-08-27
"P003040",51,2011-04-27
"P003040",18,2022-10-29
"P003041",16,2039-02-14
"P003041",21,2039-04-02
"P003041",21,2040-12-10
"P003042",8,1994-03-14
"P003042",52,1995-03-18
"P003042",8,2012-06-24
"P003042",8,2021-12-23
"P003043",61,1987-10-19
"P003043",62,2016-10-29
"P003044",12,2010-08-31
"P003044",56,2011-09-26
"P003044",2,2022-12-22
"P003044",61,2023-04-28
"P003044",5,2039-07-21
"P003044",43,2039-12-12
"P003044",32,2041-05-24
"P003044",23,2048-11-03
"P003045",14,2009-01-13
"P003045",21,2017-07-11
"P003045",21,2017-08-07
"P003046",50,2030-08-09
"P003047",54,1966-10-12
"P003047",27,1970-05-07
"P003047",64,1971-04-11
"P003047",55,1991-10-20
"P003047",62,2006-04-02
"P003048",2,1979-02-16
"P003048",21,1984-03-25
"P003048",23,1985-12-25
"P003048",18,1989-01-12
"P003048",9,1990-08-22
"P003048",61,1996-11-16
"P003048",8,2006-07-02
"P003048",52,2007-02-26
"P003049",11,1994-01-26
"P003049",37,1994-06-15
"P003049",1,1994-06-28
"P003049",18,1994-10-12
"P003049",3,1994-11-13
"P003049",55,2002-07-19
"P003049",43,2018-05-07
"P003049",22,2022-03-05
"P003050",11,1972-03-26
"P003050",14,1974-02-27
"P003050",50,1979-06-08
"P003050",28,1985-03-10
"P003050",55,2004-11-13
"P003051",52,2025-01-30
"P003051",37,2042-07-06
"P003051",23,2048-03-18
"P003052",1,1984-02-02
"P003052",39,1986-12-14
"P003052",51,1989-05-22
"P003052",52,1991-12-22
"P003052",28,1992-05-28
"P003052",49,1993-11-09
"P003052",16,1995-07-06
"P003052",14,1998-12-09
"P003052",1,2006-11-07
"P003052",21,2007-09-14
"P003052",24,2014-01-23
"P003053",52,1987-07-21
"P003053",23,1992-07-07
"P003053",31,1993-08-03
"P003053",11,1995-05-07
"P003053",6,1996-03-11
"P003053",23,1996-06-17
"P003053",60,2000-10-26
"P003053",6,2012-01-22
"P003053",8,2020-02-21
"P003054",55,1976-12-24
"P003054",3,1977-03-12
"P003054",23,1982-07-27
"P003054",2,1988-06-27
"P003055",1,1967-06-12
"P003055",6,1970-05-01
"P003055",4,1971-11-28
"P003055",67,1972-10-15
"P003055",13,1975-01-01
"P003055",13,1980-11-09
"P003055",22,1982-10-14
"P003055",16,1984-06-30
"P003055",54,1985-01-13
"P003055",23,1993-11-01
"P003055",36,1997-01-10
"P003055",12,1998-09-03
"P003055",23,2001-04-02
"P003056",25,1988-11-22
"P003057",7,1966-04-18
"P003057",1,1996-02-20
"P003058",11,1969-10-25
"P003058",1,1970-09-05
"P003058",55,1992-05-16
"P003058",39,1993-07-27
"P003058",39,1994-03-05
"P003059",1,1984-02-05
"P003060",1,2024-03-06
"P003060",3,2029-11-07
"P003060",67,2032-09-07
"P003061",8,1988-07-05
"P003061",28,1992-03-21
"P003061",3,2001-02-03
"P003061",1,2002-01-18
"P003062",55,2009-08-07
"P003062",41,2010-01-15
"P003062",10,2010-02-07
"P003062",7,2037-10-03
"P003063",26,1973-08-23
"P003063",13,1973-11-16
"P003063",52,1979-01-15
"P003063",55,1983-08-31
"P003063",34,1983-12-20
"P003063",39,1986-01-16
"P003063",63,2006-07-10
"P003064",4,1992-08-18
"P003065",46,1999-10-26
"P003065",1,2001-02-01
"P003065",61,2006-08-13
"P003065",6,2006-11-15
"P003065",27,2007-08-04
"P003065",14,2034-12-26
"P003066",56,2004-04-29
"P003066",25,2007-11-11
"P003066",6,2018-07-06
"P003066",37,2024-12-22
"P003066",41,2027-04-27
"P003066",1,2041-10-28
"P003067",23,1985-10-27
"P003067",62,1992-01-15
"P003067",53,2016-04-09
"P003067",11,2016-11-21
"P003068",67,1985-02-12
"P003068",3,1990-09-06
"P003068",43,1994-07-08
"P003068",12,2018-08-05
"P003068",64,2020-09-07
"P003068",24,2021-04-03
"P003068",4,2022-02-18
"P003068",53,2023-01-22
"P003069",11,2011-10-29
"P003070",4,1986-01-17
"P003070",3,1988-10-22
"P003070",55,1995-07-02
"P003070",46,1995-07-09
"P003070",43,1996-03-12
"P003070",46,1996-04-20
"P003070",52,2001-04-01
"P003070",60,2004-01-25
"P003070",23,2012-08-26
"P003070",52,2016-02-01
"P003071",6,1999-03-11
"P003071",48,2010-11-06
"P003071",55,2013-12-12
"P003071",18,2014-12-30
"P003071",40,2021-04-13
"P003071",49,2021-12-06
"P003071",61,2021-12-30
"P003071",34,2022-03-13
"P003071",23,2022-09-28
"P003071",1,2023-05-17
"P003071",30,2023-06-19
"P003071",13,2024-02-09
"P003071",32,2026-08-11
"P003072",57,1999-05-02
"P003072",55,1999-12-09
"P003072",39,2000-12-20
"P003072",36,2023-05-28
"P003072",38,2023-09-25
"P003072",49,2023-09-26
"P003072",2,2032-06-30
"P003072",33,2032-09-13
"P003072",16,2035-06-02
"P003073",60,1981-06-09
"P003073",25,1993-09-03
"P003073",33,1993-11-01
"P003073",28,2007-07-03
"P003073",42,2010-01-18
"P003073",40,2011-02-05
"P003073",32,2011-10-22
"P003074",26,2003-10-15
"P003074",26,2023-05-05
"P003074",9,2024-08-31
"P003074",36,2025-02-14
"P003074",3,2028-07-27
"P003074",27,2029-09-17
"P003074",6,2036-01-06
"P003075",21,1996-11-11
"P003075",12,2007-01-13
"P003075",27,2009-06-08
"P003075",30,2009-11-05
"P003075",55,2020-04-28
"P003075",12,2024-10-07
"P003075",41,2024-12-07
"P003076",4,2013-08-17
"P003076",6,2014-11-26
"P003076",4,2017-03-04
"P003076",49,2020-11-01
"P003076",4,2022-05-21
"P003076",47,2023-10-09
"P003076",15,2038-01-07
"P003077",24,1995-02-13
"P003078",7,1967-11-24
"P003078",39,1968-11-05
"P003078",28,1970-01-10
"P003078",14,1971-02-16
"P003078",58,1971-11-28
"P003078",61,1972-06-23
"P003078",58,1972-12-04
"P003078",3,1974-05-08
"P003078",61,1975-03-09
"P003078",38,1975-09-08
"P003078",28,1977-10-11
"P003078",2,1989-07-29
"P003078",4,1992-12-27
"P003078",58,1993-06-23
"P003079",49,2005-09-25
"P003079",23,2009-07-20
"P003079",15,2015-11-28
"P003079",23,2019-02-13
"P003079",6,2019-03-27
"P003079",44,2019-05-16
"P003079",24,2019-10-20
"P003079",57,2020-05-07
"P003079",27,2020-11-04
"P003079",57,2022-07-11
"P003079",19,2022-10-07
"P003079",5,2023-05-22
"P003079",55,2023-11-28
"P003079",40,2024-03-08
"P003079",1,2025-04-29
"P003080",53,2016-03-11
"P003080",42,2016-12-22
"P003080",1,2017-07-24
"P003080",62,2029-12-16
"P003081",3,1994-04-22
"P003081",6,1997-08-21
"P003081",14,2000-12-13
"P003081",50,2002-10-14
"P003081",24,2003-06-01
"P003081",35,2003-11-14
"P003081",28,2005-11-23
"P003081",66,2007-10-23
"P003082",44,2023-11-23
"P003082",57,2030-07-05
"P003082",42,2034-08-31
"P003082",54,2038-11-29
"P003082",28,2050-03-27
"P003082",39,2050-04-18
"P003082",16,2053-02-09
"P003082",14,2054-01-05
"P003083",52,2005-01-29
"P003083",55,2006-01-06
"P003083",19,2006-09-04
"P003083",15,2010-07-25
"P003083",7,2012-09-09
"P003083",14,2017-08-23
"P003083",50,2042-09-14
"P003083",62,2042-09-15
"P003083",17,2042-11-26
"P003083",55,2043-03-25
"P003083",11,2044-06-24
"P003084",27,1987-09-19
"P003084",43,1990-09-21
"P003084",39,2009-10-29
"P003084",14,2012-10-03
"P003084",58,2012-11-04
"P003084",4,2012-11-14
"P003084",64,2014-03-07
"P003085",23,1988-05-21
"P003085",23,1999-12-31
"P003085",2,2002-02-28
"P003086",28,2012-03-11
"P003086",8,2041-12-01
"P003086",52,2042-06-26
"P003086",61,2043-06-14
"P003087",28,1989-12-10
"P003087",12,1990-11-01
"P003087",30,1991-04-11
"P003087",5,1993-04-19
"P003087",13,2007-02-26
"P003087",1,2011-03-13
"P003088",2,2022-01-23
"P003088",7,2025-11-09
"P003088",1,2028-09-12
"P003088",54,2032-11-11
"P003088",28,2037-03-16
"P003089",12,1999-06-15
"P003089",3,2002-03-04
"P003090",47,2021-06-19
"P003090",21,2032-11-02
"P003090",4,2043-11-04
"P003090",3,2045-01-05
"P003091",4,1991-11-30
"P003092",56,1999-03-12
"P003092",25,2009-03-29
"P003092",21,2012-04-13
"P003092",28,2014-05-20
"P003092",56,2014-12-01
"P003092",1,2015-11-11
"P003093",61,2016-02-14
"P003093",58,2016-10-21
"P003093",12,2017-09-21
"P003093",15,2018-04-02
"P003093",40,2033-09-02
"P003093",3,2034-01-17
"P003094",28,2017-06-21
"P003094",1,2018-05-25
"P003094",49,2025-06-25
"P003094",11,2049-07-11
"P003094",40,2052-09-14
"P003095",3,1976-12-10
"P003096",23,2018-08-14
"P003096",29,2019-03-21
"P003096",4,2020-07-09
"P003096",14,2022-02-10
"P003096",65,2022-07-18
"P003096",1,2039-01-01
"P003096",23,2040-07-28
"P003097",12,1974-03-16
"P003097",4,1978-09-24
"P003097",1,1980-07-17
"P003097",14,1980-12-10
"P003097",14,1982-07-16
"P003097",11,1998-10-30
"P003097",41,2001-03-30
"P003097",33,2001-04-17
"P003098",3,2014-06-12
"P003098",44,2014-07-01
"P003098",40,2018-08-01
"P003098",19,2018-10-25
"P003098",5,2019-09-27
"P003098",44,2021-05-01
"P003098",2,2025-12-25
"P003098",43,2026-09-01
"P003098",11,2029-02-26
"P003098",16,2034-03-03
"P003098",17,2043-05-02
"P003098",67,2044-02-06
"P003098",3,2047-01-12
"P003098",49,2048-01-14
"P003099",62,2028-06-29
"P003099",1,2035-08-30
"P003100",36,1980-07-09
"P003100",47,1981-09-06
"P003100",41,1995-09-13
"P003101",11,2032-01-03
"P003101",37,2032-09-10
"P003101",19,2032-12-20
"P003101",4,2033-12-29
"P003101",29,2034-08-23
"P003101",6,2035-03-23
"P003101",32,2036-02-01
"P003101",44,2036-03-22
"P003101",18,2037-10-11
"P003101",11,2038-02-23
"P003101",16,2038-07-03
"P003101",15,2038-12-13
"P003101",15,2038-12-31
"P003101",54,2040-08-15
"P003101",54,2041-02-06
"P003102",24,2021-12-14
"P003102",35,2023-01-14
"P003102",25,2029-02-02
"P003102",3,2035-01-05
"P003103",18,1992-08-07
"P003103",40,1992-12-06
"P003103",12,1994-12-10
"P003103",4,2000-04-04
"P003103",5,2001-05-26
"P003103",5,2004-10-01
"P003103",43,2009-10-30
"P003104",21,2007-12-13
"P003104",27,2008-09-21
"P003104",65,2009-05-26
"P003104",4,2012-12-03
"P003104",7,2021-10-22
"P003104",28,2022-11-28
"P003104",1,2024-11-22
"P003104",48,2030-07-24
"P003104",2,2030-10-05
"P003105",14,1996-03-06
"P003105",42,1998-04-15
"P003105",54,2000-05-12
"P003105",41,2000-08-06
"P003105",55,2000-12-19
"P003105",39,2001-04-04
"P003105",7,2007-11-03
"P003105",41,2008-04-27
"P003105",30,2026-01-29
"P003105",59,2026-06-14
"P003106",1,2016-11-03
"P003106",39,2018-01-21
"P003106",2,2028-03-27
"P003106",52,2030-01-28
"P003106",28,2031-08-29
"P003106",4,2035-12-08
"P003107",28,2000-04-30
"P003107",11,2005-06-23
"P003107",58,2006-09-10
"P003107",40,2006-12-28
"P003107",16,2008-06-10
"P003107",15,2008-10-29
"P003107",19,2008-11-17
"P003107",28,2009-11-11
"P003107",30,2010-07-08
"P003107",16,2010-08-10
"P003107",14,2012-06-07
"P003107",9,2012-09-11
"P003107",19,2018-06-03
"P003107",61,2034-10-27
"P003108",23,2012-05-19
"P003108",15,2015-12-13
"P003108",4,2018-02-24
"P003108",25,2031-04-07
"P003108",28,2037-03-08
"P003108",24,2047-03-02
"P003109",65,1979-10-26
"P003109",15,1990-05-16
"P003109",41,1992-10-09
"P003109",63,1997-11-14
"P003109",44,1999-12-04
"P003109",18,2002-03-02
"P003110",16,1985-03-25
"P003110",67,1985-06-10
"P003110",48,1985-07-29
"P003110",23,1987-02-21
"P003110",36,1988-01-04
"P003110",18,1997-06-17
"P003110",40,2002-04-06
"P003110",8,2004-07-26
"P003110",43,2005-03-17
"P003110",20,2005-04-16
"P003110",47,2008-01-14
"P003110",14,2011-02-26
"P003111",6,1980-10-12
"P003111",4,1982-09-17
"P003111",60,1984-03-07
"P003111",28,2001-05-30
"P003111",3,2001-06-02
"P003111",43,2002-10-06
"P003111",26,2005-08-04
"P003111",30,2005-09-13
"P003111",52,2007-06-02
"P003111",65,2007-09-19
"P003111",3,2011-04-05
"P003111",7,2014-01-17
"P003112",18,1976-11-03
"P003112",2,1978-03-21
"P003112",9,1983-03-14
"P003112",26,1983-04-22
"P003112",15,1983-12-23
"P003112",43,2002-04-21
"P003112",8,2009-01-18
"P003113",53,1998-08-05
"P003113",52,2000-08-30
"P003113",28,2006-03-02
"P003113",65,2007-01-13
"P003113",38,2008-04-08
"P003114",15,1982-01-26
"P003114",53,1983-11-29
"P003114",55,2010-04-12
"P003115",2,2016-02-09
"P003115",27,2017-06-01
"P003116",4,1969-12-06
"P003116",8,1972-03-31
"P003117",18,2019-06-08
"P003117",6,2025-02-22
"P003117",8,2028-01-21
"P003117",28,2030-06-04
"P003117",3,2049-08-20
"P003118",18,1983-01-15
"P003118",41,1985-02-18
"P003118",1,1998-08-03
"P003118",14,2001-05-20
"P003118",11,2006-01-22
"P003119",4,1985-07-08
"P003119",2,1988-10-08
"P003119",50,1992-07-26
"P003119",62,1993-08-28
"P003119",9,1994-12-26
"P003119",62,1999-01-26
"P003119",51,1999-03-20
"P003119",32,2016-11-25
"P003119",42,2017-06-29
"P003119",5,2019-11-27
"P003119",1,2022-04-02
"P003120",55,2005-11-08
"P003120",46,2006-01-16
"P003120",59,2006-12-14
"P003120",36,2008-09-24
"P003120",43,2012-03-02
"P003120",8,2016-09-01
"P003120",54,2017-08-15
"P003120",52,2022-03-24
"P003120",53,2025-02-25
"P003120",50,2025-08-15
"P003120",28,2031-09-22
"P003120",44,2035-11-23
"P003121",23,1975-11-13
"P003121",21,2015-06-24
"P003121",12,2015-07-23
"P003122",50,1989-08-29
"P003122",29,1991-03-20
"P003122",49,1991-10-17
"P003122",61,1994-10-19
"P003122",15,1994-12-11
"P003122",43,1995-08-07
"P003122",28,2004-10-02
"P003122",10,2005-11-27
"P003122",40,2006-06-15
"P003123",49,2005-01-02
"P003123",30,2016-04-10
"P003123",52,2021-04-04
"P003123",4,2024-02-02
"P003124",28,2013-12-17
"P003124",2,2018-01-04
"P003124",39,2030-01-25
"P003124",31,2048-09-27
"P003125",15,2006-11-08
"P003125",27,2018-10-09
"P003126",2,2008-10-21
"P003126",60,2010-11-28
"P003126",38,2012-10-03
"P003126",26,2025-12-10
"P003126",49,2028-07-25
"P003126",2,2029-04-15
"P003126",3,2032-09-05
"P003126",24,2032-10-08
"P003127",39,1990-09-22
"P003127",55,2000-05-09
"P003127",50,2006-12-24
"P003128",23,1977-03-15
"P003128",4,1980-12-22
"P003128",53,1981-07-18
"P003128",51,1982-04-18
"P003128",61,2000-06-04
"P003129",38,2013-02-23
"P003129",43,2024-07-30
"P003129",2,2044-05-21
"P003129",2,2049-11-12
"P003130",60,1972-02-13
"P003130",39,1973-03-12
"P003130",1,1978-07-04
"P003130",36,1978-07-17
"P003130",30,1984-03-23
"P003130",15,1997-08-03
"P003130",20,2002-12-24
"P003130",17,2009-05-02
"P003131",4,2015-02-26
"P003131",28,2023-08-13
"P003131",19,2026-07-30
"P003131",27,2027-06-14
"P003131",24,2027-10-20
"P003131",44,2028-12-03
"P003132",43,1984-10-10
"P003132",3,1986-11-06
"P003132",6,1986-12-06
"P003132",4,1988-10-06
"P003132",18,1993-03-11
"P003132",16,2010-09-18
"P003133",23,2031-06-03
"P003133",49,2032-02-14
"P003133",16,2044-02-23
"P003133",32,2045-10-16
"P003134",2,1974-02-28
"P003134",33,1975-10-12
"P003134",60,1977-01-02
"P003134",3,1980-10-06
"P003134",30,1985-05-06
"P003134",4,1985-09-28
"P003134",24,1986-10-25
"P003134",24,1988-10-28
"P003134",14,1992-03-20
"P003134",9,1992-11-07
"P003134",52,1993-12-25
"P003134",55,1998-05-04
"P003134",28,2003-12-13
"P003135",48,2011-08-31
"P003135",67,2019-04-08
"P003135",11,2031-11-07
"P003135",4,2032-09-03
"P003135",36,2034-01-20
"P003135",22,2037-10-21
"P003135",16,2045-01-28
"P003135",23,2045-10-21
"P003135",63,2047-04-03
"P003135",49,2048-10-29
"P003136",36,1985-01-16
"P003136",48,1987-12-01
"P003136",39,1997-08-14
"P003137",49,2017-10-13
"P003137",40,2019-06-30
"P003137",4,2024-08-15
"P003137",67,2026-11-15
"P003137",62,2038-09-20
"P003137",8,2039-01-26
"P003137",52,2039-02-28
"P003137",47,2039-09-10
"P003137",52,2040-10-06
"P003137",31,2041-02-28
"P003138",18,1986-12-01
"P003138",53,1991-07-04
"P003138",27,1991-10-29
"P003139",3,2002-06-22
"P003139",23,2002-10-14
"P003139",57,2007-12-12
"P003139",28,2017-07-08
"P003139",26,2018-02-08
"P003139",30,2018-03-14
"P003140",3,1967-03-27
"P003140",35,1967-06-14
"P003140",27,1986-02-28
"P003141",25,2009-11-12
"P003141",33,2010-12-03
"P003141",53,2027-05-10
"P003141",2,2028-01-16
"P003141",50,2030-04-01
"P003141",50,2030-07-18
"P003141",61,2035-11-18
"P003142",28,2005-05-14
"P003142",14,2009-04-03
"P003142",30,2014-02-02
"P003142",52,2015-03-15
"P003142",47,2015-10-21
"P003142",56,2015-11-27
"P003142",55,2015-12-04
"P003142",47,2016-04-09
"P003142",50,2016-12-05
"P003142",59,2016-12-06
"P003142",50,2017-04-29
"P003142",31,2018-06-28
"P003142",62,2019-06-10
"P003142",46,2019-12-09
"P003142",62,2023-05-29
"P003142",23,2023-09-01
"P003143",25,1988-08-24
"P003143",48,1994-07-15
"P003143",17,1996-04-08
"P003143",25,1999-03-06
"P003143",21,2001-04-13
"P003143",55,2006-11-06
"P003144",17,1976-03-13
"P003144",65,1977-03-12
"P003144",41,1983-08-11
"P003144",48,1983-10-15
"P003144",7,1985-05-09
"P003144",52,1985-09-01
"P003144",46,2009-03-14
"P003145",12,1993-02-28
"P003145",31,1995-11-21
"P003145",30,2007-12-18
"P003145",9,2014-07-29
"P003145",34,2018-05-01
"P003146",3,2000-08-21
"P003146",41,2009-12-21
"P003146",2,2014-11-09
"P003147",6,1977-05-10
"P003147",8,1991-12-14
"P003147",1,2006-03-25
"P003147",4,2010-07-14
"P003148",60,2006-02-25
"P003148",64,2007-04-25
"P003148",24,2022-10-06
"P003148",52,2033-12-03
"P003149",26,2031-01-08
"P003149",8,2032-06-03
"P003149",24,2033-11-24
"P003149",26,2042-09-12
"P003149",25,2046-11-15
"P003149",34,2046-11-30
"P003149",6,2052-09-19
"P003150",49,1969-06-18
"P003150",18,1980-04-16
"P003150",53,2003-02-10
"P003151",30,1992-03-12
"P003151",43,2010-12-30
"P003152",52,2003-12-20
"P003152",30,2005-05-19
"P003152",3,2005-09-25
"P003153",2,2019-03-24
"P003153",30,2019-05-29
"P003154",2,1973-01-16
"P003155",37,1973-09-18
"P003155",21,1974-03-07
"P003155",47,1976-01-24
"P003155",28,1995-01-01
"P003155",62,1999-03-15
"P003155",55,2001-06-16
"P003155",52,2002-08-07
"P003155",53,2007-06-02
"P003155",18,2008-04-01
"P003155",23,2008-12-15
"P003156",1,1996-01-14
"P003156",39,2008-06-03
"P003156",28,2025-07-26
"P003156",26,2030-12-03
"P003157",27,2010-09-07
"P003158",37,2017-03-13
"P003158",11,2024-01-20
"P003158",29,2027-09-27
"P003158",1,2028-07-21
"P003158",35,2044-11-26
"P003158",14,2048-01-18
"P003159",42,2021-12-18
"P003159",48,2029-01-31
"P003159",28,2037-10-22
"P003160",55,2003-02-27
"P003160",14,2010-06-27
"P003160",25,2012-10-27
"P003160",23,2020-10-22
"P003160",9,2022-04-07
"P003160",24,2023-10-02
"P003160",2,2028-08-30
"P003160",27,2032-06-12
"P003161",39,2001-07-12
"P003161",19,2011-10-18
"P003161",32,2015-08-01
"P003162",52,2007-07-01
"P003162",28,2013-02-07
"P003162",43,2016-03-29
"P003162",41,2016-04-26
"P003162",47,2026-07-22
"P003162",55,2027-11-12
"P003163",14,1990-05-11
"P003163",2,1992-11-17
"P003163",43,1994-01-17
"P003163",26,1994-09-18
"P003163",34,1994-10-19
"P003163",61,1995-01-30
"P003163",52,1995-02-10
"P003163",52,1997-11-25
"P003163",1,1999-01-11
"P003163",2,1999-10-20
"P003163",43,2001-04-25
"P003163",7,2005-05-24
"P003163",13,2005-06-30
"P003163",26,2009-05-29
"P003163",36,2009-09-03
"P003163",24,2009-11-01
"P003163",49,2010-12-09
"P003163",25,2011-05-01
"P003163",33,2012-04-04
"P003164",20,1995-12-10
"P003164",21,2004-04-24
"P003164",6,2007-09-23
"P003164",28,2010-07-01
"P003164",1,2011-01-06
"P003164",4,2015-01-08
"P003164",30,2015-01-25
"P003164",27,2022-07-14
"P003164",65,2023-02-04
"P003164",28,2026-06-23
"P003165",21,2040-09-18
"P003165",61,2043-05-27
"P003165",58,2044-06-18
"P003165",15,2045-01-22
"P003165",55,2047-10-16
"P003166",18,2041-12-09
"P003166",61,2044-03-21
"P003166",58,2046-06-08
"P003166",22,2047-09-10
"P003166",18,2047-11-16
"P003166",4,2048-09-14
"P003167",61,1995-05-23
"P003167",56,2004-08-15
"P003167",35,2009-12-21
"P003167",61,2015-04-08
"P003167",54,2017-12-21
"P003168",6,2016-07-23
"P003168",11,2021-12-28
"P003168",17,2022-12-23
"P003168",28,2023-10-18
"P003168",6,2029-11-28
"P003168",27,2032-03-17
"P003168",2,2035-02-17
"P003169",2,1995-01-12
"P003169",2,1996-08-18
"P003169",23,2001-07-16
"P003169",23,2004-12-15
"P003169",28,2010-06-07
"P003169",17,2012-11-13
"P003169",25,2014-07-05
"P003169",16,2015-04-22
"P003169",30,2018-08-01
"P003170",15,1966-03-28
"P003170",24,1966-06-27
"P003170",15,1973-01-03
"P003170",3,1975-11-07
"P003170",8,1980-10-13
"P003170",8,1982-07-01
"P003170",4,1987-02-28
"P003170",2,1991-12-09
"P003170",50,1993-08-29
"P003170",6,2000-07-21
"P003171",6,1998-06-12
"P003171",40,1999-05-09
"P003172",4,1979-01-24
"P003172",11,1979-05-18
"P003172",43,1993-12-18
"P003172",11,1996-11-19
"P003172",47,2010-07-07
"P003173",61,2022-01-28
"P003173",32,2023-01-17
"P003173",4,2026-07-12
"P003173",28,2045-07-10
"P003174",6,1976-02-13
"P003174",24,1977-10-24
"P003174",16,1990-12-31
"P003174",28,1993-04-08
"P003174",28,2000-12-02
"P003174",28,2005-04-23
"P003174",18,2005-05-03
"P003174",41,2006-04-25
"P003174",52,2006-12-24
"P003174",7,2007-04-23
"P003174",2,2008-04-15
"P003174",7,2008-11-22
"P003174",39,2008-12-01
"P003175",48,1967-01-23
"P003175",2,1969-06-06
"P003175",3,1972-09-25
"P003175",23,1978-05-30
"P003175",9,1978-06-12
"P003176",28,1968-10-09
"P003176",43,1980-09-16
"P003176",18,1982-01-03
"P003176",28,1998-12-10
"P003176",16,1999-12-14
"P003176",40,2001-08-02
"P003176",3,2002-09-04
"P003176",35,2003-01-10
"P003176",30,2005-06-21
"P003177",40,1977-08-02
"P003177",61,1982-07-13
"P003177",47,1995-12-03
"P003178",32,2016-12-17
"P003178",58,2032-12-11
"P003179",62,2013-08-03
"P003179",54,2019-05-24
"P003180",2,2013-03-29
"P003180",28,2019-05-21
"P003180",5,2032-07-28
"P003180",27,2046-10-10
"P003180",65,2046-11-05
"P003181",29,1990-06-11
"P003181",9,1992-07-03
"P003181",28,1994-12-29
"P003181",4,2004-09-13
"P003181",28,2008-06-20
"P003181",50,2010-04-09
"P003181",28,2012-02-03
"P003181",2,2013-05-12
"P003181",7,2015-10-18
"P003181",8,2018-02-28
"P003182",3,2017-10-01
"P003182",53,2023-11-17
"P003182",51,2024-04-25
"P003182",14,2024-07-21
"P003182",40,2031-01-04
"P003182",1,2034-07-01
"P003182",26,2035-09-29
"P003182",55,2041-09-19
"P003182",13,2042-08-20
"P003182",50,2049-10-16
"P003182",25,2052-05-27
"P003182",52,2052-12-06
"P003183",2,1984-03-26
"P003183",25,1985-11-02
"P003183",21,1990-04-09
"P003183",3,2011-11-22
"P003183",39,2012-11-13
"P003183",30,2013-05-11
"P003183",1,2019-03-24
"P003184",25,1994-07-04
"P003184",32,2000-11-02
"P003184",28,2003-06-23
"P003184",28,2003-07-02
"P003184",1,2004-10-10
"P003184",16,2004-11-23
"P003184",26,2007-11-06
"P003184",3,2015-05-31
"P003184",28,2016-07-18
"P003184",41,2017-05-22
"P003184",54,2017-06-22
"P003184",52,2020-12-30
"P003184",52,2027-11-23
"P003185",1,2013-02-03
"P003185",2,2013-08-03
"P003185",16,2019-07-28
"P003185",18,2033-09-15
"P003185",12,2035-01-02
"P003185",4,2038-09-13
"P003185",66,2042-04-28
"P003185",61,2043-01-07
"P003186",48,1976-01-09
"P003186",11,1985-07-01
"P003186",1,1997-09-05
"P003187",40,2037-10-05
"P003188",27,2003-01-23
"P003188",62,2003-06-09
"P003188",63,2003-09-08
"P003188",2,2005-07-14
"P003188",4,2024-10-11
"P003188",66,2024-12-26
"P003188",33,2026-06-02
"P003188",62,2029-05-08
"P003188",41,2030-05-03
"P003188",23,2032-06-05
"P003189",6,1993-10-02
"P003189",4,1996-01-15
"P003189",12,1999-12-22
"P003190",1,1985-12-24
"P003191",1,1977-11-15
"P003191",63,1983-01-14
"P003191",33,1984-07-31
"P003191",42,1990-06-26
"P003191",28,2001-10-26
"P003191",14,2010-09-11
"P003192",49,1994-10-30
"P003192",12,2001-04-14
"P003193",25,2024-08-30
"P003193",62,2025-01-13
"P003193",62,2025-01-19
"P003193",6,2025-09-26
"P003193",24,2038-09-15
"P003193",21,2040-01-05
"P003193",8,2040-04-05
"P003193",15,2049-12-11
"P003194",62,1983-12-18
"P003194",43,1995-02-08
"P003194",5,2006-06-29
"P003194",11,2008-09-21
"P003194",61,2008-10-16
"P003194",4,2008-11-01
"P003194",8,2009-03-01
"P003195",47,2001-02-01
"P003195",38,2003-09-13
"P003196",2,2016-02-01
"P003196",47,2025-12-23
"P003196",62,2026-03-10
"P003196",52,2033-11-13
"P003196",26,2038-12-27
"P003197",20,2004-06-16
"P003197",52,2004-10-06
"P003197",50,2011-01-05
"P003197",35,2020-07-30
"P003197",27,2033-09-18
"P003197",27,2034-08-06
"P003197",28,2034-08-20
"P003197",1,2041-09-22
"P003198",14,1972-11-21
"P003198",27,1983-08-27
"P003198",62,1983-10-19
"P003198",1,1995-06-17
"P003198",19,2005-05-01
"P003199",2,2011-06-20
"P003199",1,2011-11-24
"P003199",44,2012-01-30
"P003199",12,2013-01-24
"P003199",43,2013-05-20
"P003199",12,2013-11-02
"P003199",6,2016-12-22
"P003199",60,2019-04-20
"P003199",38,2020-09-13
"P003199",4,2021-07-12
"P003199",3,2042-01-21
"P003200",40,2015-03-30
"P003200",10,2016-07-06
"P003200",22,2016-12-07
"P003200",66,2019-03-25
"P003200",1,2030-03-30
"P003201",27,2016-04-11
"P003201",16,2021-03-07
"P003201",33,2021-12-02
"P003201",53,2028-07-01
"P003201",8,2031-10-26
"P003201",28,2036-07-13
"P003201",56,2036-11-25
"P003201",28,2037-10-09
"P003201",40,2038-01-03
"P003201",30,2038-02-18
"P003201",30,2038-06-19
"P003201",3,2044-09-13
"P003201",8,2047-11-25
"P003201",28,2048-10-29
"P003201",52,2049-08-13
"P003201",27,2049-09-12
"P003202",53,2014-01-05
"P003202",53,2017-11-18
"P003202",49,2020-12-14
"P003202",19,2044-03-24
"P003202",6,2045-10-08
"P003203",3,1976-03-01
"P003203",15,1983-06-01
"P003203",3,1986-05-26
"P003204",19,2036-01-01
"P003205",27,1979-06-07
"P003205",55,1982-02-18
"P003205",42,1982-02-20
"P003205",3,1984-07-13
"P003205",27,1985-09-05
"P003205",41,1988-05-28
"P003205",3,2003-06-17
"P003205",3,2006-12-28
"P003206",43,1988-03-17
"P003206",4,2005-04-29
"P003206",16,2011-01-30
"P003207",23,1976-11-09
"P003207",52,1979-10-18
"P003207",11,1983-03-28
"P003207",11,1995-04-04
"P003207",12,2010-07-24
"P003208",26,1987-12-04
"P003208",30,1989-02-20
"P003208",2,2013-11-30
"P003208",2,2014-06-05
"P003208",50,2014-11-11
"P003208",66,2016-10-06
"P003208",42,2016-10-29
"P003208",6,2017-12-04
"P003208",61,2024-12-03
"P003209",4,1977-11-02
"P003209",2,1977-12-22
"P003209",34,1979-05-03
"P003209",63,1979-05-28
"P003209",16,1984-04-06
"P003209",53,1986-12-11
"P003209",57,1990-09-24
"P003209",1,1991-10-19
"P003209",39,1992-03-24
"P003209",1,1994-04-17
"P003209",39,1997-10-19
"P003209",47,1999-12-09
"P003209",52,2006-09-28
"P003210",11,1980-08-28
"P003210",52,1989-12-18
"P003210",55,1990-03-20
"P003210",18,1990-07-20
"P003210",12,1991-04-01
"P003211",12,2023-02-12
"P003211",26,2034-08-14
"P003211",33,2036-09-05
"P003211",3,2037-04-23
"P003211",59,2039-01-19
"P003211",47,2039-12-13
"P003211",66,2040-02-13
"P003211",59,2040-04-23
"P003212",53,2024-05-17
"P003212",11,2025-01-13
"P003212",18,2033-02-12
"P003212",41,2034-10-05
"P003212",28,2041-11-07
"P003212",14,2042-04-02
"P003212",4,2043-12-13
"P003212",12,2045-05-24
"P003213",8,1998-03-26
"P003213",5,2009-10-17
"P003213",28,2012-03-19
"P003213",2,2012-11-20
"P003213",14,2013-01-30
"P003213",32,2013-11-10
"P003213",6,2022-05-09
"P003213",3,2033-02-16
"P003214",47,1984-06-27
"P003214",14,1986-03-26
"P003214",11,1992-09-27
"P003214",40,1993-11-16
"P003214",9,1993-12-05
"P003214",26,1994-01-29
"P003214",54,1996-02-19
"P003214",50,1996-04-06
"P003214",54,1996-11-13
"P003214",66,1997-11-18
"P003214",28,2001-06-25
"P003214",5,2014-11-11
"P003214",23,2017-04-11
"P003214",11,2018-04-02
"P003215",11,1973-07-12
"P003215",40,1976-01-26
"P003216",53,1964-06-01
"P003216",53,1973-04-28
"P003216",65,1973-09-19
"P003216",52,1998-05-02
"P003216",23,2001-11-20
"P003217",28,2024-03-17
"P003217",55,2028-09-14
"P003217",3,2035-11-20
"P003217",23,2038-11-05
"P003217",13,2045-07-11
"P003218",36,2014-12-04
"P003218",57,2015-12-02
"P003218",25,2021-09-18
"P003218",18,2024-04-01
"P003218",12,2029-06-17
"P003219",6,1983-01-06
"P003219",6,1987-04-20
"P003219",6,1999-05-16
"P003219",33,2002-05-23
"P003219",4,2002-07-13
"P003220",13,2001-09-27
"P003220",20,2008-12-05
"P003220",47,2012-11-24
"P003220",14,2014-01-24
"P003220",9,2014-02-17
"P003220",36,2016-07-02
"P003220",3,2020-08-05
"P003220",27,2024-12-15
"P003221",24,2026-11-11
"P003221",3,2041-07-04
"P003222",41,1982-07-04
"P003222",43,1986-09-04
"P003222",54,1987-09-02
"P003222",41,1987-12-26
"P003222",12,1988-04-02
"P003222",64,1988-11-21
"P003222",41,1989-12-02
"P003222",30,1992-12-10
"P003222",66,1994-04-27
"P003222",39,1996-05-23
"P003222",28,2002-08-17
"P003222",30,2004-01-03
"P003222",13,2006-05-28
"P003222",19,2009-06-28
"P003223",55,1991-08-16
"P003223",41,1991-10-09
"P003223",15,1995-07-23
"P003223",54,1995-08-20
"P003223",62,1999-07-30
"P003223",52,2007-04-16
"P003223",47,2025-06-27
"P003225",19,2001-02-12
"P003225",15,2001-08-06
"P003225",28,2010-07-05
"P003225",27,2011-04-27
"P003225",65,2017-06-29
"P003225",14,2019-05-22
"P003225",54,2020-05-26
"P003225",41,2022-02-10
"P003225",30,2023-03-30
"P003225",34,2027-06-11
"P003225",40,2027-08-13
"P003225",60,2028-04-07
"P003225",1,2028-08-31
"P003225",44,2032-05-31
"P003225",61,2034-06-11
"P003225",34,2034-08-06
"P003225",32,2034-09-20
"P003225",12,2034-10-19
"P003225",48,2035-02-01
"P003225",30,2036-07-07
"P003225",62,2037-07-17
"P003225",62,2038-01-12
"P003225",32,2038-09-24
"P003225",46,2039-04-16
"P003225",57,2039-08-11
"P003226",14,2012-12-11
"P003226",50,2028-03-23
"P003227",36,1989-11-29
"P003227",3,1990-04-30
"P003227",3,1991-06-10
"P003227",7,1998-09-29
"P003227",26,2000-04-25
"P003227",47,2010-08-11
"P003227",12,2012-07-04
"P003228",11,1974-12-24
"P003228",30,1976-05-23
"P003228",11,1977-09-25
"P003228",15,1978-04-18
"P003228",7,1992-12-01
"P003228",63,1994-11-06
"P003228",64,1995-12-17
"P003229",4,1996-03-17
"P003230",21,1980-05-14
"P003230",41,1990-05-17
"P003231",4,2026-03-01
"P003231",14,2027-07-30
"P003232",26,2022-01-05
"P003232",23,2041-12-03
"P003232",60,2043-03-30
"P003232",22,2044-09-30
"P003233",7,2001-03-27
"P003233",28,2002-05-06
"P003233",64,2002-08-20
"P003233",52,2006-06-19
"P003233",25,2007-12-17
"P003233",25,2017-01-08
"P003233",27,2017-07-13
"P003233",52,2030-12-20
"P003234",40,2017-06-15
"P003234",2,2037-08-24
"P003234",49,2038-08-23
"P003234",2,2039-03-01
"P003234",30,2039-07-06
"P003234",34,2040-01-07
"P003235",11,1979-12-12
"P003235",50,1988-10-30
"P003236",61,2001-08-14
"P003236",52,2003-05-02
"P003236",22,2005-12-04
"P003236",55,2008-05-31
"P003236",28,2008-11-21
"P003236",46,2010-09-13
"P003236",2,2010-12-31
"P003236",53,2013-05-28
"P003236",49,2018-12-27
"P003236",24,2027-11-04
"P003236",35,2028-11-30
"P003236",31,2029-06-05
"P003237",15,1969-06-27
"P003237",50,1975-08-12
"P003237",26,1978-02-23
"P003237",18,1980-07-10
"P003237",53,2003-09-09
"P003237",28,2007-07-27
"P003237",14,2007-11-28
"P003237",13,2007-11-30
"P003238",26,2030-12-25
"P003238",10,2031-03-26
"P003239",38,2016-12-09
"P003239",11,2026-08-24
"P003239",15,2026-08-29
"P003239",1,2028-08-07
"P003239",55,2029-04-28
"P003239",42,2032-06-12
"P003239",2,2033-03-01
"P003240",43,1968-10-15
"P003240",12,1979-09-14
"P003240",23,1993-05-21
"P003240",53,1994-03-29
"P003240",30,1995-03-27
"P003240",62,2003-05-13
"P003241",53,1984-03-21
"P003241",27,1998-01-08
"P003241",28,2005-12-14
"P003242",62,2009-09-11
"P003242",6,2021-02-07
"P003242",55,2023-09-01
"P003242",28,2037-07-18
"P003242",12,2037-10-08
"P003242",8,2038-06-06
"P003242",1,2039-03-20
"P003242",20,2042-06-26
"P003242",40,2043-07-12
"P003243",11,1997-12-31
"P003244",24,2022-09-06
"P003244",40,2030-07-02
"P003244",6,2035-05-26
"P003244",44,2036-12-10
"P003244",6,2040-03-02
"P003245",54,1987-11-17
"P003245",36,1996-11-23
"P003245",67,1997-11-24
"P003245",13,2000-02-20
"P003245",49,2001-05-11
"P003245",13,2001-06-30
"P003245",13,2002-07-13
"P003246",26,1995-01-05
"P003246",27,2001-01-13
"P003247",27,1971-10-15
"P003247",44,1997-12-19
"P003248",28,1993-08-15
"P003248",24,1999-09-28
"P003248",55,1999-12-24
"P003248",17,2001-04-10
"P003248",16,2003-06-20
"P003248",12,2004-06-18
"P003248",4,2004-09-23
"P003248",54,2005-01-20
"P003248",8,2005-06-21
"P003248",42,2007-02-25
"P003248",42,2009-04-30
"P003248",6,2022-12-15
"P003248",33,2024-01-15
"P003248",21,2027-12-29
"P003249",67,2035-04-21
"P003250",2,1986-03-07
"P003250",2,1991-03-18
"P003250",28,1996-08-23
"P003250",14,1998-03-05
"P003250",66,2008-01-11
"P003250",27,2008-06-08
"P003250",54,2009-06-06
"P003251",1,2011-01-08
"P003251",62,2026-05-25
"P003251",55,2042-09-26
"P003251",43,2048-10-09
"P003252",19,1976-11-20
"P003252",58,1978-10-12
"P003252",19,1981-09-10
"P003252",44,1982-05-25
"P003252",27,1992-05-17
"P003253",2,1999-05-17
"P003253",6,2000-05-06
"P003253",60,2000-10-17
"P003253",43,2002-07-08
"P003253",2,2005-08-17
"P003253",27,2010-06-16
"P003253",4,2011-09-12
"P003253",28,2023-06-12
"P003254",14,1987-11-14
"P003254",3,1996-02-26
"P003254",23,1999-04-15
"P003254",55,2005-02-10
"P003254",49,2006-07-28
"P003254",28,2008-11-03
"P003254",11,2011-12-18
"P003254",55,2012-09-20
"P003254",2,2019-11-24
"P003255",15,2019-10-27
"P003255",31,2020-11-21
"P003256",40,2015-07-28
"P003256",1,2019-11-01
"P003256",43,2023-03-30
"P003256",6,2024-07-29
"P003256",55,2025-04-04
"P003256",41,2026-11-14
"P003256",13,2038-01-03
"P003256",22,2038-04-12
"P003257",36,2023-05-08
"P003257",18,2031-07-22
"P003257",10,2033-11-26
"P003257",1,2047-03-02
"P003258",11,1992-05-15
"P003258",55,1994-12-16
"P003258",36,2000-05-13
"P003258",56,2027-06-24
"P003258",49,2030-05-06
"P003258",57,2030-11-27
"P003259",49,2000-04-28
"P003259",40,2002-03-23
"P003260",1,1989-11-14
"P003260",50,1996-02-23
"P003260",25,2000-03-14
"P003260",21,2022-07-17
"P003261",13,2002-06-07
"P003261",55,2003-02-13
"P003261",42,2005-09-06
"P003261",11,2006-11-15
"P003261",30,2007-07-06
"P003261",15,2007-08-18
"P003261",23,2010-10-22
"P003262",24,1984-08-21
"P003263",18,2004-04-07
"P003263",15,2004-08-03
"P003263",52,2004-12-09
"P003263",13,2005-03-08
"P003263",18,2005-05-05
"P003263",14,2005-09-14
"P003263",27,2010-06-25
"P003263",53,2020-04-12
"P003264",28,1994-10-30
"P003264",11,2001-07-17
"P003264",21,2009-09-16
"P003265",30,1978-10-31
"P003265",58,1981-11-26
"P003265",38,1983-02-10
"P003265",11,1984-04-23
"P003265",55,1986-03-18
"P003265",11,1987-02-03
"P003265",28,2006-07-21
"P003265",30,2006-12-27
"P003265",10,2009-01-09
"P003265",65,2009-06-22
"P003265",22,2010-03-16
"P003265",56,2010-06-11
"P003265",62,2011-09-04
"P003265",6,2011-09-16
"P003266",13,2012-04-01
"P003266",30,2017-11-16
"P003266",1,2018-09-30
"P003266",16,2030-11-08
"P003267",11,1975-08-03
"P003267",26,1975-12-14
"P003267",2,1981-07-26
"P003267",28,1993-01-25
"P003267",62,1994-04-19
"P003268",3,2009-04-15
"P003268",12,2021-10-22
"P003269",6,1975-11-30
"P003269",15,1980-09-22
"P003269",22,1992-05-10
"P003269",14,1992-10-10
"P003269",54,2003-01-03
"P003269",39,2003-03-29
"P003269",8,2006-07-09
"P003269",31,2006-11-21
"P003269",6,2010-06-30
"P003270",14,2006-07-10
"P003270",18,2015-10-07
"P003270",1,2019-07-25
"P003270",23,2025-09-01
"P003271",53,2017-03-19
"P003271",11,2018-03-27
"P003271",27,2018-04-05
"P003271",3,2019-07-12
"P003271",49,2020-11-20
"P003271",11,2022-03-05
"P003271",17,2034-01-28
"P003271",27,2034-03-27
"P003272",28,1989-09-13
"P003272",3,1993-12-18
"P003272",58,1995-06-05
"P003272",64,1996-05-23
"P003272",16,1997-02-16
"P003273",2,2014-12-06
"P003273",33,2016-10-13
"P003273",2,2022-04-15
"P003273",2,2022-12-20
"P003273",50,2023-04-27
"P003273",12,2028-03-09
"P003273",57,2029-04-10
"P003273",16,2034-12-19
"P003274",23,1978-03-18
"P003274",4,1980-01-12
"P003274",67,1980-04-19
"P003274",2,1982-05-14
"P003275",52,1963-03-19
"P003275",35,1972-02-10
"P003275",51,1973-06-14
"P003275",41,1975-05-24
"P003275",6,1976-01-01
"P003275",15,1976-04-05
"P003275",28,1982-11-04
"P003275",1,1984-05-10
"P003275",28,1995-05-28
"P003276",6,1995-04-07
"P003277",27,1975-04-08
"P003277",11,1984-03-29
"P003277",4,1985-03-19
"P003277",3,1986-07-25
"P003277",3,1990-10-30
"P003277",1,1990-11-02
"P003277",8,2001-07-18
"P003277",52,2003-03-04
"P003277",52,2012-02-24
"P003278",52,1986-06-09
"P003278",26,1989-04-01
"P003278",16,1989-11-27
"P003278",56,1991-01-21
"P003278",56,1996-04-19
"P003278",27,2007-11-27
"P003278",27,2008-07-08
"P003278",27,2008-11-09
"P003279",6,1992-05-09
"P003279",55,1992-07-14
"P003279",24,1999-11-09
"P003279",19,2013-03-18
"P003280",2,1975-09-17
"P003280",43,1976-03-12
"P003280",50,1977-03-12
"P003280",36,1979-12-17
"P003280",24,1980-02-12
"P003280",26,1984-08-08
"P003280",7,1990-09-23
"P003280",54,1991-06-25
"P003280",27,1994-01-26
"P003280",6,1995-06-08
"P003280",34,1996-12-31
"P003280",4,1997-10-10
"P003281",21,2031-10-22
"P003281",61,2037-08-14
"P003281",4,2047-03-19
"P003281",1,2050-10-17
"P003281",4,2051-04-29
"P003282",18,2006-09-11
"P003282",1,2008-06-08
"P003282",63,2008-10-23
"P003282",63,2009-11-04
"P003282",63,2011-02-28
"P003282",28,2011-09-24
"P003282",57,2012-04-08
"P003282",11,2013-04-23
"P003282",6,2014-01-28
"P003282",19,2014-02-14
"P003282",40,2014-05-23
"P003282",62,2014-08-22
"P003282",30,2015-04-30
"P003282",11,2017-03-22
"P003282",52,2021-04-29
"P003282",55,2022-05-14
"P003282",30,2024-04-09
"P003282",34,2024-11-18
"P003282",23,2029-08-23
"P003282",25,2030-01-24
"P003283",52,1975-04-24
"P003283",8,1981-11-25
"P003283",7,1984-10-08
"P003283",42,1988-05-25
"P003283",3,1996-08-08
"P003283",16,2005-03-03
"P003284",47,2014-06-21
"P003284",6,2025-03-01
"P003284",65,2025-11-24
"P003284",32,2028-02-14
"P003284",60,2032-09-22
"P003284",39,2033-09-02
"P003284",15,2033-10-06
"P003284",34,2034-06-22
"P003284",62,2041-08-08
"P003284",52,2044-12-12
"P003284",18,2046-02-20
"P003285",25,1991-08-20
"P003285",54,1999-11-17
"P003285",1,2000-06-30
"P003285",6,2003-01-23
"P003285",17,2020-06-13
"P003285",64,2021-06-13
"P003285",24,2022-06-11
"P003285",35,2022-11-01
"P003285",64,2023-10-09
"P003285",25,2023-11-07
"P003285",40,2024-04-02
"P003285",25,2024-08-19
"P003286",43,2017-09-30
"P003286",27,2028-10-17
"P003286",26,2028-11-25
"P003286",61,2029-11-11
"P003286",2,2032-02-15
"P003286",34,2032-05-05
"P003286",7,2035-03-22
"P003286",57,2035-04-02
"P003286",7,2037-09-07
"P003287",10,2023-07-05
"P003287",12,2025-07-03
"P003287",24,2030-01-05
"P003288",39,2025-01-19
"P003288",44,2035-05-11
"P003288",8,2040-06-15
"P003288",4,2044-01-10
"P003289",22,2014-01-26
"P003289",16,2019-07-11
"P003289",14,2021-07-15
"P003290",3,2022-04-07
"P003290",14,2040-08-25
"P003290",5,2049-04-04
"P003291",23,2009-01-30
"P003293",42,1982-06-27
"P003293",38,1987-02-06
"P003293",62,1991-10-18
"P003293",28,2000-01-28
"P003294",16,1970-01-03
"P003294",40,1970-05-28
"P003294",9,1970-12-01
"P003294",63,1972-10-18
"P003294",42,1972-11-22
"P003294",24,1973-08-09
"P003294",19,1975-03-22
"P003294",18,1983-05-12
"P003294",61,1985-06-11
"P003294",33,1991-05-21
"P003294",53,1992-05-03
"P003294",45,1992-08-22
"P003294",30,2002-03-22
"P003295",32,1985-09-28
"P003295",62,1985-12-05
"P003295",46,1986-07-21
"P003295",26,1991-05-06
"P003295",22,1993-08-07
"P003295",61,1997-04-09
"P003295",43,2007-01-01
"P003295",13,2007-09-24
"P003295",22,2008-02-11
"P003295",66,2013-07-10
"P003296",26,2015-01-11
"P003296",4,2025-05-19
"P003296",27,2025-12-28
"P003296",32,2026-01-06
"P003296",29,2026-04-24
"P003296",3,2027-09-21
"P003296",12,2031-02-12
"P003297",26,1993-05-17
"P003297",5,1994-07-05
"P003297",38,1995-08-22
"P003297",3,2015-07-16
"P003297",39,2016-01-20
"P003297",58,2017-03-18
"P003297",18,2022-12-01
"P003298",16,1998-02-19
"P003298",4,2003-07-30
"P003298",59,2004-01-22
"P003298",53,2004-08-03
"P003298",45,2010-12-27
"P003298",42,2013-12-12
"P003298",49,2014-08-16
"P003298",26,2018-06-08
"P003298",4,2030-10-06
"P003298",28,2031-03-17
"P003298",1,2031-05-11
"P003299",21,2021-02-18
"P003299",9,2022-11-03
"P003299",28,2052-04-03
"P003300",18,2014-02-25
"P003300",18,2017-05-12
"P003300",1,2017-09-02
"P003300",2,2045-02-04
"P003301",61,2031-07-21
"P003301",25,2033-02-16
"P003301",63,2043-04-12
"P003301",14,2045-10-19
"P003302",8,1995-06-26
"P003302",52,1997-12-30
"P003302",23,2026-03-23
"P003302",15,2029-02-09
"P003303",28,1966-03-28
"P003303",26,1973-02-11
"P003303",47,1980-08-19
"P003303",8,1990-09-09
"P003303",14,1991-02-07
"P003304",8,1989-03-30
"P003304",14,1997-12-12
"P003304",21,2002-08-14
"P003304",19,2007-01-02
"P003304",44,2007-08-31
"P003304",43,2016-06-24
"P003304",26,2020-12-07
"P003304",48,2021-08-10
"P003304",13,2023-08-10
"P003304",22,2023-12-11
"P003305",40,1993-05-28
"P003305",63,1995-10-22
"P003306",28,2027-08-16
"P003306",34,2038-02-22
"P003306",1,2038-05-05
"P003306",14,2040-10-20
"P003307",4,1994-06-02
"P003307",23,1999-07-04
"P003307",62,2026-11-30
"P003307",23,2027-09-29
"P003308",21,1991-06-05
"P003308",27,1996-11-13
"P003308",16,2006-01-15
"P003309",21,1983-04-11
"P003309",50,1984-02-03
"P003309",18,1985-11-29
"P003309",36,1989-11-04
"P003309",46,2012-09-30
"P003309",21,2013-01-25
"P003310",25,1990-09-12
"P003311",29,1991-05-08
"P003311",66,1991-10-23
"P003311",53,1993-03-27
"P003311",53,1994-02-22
"P003311",28,1998-09-23
"P003311",17,1999-06-17
"P003311",16,1999-08-19
"P003311",9,2001-05-17
"P003311",21,2012-01-08
"P003311",8,2015-05-22
"P003311",53,2019-12-13
"P003311",11,2022-08-12
"P003311",62,2024-07-22
"P003311",43,2024-10-27
"P003311",19,2025-04-26
"P003312",42,1989-03-31
"P003312",6,2003-03-29
"P003313",25,2016-07-04
"P003313",5,2026-02-11
"P003313",44,2026-10-27
"P003313",35,2033-04-03
"P003313",61,2034-08-01
"P003313",6,2036-01-24
"P003313",14,2038-01-27
"P003313",12,2043-09-04
"P003313",5,2043-09-05
"P003314",22,2006-10-29
"P003314",50,2007-10-14
"P003314",14,2019-04-25
"P003314",15,2020-11-28
"P003314",26,2021-11-05
"P003314",13,2022-03-23
"P003315",21,1979-02-27
"P003315",4,1986-11-25
"P003315",58,1989-01-24
"P003315",10,1990-03-29
"P003315",60,1990-11-22
"P003315",11,1993-02-06
"P003316",23,1973-04-10
"P003316",29,1989-04-15
"P003316",23,1995-07-30
"P003316",18,1998-01-11
"P003316",66,1998-10-23
"P003316",2,1998-10-28
"P003316",15,1999-07-09
"P003316",7,1999-12-07
"P003316",31,2000-01-26
"P003316",60,2000-08-13
"P003316",46,2001-02-15
"P003316",13,2001-03-06
"P003316",60,2001-06-13
"P003316",59,2001-08-21
"P003316",18,2002-09-09
"P003316",53,2004-01-07
"P003316",7,2004-02-01
"P003317",3,2004-02-09
"P003317",12,2012-09-28
"P003317",4,2013-01-01
"P003317",30,2013-07-07
"P003317",24,2014-02-27
"P003317",44,2015-09-21
"P003317",41,2016-03-05
"P003317",44,2016-04-05
"P003317",4,2025-07-04
"P003317",3,2035-02-15
"P003318",14,2000-11-24
"P003319",49,1980-06-01
"P003319",54,1981-10-14
"P003319",18,1989-01-05
"P003319",8,1991-06-30
"P003319",52,1991-07-06
"P003319",16,1992-02-20
"P003319",47,1993-07-12
"P003319",61,2000-10-06
"P003319",55,2006-03-04
"P003319",46,2007-10-01
"P003319",55,2008-07-01
"P003320",4,2004-11-09
"P003320",25,2014-07-04
"P003320",49,2016-12-04
"P003320",54,2019-01-08
"P003320",61,2019-02-06
"P003320",21,2029-11-26
"P003320",23,2030-10-16
"P003320",4,2042-02-28
"P003321",7,2014-05-20
"P003321",23,2027-03-30
"P003321",25,2027-09-22
"P003321",54,2029-02-16
"P003321",44,2037-02-22
"P003321",61,2038-03-16
"P003321",28,2039-06-22
"P003321",62,2039-09-02
"P003321",22,2040-09-29
"P003321",61,2041-01-29
"P003321",22,2042-10-11
"P003321",22,2042-10-14
"P003321",57,2043-04-29
"P003321",40,2045-05-20
"P003323",21,2025-09-10
"P003323",3,2037-11-25
"P003324",11,2037-04-26
"P003325",23,2026-12-06
"P003325",1,2027-02-22
"P003325",22,2047-12-19
"P003325",26,2049-11-14
"P003326",63,1986-02-17
"P003327",28,2008-11-05
"P003327",3,2023-05-04
"P003328",1,2008-03-13
"P003329",11,1989-07-20
"P003329",3,1989-10-11
"P003329",55,1990-01-17
"P003329",23,1993-04-23
"P003329",13,2004-03-04
"P003329",3,2005-09-11
"P003329",39,2007-12-10
"P003329",4,2011-01-05
"P003329",42,2011-04-19
"P003329",46,2011-07-18
"P003329",21,2012-11-13
"P003329",15,2019-07-27
"P003329",61,2026-04-16
"P003329",6,2028-05-17
"P003330",50,1990-05-07
"P003330",61,1990-06-13
"P003330",54,1991-06-16
"P003330",41,1997-09-05
"P003330",55,1999-10-19
"P003330",62,2006-07-07
"P003330",51,2008-06-21
"P003330",30,2015-07-11
"P003331",22,2005-10-31
"P003331",50,2006-03-06
"P003331",45,2006-10-28
"P003331",26,2007-01-20
"P003331",27,2015-05-21
"P003331",28,2019-07-30
"P003331",54,2029-10-20
"P003331",18,2031-02-13
"P003331",28,2035-02-06
"P003332",6,1996-07-16
"P003332",55,1998-08-09
"P003332",55,1998-08-09
"P003332",42,2001-08-11
"P003332",62,2002-06-26
"P003332",55,2002-11-13
"P003332",62,2010-10-09
"P003332",23,2016-05-17
"P003333",52,1974-12-21
"P003333",55,1986-10-31
"P003333",2,1986-12-25
"P003333",7,1987-07-26
"P003333",64,1987-09-27
"P003333",18,1994-09-11
"P003333",4,1997-04-12
"P003333",11,2000-03-20
"P003333",55,2001-08-19
"P003333",55,2002-05-30
"P003333",3,2002-08-30
"P003333",3,2003-05-12
"P003333",62,2004-02-04
"P003333",2,2004-07-23
"P003333",50,2005-08-20
"P003334",28,1980-07-10
"P003334",16,2002-06-26
"P003336",67,1963-09-07
"P003336",21,1965-04-05
"P003336",54,1974-07-22
"P003336",41,1974-12-19
"P003336",31,1975-10-22
"P003336",26,1992-03-06
"P003336",49,1993-04-18
"P003336",39,1998-11-03
"P003336",49,1999-11-11
"P003336",11,2000-05-29
"P003336",28,2000-10-30
"P003337",52,1997-05-12
"P003337",3,2008-02-06
"P003337",18,2008-04-23
"P003337",27,2010-11-06
"P003337",28,2011-10-14
"P003337",59,2012-05-14
"P003337",43,2013-06-25
"P003337",18,2021-07-02
"P003337",4,2022-09-07
"P003337",14,2030-01-20
"P003337",53,2030-09-24
"P003338",54,1993-07-16
"P003338",15,1996-03-08
"P003338",57,2003-05-16
"P003338",31,2003-11-29
"P003338",38,2006-04-06
"P003338",13,2010-02-25
"P003338",4,2016-10-10
"P003338",58,2018-03-05
"P003338",55,2023-07-25
"P003338",43,2023-08-27
"P003338",52,2029-07-05
"P003338",65,2030-03-02
"P003339",28,2004-11-06
"P003339",21,2028-08-16
"P003339",6,2033-08-13
"P003339",28,2038-09-07
"P003340",7,1980-12-04
"P003340",27,1991-05-13
"P003340",43,2009-06-11
"P003341",4,2000-05-11
"P003341",27,2002-01-07
"P003341",55,2016-04-18
"P003341",3,2018-11-24
"P003341",27,2020-10-28
"P003342",14,2027-07-17
"P003342",49,2038-07-16
"P003343",40,2018-01-22
"P003343",23,2018-10-21
"P003343",6,2020-10-13
"P003343",23,2021-01-01
"P003343",9,2030-11-28
"P003343",8,2030-12-05
"P003343",26,2032-09-20
"P003343",8,2035-01-21
"P003343",36,2037-09-20
"P003343",7,2039-07-22
"P003343",57,2041-08-07
"P003343",1,2042-06-29
"P003344",30,1986-01-11
"P003344",22,1999-02-06
"P003344",28,1999-12-01
"P003344",6,2014-07-23
"P003344",27,2015-03-06
"P003345",21,2018-07-20
"P003345",21,2019-02-20
"P003345",12,2019-09-21
"P003345",21,2020-07-02
"P003345",14,2021-11-06
"P003345",11,2029-10-03
"P003345",27,2047-03-25
"P003346",36,1980-02-18
"P003346",24,1991-08-28
"P003347",25,2002-09-05
"P003347",49,2002-11-24
"P003347",30,2010-07-30
"P003347",23,2011-03-02
"P003347",9,2011-05-01
"P003347",25,2011-11-24
"P003347",62,2012-07-01
"P003347",46,2013-06-09
"P003347",3,2014-09-03
"P003348",8,1965-06-03
"P003348",54,1968-03-28
"P003348",39,1969-08-07
"P003348",23,1974-06-07
"P003349",28,1982-04-22
"P003349",61,2013-08-27
"P003349",23,2015-11-30
"P003349",2,2016-12-18
"P003350",49,1975-01-27
"P003350",4,1976-06-30
"P003350",32,1976-08-11
"P003350",6,1978-11-15
"P003350",44,1981-03-11
"P003350",14,1987-05-12
"P003350",41,1988-07-20
"P003350",2,1989-01-11
"P003350",2,1990-04-29
"P003350",15,1990-11-14
"P003350",60,1991-01-07
"P003350",26,1995-10-18
"P003350",56,1998-10-02
"P003350",11,1999-02-04
"P003351",42,2033-02-04
"P003351",16,2041-05-24
"P003351",28,2042-11-13
"P003352",55,2016-02-08
"P003352",46,2016-12-17
"P003352",28,2019-06-23
"P003352",8,2024-01-31
"P003352",42,2024-06-15
"P003352",4,2027-03-04
"P003353",23,2007-05-03
"P003353",50,2007-07-08
"P003353",26,2022-06-08
"P003354",27,1975-10-29
"P003354",60,1980-12-16
"P003354",53,1984-07-04
"P003354",27,1985-01-17
"P003354",58,1993-05-20
"P003354",52,2010-03-05
"P003354",14,2010-04-29
"P003355",57,1989-06-15
"P003355",1,1993-11-12
"P003355",12,1994-10-28
"P003355",4,2001-01-17
"P003355",26,2007-08-05
"P003355",10,2008-07-05
"P003355",3,2009-03-03
"P003355",28,2018-01-08
"P003356",11,1993-09-08
"P003356",13,1998-02-25
"P003356",18,2013-05-08
"P003356",3,2019-02-14
"P003356",3,2022-05-07
"P003357",40,1981-12-26
"P003357",17,1986-02-18
"P003357",23,1999-11-23
"P003358",24,1976-03-08
"P003358",28,1984-07-13
"P003358",20,1988-03-10
"P003358",20,1989-07-05
"P003358",16,1989-07-12
"P003358",25,2004-04-14
"P003358",33,2005-02-19
"P003358",30,2006-08-02
"P003358",21,2006-08-28
"P003358",44,2008-05-23
"P003359",58,2005-11-17
"P003359",64,2007-11-19
"P003359",21,2020-11-09
"P003359",23,2029-01-03
"P003360",55,2016-10-21
"P003360",34,2026-03-04
"P003360",30,2038-08-24
"P003360",16,2049-11-10
"P003360",4,2051-02-01
"P003360",40,2055-04-20
"P003361",16,1976-03-01
"P003362",57,2035-12-08
"P003362",57,2037-02-09
"P003362",47,2039-02-04
"P003362",26,2041-01-27
"P003362",19,2042-01-18
"P003362",23,2050-04-10
"P003363",30,2005-07-05
"P003363",55,2015-09-23
"P003363",55,2026-01-06
"P003364",30,1992-12-22
"P003364",3,1993-04-27
"P003364",3,1993-07-11
"P003364",30,1994-01-09
"P003364",1,1995-07-23
"P003364",23,1995-09-05
"P003364",10,1995-09-26
"P003364",34,1995-12-15
"P003364",61,1999-06-17
"P003364",22,2000-08-28
"P003364",28,2007-05-26
"P003364",28,2025-07-05
"P003364",10,2032-08-05
"P003365",41,2005-12-08
"P003365",14,2007-03-24
"P003365",55,2010-11-25
"P003365",22,2011-12-15
"P003365",55,2012-08-23
"P003365",66,2014-09-07
"P003366",2,2014-06-06
"P003366",55,2018-07-21
"P003366",43,2019-09-29
"P003366",14,2046-06-16
"P003366",41,2046-09-01
"P003366",13,2047-05-18
"P003368",61,2007-03-03
"P003368",3,2026-10-24
"P003369",52,2002-11-20
"P003370",52,1985-04-24
"P003370",12,2008-11-27
"P003370",27,2009-07-16
"P003370",2,2010-03-17
"P003370",1,2011-09-29
"P003370",5,2013-06-30
"P003370",32,2014-03-06
"P003370",28,2019-07-07
"P003371",55,2014-02-13
"P003371",28,2016-07-26
"P003371",28,2016-09-17
"P003371",28,2027-04-26
"P003371",28,2034-02-28
"P003371",40,2036-02-16
"P003371",40,2042-09-13
"P003372",6,1964-06-27
"P003372",49,1969-03-15
"P003372",23,1976-06-07
"P003372",2,1991-09-12
"P003372",35,1998-02-18
"P003373",3,1986-01-13
"P003373",11,1993-03-08
"P003373",58,1993-08-21
"P003373",34,1993-12-28
"P003373",40,1994-05-23
"P003373",10,1994-08-06
"P003373",62,1996-07-02
"P003373",32,2000-02-20
"P003374",14,2015-05-18
"P003374",23,2020-10-27
"P003374",29,2021-06-05
"P003374",27,2037-08-19
"P003374",42,2039-03-20
"P003375",55,2008-12-26
"P003375",12,2010-03-28
"P003375",3,2011-07-18
"P003375",27,2011-11-16
"P003375",7,2019-02-09
"P003375",17,2027-03-04
"P003375",3,2036-05-11
"P003375",55,2041-06-19
"P003375",46,2042-01-29
"P003375",59,2042-06-18
"P003375",21,2042-08-07
"P003375",43,2042-10-15
"P003376",12,1973-12-29
"P003376",3,1979-04-14
"P003376",49,1979-10-04
"P003376",1,1982-05-25
"P003376",11,2006-06-18
"P003377",55,1984-05-23
"P003377",15,1988-06-30
"P003377",54,1991-03-11
"P003377",29,1993-09-02
"P003377",11,1997-01-23
"P003377",3,1998-02-02
"P003377",26,1999-06-10
"P003378",18,1961-12-09
"P003378",35,1965-06-26
"P003378",41,1981-12-06
"P003379",24,1973-01-19
"P003379",44,1974-03-22
"P003379",61,1974-05-30
"P003379",32,1979-09-18
"P003379",54,1981-05-27
"P003379",41,1981-12-16
"P003379",34,1988-06-23
"P003379",4,1992-06-18
"P003379",12,2007-09-19
"P003380",60,2034-01-06
"P003380",2,2039-04-08
"P003380",2,2040-11-28
"P003380",49,2041-11-18
"P003380",11,2046-01-31
"P003381",4,1997-01-28
"P003381",7,1998-04-02
"P003381",46,1998-06-03
"P003381",28,1998-12-17
"P003381",53,2000-06-13
"P003381",59,2002-10-23
"P003381",52,2004-01-21
"P003381",23,2008-07-25
"P003381",63,2017-08-29
"P003381",42,2018-11-16
"P003381",49,2025-04-29
"P003381",54,2026-03-28
"P003382",39,1961-09-21
"P003382",11,1963-05-11
"P003382",49,1979-10-16
"P003382",30,1980-01-13
"P003382",4,1981-04-21
"P003382",16,1982-08-06
"P003382",29,1983-06-23
"P003382",61,1985-09-24
"P003382",28,1986-10-20
"P003382",3,1995-01-24
"P003382",1,1998-10-16
"P003383",11,2004-01-06
"P003383",32,2007-03-24
"P003383",44,2009-04-04
"P003383",12,2010-05-11
"P003383",27,2013-12-10
"P003383",12,2015-03-28
"P003383",32,2017-08-04
"P003383",36,2018-06-07
"P003383",24,2019-02-25
"P003383",14,2021-10-27
"P003383",28,2026-05-02
"P003384",29,1992-01-17
"P003384",8,1995-04-14
"P003384",25,1996-06-21
"P003384",26,2005-08-27
"P003384",16,2008-04-25
"P003384",67,2008-12-03
"P003384",52,2015-08-05
"P003384",3,2016-11-13
"P003384",7,2028-07-30
"P003385",23,2015-08-26
"P003386",62,1989-06-05
"P003387",2,2004-08-13
"P003387",20,2021-05-03
"P003388",52,2012-12-09
"P003388",3,2013-10-06
"P003389",55,1988-11-05
"P003389",49,1996-08-02
"P003389",22,1996-12-21
"P003389",50,1997-08-03
"P003389",35,2022-06-30
"P003389",51,2023-09-30
"P003390",1,1977-09-12
"P003390",35,1979-06-25
"P003390",23,1998-10-05
"P003390",25,2000-11-20
"P003390",33,2001-07-20
"P003390",53,2006-06-21
"P003390",51,2007-12-10
"P003390",53,2012-03-20
"P003391",22,2029-02-20
"P003391",8,2035-10-16
"P003391",23,2047-10-18
"P003391",28,2052-07-16
"P003392",2,2009-03-16
"P003392",16,2024-09-15
"P003392",62,2034-07-16
"P003392",30,2046-04-18
"P003393",55,2005-01-30
"P003393",19,2009-06-02
"P003393",24,2010-10-30
"P003393",18,2016-07-10
"P003393",53,2016-10-13
"P003393",42,2017-01-30
"P003393",50,2017-06-26
"P003394",28,1964-02-23
"P003394",59,1995-04-02
"P003394",3,1996-08-13
"P003394",1,1999-11-07
"P003395",2,1992-05-02
"P003395",3,1994-06-04
"P003395",7,2002-05-09
"P003395",60,2021-07-21
"P003395",18,2025-05-04
"P003395",15,2025-08-10
"P003395",60,2026-08-05
"P003396",1,1988-09-22
"P003396",3,1995-07-07
"P003396",25,1997-10-27
"P003396",12,2006-03-16
"P003397",28,1999-09-24
"P003397",3,2024-11-13
"P003397",21,2027-08-27
"P003397",21,2029-03-30
"P003397",14,2030-06-30
"P003397",31,2031-04-09
"P003397",26,2034-04-06
"P003398",46,1979-04-22
"P003398",15,1983-12-20
"P003398",8,1985-12-19
"P003398",3,1993-03-17
"P003398",54,2005-12-09
"P003399",50,1983-05-22
"P003399",2,1984-11-16
"P003399",26,2007-06-20
"P003399",65,2009-02-02
"P003399",55,2012-07-01
"P003399",39,2014-04-26
"P003399",27,2014-05-20
"P003399",62,2014-10-26
"P003399",6,2014-11-10
"P003399",41,2014-12-30
"P003399",55,2015-02-02
"P003400",50,1980-01-17
"P003400",8,1995-07-15
"P003401",9,2000-01-26
"P003401",57,2005-06-27
"P003401",16,2017-06-12
"P003401",14,2018-12-12
"P003401",6,2030-01-26
"P003401",36,2030-07-06
"P003402",35,2001-07-11
"P003403",55,1983-11-20
"P003403",3,1986-02-24
"P003403",28,1989-10-11
"P003403",6,1991-08-05
"P003403",24,1995-08-01
"P003403",28,1997-09-17
"P003403",24,2000-05-22
"P003403",11,2014-12-02
"P003403",50,2020-05-18
"P003403",60,2020-05-28
"P003403",24,2020-07-08
"P003403",36,2021-01-16
"P003404",6,2012-11-06
"P003404",4,2015-03-30
"P003404",30,2019-07-24
"P003404",62,2024-03-04
"P003404",46,2024-10-29
"P003404",7,2025-03-06
"P003404",3,2030-06-15
"P003405",28,1973-11-06
"P003405",61,1984-10-09
"P003405",43,1991-10-21
"P003405",55,1996-08-30
"P003405",14,1996-09-16
"P003405",26,1997-06-14
"P003405",10,2004-05-14
"P003406",8,2006-10-23
"P003406",20,2008-10-29
"P003406",11,2009-10-13
"P003406",47,2010-07-17
"P003406",4,2010-12-10
"P003407",28,2018-09-26
"P003407",4,2021-02-20
"P003407",8,2021-10-30
"P003407",53,2021-12-07
"P003407",50,2023-01-07
"P003407",66,2024-02-02
"P003407",27,2025-08-03
"P003407",27,2025-12-03
"P003407",26,2026-12-08
"P003407",26,2027-05-21
"P003407",12,2029-01-23
"P003408",6,1972-06-17
"P003408",52,1981-09-10
"P003408",14,1989-12-05
"P003408",4,1990-01-19
"P003408",9,1992-05-01
"P003408",3,1992-05-13
"P003408",6,1996-06-22
"P003408",44,1998-03-26
"P003408",49,1999-03-04
"P003409",11,2007-10-31
"P003410",28,1992-05-19
"P003410",10,1992-07-16
"P003410",12,1995-01-31
"P003410",52,2015-07-15
"P003410",5,2016-05-16
"P003410",47,2017-09-02
"P003410",44,2018-01-04
"P003410",57,2019-04-30
"P003410",28,2019-10-24
"P003410",11,2019-12-08
"P003410",48,2023-03-21
"P003410",26,2030-01-10
"P003411",17,2016-10-28
"P003411",1,2021-06-13
"P003411",42,2025-10-24
"P003411",55,2032-08-09
"P003412",1,2015-03-25
"P003412",14,2018-11-04
"P003412",25,2023-12-08
"P003412",14,2026-11-10
"P003412",12,2029-12-24
"P003412",15,2030-03-24
"P003412",27,2033-07-16
"P003412",61,2034-08-07
"P003412",34,2036-02-07
"P003412",61,2036-05-26
"P003412",25,2037-11-04
"P003412",3,2037-11-11
"P003412",58,2039-11-04
"P003412",4,2040-01-04
"P003412",3,2050-10-23
"P003412",50,2052-02-25
"P003413",30,2014-03-16
"P003413",3,2015-08-01
"P003413",23,2027-11-10
"P003414",4,1967-07-05
"P003414",26,1977-05-05
"P003414",6,1978-06-25
"P003414",3,1984-07-13
"P003414",1,1985-09-18
"P003414",3,2002-10-27
"P003415",25,1994-08-14
"P003415",23,2001-12-19
"P003415",1,2008-04-05
"P003416",42,1979-09-01
"P003416",30,1980-02-06
"P003416",25,1986-04-11
"P003416",57,1993-02-04
"P003416",11,1994-07-05
"P003416",58,1999-11-11
"P003417",26,2000-05-11
"P003417",4,2016-03-20
"P003418",28,2000-08-10
"P003418",39,2001-01-15
"P003418",15,2017-11-25
"P003418",28,2018-08-21
"P003419",26,2011-05-03
"P003419",14,2011-12-13
"P003419",26,2022-01-02
"P003419",15,2024-04-04
"P003419",16,2029-12-10
"P003419",1,2030-09-15
"P003419",2,2032-02-29
"P003419",47,2034-05-08
"P003419",6,2035-01-12
"P003419",61,2036-03-06
"P003420",23,2010-03-27
"P003420",2,2012-02-23
"P003420",50,2014-05-18
"P003420",23,2028-06-12
"P003420",7,2042-05-20
"P003421",6,2023-06-13
"P003421",60,2024-09-22
"P003421",40,2026-10-24
"P003421",55,2026-12-03
"P003421",3,2030-09-27
"P003421",1,2031-08-21
"P003421",27,2034-09-14
"P003421",34,2035-02-17
"P003421",27,2035-03-30
"P003421",26,2036-02-23
"P003421",49,2042-11-06
"P003422",6,2019-05-02
"P003422",14,2020-08-29
"P003422",1,2036-08-13
"P003422",39,2039-07-02
"P003423",49,2013-09-21
"P003423",22,2014-11-07
"P003423",1,2014-11-28
"P003423",40,2024-02-29
"P003423",28,2035-08-25
"P003423",6,2040-08-11
"P003424",6,1970-07-19
"P003424",53,1974-01-28
"P003424",49,1976-06-26
"P003424",4,1988-12-30
"P003424",64,1990-03-28
"P003425",43,1973-04-27
"P003425",26,1973-09-19
"P003425",50,1976-01-17
"P003425",4,1983-01-21
"P003425",27,1993-07-03
"P003425",28,1994-01-23
"P003425",61,1995-06-23
"P003425",56,2005-11-10
"P003425",64,2005-12-11
"P003425",24,2006-12-09
"P003427",12,1970-04-30
"P003427",24,1999-12-29
"P003427",1,2000-06-29
"P003428",49,1984-07-14
"P003428",14,1986-02-12
"P003429",20,1994-05-11
"P003429",31,1995-05-25
"P003429",53,1996-09-24
"P003429",41,1998-02-23
"P003429",30,1998-06-16
"P003429",62,1999-07-06
"P003429",12,1999-10-31
"P003429",64,2000-03-02
"P003429",5,2000-09-30
"P003429",51,2001-10-10
"P003429",4,2001-11-25
"P003429",2,2002-01-31
"P003429",32,2002-04-19
"P003429",53,2004-09-27
"P003429",59,2004-12-23
"P003429",2,2009-08-14
"P003429",28,2015-06-01
"P003430",24,2006-12-18
"P003430",28,2019-08-04
"P003430",1,2019-09-01
"P003430",14,2031-03-01
"P003431",52,1985-03-02
"P003431",22,1988-03-04
"P003431",8,2006-04-23
"P003432",27,2005-08-18
"P003432",3,2019-02-08
"P003432",54,2030-07-28
"P003433",12,1990-06-24
"P003433",23,1992-02-25
"P003433",27,1992-05-21
"P003433",61,2019-05-24
"P003433",28,2021-06-14
"P003433",6,2021-09-17
"P003433",41,2021-12-26
"P003433",40,2024-11-02
"P003434",52,2014-04-29
"P003434",60,2018-09-22
"P003434",42,2019-01-29
"P003434",28,2034-02-17
"P003434",1,2034-06-07
"P003435",17,2006-08-12
"P003435",28,2015-06-29
"P003435",3,2026-09-28
"P003435",1,2029-07-17
"P003435",12,2034-02-17
"P003436",12,1986-09-12
"P003436",1,1988-11-26
"P003436",41,1991-07-29
"P003436",4,1999-11-01
"P003436",52,2000-12-20
"P003436",55,2001-11-09
"P003437",38,2006-07-06
"P003437",8,2009-12-08
"P003437",52,2033-07-08
"P003438",55,2018-01-19
"P003438",14,2019-06-03
"P003438",40,2019-10-08
"P003438",23,2020-06-20
"P003439",5,2003-10-11
"P003439",23,2010-07-22
"P003439",28,2021-05-31
"P003439",4,2026-07-28
"P003440",47,2005-06-30
"P003440",59,2008-04-09
"P003440",6,2010-04-07
"P003440",50,2011-10-17
"P003440",48,2011-12-24
"P003440",3,2026-04-08
"P003441",62,2010-07-04
"P003441",2,2026-07-20
"P003441",50,2034-08-19
"P003441",48,2034-12-19
"P003441",42,2035-05-31
"P003441",2,2035-07-08
"P003442",52,1985-09-09
"P003442",47,1986-07-29
"P003442",2,1987-02-06
"P003443",41,1989-04-11
"P003443",30,1989-11-09
"P003443",30,1990-12-13
"P003443",53,1992-07-12
"P003443",17,2015-09-08
"P003443",11,2028-07-08
"P003444",61,2011-10-03
"P003444",28,2017-10-07
"P003444",28,2033-02-27
"P003444",13,2036-01-22
"P003444",36,2037-11-05
"P003444",57,2038-12-11
"P003444",3,2039-03-08
"P003444",30,2040-01-03
"P003444",14,2041-03-30
"P003444",27,2042-09-29
"P003444",26,2044-02-13
"P003444",44,2044-05-18
"P003444",38,2045-12-15
"P003444",13,2047-07-31
"P003444",11,2049-02-24
"P003445",2,1973-05-08
"P003445",6,1998-05-22
"P003445",14,1999-07-12
"P003445",52,2003-05-19
"P003445",23,2003-10-24
"P003445",6,2004-03-12
"P003446",61,1965-10-10
"P003446",27,1966-07-07
"P003446",43,1966-12-16
"P003446",24,1980-11-23
"P003446",44,1989-07-26
"P003446",52,2002-09-05
"P003447",29,1970-07-26
"P003447",16,1985-05-12
"P003447",6,1992-10-08
"P003447",23,1993-04-06
"P003447",1,1993-06-19
"P003447",1,1997-06-25
"P003447",23,2003-08-24
"P003448",23,1984-07-22
"P003448",9,1986-04-14
"P003448",67,1986-06-10
"P003448",62,1988-09-10
"P003448",28,1994-03-14
"P003449",7,2031-01-18
"P003450",26,1963-11-09
"P003450",2,1999-03-10
"P003451",17,1990-12-15
"P003451",54,2006-03-21
"P003451",37,2006-08-16
"P003451",28,2008-07-04
"P003451",39,2009-12-14
"P003451",55,2023-01-22
"P003451",19,2023-12-18
"P003451",2,2024-09-09
"P003452",28,1985-10-03
"P003452",50,1995-05-10
"P003452",3,1997-07-05
"P003452",2,1998-02-18
"P003452",62,2021-12-10
"P003453",2,1973-06-10
"P003453",6,1978-07-07
"P003453",25,1979-03-27
"P003453",52,1979-08-11
"P003453",23,1992-07-24
"P003453",25,1994-03-14
"P003453",6,1994-05-18
"P003453",33,1995-05-04
"P003453",17,1995-11-12
"P003453",41,1996-01-24
"P003453",34,1996-11-22
"P003454",1,2008-03-06
"P003454",14,2011-11-03
"P003454",23,2016-01-28
"P003454",51,2020-02-22
"P003454",40,2023-10-21
"P003454",6,2027-05-25
"P003454",41,2033-12-29
"P003454",14,2043-01-23
"P003454",53,2043-10-08
"P003455",28,1967-04-23
"P003455",13,1976-11-05
"P003455",28,1981-05-24
"P003455",26,1986-04-27
"P003455",25,1987-01-03
"P003455",62,1987-09-04
"P003455",48,1988-08-10
"P003456",14,1970-10-03
"P003456",4,1994-05-22
"P003457",60,1978-03-07
"P003457",61,1992-09-18
"P003457",11,1996-11-04
"P003457",12,2010-08-31
"P003457",53,2011-10-23
"P003457",65,2014-07-22
"P003457",58,2016-01-29
"P003458",8,2017-02-10
"P003458",52,2025-03-17
"P003458",4,2033-10-09
"P003458",22,2052-08-04
"P003458",28,2054-11-25
"P003459",3,1979-02-09
"P003459",8,1995-09-15
"P003459",23,2000-01-07
"P003459",20,2014-09-25
"P003459",7,2015-04-15
"P003460",8,2015-03-18
"P003460",23,2036-08-14
"P003460",3,2037-03-31
"P003460",14,2044-04-30
"P003460",2,2046-03-18
"P003460",7,2047-04-11
"P003461",24,1983-03-12
"P003461",43,1984-02-07
"P003461",67,1990-06-11
"P003461",27,1996-08-20
"P003461",27,2007-09-13
"P003462",55,1979-01-25
"P003462",46,1979-06-25
"P003462",18,1986-03-06
"P003462",9,1986-05-17
"P003462",12,1987-08-11
"P003462",17,1992-08-12
"P003462",42,2000-02-21
"P003462",1,2014-01-20
"P003462",13,2014-05-22
"P003462",21,2015-07-31
"P003463",1,1977-03-09
"P003463",13,1977-07-10
"P003463",6,1994-06-20
"P003464",33,1986-03-27
"P003464",23,1993-02-22
"P003464",28,1995-01-24
"P003464",7,2008-08-31
"P003464",28,2010-09-17
"P003465",26,2015-12-21
"P003465",30,2021-05-28
"P003465",28,2021-05-30
"P003465",26,2021-11-22
"P003465",10,2021-12-21
"P003465",6,2023-08-26
"P003465",57,2025-07-27
"P003465",40,2026-02-10
"P003465",33,2031-01-25
"P003465",42,2032-09-03
"P003465",18,2034-01-07
"P003465",53,2034-03-12
"P003465",17,2034-07-22
"P003466",2,1999-12-12
"P003466",3,2003-01-30
"P003466",28,2010-04-08
"P003467",21,1993-02-24
"P003467",52,1995-06-08
"P003467",21,2012-10-14
"P003467",23,2015-03-25
"P003467",3,2019-12-28
"P003467",65,2023-01-11
"P003467",25,2023-02-09
"P003467",16,2024-03-24
"P003468",55,1995-02-24
"P003468",61,2012-07-01
"P003468",29,2022-10-18
"P003469",12,2004-03-19
"P003469",28,2004-12-04
"P003469",51,2008-10-03
"P003469",4,2038-12-05
"P003469",67,2039-09-10
"P003470",27,2020-02-10
"P003470",62,2020-12-21
"P003470",55,2023-07-26
"P003470",12,2031-11-16
"P003470",13,2035-08-16
"P003471",14,2020-01-10
"P003471",57,2022-12-31
"P003471",30,2028-01-18
"P003471",11,2028-06-11
"P003471",3,2028-09-02
"P003471",62,2034-09-24
"P003472",26,1994-12-23
"P003472",52,1995-08-17
"P003472",47,1995-09-10
"P003472",14,2014-12-06
"P003472",25,2016-03-21
"P003473",28,1983-05-29
"P003473",18,1995-03-22
"P003474",55,1986-04-13
"P003474",27,1994-11-23
"P003474",28,2003-09-12
"P003475",62,1983-10-15
"P003475",62,1988-05-29
"P003475",60,1991-09-20
"P003475",18,1992-08-22
"P003475",41,1993-05-19
"P003475",11,1998-09-09
"P003475",58,1998-10-04
"P003475",10,1998-12-10
"P003475",18,1999-04-18
"P003475",49,2000-07-19
"P003475",30,2001-12-28
"P003475",3,2003-11-11
"P003475",31,2012-01-18
"P003475",31,2012-07-19
"P003475",62,2013-07-01
"P003476",21,1985-12-17
"P003476",12,1989-04-09
"P003476",4,1989-08-02
"P003476",42,2001-09-26
"P003477",44,2013-09-11
"P003477",12,2018-11-18
"P003477",28,2019-11-15
"P003477",16,2026-06-13
"P003477",28,2037-05-25
"P003477",47,2040-07-06
"P003478",62,1988-02-18
"P003478",21,1992-03-14
"P003478",37,2003-09-18
"P003478",32,2004-05-07
"P003479",16,2002-08-29
"P003479",54,2003-02-24
"P003479",57,2003-05-24
"P003479",62,2023-04-28
"P003479",16,2035-01-01
"P003479",56,2036-06-06
"P003480",60,2011-11-18
"P003480",39,2012-04-24
"P003480",34,2014-01-08
"P003480",42,2018-01-04
"P003480",2,2025-04-13
"P003481",3,1973-04-22
"P003481",35,1973-11-22
"P003481",3,1976-08-20
"P003481",1,1977-11-04
"P003481",27,1978-03-28
"P003481",8,2000-06-20
"P003482",56,1970-11-10
"P003482",2,1972-12-14
"P003482",50,1978-03-24
"P003482",30,2002-05-03
"P003483",3,1979-04-07
"P003484",61,1987-04-04
"P003484",11,2008-06-29
"P003484",40,2009-11-20
"P003484",63,2013-11-17
"P003484",61,2015-11-25
"P003484",40,2018-04-07
"P003485",40,1990-10-02
"P003485",47,1991-08-06
"P003485",57,1991-12-01
"P003485",3,1991-12-22
"P003485",59,1992-02-16
"P003485",11,1992-04-10
"P003485",11,1993-10-06
"P003485",43,2000-11-05
"P003485",28,2002-05-17
"P003486",1,2000-08-16
"P003486",22,2001-07-02
"P003486",61,2001-07-11
"P003486",45,2001-12-30
"P003486",2,2003-05-09
"P003486",43,2005-07-23
"P003486",28,2009-11-29
"P003486",24,2010-08-28
"P003486",39,2011-12-19
"P003486",56,2013-10-10
"P003486",58,2014-08-10
"P003486",47,2031-01-28
"P003486",45,2031-09-14
"P003486",12,2032-05-30
"P003486",21,2033-03-04
"P003486",31,2033-07-08
"P003486",5,2035-03-14
"P003487",56,1997-11-13
"P003487",2,1999-12-20
"P003488",61,1983-08-13
"P003488",11,1990-04-19
"P003488",4,2009-11-16
"P003488",11,2013-03-31
"P003488",26,2014-09-06
"P003488",15,2015-05-04
"P003488",15,2015-10-11
"P003489",3,1978-04-30
"P003489",1,1982-08-06
"P003489",61,1984-07-05
"P003489",22,1984-11-16
"P003489",50,1990-08-03
"P003489",28,1999-11-20
"P003489",40,2003-07-31
"P003489",21,2004-03-17
"P003490",18,1981-07-15
"P003490",56,1982-07-04
"P003490",44,1984-04-17
"P003490",38,1986-01-29
"P003490",26,1987-10-18
"P003490",16,1990-10-05
"P003490",56,1994-01-15
"P003490",60,1995-04-02
"P003490",39,1996-08-16
"P003490",39,1996-09-22
"P003490",67,1997-07-10
"P003490",8,1999-05-26
"P003490",7,1999-09-25
"P003490",12,2001-11-25
"P003490",41,2002-12-31
"P003490",55,2008-09-21
"P003490",15,2013-06-12
"P003490",62,2013-11-21
"P003491",6,2013-05-31
"P003491",31,2017-08-16
"P003491",4,2022-03-11
"P003491",25,2024-09-20
"P003491",52,2024-11-24
"P003492",14,2021-06-27
"P003492",27,2026-06-08
"P003492",44,2028-05-18
"P003492",6,2028-09-29
"P003492",1,2036-02-13
"P003492",1,2039-08-14
"P003492",30,2045-02-07
"P003492",49,2052-09-20
"P003493",2,1983-04-22
"P003493",2,1984-02-08
"P003493",24,1985-11-15
"P003493",23,1999-12-17
"P003493",67,2000-01-22
"P003494",62,1997-08-21
"P003494",27,2015-04-21
"P003494",38,2016-08-24
"P003494",28,2017-06-20
"P003494",28,2018-01-10
"P003494",28,2018-04-02
"P003494",3,2019-12-24
"P003495",14,1980-05-24
"P003495",26,1983-12-14
"P003495",21,1988-05-27
"P003495",4,1995-12-26
"P003495",23,2005-12-26
"P003496",7,1985-03-30
"P003496",12,1986-06-18
"P003496",21,1994-07-07
"P003496",14,1995-10-25
"P003496",32,2004-09-12
"P003496",18,2008-02-11
"P003496",8,2011-03-21
"P003497",40,2017-03-28
"P003497",30,2018-06-10
"P003497",24,2020-06-12
"P003497",42,2024-05-23
"P003497",27,2026-06-06
"P003497",55,2027-07-04
"P003497",42,2028-05-15
"P003498",43,1978-07-28
"P003498",6,1983-02-11
"P003498",52,1984-11-14
"P003498",4,1986-10-23
"P003498",8,1988-06-18
"P003498",42,1989-04-05
"P003498",53,1995-03-21
"P003498",2,2002-08-11
"P003498",16,2003-02-21
"P003499",10,1986-04-25
"P003499",28,1992-04-27
"P003499",14,1992-11-09
"P003499",18,1993-07-24
"P003500",62,2011-12-02
"P003500",63,2020-08-16
"P003501",57,1987-10-04
"P003501",26,1988-07-16
"P003501",26,1990-05-23
"P003501",21,1994-10-05
"P003501",27,2002-05-13
"P003501",14,2008-03-31
"P003501",3,2010-11-18
"P003501",2,2017-05-03
"P003502",24,2001-08-14
"P003502",62,2002-02-28
"P003502",55,2008-07-23
"P003502",11,2010-08-20
"P003502",3,2020-07-30
"P003502",28,2024-08-08
"P003502",28,2027-05-31
"P003503",24,1987-11-14
"P003503",28,1992-11-07
"P003503",2,2001-06-01
"P003504",57,2022-07-15
"P003504",3,2035-09-27
"P003504",47,2035-12-01
"P003504",49,2051-10-16
"P003504",61,2052-09-03
"P003505",12,2022-06-12
"P003505",6,2026-08-17
"P003506",18,2005-01-26
"P003506",53,2005-03-30
"P003506",28,2013-03-19
"P003506",30,2013-07-28
"P003506",28,2027-12-12
"P003506",43,2029-09-11
"P003507",47,2014-11-16
"P003507",45,2018-10-13
"P003507",54,2020-01-23
"P003507",23,2026-07-16
"P003507",39,2041-10-24
"P003507",51,2043-01-24
"P003507",55,2045-07-26
"P003507",39,2046-06-08
"P003509",49,2021-05-15
"P003509",55,2021-06-22
"P003509",49,2028-01-07
"P003509",4,2028-10-23
"P003509",6,2031-05-22
"P003509",66,2031-12-03
"P003509",54,2032-01-15
"P003510",27,1972-11-22
"P003510",1,1976-04-20
"P003510",54,1988-09-14
"P003510",26,1989-03-21
"P003510",66,1991-01-06
"P003510",55,1994-03-27
"P003510",12,1994-09-19
"P003510",30,2001-10-30
"P003511",25,1968-10-27
"P003511",32,1974-04-01
"P003511",21,1977-12-21
"P003511",65,1979-05-16
"P003511",24,1997-12-02
"P003513",30,2014-05-12
"P003513",61,2017-08-31
"P003513",21,2023-05-09
"P003513",50,2030-12-20
"P003513",54,2035-01-24
"P003513",54,2041-02-12
"P003513",39,2041-02-25
"P003513",15,2049-02-20
"P003514",23,2031-03-07
"P003514",62,2032-02-11
"P003514",26,2035-07-27
"P003514",14,2041-06-28
"P003515",28,2003-08-13
"P003515",30,2006-07-10
"P003515",27,2017-05-21
"P003515",19,2027-02-20
"P003516",6,1998-10-06
"P003516",2,2003-05-06
"P003516",12,2018-03-28
"P003517",55,2021-10-01
"P003517",54,2024-07-04
"P003517",37,2025-05-13
"P003517",12,2025-08-09
"P003517",40,2026-09-27
"P003517",63,2027-10-03
"P003517",28,2039-09-21
"P003517",1,2040-08-29
"P003517",16,2041-01-29
"P003517",23,2041-04-10
"P003517",9,2042-02-10
"P003517",33,2042-09-06
"P003517",62,2042-12-11
"P003517",26,2043-05-17
"P003518",11,1970-02-07
"P003518",14,1988-05-18
"P003518",23,1989-11-28
"P003518",23,1991-08-08
"P003519",28,1984-01-01
"P003519",2,1984-12-11
"P003519",25,1985-01-30
"P003519",39,1992-06-08
"P003519",21,1993-05-21
"P003519",49,1998-04-16
"P003519",2,2001-07-23
"P003520",37,1984-03-02
"P003520",52,1985-08-07
"P003520",11,1991-02-05
"P003520",21,1996-01-18
"P003520",27,2003-05-02
"P003521",26,2006-02-09
"P003521",66,2006-08-21
"P003521",60,2007-05-18
"P003521",60,2007-07-03
"P003521",28,2013-07-09
"P003521",53,2014-01-29
"P003521",28,2014-06-19
"P003521",16,2015-03-03
"P003521",15,2017-01-26
"P003521",16,2020-04-30
"P003521",24,2027-09-06
"P003521",30,2030-11-06
"P003521",57,2031-08-21
"P003521",42,2032-06-01
"P003521",49,2032-09-30
"P003521",35,2033-03-12
"P003521",2,2034-10-13
"P003522",12,2018-09-09
"P003522",54,2031-08-31
"P003522",3,2035-12-18
"P003522",2,2036-08-03
"P003522",47,2037-10-14
"P003522",2,2040-06-24
"P003523",28,1985-11-06
"P003523",18,1990-07-24
"P003523",14,2009-06-10
"P003523",16,2011-03-29
"P003523",40,2011-04-06
"P003523",15,2013-02-19
"P003523",55,2014-04-05
"P003523",42,2015-06-18
"P003523",15,2016-03-31
"P003524",49,2006-11-15
"P003524",26,2032-06-02
"P003524",13,2033-01-06
"P003524",66,2035-04-25
"P003524",54,2035-10-05
"P003524",16,2036-04-24
"P003525",12,2002-07-23
"P003525",64,2003-08-27
"P003525",4,2006-11-14
"P003525",3,2030-03-07
"P003525",28,2030-12-23
"P003525",55,2031-10-19
"P003525",46,2032-10-28
"P003526",23,1978-04-28
"P003526",55,1987-01-15
"P003526",3,1992-09-16
"P003526",5,1993-03-23
"P003526",6,1997-03-06
"P003527",13,1990-01-04
"P003527",8,1997-05-30
"P003527",61,1998-04-18
"P003527",14,2005-07-11
"P003527",53,2017-03-22
"P003528",28,1985-02-05
"P003528",12,1990-10-10
"P003528",62,1991-09-23
"P003528",6,1992-07-29
"P003528",40,2002-04-10
"P003528",13,2009-11-17
"P003528",11,2011-02-27
"P003528",36,2014-04-22
"P003528",24,2016-08-13
"P003529",62,2027-08-26
"P003529",53,2028-04-07
"P003529",6,2028-07-11
"P003529",6,2034-06-03
"P003529",13,2041-02-23
"P003529",7,2052-01-19
"P003530",2,1993-04-21
"P003530",23,1994-10-19
"P003530",30,2005-12-26
"P003530",21,2013-11-30
"P003530",31,2014-05-07
"P003530",1,2019-09-10
"P003530",63,2031-06-01
"P003531",43,1969-01-03
"P003531",43,1970-02-03
"P003531",27,1971-01-16
"P003531",22,1978-11-06
"P003531",23,1988-10-18
"P003531",6,1991-10-21
"P003531",49,1993-05-24
"P003532",52,2004-11-15
"P003532",43,2006-02-08
"P003532",26,2006-05-30
"P003532",47,2006-08-09
"P003532",24,2016-10-04
"P003532",14,2026-08-20
"P003532",13,2026-08-21
"P003533",1,1974-08-05
"P003533",14,1986-02-12
"P003533",25,1988-10-15
"P003533",9,1990-12-27
"P003533",15,1991-10-09
"P003533",57,2001-02-08
"P003533",62,2002-05-19
"P003534",27,2010-10-17
"P003534",58,2018-05-23
"P003534",7,2029-05-21
"P003534",6,2030-01-27
"P003534",15,2030-01-27
"P003534",7,2032-02-18
"P003534",3,2033-07-15
"P003535",4,1965-03-27
"P003535",58,1966-02-10
"P003535",58,1966-07-19
"P003535",25,1967-11-25
"P003535",61,1978-05-20
"P003535",34,1981-06-24
"P003535",55,1994-07-20
"P003536",49,2008-01-29
"P003536",18,2018-05-14
"P003537",8,1986-05-18
"P003537",42,1987-07-30
"P003537",30,1988-05-17
"P003537",54,1996-03-26
"P003537",43,2000-04-10
"P003537",28,2014-10-11
"P003537",14,2015-11-27
"P003538",55,2019-10-21
"P003538",46,2022-05-03
"P003539",17,1972-08-05
"P003539",10,1973-10-19
"P003539",35,1977-01-02
"P003539",23,1985-10-05
"P003539",36,1987-08-02
"P003539",30,1999-01-08
"P003540",2,2005-12-11
"P003540",2,2016-02-14
"P003541",1,2020-01-23
"P003541",4,2027-02-24
"P003541",28,2044-07-19
"P003541",5,2053-09-26
"P003542",15,1974-09-15
"P003542",67,1986-05-10
"P003542",26,1992-10-14
"P003542",28,2001-12-06
"P003542",11,2007-02-18
"P003542",58,2007-10-31
"P003543",3,2003-02-15
"P003543",62,2006-03-26
"P003543",43,2007-07-19
"P003543",35,2018-08-10
"P003543",15,2028-08-05
"P003543",4,2034-12-15
"P003543",14,2035-04-30
"P003543",58,2036-06-16
"P003544",24,1983-01-30
"P003544",14,1999-12-23
"P003544",41,2000-03-29
"P003544",42,2002-05-01
"P003544",50,2004-05-19
"P003545",54,1991-06-12
"P003545",8,2000-06-26
"P003545",28,2002-03-08
"P003545",28,2002-11-06
"P003545",16,2004-10-13
"P003545",3,2005-05-06
"P003546",3,2002-11-23
"P003546",28,2006-05-16
"P003546",5,2006-09-21
"P003546",13,2013-03-26
"P003546",28,2023-07-20
"P003546",3,2036-01-01
"P003546",6,2038-08-13
"P003547",62,2006-11-05
"P003547",1,2007-05-26
"P003547",14,2007-09-29
"P003547",7,2007-10-22
"P003547",6,2010-07-25
"P003547",62,2016-10-14
"P003547",46,2018-05-16
"P003547",54,2025-05-19
"P003547",59,2025-08-09
"P003547",6,2027-04-25
"P003547",41,2028-04-28
"P003547",30,2036-09-20
"P003548",11,2018-02-21
"P003548",6,2025-09-23
"P003548",11,2039-12-23
"P003548",23,2045-02-28
"P003549",2,2011-10-07
"P003549",10,2013-05-03
"P003549",7,2013-12-15
"P003549",2,2014-04-11
"P003549",29,2014-11-22
"P003549",62,2020-02-14
"P003549",51,2020-06-22
"P003549",7,2021-12-25
"P003549",2,2022-04-27
"P003549",50,2023-02-17
"P003549",55,2023-07-23
"P003549",2,2027-04-10
"P003549",50,2027-08-12
"P003549",10,2038-08-16
"P003550",67,1977-01-20
"P003550",62,1978-06-16
"P003550",55,1983-01-09
"P003550",11,1991-06-13
"P003550",3,2005-07-18
"P003551",3,1983-11-12
"P003551",39,1985-03-16
"P003551",28,1986-02-21
"P003551",12,1986-04-03
"P003551",3,2000-09-28
"P003551",1,2002-12-23
"P003551",52,2009-06-28
"P003551",65,2010-03-23
"P003551",32,2010-05-22
"P003551",3,2015-02-09
"P003551",4,2015-11-26
"P003551",18,2016-09-15
"P003551",6,2016-10-26
"P003551",58,2017-06-08
"P003551",9,2018-04-08
"P003551",3,2021-08-18
"P003551",27,2022-02-13
"P003551",39,2022-05-02
"P003552",53,1968-08-24
"P003552",55,1969-07-31
"P003552",19,1970-06-17
"P003552",26,1976-05-11
"P003552",41,1984-09-01
"P003552",8,1994-11-01
"P003553",28,1965-09-25
"P003553",14,1966-02-15
"P003553",30,1968-07-29
"P003553",62,1968-08-20
"P003553",23,1970-12-12
"P003553",49,1980-10-18
"P003553",3,1983-08-30
"P003553",15,1990-04-15
"P003553",2,1999-10-14
"P003553",41,2001-02-15
"P003554",47,1997-08-30
"P003554",21,1999-06-11
"P003554",67,2004-09-02
"P003554",1,2012-01-23
"P003554",23,2019-05-01
"P003554",28,2020-07-15
"P003554",6,2026-03-10
"P003554",28,2028-06-19
"P003555",55,1993-07-22
"P003555",42,2011-08-27
"P003555",30,2011-11-10
"P003555",11,2032-03-12
"P003556",3,1989-05-01
"P003556",1,1991-12-07
"P003556",51,1998-12-29
"P003556",10,2001-11-08
"P003557",48,2035-06-12
"P003557",13,2035-07-28
"P003557",13,2035-10-11
"P003557",17,2037-08-02
"P003557",4,2039-08-12
"P003557",10,2046-03-06
"P003557",28,2047-08-28
"P003559",27,2021-07-14
"P003559",55,2026-04-06
"P003559",2,2026-06-05
"P003559",28,2033-01-24
"P003559",11,2042-01-20
"P003559",62,2042-04-24
"P003560",66,2001-06-05
"P003560",24,2022-12-21
"P003560",14,2029-08-30
"P003561",57,1991-12-29
"P003561",42,1992-02-06
"P003561",62,1992-03-11
"P003561",57,1995-04-09
"P003561",23,2000-08-25
"P003561",47,2008-09-16
"P003562",58,1985-04-25
"P003562",15,1988-01-25
"P003562",13,1990-02-17
"P003562",27,1990-07-09
"P003562",6,1990-08-29
"P003562",65,1998-03-10
"P003562",4,2003-10-21
"P003562",55,2014-08-20
"P003562",11,2017-10-15
"P003562",2,2018-06-12
"P003564",47,1968-05-27
"P003564",44,1971-08-05
"P003564",7,1978-06-13
"P003564",28,1979-07-19
"P003564",28,1980-01-27
"P003564",2,1980-06-24
"P003564",30,1980-08-27
"P003565",27,1990-09-18
"P003565",3,2001-05-11
"P003565",49,2001-05-28
"P003565",23,2002-06-02
"P003565",39,2002-10-17
"P003565",2,2016-11-30
"P003565",3,2020-10-09
"P003565",52,2029-02-10
"P003565",23,2029-06-16
"P003566",30,2018-08-02
"P003566",28,2022-08-18
"P003566",35,2023-04-12
"P003566",28,2028-01-07
"P003566",14,2034-01-15
"P003566",53,2035-05-23
"P003566",41,2035-08-20
"P003566",14,2036-05-23
"P003566",55,2037-02-14
"P003566",11,2037-06-18
"P003566",26,2053-05-04
"P003567",8,1991-03-18
"P003567",14,1998-05-15
"P003567",4,2000-05-27
"P003567",28,2011-12-30
"P003567",50,2016-09-26
"P003567",61,2018-09-06
"P003568",28,2023-08-26
"P003568",52,2028-08-11
"P003568",49,2030-06-18
"P003568",28,2035-09-16
"P003568",16,2036-03-20
"P003568",24,2038-10-02
"P003568",17,2040-04-08
"P003568",67,2041-04-02
"P003569",30,2014-07-13
"P003569",30,2015-01-17
"P003569",3,2016-05-19
"P003569",1,2016-09-13
"P003569",27,2017-05-31
"P003569",28,2023-12-15
"P003569",16,2025-08-31
"P003569",57,2026-05-08
"P003569",17,2029-10-07
"P003570",23,2002-02-12
"P003570",21,2003-03-03
"P003570",28,2003-04-16
"P003570",44,2003-09-17
"P003570",6,2029-09-25
"P003570",3,2036-11-11
"P003570",49,2037-05-10
"P003570",4,2037-08-25
"P003571",3,2009-12-13
"P003571",24,2017-12-20
"P003572",6,1994-07-30
"P003572",12,2006-02-03
"P003572",61,2022-07-19
"P003572",33,2025-04-21
"P003572",53,2027-06-29
"P003572",65,2028-02-23
"P003572",33,2028-09-20
"P003573",23,1978-04-01
"P003573",28,2001-09-05
"P003573",14,2003-12-21
"P003573",4,2009-11-03
"P003574",52,1976-07-22
"P003574",65,1976-09-07
"P003574",26,1988-07-21
"P003574",64,1988-11-30
"P003574",35,1990-05-31
"P003574",19,1996-02-01
"P003574",67,2002-01-29
"P003574",28,2005-02-10
"P003575",21,2014-03-23
"P003575",44,2015-08-09
"P003575",40,2020-07-08
"P003575",40,2022-03-29
"P003575",14,2023-02-17
"P003575",3,2027-06-29
"P003576",3,2017-02-14
"P003576",37,2043-10-07
"P003576",27,2044-10-10
"P003576",29,2045-11-19
"P003576",12,2049-11-22
"P003576",5,2052-05-06
"P003577",23,2007-10-06
"P003577",5,2017-09-19
"P003577",44,2021-09-05
"P003578",44,2017-12-03
"P003578",26,2018-01-08
"P003578",62,2026-11-27
"P003578",7,2029-10-08
"P003578",13,2032-04-06
"P003578",17,2032-09-23
"P003578",53,2034-06-13
"P003578",41,2034-11-06
"P003579",18,1988-08-26
"P003579",18,1997-09-27
"P003579",28,2021-12-13
"P003580",28,1977-10-28
"P003580",52,1980-04-30
"P003580",19,1980-07-31
"P003580",40,1994-10-28
"P003580",52,2002-08-23
"P003580",28,2005-12-23
"P003580",62,2010-04-01
"P003580",50,2012-01-06
"P003580",9,2014-04-10
"P003581",50,2019-02-06
"P003581",52,2025-08-01
"P003582",24,1990-12-28
"P003582",42,1991-03-05
"P003582",17,1993-08-15
"P003582",66,1993-11-26
"P003582",42,1995-02-03
"P003582",11,1996-04-15
"P003582",14,2013-09-15
"P003583",27,1974-06-13
"P003583",38,1974-09-08
"P003583",6,1990-02-19
"P003583",23,1992-12-10
"P003583",52,1999-01-01
"P003583",47,2001-04-09
"P003583",23,2006-01-15
"P003584",2,1997-02-16
"P003584",36,2002-07-10
"P003584",24,2003-08-02
"P003584",28,2015-02-09
"P003585",26,2007-09-28
"P003585",21,2013-03-04
"P003586",1,2025-08-13
"P003586",52,2032-02-29
"P003586",54,2034-05-12
"P003586",16,2045-12-07
"P003586",8,2046-10-21
"P003586",13,2052-02-15
"P003587",47,2007-06-30
"P003587",13,2037-08-25
"P003587",65,2038-03-29
"P003588",14,1996-01-31
"P003589",42,1983-08-04
"P003589",32,1983-12-15
"P003589",28,1987-02-14
"P003589",1,1987-10-11
"P003590",27,1984-07-16
"P003590",60,2008-02-18
"P003590",60,2010-09-10
"P003590",21,2013-04-22
"P003590",23,2014-12-31
"P003590",30,2015-09-06
"P003591",61,2001-01-13
"P003592",28,2015-06-09
"P003592",30,2015-08-16
"P003592",26,2018-11-08
"P003592",24,2018-12-12
"P003592",43,2037-12-03
"P003592",52,2038-10-23
"P003592",42,2038-11-28
"P003593",53,2011-01-22
"P003593",3,2011-02-08
"P003593",58,2011-06-25
"P003593",19,2013-08-21
"P003593",2,2022-08-14
"P003593",23,2033-07-09
"P003593",29,2034-03-19
"P003593",14,2044-06-06
"P003594",15,2004-07-31
"P003594",62,2010-04-15
"P003594",40,2029-02-03
"P003594",26,2033-01-06
"P003595",5,1965-09-11
"P003595",45,1969-10-12
"P003595",15,1986-12-25
"P003595",23,1998-07-09
"P003596",7,2028-04-19
"P003596",30,2034-10-21
"P003596",4,2042-01-10
"P003597",8,1986-05-23
"P003597",27,1993-06-24
"P003597",64,1994-03-26
"P003597",38,1994-12-28
"P003597",40,2017-06-26
"P003598",55,2000-02-08
"P003598",39,2003-07-31
"P003598",15,2004-07-31
"P003598",39,2004-12-13
"P003598",34,2006-07-22
"P003598",61,2017-03-12
"P003598",1,2018-01-21
"P003599",37,1984-02-23
"P003599",8,1984-03-30
"P003599",2,1984-07-04
"P003599",2,2000-02-13
"P003599",55,2000-02-14
"P003600",14,1984-01-17
"P003600",21,1984-02-02
"P003600",4,1986-09-09
"P003600",30,1986-10-15
"P003600",65,2000-08-09
"P003600",60,2000-09-14
"P003601",1,2000-11-08
"P003601",13,2000-12-21
"P003601",62,2009-02-23
"P003601",47,2010-03-14
"P003601",50,2015-11-07
"P003601",62,2016-05-01
"P003601",20,2023-07-17
"P003601",40,2024-04-29
"P003602",1,2003-04-07
"P003602",11,2019-06-28
"P003602",55,2020-01-04
"P003602",37,2020-02-11
"P003602",49,2021-04-17
"P003603",26,2013-04-09
"P003603",2,2014-07-15
"P003603",1,2018-03-27
"P003603",26,2021-10-11
"P003603",27,2021-12-02
"P003604",52,1970-02-06
"P003604",55,1970-06-19
"P003604",2,1970-07-10
"P003604",24,1977-11-16
"P003604",28,1983-11-17
"P003605",10,2007-01-28
"P003606",10,2021-09-05
"P003606",32,2025-06-12
"P003606",52,2032-05-28
"P003606",49,2051-06-18
"P003607",8,1969-06-30
"P003607",14,1977-09-19
"P003607",41,1978-05-15
"P003607",43,1982-09-25
"P003607",55,1986-07-29
"P003607",12,1986-08-15
"P003607",41,2004-04-01
"P003607",48,2004-10-15
"P003607",17,2007-07-02
"P003608",4,1986-06-12
"P003608",44,1997-02-05
"P003608",38,1998-02-01
"P003608",17,2005-12-09
"P003608",26,2013-07-10
"P003609",53,2023-01-26
"P003609",1,2025-09-23
"P003609",4,2028-02-03
"P003609",26,2037-06-17
"P003609",53,2042-07-15
"P003609",11,2043-12-16
"P003609",67,2047-04-06
"P003610",6,2011-11-18
"P003610",25,2012-04-23
"P003610",34,2013-02-02
"P003610",2,2039-07-29
"P003611",28,1978-11-08
"P003611",6,1979-06-19
"P003611",5,1985-08-07
"P003611",47,1985-08-29
"P003611",47,1985-12-29
"P003611",36,1986-05-04
"P003611",12,1988-06-05
"P003611",47,1988-12-03
"P003611",57,1989-07-25
"P003611",3,1990-02-26
"P003611",50,1994-06-08
"P003611",9,1997-05-24
"P003611",14,2001-04-14
"P003611",2,2004-02-16
"P003611",52,2006-09-19
"P003611",24,2011-05-20
"P003611",62,2015-01-08
"P003611",3,2015-08-18
"P003611",3,2017-03-17
"P003612",9,2029-02-01
"P003612",11,2034-04-18
"P003612",49,2035-02-27
"P003612",29,2037-04-18
"P003612",2,2037-06-23
"P003612",33,2037-08-08
"P003612",2,2039-02-23
"P003613",28,2005-12-10
"P003613",4,2013-06-15
"P003613",50,2019-04-07
"P003613",10,2023-07-17
"P003614",24,1970-01-27
"P003614",24,1973-03-15
"P003614",3,1980-03-29
"P003614",17,1985-09-18
"P003614",65,1985-10-29
"P003614",3,1987-05-15
"P003614",8,1988-04-08
"P003614",23,2005-05-25
"P003615",52,1993-04-07
"P003615",28,1996-11-13
"P003615",2,2011-10-28
"P003615",5,2020-10-01
"P003615",26,2022-02-13
"P003616",54,1995-12-04
"P003616",43,1999-07-07
"P003617",53,1987-12-13
"P003617",26,1989-11-02
"P003617",65,1991-03-21
"P003617",4,1993-06-09
"P003617",24,1994-04-24
"P003617",64,1994-11-14
"P003617",3,1996-11-18
"P003617",57,2000-02-11
"P003618",58,1995-05-04
"P003618",56,2002-01-07
"P003619",62,1990-03-23
"P003619",6,1991-05-15
"P003619",23,1992-05-04
"P003619",9,1993-08-08
"P003619",53,2007-04-28
"P003619",26,2009-04-14
"P003619",65,2011-03-18
"P003619",7,2017-12-10
"P003619",44,2019-06-25
"P003619",52,2029-02-12
"P003620",4,1990-01-28
"P003620",55,1991-05-01
"P003620",4,1993-04-17
"P003620",7,1995-07-12
"P003620",12,1996-03-17
"P003620",13,1996-10-11
"P003620",27,1996-10-26
"P003620",21,1997-09-01
"P003620",55,2006-03-05
"P003620",2,2006-08-15
"P003620",4,2018-05-28
"P003621",49,2002-02-05
"P003621",40,2011-07-24
"P003621",24,2012-08-07
"P003621",17,2013-11-07
"P003621",26,2015-05-04
"P003621",60,2017-04-26
"P003621",9,2018-12-30
"P003621",36,2020-02-29
"P003621",23,2036-07-24
"P003622",6,1993-10-16
"P003622",6,1994-05-07
"P003622",41,1994-06-23
"P003622",34,1996-01-26
"P003622",2,1996-02-10
"P003622",27,1996-11-10
"P003622",27,1997-07-04
"P003622",62,1998-01-15
"P003622",4,2000-08-10
"P003622",13,2001-08-06
"P003622",26,2003-08-20
"P003622",15,2007-06-18
"P003622",54,2008-03-18
"P003622",54,2021-08-21
"P003623",49,1973-12-06
"P003623",25,1982-02-13
"P003623",35,1983-08-16
"P003623",21,1990-04-30
"P003623",11,1990-12-14
"P003623",60,2012-07-04
"P003625",23,2007-10-03
"P003625",42,2027-05-08
"P003625",18,2033-03-24
"P003626",3,2025-04-21
"P003626",14,2028-06-02
"P003626",13,2029-09-16
"P003626",12,2032-10-17
"P003626",31,2033-03-27
"P003626",25,2038-04-19
"P003626",4,2044-09-27
"P003626",7,2044-10-19
"P003626",40,2045-03-13
"P003626",52,2049-12-23
"P003626",18,2052-06-06
"P003627",10,1999-01-07
"P003628",40,2007-03-14
"P003628",30,2010-09-21
"P003628",8,2012-01-12
"P003628",13,2012-09-26
"P003628",8,2012-10-03
"P003628",31,2013-02-24
"P003628",42,2013-11-20
"P003628",47,2015-04-01
"P003628",47,2018-02-17
"P003628",28,2029-09-30
"P003629",47,2008-04-12
"P003629",44,2015-05-24
"P003629",49,2016-04-17
"P003630",23,2012-11-27
"P003630",6,2019-01-13
"P003630",65,2019-02-05
"P003630",65,2019-05-02
"P003630",34,2020-05-15
"P003630",33,2022-10-03
"P003630",3,2035-10-23
"P003630",50,2037-07-16
"P003631",1,2025-01-18
"P003631",27,2025-06-18
"P003632",4,1981-06-11
"P003632",1,1982-03-23
"P003632",39,1982-07-02
"P003632",2,1985-04-08
"P003632",4,2001-05-11
"P003632",11,2007-08-20
"P003633",44,2011-12-09
"P003633",18,2016-02-08
"P003633",3,2017-09-08
"P003633",25,2020-01-10
"P003633",4,2032-09-13
"P003633",55,2033-02-27
"P003633",7,2033-03-21
"P003634",3,2017-02-13
"P003635",12,1990-11-26
"P003635",2,2000-02-25
"P003636",21,2005-05-14
"P003636",28,2014-04-05
"P003636",16,2014-07-11
"P003636",27,2033-06-16
"P003636",28,2035-01-09
"P003636",12,2038-03-03
"P003637",10,1964-07-14
"P003637",55,1984-11-16
"P003637",2,1992-10-02
"P003637",7,1995-10-15
"P003637",11,1996-06-10
"P003637",23,2000-04-05
"P003637",49,2001-04-24
"P003637",9,2001-10-07
"P003637",52,2002-05-07
"P003638",6,1974-01-10
"P003638",4,1974-07-21
"P003638",44,1975-02-12
"P003638",40,1977-09-19
"P003638",10,1988-06-21
"P003638",19,1988-10-13
"P003639",61,2027-08-13
"P003639",24,2052-09-28
"P003640",28,2007-03-03
"P003640",16,2007-05-25
"P003640",33,2009-03-26
"P003640",64,2011-11-30
"P003640",54,2020-04-06
"P003640",54,2026-03-29
"P003640",14,2026-08-14
"P003640",12,2036-11-08
"P003640",56,2037-10-01
"P003641",48,2019-02-02
"P003641",14,2022-08-11
"P003641",26,2049-07-31
"P003641",2,2050-08-24
"P003641",1,2051-06-04
"P003641",30,2051-10-05
"P003642",30,2021-02-06
"P003642",55,2030-12-25
"P003642",48,2032-12-24
"P003642",57,2033-11-12
"P003642",38,2034-05-02
"P003642",4,2040-02-04
"P003643",28,2005-02-19
"P003643",1,2006-03-22
"P003643",41,2008-09-27
"P003643",11,2016-12-26
"P003644",53,1992-04-17
"P003644",21,1992-06-24
"P003644",44,1992-07-04
"P003644",16,1995-09-01
"P003644",9,1996-10-13
"P003644",15,1997-11-19
"P003644",54,1998-10-21
"P003644",46,2000-05-18
"P003644",3,2002-05-13
"P003644",49,2002-12-12
"P003644",9,2007-03-13
"P003644",24,2013-06-25
"P003645",23,1964-12-22
"P003645",14,1965-01-12
"P003645",41,1965-09-12
"P003645",58,1975-06-29
"P003645",52,1991-02-05
"P003646",4,2014-01-18
"P003646",24,2026-06-12
"P003646",49,2031-05-07
"P003646",4,2032-12-15
"P003646",53,2034-09-16
"P003646",27,2035-04-28
"P003646",11,2036-11-25
"P003646",62,2037-12-15
"P003647",10,1997-08-26
"P003647",8,2012-10-31
"P003647",1,2019-02-27
"P003648",61,1998-08-01
"P003648",6,2007-04-01
"P003648",27,2010-01-04
"P003648",17,2028-02-25
"P003649",16,1997-06-16
"P003649",23,2000-11-23
"P003649",56,2003-07-15
"P003649",6,2004-05-22
"P003649",65,2004-11-02
"P003649",52,2021-10-05
"P003649",28,2022-02-20
"P003650",25,1977-05-13
"P003650",16,1995-08-08
"P003650",57,1996-02-29
"P003650",11,1996-06-13
"P003650",25,1998-07-11
"P003650",41,1999-11-26
"P003650",62,1999-12-06
"P003651",19,2017-02-28
"P003651",28,2018-04-11
"P003651",1,2022-06-20
"P003651",21,2023-10-09
"P003651",47,2038-02-09
"P003652",52,1974-06-27
"P003652",19,1983-01-13
"P003652",3,1994-12-17
"P003652",59,1996-09-05
"P003654",51,1991-09-19
"P003654",3,1996-06-25
"P003654",35,2000-10-09
"P003654",64,2001-11-29
"P003654",63,2006-09-09
"P003654",25,2007-05-18
"P003654",47,2013-11-25
"P003654",28,2018-10-11
"P003655",28,1972-07-11
"P003655",19,1983-10-10
"P003655",25,1984-09-04
"P003655",35,1986-12-08
"P003655",30,2005-11-12
"P003655",3,2006-06-15
"P003655",62,2006-12-17
"P003656",14,1988-08-01
"P003656",49,1993-12-17
"P003656",55,1997-04-19
"P003656",19,1998-05-01
"P003656",5,2000-08-07
"P003656",64,2002-04-27
"P003656",1,2009-12-17
"P003657",50,1988-06-25
"P003657",4,1991-05-19
"P003657",7,1991-06-13
"P003657",46,1992-05-20
"P003658",6,1986-05-23
"P003658",28,2006-01-09
"P003658",55,2006-05-02
"P003658",18,2008-11-06
"P003658",19,2009-10-17
"P003658",28,2010-08-19
"P003658",4,2010-08-31
"P003658",14,2010-11-29
"P003658",1,2010-12-26
"P003658",24,2013-07-22
"P003658",40,2014-08-15
"P003659",55,2020-02-06
"P003659",11,2021-02-25
"P003659",49,2025-01-31
"P003659",16,2025-02-03
"P003659",3,2026-08-23
"P003659",23,2030-04-04
"P003659",52,2035-08-26
"P003659",21,2038-03-14
"P003660",28,2017-08-29
"P003660",40,2018-03-23
"P003660",32,2019-09-08
"P003660",55,2021-01-12
"P003660",2,2023-01-12
"P003660",26,2023-07-23
"P003660",34,2024-02-22
"P003660",26,2033-04-04
"P003660",66,2033-06-02
"P003660",54,2033-06-06
"P003660",16,2034-08-30
"P003660",36,2035-08-27
"P003660",28,2038-12-14
"P003661",61,1967-11-19
"P003661",26,1977-08-26
"P003661",8,1988-03-10
"P003661",28,1988-07-22
"P003661",28,1993-05-03
"P003661",5,1999-05-07
"P003662",12,1994-04-20
"P003662",64,1995-05-29
"P003662",36,1999-07-02
"P003663",3,1984-06-30
"P003663",1,1992-07-21
"P003663",65,1992-08-25
"P003663",6,1993-09-30
"P003663",1,1999-07-11
"P003663",55,2023-03-22
"P003663",4,2023-06-01
"P003664",15,2001-06-28
"P003664",27,2009-09-20
"P003664",42,2010-03-25
"P003664",52,2026-11-14
"P003664",63,2036-05-08
"P003665",52,1986-05-06
"P003665",9,1993-05-19
"P003665",23,2010-05-25
"P003666",52,1971-08-22
"P003666",62,1991-09-24
"P003666",15,1994-06-17
"P003666",15,2000-11-19
"P003667",40,1988-08-19
"P003667",47,1988-11-23
"P003667",32,1990-02-04
"P003668",2,1991-02-05
"P003669",17,1982-02-16
"P003669",65,1982-06-05
"P003669",52,1991-10-05
"P003669",19,1993-06-02
"P003669",58,1999-07-25
"P003670",34,1966-05-02
"P003670",52,1987-11-19
"P003670",1,1991-10-27
"P003670",19,1992-12-12
"P003670",43,1998-01-15
"P003671",2,2012-10-25
"P003671",27,2013-09-01
"P003671",52,2026-03-13
"P003671",53,2042-02-04
"P003671",11,2042-06-24
"P003671",16,2042-08-16
"P003671",11,2044-09-04
"P003672",28,2020-09-24
"P003672",8,2041-03-08
"P003673",15,2051-11-03
"P003674",42,2012-08-20
"P003674",28,2037-07-30
"P003674",26,2041-07-25
"P003675",27,2018-01-28
"P003675",27,2018-03-30
"P003675",12,2042-05-01
"P003676",23,1986-09-29
"P003676",29,1986-10-30
"P003676",37,1987-11-28
"P003676",2,1989-05-25
"P003676",2,1999-03-18
"P003676",13,2010-06-13
"P003676",21,2016-10-01
"P003676",14,2020-10-25
"P003676",44,2023-01-08
"P003676",61,2024-01-27
"P003677",14,1991-02-11
"P003677",25,1997-07-06
"P003677",27,2000-05-19
"P003678",43,1987-09-17
"P003678",4,1988-11-30
"P003679",6,2021-06-09
"P003679",43,2029-09-28
"P003679",2,2034-02-24
"P003680",28,1981-11-11
"P003680",12,1997-05-16
"P003680",62,1999-10-16
"P003680",30,2008-06-07
"P003680",52,2012-05-24
"P003681",41,2007-04-04
"P003681",20,2008-02-01
"P003681",61,2012-06-16
"P003681",43,2013-08-03
"P003681",43,2028-06-23
"P003681",55,2037-06-21
"P003681",27,2038-02-28
"P003682",27,1964-08-14
"P003682",62,1965-05-22
"P003682",42,1967-03-14
"P003682",43,1971-08-20
"P003683",6,1994-02-27
"P003683",1,1994-12-23
"P003683",8,2009-03-19
"P003683",7,2025-12-03
"P003683",28,2030-10-12
"P003684",30,2003-09-09
"P003684",3,2007-04-08
"P003686",47,2045-03-17
"P003687",52,1994-06-30
"P003687",14,2005-05-14
"P003687",41,2007-09-06
"P003687",20,2009-05-24
"P003688",42,1984-08-08
"P003688",41,1984-09-08
"P003688",15,1985-05-27
"P003688",7,1985-07-29
"P003688",31,1985-10-20
"P003688",43,1988-02-22
"P003688",11,1999-08-15
"P003688",15,2000-11-01
"P003688",15,2001-08-22
"P003688",22,2020-04-07
"P003689",23,2007-05-30
"P003689",23,2014-09-11
"P003689",55,2023-07-17
"P003689",46,2023-11-17
"P003689",40,2026-07-12
"P003690",1,2020-12-06
"P003691",25,1997-11-03
"P003691",41,2008-04-17
"P003691",8,2017-03-26
"P003691",37,2017-06-08
"P003691",52,2018-04-29
"P003691",42,2018-07-27
"P003691",25,2032-11-24
"P003692",8,2020-05-07
"P003692",52,2021-05-01
"P003692",28,2021-06-09
"P003692",26,2022-02-14
"P003692",31,2027-12-09
"P003692",2,2040-08-23
"P003692",8,2041-11-22
"P003693",17,1987-12-08
"P003693",55,2003-12-13
"P003693",14,2011-06-03
"P003693",30,2020-04-03
"P003693",58,2020-11-02
"P003693",10,2021-01-23
"P003693",4,2025-07-24
"P003693",66,2025-09-30
"P003694",3,2006-07-15
"P003694",1,2006-09-12
"P003694",52,2008-05-21
"P003694",1,2016-01-09
"P003695",26,1993-01-21
"P003695",27,1995-11-02
"P003695",3,1997-10-01
"P003695",61,1998-09-24
"P003695",3,1999-08-02
"P003695",14,2008-10-07
"P003695",27,2018-11-19
"P003695",24,2020-08-05
"P003695",38,2024-07-31
"P003696",17,2005-07-20
"P003696",30,2036-01-09
"P003696",30,2037-04-14
"P003696",32,2039-04-03
"P003696",30,2042-12-24
"P003696",62,2044-06-02
"P003697",6,2045-05-29
"P003697",1,2045-06-02
"P003698",13,1996-12-21
"P003698",50,2015-12-22
"P003698",4,2017-11-10
"P003699",4,2006-12-20
"P003699",46,2007-04-03
"P003699",14,2007-04-21
"P003699",6,2009-06-13
"P003700",58,2020-01-15
"P003700",19,2020-11-19
"P003700",5,2022-04-19
"P003700",54,2022-10-02
"P003700",37,2023-02-17
"P003700",40,2025-01-07
"P003700",7,2030-08-24
"P003700",41,2030-08-29
"P003700",66,2031-10-08
"P003700",16,2033-05-10
"P003700",14,2047-03-20
"P003701",56,2007-05-16
"P003701",8,2010-02-22
"P003701",18,2012-10-02
"P003701",6,2012-10-04
"P003701",3,2013-12-22
"P003701",3,2021-02-10
"P003701",62,2026-03-25
"P003702",38,1984-06-17
"P003702",62,1984-09-15
"P003702",28,2005-11-14
"P003703",3,1982-02-14
"P003703",49,1982-06-10
"P003703",24,1990-01-27
"P003703",30,2000-03-07
"P003704",3,1994-01-07
"P003704",21,1995-09-10
"P003704",52,1999-01-30
"P003704",14,2010-11-07
"P003704",9,2010-12-29
"P003704",54,2013-05-05
"P003704",1,2015-05-24
"P003704",28,2017-06-03
"P003705",47,2017-03-06
"P003705",31,2017-03-08
"P003705",1,2037-03-29
"P003706",21,1983-07-12
"P003706",55,1988-12-05
"P003706",6,1998-11-05
"P003707",14,2030-05-18
"P003707",34,2031-01-22
"P003707",54,2036-01-28
"P003707",60,2037-11-19
"P003707",23,2047-06-10
"P003708",54,1985-11-20
"P003708",63,1989-07-03
"P003708",42,1990-05-12
"P003708",21,1994-07-17
"P003708",34,1997-05-02
"P003708",56,2015-09-25
"P003709",8,1984-07-19
"P003709",21,2006-12-13
"P003709",25,2015-01-23
"P003709",62,2019-12-28
"P003709",51,2020-05-23
"P003710",26,1971-08-14
"P003710",66,1972-04-25
"P003710",33,1972-06-29
"P003710",30,1972-10-06
"P003710",44,1973-10-29
"P003710",12,1974-02-27
"P003710",4,1974-05-20
"P003710",5,1978-07-05
"P003710",60,1985-09-19
"P003710",11,1994-08-28
"P003710",40,1994-09-28
"P003710",26,1995-08-09
"P003710",1,1995-10-06
"P003710",18,1996-10-03
"P003710",39,1998-10-06
"P003710",1,2000-05-02
"P003710",27,2005-11-09
"P003710",23,2005-12-02
"P003710",23,2007-01-03
"P003711",5,2013-01-30
"P003711",11,2017-04-14
"P003711",8,2035-11-01
"P003711",42,2039-12-27
"P003711",56,2041-08-16
"P003712",3,1998-10-12
"P003713",18,1977-12-29
"P003713",60,1991-01-05
"P003713",8,1995-02-10
"P003713",56,1997-10-26
"P003713",24,1999-01-16
"P003714",23,1996-05-03
"P003714",25,2006-05-14
"P003715",21,2036-10-13
"P003716",3,1997-02-03
"P003716",12,2020-11-10
"P003717",40,2001-01-05
"P003717",24,2001-07-08
"P003717",2,2008-09-14
"P003718",54,2021-01-29
"P003718",41,2027-11-26
"P003719",25,1990-08-17
"P003719",62,1991-01-24
"P003719",52,1991-05-01
"P003719",30,1999-07-02
"P003719",32,2000-04-08
"P003719",35,2005-05-21
"P003719",4,2006-09-24
"P003719",28,2013-07-08
"P003720",1,1984-03-09
"P003720",2,2017-03-06
"P003720",2,2017-07-25
"P003720",14,2022-05-15
"P003721",6,1990-08-17
"P003721",21,1991-05-12
"P003721",47,1991-08-05
"P003721",56,1991-11-03
"P003721",14,1991-12-05
"P003721",24,1992-01-24
"P003721",67,1992-04-06
"P003721",28,1992-05-21
"P003721",14,1993-07-16
"P003721",57,1993-09-16
"P003721",44,1994-09-24
"P003721",27,2009-08-01
"P003721",24,2009-08-22
"P003721",57,2009-11-17
"P003721",62,2010-05-10
"P003721",12,2014-10-11
"P003721",2,2016-08-04
"P003721",19,2020-11-10
"P003721",25,2023-10-19
"P003722",21,1984-09-04
"P003723",24,1978-11-08
"P003723",13,1984-09-14
"P003723",21,1993-09-28
"P003723",49,2004-09-28
"P003724",21,1987-11-17
"P003724",50,1995-01-28
"P003724",62,1995-08-12
"P003724",17,1998-01-16
"P003724",28,2001-09-08
"P003724",10,2003-10-08
"P003724",27,2007-04-18
"P003724",3,2007-11-29
"P003724",42,2008-05-01
"P003725",2,2020-05-01
"P003725",2,2020-05-16
"P003725",23,2025-03-03
"P003725",9,2027-09-30
"P003725",3,2027-10-08
"P003725",2,2028-08-21
"P003726",63,2022-08-15
"P003726",36,2029-07-02
"P003726",23,2029-08-12
"P003726",67,2030-09-01
"P003726",11,2036-09-08
"P003726",43,2043-06-08
"P003726",27,2045-12-01
"P003726",4,2046-04-07
"P003726",53,2046-04-16
"P003726",16,2046-06-20
"P003726",33,2047-09-16
"P003726",58,2047-09-17
"P003726",39,2048-02-15
"P003727",2,1978-12-25
"P003727",24,1979-04-20
"P003727",23,1985-05-13
"P003727",25,1985-06-07
"P003727",3,1985-06-19
"P003727",12,2004-11-04
"P003728",23,2025-04-23
"P003728",30,2037-02-25
"P003728",18,2039-12-09
"P003728",10,2040-06-24
"P003728",15,2041-02-28
"P003728",15,2041-06-03
"P003728",28,2048-03-04
"P003729",28,1993-02-05
"P003729",55,1995-02-24
"P003729",16,2019-03-28
"P003729",56,2021-01-22
"P003730",11,2006-01-21
"P003730",9,2017-03-07
"P003730",2,2018-05-23
"P003730",17,2025-06-19
"P003730",1,2029-01-26
"P003730",55,2033-04-27
"P003731",2,2008-02-21
"P003731",14,2013-09-19
"P003731",28,2027-02-27
"P003731",1,2028-04-17
"P003732",26,1996-12-06
"P003732",13,2002-09-14
"P003733",11,1976-12-24
"P003733",1,1981-04-15
"P003733",39,1981-11-03
"P003733",4,2001-10-01
"P003734",2,1974-03-22
"P003734",7,1976-01-28
"P003734",34,1976-10-06
"P003734",8,1985-04-23
"P003734",52,1989-12-05
"P003734",61,1992-10-02
"P003734",18,1996-09-30
"P003735",49,1980-05-17
"P003735",31,1985-10-28
"P003735",60,1986-09-26
"P003735",5,1987-10-23
"P003735",24,1988-01-05
"P003735",43,1988-07-10
"P003735",47,1989-10-29
"P003735",55,1990-09-03
"P003735",46,1991-12-25
"P003735",49,1996-07-18
"P003736",30,1972-05-30
"P003736",27,1974-02-15
"P003736",27,1974-02-19
"P003736",27,1975-04-14
"P003736",52,1982-09-06
"P003736",25,1990-06-01
"P003736",23,2003-11-13
"P003736",36,2004-09-21
"P003736",67,2005-01-08
"P003736",2,2005-11-25
"P003736",50,2006-06-18
"P003737",41,2000-07-10
"P003737",55,2000-12-12
"P003737",8,2001-10-27
"P003737",53,2003-08-28
"P003737",27,2030-12-20
"P003737",25,2036-02-11
"P003738",6,1992-09-28
"P003738",14,2006-09-16
"P003738",7,2009-01-11
"P003738",26,2015-08-29
"P003738",52,2019-04-02
"P003739",28,1975-10-01
"P003739",40,1976-05-26
"P003739",43,1979-08-08
"P003739",63,1979-12-20
"P003739",26,1980-12-22
"P003739",16,1983-10-01
"P003739",32,2001-01-21
"P003739",55,2010-02-16
"P003740",48,1997-01-28
"P003740",56,2023-08-24
"P003740",53,2026-04-14
"P003740",27,2027-01-02
"P003741",54,1984-08-30
"P003742",14,2003-10-13
"P003742",6,2010-08-16
"P003743",26,1994-12-05
"P003743",14,1997-08-17
"P003743",3,2000-11-11
"P003743",28,2000-12-31
"P003743",30,2001-10-13
"P003743",5,2004-03-05
"P003744",1,2003-10-22
"P003744",11,2005-08-29
"P003744",6,2010-01-30
"P003744",24,2019-01-05
"P003744",52,2024-03-02
"P003745",14,2015-05-31
"P003745",1,2033-06-12
"P003745",35,2040-08-28
"P003745",34,2040-11-06
"P003745",4,2040-11-20
"P003745",62,2041-08-04
"P003745",15,2042-07-09
"P003745",67,2042-07-31
"P003745",32,2043-08-11
"P003745",54,2043-08-30
"P003745",31,2051-05-04
"P003747",21,1971-08-24
"P003747",63,1976-04-04
"P003747",14,1983-01-30
"P003747",54,1983-07-05
"P003747",30,1994-04-03
"P003747",24,1994-04-30
"P003748",7,1982-09-02
"P003748",27,1987-05-31
"P003748",2,1995-06-26
"P003748",41,2000-04-28
"P003748",43,2000-07-20
"P003748",58,2016-01-10
"P003748",28,2016-02-28
"P003749",17,1999-02-06
"P003749",26,2016-10-23
"P003749",3,2016-12-11
"P003749",14,2022-07-22
"P003749",4,2030-01-17
"P003749",7,2030-01-22
"P003749",55,2032-03-10
"P003749",12,2032-11-18
"P003750",8,1992-09-08
"P003750",27,1995-11-01
"P003750",14,1999-12-11
"P003750",54,2001-02-01
"P003750",2,2010-11-13
"P003750",10,2018-11-19
"P003751",18,2011-03-17
"P003751",15,2012-04-09
"P003752",25,1976-02-01
"P003752",12,1982-12-15
"P003752",3,1983-11-02
"P003752",30,1983-11-29
"P003752",61,1984-10-23
"P003752",21,1985-09-28
"P003752",58,1986-05-08
"P003752",53,1987-05-18
"P003752",67,1987-11-15
"P003752",8,1988-06-23
"P003752",12,1988-09-07
"P003752",31,1989-01-16
"P003752",54,1990-07-29
"P003752",66,1991-03-05
"P003752",62,2004-01-04
"P003752",6,2005-04-25
"P003752",23,2006-11-05
"P003753",37,2029-08-03
"P003753",29,2030-09-17
"P003753",53,2040-02-24
"P003753",62,2046-03-29
"P003753",55,2047-12-27
"P003754",56,1977-04-09
"P003754",6,1982-05-24
"P003754",28,1993-03-23
"P003754",49,1993-06-26
"P003755",19,1997-09-10
"P003755",17,2003-04-11
"P003755",19,2003-12-23
"P003756",3,1969-01-11
"P003756",49,1970-09-03
"P003756",18,1977-03-11
"P003756",27,1989-11-07
"P003756",4,1990-03-04
"P003757",27,1988-04-07
"P003757",11,1998-01-28
"P003757",36,1999-07-29
"P003757",36,1999-09-08
"P003757",57,2001-03-26
"P003757",30,2010-01-05
"P003757",40,2010-07-16
"P003757",19,2012-01-20
"P003758",3,2000-02-08
"P003758",39,2001-02-26
"P003758",58,2004-01-16
"P003758",3,2005-05-15
"P003758",49,2006-01-18
"P003758",49,2011-10-13
"P003758",54,2014-12-14
"P003758",27,2017-05-25
"P003759",14,1975-01-16
"P003760",6,1973-11-06
"P003760",2,1977-11-04
"P003761",39,1995-05-02
"P003761",25,2010-03-29
"P003762",4,1974-12-07
"P003762",52,1975-06-10
"P003762",3,1994-02-02
"P003763",56,2007-10-09
"P003763",1,2018-07-19
"P003763",14,2018-07-21
"P003763",4,2028-08-04
"P003763",64,2030-08-12
"P003763",28,2034-01-09
"P003763",14,2036-11-03
"P003764",18,1976-03-09
"P003764",11,1983-06-10
"P003764",2,1989-06-16
"P003764",55,1994-03-04
"P003764",12,1999-04-05
"P003765",52,1992-06-18
"P003765",23,2011-11-05
"P003765",28,2021-04-14
"P003766",62,1990-03-05
"P003766",6,1992-11-16
"P003766",65,1994-08-12
"P003766",28,1995-03-13
"P003766",12,1995-03-17
"P003766",60,1995-10-23
"P003766",42,2001-07-26
"P003766",63,2002-09-18
"P003766",14,2006-02-06
"P003767",28,2016-11-05
"P003768",18,1980-04-23
"P003768",28,2008-03-08
"P003768",18,2017-12-12
"P003768",66,2018-01-04
"P003769",19,2002-12-23
"P003769",37,2003-09-14
"P003769",27,2003-10-14
"P003769",3,2007-06-29
"P003769",49,2007-12-07
"P003769",15,2009-03-10
"P003769",8,2015-05-25
"P003770",44,2005-02-15
"P003770",17,2017-03-09
"P003770",38,2024-06-29
"P003770",12,2024-11-23
"P003770",61,2042-01-31
"P003770",34,2042-11-17
"P003770",53,2043-06-15
"P003771",52,1978-08-05
"P003771",2,1988-12-28
"P003771",43,1989-04-28
"P003771",13,2001-02-13
"P003771",50,2007-10-23
"P003772",20,2003-11-26
"P003772",6,2006-12-19
"P003772",6,2026-04-25
"P003772",3,2031-07-03
"P003772",54,2037-05-04
"P003773",43,1995-08-09
"P003773",1,1997-05-22
"P003773",28,2005-12-04
"P003773",58,2020-12-21
"P003773",10,2022-01-04
"P003773",58,2023-08-22
"P003773",28,2029-03-22
"P003773",16,2029-08-17
"P003773",57,2030-08-22
"P003774",49,2045-02-07
"P003774",7,2048-02-28
"P003774",27,2052-03-30
"P003775",11,1963-11-09
"P003775",49,1967-12-28
"P003775",64,1973-02-02
"P003775",59,1974-02-10
"P003775",38,1977-02-06
"P003775",28,1977-06-26
"P003775",4,1978-02-19
"P003775",54,1980-01-07
"P003775",41,1980-10-06
"P003775",12,1980-11-15
"P003775",7,1982-07-07
"P003775",6,1983-02-24
"P003776",49,1995-09-21
"P003777",61,1970-10-14
"P003777",6,1981-03-17
"P003778",3,1996-06-24
"P003778",27,2007-10-10
"P003778",11,2029-09-04
"P003778",49,2032-07-08
"P003779",25,1977-05-30
"P003779",62,1994-04-27
"P003779",2,1994-08-19
"P003779",61,1997-02-19
"P003779",55,2001-04-22
"P003779",37,2005-07-26
"P003779",55,2006-04-21
"P003779",1,2010-01-10
"P003780",28,1990-02-21
"P003780",67,1993-10-11
"P003780",25,2000-04-13
"P003780",27,2000-09-25
"P003780",30,2004-09-20
"P003780",40,2005-01-14
"P003780",44,2010-05-13
"P003780",11,2010-09-13
"P003780",30,2017-09-26
"P003781",28,2008-03-11
"P003781",12,2027-10-22
"P003781",5,2028-06-11
"P003781",62,2031-07-28
"P003781",64,2032-03-16
"P003782",10,1982-08-10
"P003782",25,1992-10-08
"P003782",1,2003-10-18
"P003782",23,2012-03-01
"P003782",21,2013-01-03
"P003782",52,2017-05-28
"P003782",49,2019-04-02
"P003782",2,2020-01-18
"P003783",14,2015-03-15
"P003783",5,2020-05-05
"P003784",43,2021-07-06
"P003785",27,2001-02-14
"P003786",6,2010-05-19
"P003786",43,2034-10-23
"P003786",26,2036-06-02
"P003787",28,1994-02-19
"P003787",43,2005-10-12
"P003787",63,2012-07-12
"P003787",30,2014-04-29
"P003787",2,2024-07-11
"P003787",60,2027-07-26
"P003787",18,2028-09-29
"P003787",18,2029-05-02
"P003787",53,2030-01-06
"P003788",25,2002-10-08
"P003788",27,2006-01-10
"P003789",50,2024-07-16
"P003789",28,2045-05-21
"P003789",12,2046-07-13
"P003790",15,2011-05-07
"P003790",27,2013-07-16
"P003790",65,2014-12-07
"P003792",8,2042-03-28
"P003792",8,2043-06-09
"P003792",29,2044-09-30
"P003793",7,2047-11-04
"P003794",48,1980-06-22
"P003794",8,1981-10-11
"P003794",37,1982-09-18
"P003794",4,1982-10-31
"P003794",40,1982-11-22
"P003794",54,1984-07-25
"P003794",6,2002-01-02
"P003794",2,2003-12-28
"P003794",1,2004-04-19
"P003794",26,2004-05-07
"P003795",6,1995-08-11
"P003795",27,1995-09-11
"P003795",4,1996-07-30
"P003795",6,1998-12-27
"P003795",49,2001-04-16
"P003796",26,2039-03-10
"P003796",28,2055-01-05
"P003797",62,1972-10-21
"P003797",26,2002-09-17
"P003798",28,2018-06-09
"P003798",40,2031-09-20
"P003798",60,2032-04-22
"P003798",55,2039-07-07
"P003798",46,2043-10-03
"P003799",28,1978-03-14
"P003799",10,1983-03-22
"P003799",4,1990-06-23
"P003799",8,1990-10-29
"P003799",47,1991-02-24
"P003799",3,1993-03-04
"P003799",11,2002-09-13
"P003799",15,2003-04-17
"P003799",3,2011-07-27
"P003799",58,2013-10-12
"P003799",18,2014-02-09
"P003799",25,2016-10-31
"P003800",47,2027-03-29
"P003800",14,2027-09-19
"P003800",61,2033-11-11
"P003800",31,2040-05-10
"P003801",60,1992-10-07
"P003801",4,1999-09-29
"P003801",29,2000-12-27
"P003801",49,2001-03-09
"P003801",6,2002-09-28
"P003801",30,2003-02-22
"P003801",23,2007-04-02
"P003801",16,2015-09-29
"P003801",3,2023-02-01
"P003802",27,1984-06-02
"P003802",38,1984-08-01
"P003802",62,1984-10-11
"P003802",28,2003-03-29
"P003802",55,2009-06-04
"P003802",43,2013-07-30
"P003803",3,1993-10-24
"P003803",49,1997-03-17
"P003803",2,1997-03-18
"P003803",4,1997-11-12
"P003803",61,2000-11-01
"P003803",58,2001-11-23
"P003803",27,2002-03-23
"P003803",41,2002-08-27
"P003803",34,2004-04-03
"P003803",34,2007-01-25
"P003803",28,2013-01-11
"P003803",47,2030-04-03
"P003804",60,2019-02-18
"P003804",24,2020-03-14
"P003804",28,2021-12-20
"P003804",14,2022-09-12
"P003804",30,2022-12-06
"P003804",3,2025-09-01
"P003804",3,2036-05-10
"P003804",54,2048-02-22
"P003804",28,2049-08-31
"P003805",6,1967-10-05
"P003805",26,1987-08-26
"P003805",62,1994-06-25
"P003805",64,1994-08-04
"P003805",22,1994-09-26
"P003805",18,1995-01-16
"P003805",28,1997-02-23
"P003805",52,1998-03-15
"P003805",28,1999-03-09
"P003805",12,2000-10-14
"P003805",18,2004-05-31
"P003805",53,2005-08-03
"P003806",53,1978-06-16
"P003806",11,1979-10-29
"P003806",3,1981-08-19
"P003806",1,1982-01-02
"P003806",25,1991-12-21
"P003806",33,1992-11-15
"P003806",42,1996-04-12
"P003807",27,1966-07-31
"P003807",3,1982-04-14
"P003807",35,1985-08-22
"P003807",10,1990-09-13
"P003807",28,1995-03-20
"P003807",2,1998-01-16
"P003807",16,2000-07-11
"P003807",62,2003-05-29
"P003808",4,2018-09-30
"P003808",1,2020-04-01
"P003808",13,2020-07-02
"P003808",67,2022-08-20
"P003809",1,2020-04-02
"P003809",30,2053-01-30
"P003810",47,1969-02-17
"P003810",43,1997-06-08
"P003811",56,1966-05-13
"P003811",52,1995-10-16
"P003811",25,2001-03-03
"P003811",23,2001-07-03
"P003811",27,2001-10-29
"P003811",5,2002-01-16
"P003812",3,1989-12-08
"P003812",27,1992-11-14
"P003812",24,2009-11-03
"P003813",4,1984-07-02
"P003813",3,1988-11-11
"P003813",30,1989-06-01
"P003813",10,1995-09-11
"P003813",13,2006-03-24
"P003814",49,2002-10-25
"P003814",6,2003-01-08
"P003814",35,2004-12-14
"P003814",24,2006-06-05
"P003815",49,1978-06-08
"P003815",63,1979-11-28
"P003815",30,1981-03-08
"P003815",3,1982-10-21
"P003815",40,1983-08-26
"P003815",55,1984-09-09
"P003815",39,1990-03-22
"P003815",34,1991-05-05
"P003815",21,1996-03-28
"P003815",24,1998-07-25
"P003816",4,1989-06-16
"P003816",4,1990-08-25
"P003816",58,1991-05-26
"P003816",8,2004-12-22
"P003816",31,2005-03-21
"P003816",40,2022-06-25
"P003816",47,2023-06-11
"P003817",23,1978-10-18
"P003818",13,1975-07-17
"P003818",22,1975-10-25
"P003818",24,1991-01-20
"P003818",21,1999-12-18
"P003819",23,2007-02-24
"P003820",1,1967-11-16
"P003820",27,1976-01-21
"P003820",14,1977-04-25
"P003820",18,1980-04-24
"P003820",43,1988-10-14
"P003821",32,2005-01-14
"P003821",28,2010-04-07
"P003821",39,2012-08-20
"P003821",44,2025-10-17
"P003821",41,2025-12-09
"P003821",16,2029-04-22
"P003821",27,2035-02-16
"P003822",3,2009-03-19
"P003822",53,2010-08-08
"P003822",24,2013-11-25
"P003822",67,2016-03-29
"P003822",28,2018-08-11
"P003822",2,2021-05-11
"P003823",21,1996-08-15
"P003823",47,1997-02-17
"P003823",66,1997-08-07
"P003823",8,2000-08-20
"P003823",28,2006-07-16
"P003823",43,2010-07-13
"P003824",50,1998-06-02
"P003824",9,1999-07-31
"P003824",55,2001-07-01
"P003824",25,2024-03-14
"P003824",56,2026-04-12
"P003824",15,2031-11-30
"P003824",62,2032-04-08
"P003825",27,2011-11-14
"P003825",18,2015-03-01
"P003825",1,2015-09-21
"P003825",4,2016-04-29
"P003825",39,2020-08-21
"P003826",3,1973-08-27
"P003826",2,1986-07-17
"P003826",43,1988-02-20
"P003826",49,2004-12-16
"P003826",43,2010-05-17
"P003827",18,2012-02-13
"P003827",52,2023-01-19
"P003827",47,2023-07-20
"P003827",13,2025-02-07
"P003827",55,2025-06-28
"P003827",61,2032-12-23
"P003827",3,2045-10-30
"P003827",6,2048-02-12
"P003828",55,1996-10-28
"P003828",39,1998-09-25
"P003828",19,2019-06-18
"P003828",12,2019-07-06
"P003828",62,2020-03-27
"P003828",28,2020-04-02
"P003828",64,2021-03-03
"P003828",64,2022-01-12
"P003828",6,2026-06-13
"P003829",3,1981-07-15
"P003829",23,1985-09-21
"P003829",40,1985-11-21
"P003829",49,2003-10-25
"P003829",4,2005-10-02
"P003829",7,2005-10-05
"P003829",64,2006-04-11
"P003829",53,2006-05-19
"P003829",24,2009-04-09
"P003829",27,2012-10-19
"P003830",7,1999-06-24
"P003830",9,2000-04-03
"P003830",13,2000-06-11
"P003830",57,2001-04-09
"P003830",20,2011-10-08
"P003831",28,2003-07-26
"P003831",31,2020-02-16
"P003832",18,2027-08-07
"P003832",61,2029-03-29
"P003832",14,2029-09-24
"P003832",2,2035-11-17
"P003833",18,1980-07-19
"P003833",10,1981-06-03
"P003833",41,1981-07-31
"P003833",40,1981-10-23
"P003833",40,1991-02-22
"P003833",4,1993-12-05
"P003833",37,2002-04-26
"P003833",41,2002-09-14
"P003833",6,2004-07-24
"P003833",60,2004-09-27
"P003833",4,2007-01-19
"P003833",6,2009-11-18
"P003834",46,1977-05-02
"P003834",4,1985-06-14
"P003834",30,1991-11-01
"P003835",8,2014-05-13
"P003835",23,2015-02-13
"P003835",6,2015-09-28
"P003835",1,2016-11-12
"P003835",25,2018-06-25
"P003835",13,2019-05-30
"P003835",13,2020-06-29
"P003835",20,2044-04-22
"P003836",24,2021-08-18
"P003836",57,2022-10-20
"P003836",15,2036-10-04
"P003836",54,2044-04-23
"P003836",55,2050-01-28
"P003836",59,2052-05-08
"P003837",21,2013-04-11
"P003837",4,2021-09-11
"P003837",58,2021-09-27
"P003838",28,2003-05-26
"P003838",52,2013-06-18
"P003838",16,2016-08-23
"P003838",3,2016-09-21
"P003838",35,2017-06-16
"P003838",23,2018-12-30
"P003838",40,2019-12-16
"P003838",8,2027-11-06
"P003838",16,2029-12-25
"P003838",3,2042-04-18
"P003839",7,1968-04-19
"P003839",23,1970-09-23
"P003839",28,1971-12-18
"P003839",4,1981-01-14
"P003839",53,1982-07-09
"P003839",11,1982-10-28
"P003839",23,1982-12-25
"P003839",26,1983-01-12
"P003839",23,1988-11-17
"P003839",9,1990-10-10
"P003840",41,1985-06-29
"P003840",30,1985-11-24
"P003840",3,1987-09-21
"P003840",42,1989-10-05
"P003840",12,1991-11-21
"P003840",28,2008-01-17
"P003840",14,2015-10-03
"P003841",6,2022-03-22
"P003841",44,2026-01-27
"P003841",55,2038-01-08
"P003842",22,2001-01-28
"P003842",61,2002-04-01
"P003842",12,2011-01-01
"P003842",28,2022-08-26
"P003842",52,2023-06-08
"P003843",42,1974-08-02
"P003843",21,1984-08-14
"P003843",47,1985-02-02
"P003844",1,1992-10-11
"P003844",28,2008-03-21
"P003844",55,2018-05-22
"P003844",39,2021-09-20
"P003845",50,2037-11-10
"P003845",28,2044-08-20
"P003846",20,1986-05-09
"P003846",21,1995-04-07
"P003846",53,1995-05-20
"P003846",49,1995-06-30
"P003846",21,1996-04-13
"P003846",38,1998-03-29
"P003846",4,1999-10-03
"P003846",16,2000-09-26
"P003846",26,2007-02-12
"P003846",25,2013-01-28
"P003846",28,2014-04-14
"P003846",30,2014-08-10
"P003846",15,2019-05-19
"P003846",62,2021-05-31
"P003847",3,1971-08-25
"P003847",49,1972-11-20
"P003847",2,1973-04-29
"P003847",37,1982-01-11
"P003847",50,1984-01-26
"P003847",40,1984-02-07
"P003847",8,1996-05-13
"P003847",28,2003-05-09
"P003847",58,2005-10-25
"P003848",67,2007-02-01
"P003848",50,2007-10-27
"P003848",12,2015-08-13
"P003848",3,2016-01-08
"P003848",13,2020-11-07
"P003849",21,1977-01-13
"P003849",22,1979-10-19
"P003849",14,1992-01-01
"P003849",11,1998-10-03
"P003849",15,2000-11-25
"P003849",23,2003-04-14
"P003849",6,2003-09-08
"P003850",47,1998-07-25
"P003850",50,2023-08-22
"P003850",54,2023-10-20
"P003850",28,2025-03-15
"P003850",39,2025-11-18
"P003851",8,1977-08-23
"P003851",7,2002-06-02
"P003851",28,2002-12-23
"P003852",26,2008-12-18
"P003852",52,2009-05-27
"P003852",11,2024-09-19
"P003852",40,2035-07-13
"P003852",53,2036-04-28
"P003852",38,2038-08-10
"P003853",60,1998-09-26
"P003853",24,1998-10-25
"P003853",47,1998-12-08
"P003853",12,1999-02-11
"P003853",38,1999-03-06
"P003853",24,1999-08-19
"P003853",52,2013-06-16
"P003853",8,2015-04-29
"P003853",23,2023-02-06
"P003854",56,1985-08-02
"P003854",2,1986-07-18
"P003854",7,1987-10-26
"P003854",32,2008-08-15
"P003855",18,2029-07-08
"P003855",18,2030-02-13
"P003856",5,1971-11-19
"P003856",28,1987-07-06
"P003857",18,2027-12-02
"P003858",12,1983-02-24
"P003858",52,1993-02-14
"P003858",65,1993-10-28
"P003858",41,2004-06-25
"P003858",28,2016-12-05
"P003858",41,2018-10-31
"P003858",55,2018-11-14
"P003859",23,2007-07-18
"P003859",6,2009-03-03
"P003859",55,2014-12-24
"P003859",1,2016-02-20
"P003859",23,2034-12-31
"P003859",62,2035-10-19
"P003859",21,2035-11-09
"P003859",7,2036-02-05
"P003859",54,2036-02-19
"P003859",39,2036-03-15
"P003859",31,2036-04-11
"P003859",46,2037-10-14
"P003859",5,2038-06-15
"P003859",2,2038-09-26
"P003860",13,1996-11-14
"P003860",1,2013-04-10
"P003861",26,2009-08-25
"P003861",47,2010-01-26
"P003861",7,2010-06-22
"P003861",17,2015-07-10
"P003861",67,2017-10-18
"P003861",28,2017-12-30
"P003861",40,2018-08-19
"P003861",5,2020-01-03
"P003862",17,1998-02-23
"P003862",31,1998-09-27
"P003862",7,2008-05-25
"P003862",15,2015-12-22
"P003863",23,1985-06-26
"P003863",3,1992-05-25
"P003863",14,2007-06-14
"P003864",8,1983-09-28
"P003864",49,1989-05-15
"P003864",15,1989-10-19
"P003864",28,1990-06-22
"P003864",39,1997-02-15
"P003864",26,2007-01-28
"P003865",28,2022-08-08
"P003865",27,2023-10-25
"P003865",8,2051-02-27
"P003866",6,1973-04-19
"P003867",1,1973-12-07
"P003867",12,1975-06-20
"P003867",50,2003-12-21
"P003867",36,2005-03-09
"P003868",61,2006-11-24
"P003869",5,1990-01-08
"P003870",11,2025-03-11
"P003870",18,2027-03-28
"P003871",61,1992-09-13
"P003871",49,2001-12-27
"P003871",62,2003-01-17
"P003872",23,1989-07-18
"P003872",25,1993-02-23
"P003872",4,2013-12-07
"P003873",28,1990-04-14
"P003873",49,1993-12-04
"P003873",52,2000-07-25
"P003873",11,2003-02-13
"P003873",49,2013-12-03
"P003873",16,2019-07-01
"P003873",14,2019-09-05
"P003873",1,2022-11-09
"P003874",40,2014-04-05
"P003874",1,2014-05-08
"P003874",53,2018-08-11
"P003874",50,2020-10-26
"P003874",19,2024-06-24
"P003874",15,2025-06-30
"P003874",15,2029-09-28
"P003874",55,2035-01-22
"P003875",27,2000-12-02
"P003875",3,2001-10-26
"P003875",63,2004-10-03
"P003875",2,2005-02-26
"P003875",63,2008-03-24
"P003875",34,2009-10-08
"P003875",54,2029-06-14
"P003875",7,2033-03-13
"P003876",16,1981-03-27
"P003876",50,2007-03-21
"P003876",9,2008-07-09
"P003876",9,2010-01-09
"P003876",35,2011-11-01
"P003876",14,2016-01-09
"P003876",62,2017-07-20
"P003877",28,1982-04-09
"P003877",6,1987-01-18
"P003877",34,1989-04-30
"P003877",29,1995-05-21
"P003877",28,1995-06-09
"P003878",52,1978-06-14
"P003879",28,1971-05-06
"P003879",10,1971-05-29
"P003879",22,2003-01-17
"P003879",16,2009-03-16
"P003880",24,2012-08-31
"P003880",35,2013-07-15
"P003880",53,2023-05-20
"P003880",65,2024-07-25
"P003880",4,2026-12-12
"P003880",60,2028-10-26
"P003881",24,2025-07-02
"P003881",54,2029-07-22
"P003881",30,2037-10-10
"P003881",10,2038-09-30
"P003882",8,1966-10-05
"P003882",52,1967-06-11
"P003882",19,1968-09-13
"P003882",44,1968-10-04
"P003882",5,1968-11-01
"P003882",44,1969-09-09
"P003882",52,1980-07-19
"P003882",19,1980-09-20
"P003882",15,1981-05-12
"P003882",15,1982-01-01
"P003882",15,1982-01-23
"P003882",18,1982-08-06
"P003882",60,1983-07-27
"P003882",38,1986-06-27
"P003882",61,1988-10-19
"P003882",3,1994-12-25
"P003882",6,1996-10-07
"P003883",42,2018-03-08
"P003883",49,2018-04-25
"P003883",66,2018-08-30
"P003883",14,2021-06-30
"P003883",7,2025-11-16
"P003883",27,2040-03-16
"P003883",1,2044-03-31
"P003884",34,1971-10-24
"P003884",2,1988-05-08
"P003884",3,1997-10-15
"P003884",3,2000-04-01
"P003885",6,2002-03-11
"P003885",27,2011-12-16
"P003885",44,2016-03-05
"P003885",60,2024-07-08
"P003885",13,2033-09-22
"P003886",3,2025-04-10
"P003886",43,2043-01-18
"P003887",14,2007-05-22
"P003887",22,2007-07-31
"P003887",4,2010-01-12
"P003887",55,2022-03-20
"P003887",23,2022-11-16
"P003887",2,2026-05-11
"P003887",18,2032-06-22
"P003887",9,2036-06-18
"P003888",30,2013-02-05
"P003888",52,2017-09-15
"P003889",3,1976-02-22
"P003889",39,1976-08-31
"P003889",41,1989-08-09
"P003889",42,1994-11-06
"P003890",52,1966-03-30
"P003890",47,1969-03-11
"P003890",14,1969-08-17
"P003890",58,1972-09-17
"P003890",8,1973-10-29
"P003890",32,1984-01-17
"P003890",47,1993-01-17
"P003890",66,1993-01-25
"P003890",21,1999-01-11
"P003891",3,2022-03-26
"P003891",13,2024-06-03
"P003891",62,2030-11-22
"P003891",28,2041-06-26
"P003891",9,2044-11-20
"P003891",8,2045-12-02
"P003891",13,2047-01-28
"P003891",55,2047-08-09
"P003891",19,2048-01-04
"P003891",2,2048-03-07
"P003891",34,2048-11-16
"P003891",12,2049-09-25
"P003892",49,2014-11-03
"P003892",11,2019-04-30
"P003892",25,2026-01-04
"P003892",47,2028-07-07
"P003892",21,2039-10-12
"P003892",27,2040-08-29
"P003893",11,2010-11-01
"P003894",62,1991-04-04
"P003894",17,2006-03-25
"P003894",6,2025-07-17
"P003895",3,1999-07-17
"P003895",55,2000-08-26
"P003895",49,2001-04-06
"P003895",1,2001-04-13
"P003895",39,2003-12-10
"P003895",14,2015-09-19
"P003895",3,2017-06-02
"P003895",7,2033-02-01
"P003895",15,2035-12-23
"P003895",57,2037-05-30
"P003896",14,1983-03-19
"P003896",54,2012-03-07
"P003896",27,2016-07-15
"P003897",7,2034-05-10
"P003897",1,2035-01-19
"P003898",8,1979-10-17
"P003898",21,1983-03-19
"P003898",67,1984-03-12
"P003898",29,1984-05-15
"P003898",62,1984-09-25
"P003898",49,1987-06-26
"P003898",36,1989-12-18
"P003898",24,1990-01-15
"P003898",22,1990-03-15
"P003898",55,1990-07-04
"P003898",16,1994-04-14
"P003898",20,2003-02-16
"P003898",53,2006-07-09
"P003898",11,2007-06-05
"P003899",3,1991-05-14
"P003899",3,2009-01-18
"P003900",4,1982-06-08
"P003900",43,1995-09-25
"P003900",27,1995-12-03
"P003900",25,1996-03-10
"P003900",62,1996-07-10
"P003900",6,1997-10-22
"P003900",53,2010-04-24
"P003900",51,2010-11-12
"P003900",41,2014-06-27
"P003900",44,2015-11-14
"P003900",27,2015-12-03
"P003900",33,2016-06-19
"P003900",44,2019-03-21
"P003900",23,2020-04-18
"P003901",54,1975-05-20
"P003901",62,1983-09-17
"P003901",2,1984-10-26
"P003901",21,1988-11-22
"P003902",1,1968-02-15
"P003902",30,1972-07-27
"P003902",28,1982-04-01
"P003902",61,1986-12-22
"P003902",58,1989-02-25
"P003902",27,1999-08-22
"P003902",52,2000-12-31
"P003903",11,1994-08-17
"P003903",61,2005-08-18
"P003903",12,2006-02-01
"P003903",56,2006-09-29
"P003903",33,2008-05-31
"P003903",26,2010-10-13
"P003903",43,2011-06-01
"P003903",20,2012-03-06
"P003903",16,2024-06-22
"P003903",28,2026-08-10
"P003903",10,2027-12-04
"P003904",7,1969-11-05
"P003904",3,1971-03-12
"P003904",27,1972-02-24
"P003904",7,1975-01-31
"P003904",24,1993-08-17
"P003904",16,1997-09-05
"P003905",44,2030-05-14
"P003905",12,2030-11-07
"P003905",33,2032-04-29
"P003905",4,2032-05-02
"P003905",3,2032-07-10
"P003905",35,2032-10-21
"P003905",24,2033-11-23
"P003905",49,2034-10-16
"P003905",3,2037-01-04
"P003905",31,2038-09-22
"P003905",1,2048-08-08
"P003906",55,1977-07-15
"P003906",25,1987-10-04
"P003906",52,2010-07-23
"P003906",36,2011-08-11
"P003906",7,2016-04-27
"P003907",11,1988-06-14
"P003907",26,1989-02-09
"P003907",4,1994-05-11
"P003907",15,1996-04-24
"P003907",55,1996-10-11
"P003907",3,1996-12-11
"P003907",49,1997-07-19
"P003907",27,1997-08-04
"P003907",30,1997-12-12
"P003907",59,1998-08-26
"P003907",42,1999-11-22
"P003907",3,2005-09-20
"P003907",25,2011-09-05
"P003907",26,2013-09-14
"P003908",52,1995-05-12
"P003908",62,2000-04-25
"P003908",25,2018-01-05
"P003908",42,2018-08-23
"P003908",24,2019-08-08
"P003908",3,2019-09-24
"P003909",17,1994-06-04
"P003909",31,1996-08-24
"P003909",4,1999-05-12
"P003909",19,2028-04-19
"P003910",3,2040-05-18
"P003910",16,2040-09-05
"P003910",27,2042-05-08
"P003910",47,2044-01-21
"P003910",47,2047-08-18
"P003910",26,2050-07-24
"P003911",63,2003-04-24
"P003911",10,2025-02-22
"P003911",40,2028-02-05
"P003912",16,2015-04-07
"P003912",24,2037-12-07
"P003912",2,2047-02-19
"P003913",14,2018-05-15
"P003913",28,2028-04-08
"P003913",30,2032-02-13
"P003913",28,2037-08-03
"P003913",10,2038-06-21
"P003913",12,2049-09-19
"P003913",14,2053-11-03
"P003914",6,1993-11-20
"P003914",43,1995-03-14
"P003914",41,1998-07-06
"P003915",38,1998-10-05
"P003915",67,1999-06-15
"P003915",54,2000-10-29
"P003915",57,2007-05-01
"P003915",49,2012-07-19
"P003915",65,2013-02-08
"P003915",62,2023-04-14
"P003915",26,2025-06-07
"P003915",21,2025-07-03
"P003915",36,2031-05-12
"P003916",5,2013-12-16
"P003916",57,2015-06-28
"P003916",51,2016-03-11
"P003916",2,2018-02-11
"P003916",53,2026-05-31
"P003916",11,2046-12-01
"P003916",58,2047-12-10
"P003916",61,2048-06-06
"P003916",58,2048-11-19
"P003916",38,2049-12-14
"P003916",26,2050-06-29
"P003916",62,2051-05-13
"P003916",26,2051-05-18
"P003917",28,1977-01-23
"P003917",55,1984-12-06
"P003917",24,1994-01-07
"P003917",52,2009-01-29
"P003918",11,1970-06-02
"P003918",3,1975-12-09
"P003918",35,1980-09-29
"P003918",23,1981-03-13
"P003919",11,2020-07-10
"P003919",58,2022-01-29
"P003919",28,2022-09-07
"P003919",6,2022-11-11
"P003919",60,2023-01-04
"P003919",2,2034-01-31
"P003920",24,1986-01-26
"P003920",50,2001-01-07
"P003921",3,1972-10-25
"P003921",25,1973-02-17
"P003921",33,1973-09-22
"P003921",61,1983-02-27
"P003921",4,1989-01-16
"P003922",41,2021-07-07
"P003922",41,2022-03-19
"P003922",55,2044-07-06
"P003922",12,2044-10-23
"P003922",4,2048-03-26
"P003922",3,2055-09-22
"P003923",4,1999-07-01
"P003924",8,1975-03-08
"P003924",35,1979-01-29
"P003924",52,1985-09-16
"P003924",3,1989-06-24
"P003924",30,1999-11-03
"P003924",62,2001-01-06
"P003925",10,2022-05-06
"P003925",10,2051-05-28
"P003926",12,1982-02-09
"P003926",12,1983-04-07
"P003926",6,1984-02-21
"P003926",44,1984-05-04
"P003926",28,1987-10-24
"P003927",28,1994-04-12
"P003927",40,1996-12-17
"P003927",1,2001-06-24
"P003927",28,2003-03-26
"P003927",55,2004-02-02
"P003927",26,2004-10-24
"P003927",3,2006-03-08
"P003927",35,2011-08-26
"P003927",14,2020-02-22
"P003927",14,2023-06-23
"P003927",14,2024-03-14
"P003927",9,2024-11-04
"P003927",43,2026-11-13
"P003927",57,2027-11-14
"P003928",61,2047-03-24
"P003929",27,1971-03-06
"P003929",1,1979-10-19
"P003929",6,1988-05-22
"P003929",27,1991-06-07
"P003929",15,1992-01-23
"P003929",34,1992-06-30
"P003930",62,2000-08-29
"P003930",32,2003-08-26
"P003930",25,2008-04-12
"P003930",52,2011-02-25
"P003930",27,2013-06-29
"P003931",58,1974-08-08
"P003931",50,1977-02-09
"P003931",3,1992-08-12
"P003931",7,2005-02-05
"P003932",61,1982-09-05
"P003932",27,1984-05-21
"P003932",64,1986-02-03
"P003932",61,1987-06-15
"P003932",44,1989-04-16
"P003932",33,1989-05-15
"P003932",21,1990-05-10
"P003932",22,1994-07-28
"P003932",2,2002-03-15
"P003932",14,2006-04-28
"P003933",15,2021-03-31
"P003933",1,2033-11-02
"P003933",39,2035-01-22
"P003934",2,1979-10-02
"P003934",33,1980-08-02
"P003934",53,1982-03-07
"P003934",53,1983-12-19
"P003934",49,1985-08-03
"P003934",40,1987-05-28
"P003934",30,1988-09-02
"P003934",21,2000-10-28
"P003934",67,2010-05-10
"P003934",21,2016-01-23
"P003934",32,2016-06-08
"P003935",24,1960-08-04
"P003935",18,1969-04-19
"P003935",3,1969-12-13
"P003935",30,1972-05-28
"P003935",28,1986-07-25
"P003935",14,1990-01-31
"P003935",3,1991-07-03
"P003936",49,1989-08-07
"P003936",24,1994-05-04
"P003936",47,1996-03-27
"P003936",2,2004-01-29
"P003936",14,2013-10-14
"P003936",15,2017-01-19
"P003936",21,2022-09-03
"P003936",12,2028-04-23
"P003936",31,2028-07-19
"P003937",8,2000-04-22
"P003937",52,2017-01-01
"P003937",47,2019-04-11
"P003938",27,1978-07-08
"P003938",28,2001-06-08
"P003938",38,2005-10-24
"P003939",28,2003-09-17
"P003939",30,2010-10-21
"P003939",62,2012-10-28
"P003939",14,2014-09-08
"P003940",12,2000-11-11
"P003940",30,2002-06-02
"P003940",49,2009-07-30
"P003940",21,2015-10-17
"P003940",21,2016-09-22
"P003941",15,1987-08-13
"P003941",21,2002-06-23
"P003941",12,2003-08-13
"P003941",2,2008-02-05
"P003941",13,2013-04-30
"P003941",18,2013-08-11
"P003942",42,1979-07-01
"P003942",2,1987-04-29
"P003942",43,1989-08-20
"P003942",41,1989-11-23
"P003942",13,1991-02-07
"P003942",4,1991-06-02
"P003942",34,1993-12-11
"P003942",55,1995-04-19
"P003942",12,1999-10-11
"P003942",64,2000-06-30
"P003942",52,2001-02-15
"P003942",5,2002-03-08
"P003942",59,2004-01-14
"P003942",47,2004-10-17
"P003943",63,2023-01-21
"P003944",28,2012-12-14
"P003944",24,2013-05-08
"P003944",49,2014-10-13
"P003944",4,2020-07-09
"P003944",38,2022-07-04
"P003944",46,2023-03-26
"P003944",5,2023-07-04
"P003944",53,2025-11-16
"P003944",45,2028-03-24
"P003944",60,2030-04-05
"P003945",50,2014-11-18
"P003945",4,2028-07-28
"P003945",64,2029-01-15
"P003945",11,2033-08-08
"P003945",4,2039-04-08
"P003945",62,2041-07-12
"P003945",64,2041-12-27
"P003946",24,1996-10-10
"P003947",67,1998-03-17
"P003947",4,2002-07-22
"P003947",39,2003-07-08
"P003947",4,2005-01-23
"P003947",67,2005-03-17
"P003948",16,1993-03-23
"P003948",4,1993-10-26
"P003948",5,2010-01-20
"P003948",43,2010-05-16
"P003948",41,2020-03-01
"P003949",52,1975-07-05
"P003949",21,1976-01-16
"P003950",42,1977-02-18
"P003950",28,1992-04-11
"P003950",3,1997-11-17
"P003950",47,1997-12-02
"P003950",14,1999-02-17
"P003951",21,2009-10-04
"P003951",28,2009-12-14
"P003951",26,2025-06-05
"P003951",42,2026-09-29
"P003951",4,2032-02-15
"P003951",52,2032-05-29
"P003951",52,2036-12-21
"P003952",12,1969-09-04
"P003952",8,1969-10-20
"P003952",30,1970-01-16
"P003952",30,1970-05-25
"P003952",51,1982-05-15
"P003952",13,1983-01-16
"P003952",43,1986-06-26
"P003952",7,1996-12-27
"P003953",27,2003-07-02
"P003953",65,2003-08-12
"P003953",24,2006-09-23
"P003953",10,2015-10-29
"P003953",28,2018-12-26
"P003953",55,2022-03-22
"P003953",15,2030-12-13
"P003954",60,2011-05-15
"P003954",60,2032-03-22
"P003955",65,1993-12-25
"P003955",55,1994-12-14
"P003955",28,1997-03-08
"P003955",1,2008-08-03
"P003955",8,2010-05-16
"P003955",40,2019-04-02
"P003955",63,2019-04-03
"P003956",56,1990-09-08
"P003956",27,1990-11-28
"P003956",61,1994-08-28
"P003956",32,2002-09-28
"P003957",47,2009-09-17
"P003957",10,2017-01-27
"P003957",49,2043-06-23
"P003958",4,1970-02-11
"P003958",29,1978-12-10
"P003958",23,1979-04-24
"P003958",3,1987-10-17
"P003958",23,1993-02-22
"P003958",41,1994-05-28
"P003958",33,1996-12-31
"P003958",66,2000-01-29
"P003959",60,2030-07-01
"P003959",55,2030-08-02
"P003959",48,2036-01-17
"P003960",30,1997-01-03
"P003960",24,1999-04-12
"P003960",28,2003-03-13
"P003960",6,2020-10-13
"P003961",2,2010-06-10
"P003961",14,2023-10-27
"P003961",43,2025-01-01
"P003961",1,2030-08-28
"P003961",52,2033-05-30
"P003961",28,2033-06-25
"P003961",58,2034-06-01
"P003962",52,2029-05-21
"P003962",57,2032-04-27
"P003962",21,2033-01-18
"P003962",31,2033-06-19
"P003962",63,2034-01-13
"P003962",31,2036-01-26
"P003962",14,2038-02-03
"P003963",27,1966-03-04
"P003963",49,1967-02-20
"P003963",62,1969-03-18
"P003963",48,1969-11-10
"P003963",62,1983-04-16
"P003963",50,1986-01-19
"P003963",66,1987-04-29
"P003963",2,1992-08-07
"P003963",1,1993-05-28
"P003964",1,1972-05-30
"P003964",18,1996-08-01
"P003964",7,1997-02-20
"P003964",64,2001-07-17
"P003965",2,1994-08-30
"P003965",52,1997-07-08
"P003966",47,1996-06-15
"P003966",11,1999-09-09
"P003966",3,2007-12-04
"P003966",41,2019-06-18
"P003966",30,2024-06-20
"P003967",38,2015-10-14
"P003967",49,2019-06-19
"P003967",56,2021-04-01
"P003967",35,2026-03-21
"P003967",40,2027-03-09
"P003967",15,2033-05-13
"P003967",55,2034-06-03
"P003967",34,2034-07-26
"P003967",2,2034-12-16
"P003968",23,1998-10-31
"P003968",4,2000-08-31
"P003968",27,2006-08-19
"P003968",65,2011-12-25
"P003969",4,2020-02-05
"P003969",30,2029-08-11
"P003969",23,2039-03-09
"P003969",40,2041-07-04
"P003970",1,2003-12-31
"P003970",53,2007-01-14
"P003970",30,2007-05-24
"P003970",65,2009-04-20
"P003970",7,2010-04-15
"P003970",3,2015-06-06
"P003970",28,2035-12-16
"P003970",42,2036-11-18
"P003971",3,1986-07-07
"P003971",4,1997-12-14
"P003972",34,1978-11-01
"P003972",2,1989-09-20
"P003972",29,1992-03-04
"P003972",28,1999-11-17
"P003973",28,1989-01-16
"P003973",36,2001-12-26
"P003973",43,2006-10-21
"P003974",4,2001-06-19
"P003974",30,2002-05-16
"P003974",55,2008-05-23
"P003974",43,2009-11-12
"P003974",24,2014-10-17
"P003974",1,2015-07-07
"P003974",4,2016-09-16
"P003974",4,2017-02-01
"P003974",22,2017-10-09
"P003974",67,2018-05-07
"P003974",67,2019-05-19
"P003974",29,2020-04-25
"P003974",30,2023-07-24
"P003974",14,2024-05-06
"P003974",58,2024-08-17
"P003974",10,2026-03-21
"P003974",12,2027-10-24
"P003974",30,2029-01-06
"P003974",1,2031-01-29
"P003974",44,2033-08-12
"P003974",49,2034-02-19
"P003974",35,2034-06-17
"P003974",2,2035-03-03
"P003974",26,2037-11-05
"P003975",4,1998-08-15
"P003975",57,2000-07-04
"P003975",13,2011-12-20
"P003975",2,2018-10-08
"P003975",43,2019-08-16
"P003976",61,1983-08-16
"P003976",18,1988-07-24
"P003976",18,1989-10-20
"P003976",52,1992-05-05
"P003976",30,1992-09-19
"P003976",24,1992-10-19
"P003976",13,2001-09-27
"P003976",3,2002-12-19
"P003976",39,2005-10-29
"P003977",42,2013-08-22
"P003977",19,2023-04-22
"P003977",3,2028-12-01
"P003977",3,2037-03-31
"P003978",15,2004-11-16
"P003978",58,2004-12-10
"P003978",17,2011-10-22
"P003978",55,2012-01-07
"P003978",21,2017-04-12
"P003978",44,2018-08-18
"P003978",28,2019-12-24
"P003979",26,1973-03-07
"P003979",1,1979-11-19
"P003979",14,1984-02-07
"P003980",8,1970-07-06
"P003980",17,1990-03-10
"P003980",3,1998-10-31
"P003980",4,1999-12-07
"P003980",27,2000-01-13
"P003980",35,2002-06-02
"P003980",66,2004-12-01
"P003980",13,2007-11-23
"P003981",6,2014-05-11
"P003981",24,2016-02-21
"P003981",53,2021-08-02
"P003981",6,2025-01-26
"P003981",4,2031-05-29
"P003981",50,2035-11-03
"P003981",48,2037-04-28
"P003981",17,2041-01-27
"P003981",27,2043-02-18
"P003981",27,2047-02-03
"P003982",3,2000-06-28
"P003982",62,2017-07-24
"P003982",6,2019-11-12
"P003982",14,2020-03-24
"P003982",26,2024-10-21
"P003983",11,2000-01-24
"P003983",52,2014-05-21
"P003983",1,2016-06-11
"P003983",14,2018-08-23
"P003983",13,2029-01-02
"P003983",4,2032-02-03
"P003983",3,2033-01-16
"P003984",21,1979-10-04
"P003984",12,1981-06-10
"P003984",18,1983-07-27
"P003984",61,1987-01-17
"P003984",57,1989-06-29
"P003984",24,1991-08-19
"P003984",44,1992-05-02
"P003984",11,1992-09-19
"P003984",37,1994-02-08
"P003984",26,2003-11-29
"P003984",2,2005-01-20
"P003985",53,2013-10-08
"P003985",16,2018-07-14
"P003985",54,2019-02-11
"P003985",67,2019-03-23
"P003985",61,2021-11-12
"P003985",4,2022-03-31
"P003986",40,1976-07-02
"P003986",18,1997-06-26
"P003986",2,1998-07-05
"P003986",2,1999-08-09
"P003986",53,2010-08-30
"P003986",49,2012-07-06
"P003987",24,2019-05-11
"P003987",26,2024-05-06
"P003987",12,2034-10-02
"P003987",27,2038-04-09
"P003987",24,2043-11-22
"P003987",49,2044-10-03
"P003987",49,2044-12-31
"P003987",28,2051-04-01
"P003988",23,2015-11-21
"P003988",62,2049-12-02
"P003989",19,2016-09-19
"P003990",11,2008-01-30
"P003991",53,2008-01-26
"P003991",55,2021-08-06
"P003991",27,2028-08-01
"P003991",55,2047-06-07
"P003992",43,1980-05-30
"P003992",53,1983-04-14
"P003992",53,1984-01-28
"P003992",16,1984-12-15
"P003992",14,1987-10-15
"P003992",2,1988-05-14
"P003992",13,1993-05-10
"P003992",4,1993-08-16
"P003992",3,1995-02-01
"P003992",56,1997-01-24
"P003992",53,2014-04-04
"P003992",23,2016-03-30
"P003993",3,2018-05-14
"P003993",13,2023-03-25
"P003993",6,2033-09-16
"P003993",21,2041-03-28
"P003993",12,2042-06-30
"P003993",5,2044-12-04
"P003994",30,2000-12-01
"P003994",12,2004-02-17
"P003994",52,2004-12-28
"P003994",64,2006-04-30
"P003995",14,1984-01-21
"P003995",8,2006-04-22
"P003996",60,2003-08-22
"P003996",2,2004-01-29
"P003997",28,1996-10-21
"P003997",11,2001-10-27
"P003998",22,2002-05-10
"P003998",50,2002-05-28
"P003998",40,2005-07-04
"P003998",1,2016-04-01
"P003998",27,2020-02-24
"P003998",14,2032-11-19
"P003999",32,2002-07-16
"P003999",10,2007-04-01
"P003999",43,2009-10-29
"P003999",14,2015-04-12
"P003999",2,2018-08-19
"P004000",29,1991-06-19
"P004000",10,2006-01-25
"P004000",28,2013-08-28
"P004000",18,2014-07-18
"P004000",61,2015-06-22
"P004000",2,2020-10-06
"P004000",7,2021-12-18
"P004000",16,2024-02-23
"P004000",54,2027-03-10
"P004001",14,2018-05-07
"P004001",28,2021-08-28
"P004001",27,2024-12-03
"P004001",27,2031-04-22
"P004002",62,1969-11-05
"P004002",52,1971-07-06
"P004002",54,1985-04-05
"P004002",21,1991-06-22
"P004002",12,1992-10-09
"P004002",52,1999-10-29
"P004003",26,1976-01-04
"P004003",30,1986-11-15
"P004003",62,1994-01-28
"P004003",26,1996-03-27
"P004003",14,1998-04-12
"P004003",53,2002-09-08
"P004003",52,2004-02-07
"P004003",50,2004-11-17
"P004003",60,2008-06-15
"P004003",51,2009-06-01
"P004004",32,1995-04-19
"P004004",62,1995-12-23
"P004004",46,1996-01-28
"P004004",46,1997-01-31
"P004004",32,2000-09-01
"P004004",28,2008-12-12
"P004004",14,2012-10-12
"P004004",16,2013-10-04
"P004004",56,2014-12-04
"P004004",52,2017-02-21
"P004005",14,2002-12-31
"P004005",1,2009-02-09
"P004005",11,2012-07-28
"P004005",52,2019-10-12
"P004006",55,1982-08-13
"P004006",48,1992-05-28
"P004007",3,1996-02-05
"P004007",52,2002-11-04
"P004007",28,2012-03-12
"P004007",4,2020-07-01
"P004007",7,2021-01-01
"P004007",50,2021-04-16
"P004008",2,1965-04-17
"P004008",12,1970-04-13
"P004008",28,1973-01-19
"P004008",10,1975-07-03
"P004008",17,1987-10-15
"P004008",65,1994-11-25
"P004008",16,1996-05-24
"P004009",1,2017-07-19
"P004009",28,2022-02-26
"P004009",50,2023-04-29
"P004009",6,2025-10-22
"P004009",21,2026-07-03
"P004009",31,2029-10-26
"P004009",55,2049-05-17
"P004009",18,2049-07-01
"P004009",3,2050-11-25
"P004009",66,2051-06-01
"P004009",49,2051-06-14
"P004009",34,2051-09-05
"P004010",61,2011-01-11
"P004010",4,2026-08-01
"P004011",52,2002-12-14
"P004011",27,2005-05-06
"P004011",4,2009-07-08
"P004011",17,2024-01-03
"P004011",8,2024-04-17
"P004011",2,2033-01-13
"P004012",3,1972-09-09
"P004012",1,1997-05-09
"P004012",60,1997-08-22
"P004012",12,2012-02-21
"P004013",1,2008-12-26
"P004013",62,2019-09-03
"P004013",55,2021-08-21
"P004013",55,2022-05-25
"P004013",28,2023-02-15
"P004013",42,2023-04-26
"P004013",1,2024-02-22
"P004013",46,2031-05-16
"P004013",7,2032-05-28
"P004013",28,2033-12-03
"P004013",40,2039-04-30
"P004013",47,2041-02-06
"P004013",56,2041-11-23
"P004013",12,2042-01-13
"P004013",27,2043-05-16
"P004014",49,1996-01-18
"P004014",23,2028-03-08
"P004015",27,2022-01-30
"P004015",8,2022-11-02
"P004015",21,2032-02-22
"P004015",26,2040-10-24
"P004016",65,2001-12-05
"P004016",1,2014-12-28
"P004016",28,2025-10-25
"P004016",4,2030-02-04
"P004017",28,1969-07-19
"P004017",28,1983-01-04
"P004018",32,2023-05-24
"P004018",6,2047-03-30
"P004019",25,2008-01-10
"P004019",29,2011-09-16
"P004019",57,2016-07-22
"P004019",28,2018-12-23
"P004019",49,2020-02-27
"P004019",1,2029-06-29
"P004019",3,2042-03-29
"P004020",4,1982-12-15
"P004020",3,1983-08-20
"P004020",46,1993-03-06
"P004020",62,2019-07-18
"P004020",7,2022-01-20
"P004020",3,2022-03-20
"P004021",14,1966-09-25
"P004021",2,1967-09-20
"P004021",7,1971-10-15
"P004021",64,1972-09-05
"P004021",62,1977-02-08
"P004021",20,1998-01-12
"P004022",9,1997-10-27
"P004022",6,2016-02-22
"P004023",27,1977-10-12
"P004023",57,1981-06-18
"P004023",26,1981-08-23
"P004023",3,1990-09-10
"P004023",60,1994-01-17
"P004023",20,2005-06-06
"P004023",1,2006-08-10
"P004023",58,2006-10-03
"P004024",8,2027-10-18
"P004024",3,2027-11-18
"P004024",35,2028-01-01
"P004024",49,2033-03-01
"P004024",2,2034-02-22
"P004024",13,2034-06-10
"P004024",35,2035-05-02
"P004024",24,2036-04-14
"P004025",26,2005-05-07
"P004025",30,2006-03-08
"P004025",1,2008-08-23
"P004025",26,2011-04-19
"P004026",1,2007-09-14
"P004026",28,2020-01-13
"P004026",30,2020-05-30
"P004026",26,2028-05-02
"P004026",21,2029-04-26
"P004026",66,2031-04-13
"P004026",4,2034-01-04
"P004026",24,2036-10-02
"P004027",61,1973-11-15
"P004027",37,1983-04-29
"P004027",8,1992-06-23
"P004027",8,1995-06-17
"P004028",3,2023-08-16
"P004028",49,2024-06-02
"P004028",8,2032-07-21
"P004028",4,2032-12-08
"P004028",62,2044-12-01
"P004029",52,1961-03-20
"P004029",41,1970-11-19
"P004029",41,1994-01-27
"P004029",54,1994-10-16
"P004029",24,2000-06-20
"P004030",51,2038-06-16
"P004030",54,2046-05-15
"P004030",16,2048-04-13
"P004030",18,2048-06-29
"P004031",28,2000-06-18
"P004031",46,2006-12-24
"P004031",24,2011-12-18
"P004031",6,2013-05-30
"P004031",17,2015-06-23
"P004031",21,2016-12-21
"P004031",52,2017-05-22
"P004031",14,2017-09-08
"P004031",41,2018-02-16
"P004032",26,2017-01-03
"P004032",1,2027-08-29
"P004032",30,2036-04-26
"P004032",62,2045-12-12
"P004033",23,1982-10-05
"P004033",6,1988-12-12
"P004033",60,1988-12-21
"P004033",4,1990-07-14
"P004033",41,2013-09-06
"P004033",17,2020-12-18
"P004034",14,2044-03-19
"P004036",41,1996-01-10
"P004036",6,1997-05-06
"P004036",44,1998-06-18
"P004036",24,2003-11-17
"P004036",1,2007-02-25
"P004036",23,2021-05-31
"P004037",56,1989-08-29
"P004037",40,1998-12-18
"P004037",24,2004-06-19
"P004037",28,2006-03-24
"P004037",40,2008-07-05
"P004038",60,1985-01-12
"P004038",28,1989-03-31
"P004038",28,1989-10-13
"P004038",18,1990-11-30
"P004039",6,1998-03-22
"P004040",3,2004-04-25
"P004040",30,2005-01-10
"P004040",2,2008-03-30
"P004040",14,2014-10-31
"P004040",13,2016-09-24
"P004041",8,1966-07-23
"P004041",8,1967-12-13
"P004041",26,1969-06-17
"P004041",8,1973-12-12
"P004041",28,1975-11-16
"P004041",4,1990-06-22
"P004041",43,1990-09-22
"P004041",26,1995-05-06
"P004041",56,1996-12-07
"P004042",6,2001-02-23
"P004042",14,2001-10-29
"P004042",2,2016-01-26
"P004042",63,2016-05-12
"P004042",30,2016-08-24
"P004042",42,2017-02-07
"P004042",14,2020-04-23
"P004042",6,2026-10-04
"P004042",60,2026-12-15
"P004043",52,1992-05-17
"P004043",49,1999-03-08
"P004043",14,2004-08-05
"P004044",42,1992-05-21
"P004044",23,1993-02-26
"P004044",29,2004-08-14
"P004044",2,2006-09-28
"P004044",34,2010-02-12
"P004044",52,2013-12-09
"P004044",28,2016-03-06
"P004045",28,1991-12-11
"P004045",30,2016-05-05
"P004046",40,2001-11-11
"P004046",60,2002-12-01
"P004046",63,2011-08-11
"P004046",43,2013-02-25
"P004047",3,2007-06-13
"P004047",53,2010-05-19
"P004047",23,2016-08-09
"P004047",6,2017-01-25
"P004047",19,2017-11-25
"P004047",44,2018-04-21
"P004047",22,2020-08-03
"P004047",11,2020-12-20
"P004047",24,2025-03-14
"P004047",41,2028-04-10
"P004047",27,2029-12-18
"P004047",62,2032-06-04
"P004047",3,2032-12-26
"P004047",30,2033-10-29
"P004047",27,2034-07-16
"P004047",7,2036-10-27
"P004047",27,2041-07-10
"P004048",21,2002-06-10
"P004048",25,2022-10-01
"P004048",33,2024-10-21
"P004048",61,2025-05-07
"P004048",1,2031-06-08
"P004049",28,2024-12-03
"P004049",23,2034-06-13
"P004049",29,2034-07-30
"P004049",24,2038-04-28
"P004049",32,2038-10-02
"P004049",23,2049-09-26
"P004049",8,2052-07-08
"P004049",52,2053-03-21
"P004049",63,2053-06-21
"P004050",62,2004-02-04
"P004050",51,2004-11-07
"P004050",2,2005-08-01
"P004050",33,2005-08-09
"P004050",33,2007-03-13
"P004050",8,2037-12-01
"P004050",41,2038-12-04
"P004050",27,2042-06-20
"P004051",39,2002-08-26
"P004051",15,2002-10-22
"P004051",15,2004-01-18
"P004051",53,2007-07-30
"P004051",6,2018-08-14
"P004051",8,2019-08-01
"P004052",47,1987-08-30
"P004052",1,1988-05-24
"P004052",7,1994-05-08
"P004052",28,2022-11-24
"P004053",49,2013-08-13
"P004053",61,2020-09-20
"P004053",25,2022-03-08
"P004053",58,2022-10-07
"P004053",25,2030-03-02
"P004054",3,2024-07-14
"P004054",61,2031-03-27
"P004055",1,2016-06-11
"P004055",55,2030-11-05
"P004055",39,2031-11-10
"P004055",27,2034-12-18
"P004055",40,2044-08-30
"P004055",18,2046-11-20
"P004055",61,2047-06-30
"P004056",28,1979-03-14
"P004056",52,1979-04-09
"P004056",67,1984-05-03
"P004056",29,1985-04-21
"P004056",15,1989-03-24
"P004056",23,1999-03-06
"P004056",17,2001-10-08
"P004057",2,1988-12-26
"P004057",43,1997-09-17
"P004057",1,1998-01-04
"P004057",28,2001-08-14
"P004058",43,2002-01-29
"P004058",12,2007-10-18
"P004058",14,2013-06-14
"P004058",12,2020-12-18
"P004058",56,2022-02-10
"P004058",30,2022-12-10
"P004058",12,2023-05-13
"P004058",27,2024-08-24
"P004058",22,2030-08-31
"P004058",52,2030-10-03
"P004058",3,2034-06-12
"P004059",55,2010-06-06
"P004059",8,2011-08-26
"P004059",52,2011-12-20
"P004060",28,1981-08-24
"P004060",42,1996-11-28
"P004060",30,1998-10-13
"P004060",18,1999-10-28
"P004060",6,2010-05-10
"P004060",4,2011-03-20
"P004061",3,1995-01-08
"P004061",4,2004-10-30
"P004061",14,2017-01-02
"P004062",28,1999-01-16
"P004062",1,2018-10-02
"P004062",12,2020-06-09
"P004062",1,2035-06-01
"P004063",20,1999-04-09
"P004063",11,2030-07-29
"P004064",6,2014-03-03
"P004064",3,2014-03-07
"P004064",6,2015-05-22
"P004064",60,2015-07-28
"P004064",28,2018-06-10
"P004064",4,2020-02-25
"P004064",8,2020-05-19
"P004064",31,2021-01-13
"P004064",42,2021-04-02
"P004064",32,2021-12-25
"P004064",53,2022-12-31
"P004064",43,2031-09-28
"P004064",19,2039-09-21
"P004065",11,2006-02-05
"P004065",58,2008-07-01
"P004065",24,2011-03-23
"P004065",49,2011-04-08
"P004065",64,2012-07-22
"P004065",24,2018-08-03
"P004065",4,2019-02-15
"P004065",54,2035-02-03
"P004065",1,2039-06-17
"P004065",12,2039-11-28
"P004065",63,2040-04-21
"P004066",28,2007-12-02
"P004066",53,2012-03-19
"P004066",42,2013-08-29
"P004066",30,2016-02-22
"P004066",62,2017-02-09
"P004066",40,2034-05-24
"P004067",23,1978-02-06
"P004067",12,1982-01-14
"P004068",49,2019-03-04
"P004068",1,2023-05-15
"P004068",57,2023-12-01
"P004069",52,2009-01-26
"P004069",25,2010-12-28
"P004069",26,2018-06-15
"P004069",64,2019-05-28
"P004069",65,2022-01-04
"P004069",60,2022-01-17
"P004069",5,2027-05-08
"P004069",39,2028-08-28
"P004069",23,2031-10-21
"P004069",27,2042-01-13
"P004069",62,2043-01-14
"P004070",15,1964-11-09
"P004070",61,1974-02-08
"P004070",20,1982-01-29
"P004070",4,1982-10-22
"P004070",58,1984-03-02
"P004070",64,1984-06-13
"P004070",28,1989-07-01
"P004070",16,2000-03-05
"P004071",61,2010-03-21
"P004071",6,2014-03-24
"P004071",55,2014-09-26
"P004071",55,2015-12-11
"P004071",30,2017-01-02
"P004071",30,2017-12-23
"P004071",18,2032-07-12
"P004071",61,2033-04-13
"P004072",56,2008-12-24
"P004072",42,2009-04-06
"P004072",2,2021-01-15
"P004072",3,2021-04-30
"P004072",27,2037-03-17
"P004073",55,1992-07-13
"P004073",39,1993-10-15
"P004073",28,2001-09-05
"P004073",28,2003-06-10
"P004074",52,1995-09-07
"P004074",11,2004-12-13
"P004074",44,2005-11-24
"P004074",49,2010-07-29
"P004074",64,2011-09-17
"P004074",22,2017-11-01
"P004075",25,1983-03-17
"P004075",35,1983-10-02
"P004075",33,1984-05-25
"P004075",1,1985-09-25
"P004075",1,2006-04-05
"P004076",3,2014-06-12
"P004076",14,2019-01-04
"P004076",47,2023-08-19
"P004076",56,2040-01-22
"P004076",3,2040-04-30
"P004076",37,2042-01-03
"P004076",18,2042-02-24
"P004077",1,2013-07-27
"P004077",27,2016-06-25
"P004077",27,2017-02-01
"P004077",53,2020-05-14
"P004077",40,2020-08-11
"P004077",11,2020-12-07
"P004077",23,2021-02-06
"P004077",43,2027-01-17
"P004077",41,2027-04-01
"P004078",43,1968-03-11
"P004078",66,1971-03-15
"P004078",41,1972-09-18
"P004078",18,1992-01-25
"P004079",25,1979-05-26
"P004079",6,1981-05-30
"P004079",40,1986-07-30
"P004079",23,1988-06-18
"P004079",55,1994-04-30
"P004079",15,2009-12-07
"P004079",62,2012-01-31
"P004080",37,2012-07-29
"P004080",30,2012-11-29
"P004080",21,2018-08-18
"P004080",47,2026-05-23
"P004080",15,2046-01-29
"P004080",55,2046-02-17
"P004080",5,2047-03-11
"P004080",64,2048-02-09
"P004081",26,2008-04-04
"P004081",18,2012-08-28
"P004081",18,2015-10-06
"P004081",3,2031-03-15
"P004081",19,2033-05-03
"P004081",19,2034-01-01
"P004081",44,2036-01-12
"P004081",12,2038-04-12
"P004082",3,1979-07-18
"P004082",1,1980-07-02
"P004082",30,1982-01-25
"P004082",14,1996-06-07
"P004083",26,2013-09-21
"P004083",21,2014-10-30
"P004083",31,2016-07-12
"P004083",4,2020-06-23
"P004083",58,2029-08-07
"P004083",64,2030-05-11
"P004083",35,2039-10-06
"P004083",52,2041-03-28
"P004084",27,2002-03-29
"P004084",14,2013-04-13
"P004084",3,2019-07-08
"P004084",5,2027-11-15
"P004084",6,2031-06-25
"P004085",12,1993-12-28
"P004085",3,1994-03-01
"P004085",24,1994-11-26
"P004085",24,1999-03-25
"P004086",6,2010-11-30
"P004086",4,2018-11-07
"P004087",55,1964-09-09
"P004087",25,1968-11-23
"P004087",28,1969-12-06
"P004087",53,1970-03-28
"P004087",50,1970-08-19
"P004087",51,1973-01-29
"P004087",19,1975-07-17
"P004087",27,1977-10-10
"P004087",30,1999-12-29
"P004087",10,2000-08-09
"P004087",53,2001-03-30
"P004087",45,2001-09-03
"P004088",44,1990-09-24
"P004088",3,1991-12-31
"P004088",38,1992-06-25
"P004088",23,1997-09-12
"P004088",49,2000-01-05
"P004088",28,2005-05-12
"P004088",39,2005-08-17
"P004088",4,2012-06-23
"P004088",1,2022-02-28
"P004088",15,2025-06-07
"P004089",28,2006-07-11
"P004089",36,2009-04-13
"P004090",27,1966-10-01
"P004090",52,1967-09-22
"P004090",65,1968-02-14
"P004090",34,1969-02-19
"P004090",41,1979-06-01
"P004090",43,1979-07-10
"P004090",20,1981-08-14
"P004090",52,1988-06-05
"P004090",40,1989-02-04
"P004091",6,1989-08-28
"P004091",64,2002-04-06
"P004091",1,2024-01-06
"P004091",21,2025-07-05
"P004092",6,1988-07-18
"P004092",28,1993-02-02
"P004092",28,1995-01-04
"P004092",53,2001-01-30
"P004092",53,2002-03-22
"P004092",45,2004-02-21
"P004092",23,2011-11-06
"P004093",60,1962-12-28
"P004093",21,1967-06-27
"P004093",26,1967-09-10
"P004093",2,1974-09-01
"P004093",52,1981-05-07
"P004093",6,1990-08-17
"P004093",65,1990-10-26
"P004093",60,1990-12-21
"P004093",20,1991-07-10
"P004093",5,1995-08-04
"P004094",62,1975-02-01
"P004094",15,1976-06-21
"P004094",1,1980-04-13
"P004095",49,1978-05-28
"P004095",35,1978-07-10
"P004095",30,1978-11-19
"P004095",62,1979-01-18
"P004095",14,1979-08-12
"P004096",54,1984-11-14
"P004096",6,1991-07-25
"P004096",55,2000-04-05
"P004096",3,2011-04-18
"P004096",12,2021-02-12
"P004097",4,2005-11-18
"P004097",53,2013-11-10
"P004097",27,2014-08-14
"P004097",64,2016-09-06
"P004098",28,1973-02-28
"P004098",12,1974-10-31
"P004098",30,1975-11-14
"P004098",28,1986-09-07
"P004098",6,1988-03-17
"P004098",2,1999-01-01
"P004098",26,2011-07-31
"P004099",4,1988-12-23
"P004099",12,1993-07-11
"P004099",23,2002-09-07
"P004099",36,2003-09-01
"P004099",1,2008-11-16
"P004099",12,2010-02-02
"P004099",13,2010-03-01
"P004099",22,2011-04-26
"P004099",41,2015-11-17
"P004099",55,2016-07-18
"P004099",49,2017-09-24
"P004099",15,2019-10-22
"P004100",14,1986-04-12
"P004100",30,1989-12-26
"P004100",30,1991-03-05
"P004100",28,1997-12-25
"P004100",4,2003-03-16
"P004100",58,2003-09-28
"P004100",23,2006-06-17
"P004101",9,1986-06-16
"P004101",15,1987-11-02
"P004101",21,1993-05-22
"P004101",53,1998-11-29
"P004101",50,2000-08-23
"P004102",28,1977-11-03
"P004102",12,1978-11-25
"P004102",63,1982-11-20
"P004102",49,1983-01-20
"P004102",35,1984-03-15
"P004102",27,2000-01-19
"P004103",18,1983-07-13
"P004103",3,1991-02-15
"P004103",17,1997-04-20
"P004103",41,1999-09-30
"P004103",6,2006-06-28
"P004103",25,2010-06-22
"P004103",3,2010-11-05
"P004105",32,2001-10-29
"P004105",54,2002-10-03
"P004105",54,2004-01-14
"P004105",12,2004-08-11
"P004105",30,2004-12-12
"P004105",4,2006-04-02
"P004105",12,2006-05-07
"P004105",30,2006-08-25
"P004105",32,2007-01-04
"P004105",3,2011-06-04
"P004105",49,2011-06-15
"P004105",43,2019-11-12
"P004106",18,1992-08-26
"P004106",1,1994-01-08
"P004106",44,1999-06-12
"P004107",21,2008-09-24
"P004107",36,2010-09-07
"P004107",55,2012-02-14
"P004107",14,2032-02-24
"P004107",31,2035-11-28
"P004107",62,2036-03-11
"P004107",3,2037-06-06
"P004107",30,2039-08-27
"P004107",35,2042-08-08
"P004108",23,2019-11-05
"P004109",7,1993-05-06
"P004109",39,1993-10-31
"P004109",42,2009-10-21
"P004109",53,2011-02-22
"P004109",26,2011-03-06
"P004109",28,2014-03-19
"P004109",14,2014-10-25
"P004109",13,2016-08-07
"P004110",1,2004-07-02
"P004110",27,2005-08-04
"P004110",5,2006-11-15
"P004110",11,2008-06-22
"P004110",6,2032-07-30
"P004110",7,2037-02-17
"P004111",28,1998-11-23
"P004112",8,1979-03-06
"P004112",50,1982-10-11
"P004113",28,2004-02-17
"P004113",15,2008-12-18
"P004113",28,2024-04-06
"P004114",4,2021-11-27
"P004114",46,2022-05-27
"P004114",24,2024-01-07
"P004114",49,2025-05-07
"P004114",52,2033-07-01
"P004114",28,2040-12-22
"P004115",24,1999-03-28
"P004115",3,1999-11-07
"P004115",16,2007-06-26
"P004115",1,2007-09-02
"P004115",27,2008-11-17
"P004115",14,2011-01-30
"P004115",13,2013-09-26
"P004115",23,2021-09-30
"P004115",16,2030-06-13
"P004116",47,1985-06-28
"P004116",66,1985-08-05
"P004116",66,1985-10-21
"P004116",42,1985-12-23
"P004116",18,1987-08-13
"P004116",10,1991-06-27
"P004116",22,1992-03-22
"P004116",25,2001-11-18
"P004116",35,2011-09-04
"P004116",66,2011-12-17
"P004117",18,2012-10-20
"P004117",66,2014-11-02
"P004117",42,2015-01-19
"P004117",54,2016-05-11
"P004117",30,2016-07-08
"P004117",27,2021-03-17
"P004117",4,2022-01-05
"P004117",30,2039-01-31
"P004117",1,2045-11-11
"P004118",1,1972-03-18
"P004118",11,1973-10-16
"P004119",39,2000-08-11
"P004119",36,2004-08-10
"P004119",47,2008-05-19
"P004119",47,2009-08-08
"P004119",31,2010-07-25
"P004119",38,2012-11-28
"P004119",3,2013-12-26
"P004119",5,2022-04-09
"P004120",43,1982-07-17
"P004120",55,1986-09-10
"P004120",36,2010-07-04
"P004121",18,2011-07-17
"P004121",15,2013-03-02
"P004122",28,2017-08-09
"P004122",49,2039-02-25
"P004122",28,2039-12-29
"P004122",55,2048-05-31
"P004122",3,2049-07-30
"P004123",49,2023-01-11
"P004123",20,2024-11-06
"P004123",11,2026-10-04
"P004123",6,2043-02-10
"P004123",14,2044-02-05
"P004124",63,1994-09-24
"P004124",34,1996-07-24
"P004124",32,1998-01-21
"P004124",42,1998-02-24
"P004124",61,1998-05-30
"P004124",22,2000-01-06
"P004124",14,2002-06-08
"P004124",52,2003-09-13
"P004124",43,2010-07-14
"P004124",55,2010-09-08
"P004125",24,1970-04-01
"P004125",17,1976-01-05
"P004125",16,1976-12-08
"P004125",31,1977-03-29
"P004125",16,1977-06-27
"P004125",67,1978-11-19
"P004125",54,1979-10-20
"P004125",41,1980-06-20
"P004125",46,1980-10-19
"P004125",3,1987-04-25
"P004125",52,1990-05-18
"P004125",8,1996-04-02
"P004125",28,1998-01-18
"P004126",32,1981-04-24
"P004126",23,1993-08-16
"P004126",15,2001-06-12
"P004126",54,2002-04-30
"P004126",5,2003-05-09
"P004126",46,2003-08-13
"P004126",6,2004-11-26
"P004126",27,2006-06-10
"P004126",23,2006-08-04
"P004126",55,2007-07-24
"P004126",39,2008-11-18
"P004126",23,2012-02-04
"P004126",26,2015-01-02
"P004127",55,2003-09-10
"P004127",18,2012-02-28
"P004127",1,2014-01-24
"P004127",11,2014-04-17
"P004127",14,2017-12-01
"P004127",12,2018-11-05
"P004127",28,2028-08-06
"P004127",10,2030-05-20
"P004127",26,2033-02-22
"P004127",1,2040-10-08
"P004128",51,1974-06-03
"P004128",1,1997-02-05
"P004128",49,2007-01-17
"P004129",27,1978-02-21
"P004129",62,1981-09-07
"P004129",14,1990-09-04
"P004129",13,1994-11-27
"P004129",4,2003-11-19
"P004130",40,2004-07-24
"P004130",2,2005-05-28
"P004131",20,1990-11-18
"P004131",55,1991-04-30
"P004131",46,1992-07-24
"P004131",18,1992-10-05
"P004131",2,1994-08-01
"P004131",33,1995-06-01
"P004131",44,1997-11-24
"P004131",6,2001-01-25
"P004131",14,2001-11-07
"P004131",33,2003-01-26
"P004131",21,2004-02-18
"P004131",47,2005-09-30
"P004131",6,2006-10-16
"P004131",14,2007-02-23
"P004131",55,2007-06-08
"P004131",41,2009-04-10
"P004131",1,2011-08-09
"P004131",25,2013-07-18
"P004131",39,2014-04-28
"P004131",1,2020-03-09
"P004132",14,2028-05-12
"P004132",9,2029-04-12
"P004132",2,2029-11-01
"P004132",14,2034-04-19
"P004132",1,2036-03-15
"P004132",9,2039-02-09
"P004132",55,2039-08-21
"P004133",60,1992-10-02
"P004133",18,1994-10-12
"P004133",1,1997-04-17
"P004133",21,2002-08-21
"P004133",54,2004-03-17
"P004133",14,2023-02-25
"P004133",24,2030-07-11
"P004134",11,1969-05-04
"P004134",1,1971-02-19
"P004134",1,1971-02-26
"P004134",40,1971-04-19
"P004134",63,1971-09-27
"P004134",55,1971-10-17
"P004134",47,1974-04-10
"P004134",4,1985-03-12
"P004134",4,1995-02-26
"P004134",53,2001-04-10
"P004135",4,2015-12-23
"P004135",20,2029-09-14
"P004135",4,2030-06-12
"P004135",58,2031-12-30
"P004136",49,2001-12-02
"P004136",38,2005-02-12
"P004136",49,2007-12-07
"P004136",2,2014-11-21
"P004136",15,2018-07-11
"P004136",43,2030-02-20
"P004136",35,2031-03-27
"P004137",5,1984-11-17
"P004137",26,1989-09-19
"P004137",23,2008-03-01
"P004137",11,2021-09-10
"P004138",55,2014-01-05
"P004138",11,2020-04-21
"P004138",19,2020-05-24
"P004138",40,2021-11-15
"P004139",16,1990-11-18
"P004139",28,2005-01-16
"P004139",3,2017-12-15
"P004139",39,2018-02-22
"P004139",62,2028-02-27
"P004140",6,1989-12-16
"P004140",10,1990-09-16
"P004140",28,1995-04-06
"P004140",51,1997-07-15
"P004140",10,1999-02-08
"P004140",34,2001-04-13
"P004140",14,2003-10-22
"P004140",25,2004-06-27
"P004140",10,2008-03-10
"P004140",28,2009-02-13
"P004140",19,2009-04-26
"P004140",30,2009-06-17
"P004140",38,2010-11-15
"P004140",62,2011-01-14
"P004141",6,1986-02-06
"P004141",55,1988-04-01
"P004141",34,1989-04-14
"P004141",19,1997-12-19
"P004141",9,2007-10-31
"P004141",35,2008-12-21
"P004141",34,2008-12-24
"P004141",31,2009-11-20
"P004141",12,2015-11-30
"P004142",8,2003-08-15
"P004142",28,2013-07-28
"P004142",63,2023-05-21
"P004142",33,2023-07-16
"P004142",25,2024-12-04
"P004142",53,2025-12-06
"P004142",30,2025-12-26
"P004142",28,2028-11-12
"P004142",4,2030-02-07
"P004142",23,2034-04-14
"P004143",41,1991-08-30
"P004144",53,1991-06-19
"P004144",10,1991-12-29
"P004144",26,2003-03-03
"P004144",28,2006-01-07
"P004145",8,1979-04-10
"P004145",67,1991-01-02
"P004145",51,1996-05-25
"P004145",28,2001-10-26
"P004146",18,1985-04-05
"P004146",41,1988-01-22
"P004146",48,1988-04-23
"P004146",15,1988-06-25
"P004146",7,1989-12-10
"P004146",13,1991-05-23
"P004146",43,1993-08-22
"P004146",4,1994-05-08
"P004146",67,1996-03-30
"P004146",26,1998-12-26
"P004146",54,1999-10-01
"P004146",49,2000-10-19
"P004146",18,2001-10-24
"P004146",14,2004-04-04
"P004146",62,2004-08-10
"P004146",58,2006-07-16
"P004146",3,2007-07-10
"P004146",57,2008-06-02
"P004147",55,2010-05-21
"P004148",1,1967-06-03
"P004148",55,1972-04-01
"P004148",4,1976-10-12
"P004148",58,1976-11-19
"P004148",49,1978-03-19
"P004148",28,1979-06-22
"P004148",61,1984-01-25
"P004148",14,1995-05-15
"P004149",51,1980-02-29
"P004149",62,1983-02-19
"P004149",28,1984-04-27
"P004149",6,1985-09-19
"P004149",65,1986-07-04
"P004149",7,1992-01-24
"P004149",60,1992-03-27
"P004149",2,2002-06-26
"P004149",57,2004-09-05
"P004149",34,2005-08-05
"P004150",24,1993-05-26
"P004150",55,1994-01-21
"P004150",11,1994-08-07
"P004150",3,1997-12-06
"P004150",28,2010-08-08
"P004150",8,2011-08-12
"P004150",52,2011-10-25
"P004150",47,2011-11-17
"P004151",22,2023-11-13
"P004151",2,2027-03-02
"P004151",1,2028-05-19
"P004152",15,2000-03-15
"P004152",28,2013-01-01
"P004152",62,2014-06-10
"P004152",23,2022-02-09
"P004152",6,2031-09-10
"P004152",20,2032-03-03
"P004153",50,2032-01-29
"P004153",4,2041-05-16
"P004153",66,2042-03-14
"P004153",36,2045-01-27
"P004153",30,2045-10-21
"P004153",1,2046-01-12
"P004154",10,1974-09-25
"P004154",53,1979-03-11
"P004154",21,2008-12-08
"P004155",28,2008-12-27
"P004155",1,2009-06-27
"P004156",55,2003-08-28
"P004156",34,2004-02-15
"P004156",41,2004-06-06
"P004156",3,2005-02-27
"P004156",30,2005-05-11
"P004156",49,2007-06-12
"P004157",28,2036-12-24
"P004158",60,1973-11-30
"P004158",64,1974-11-25
"P004158",55,1981-10-16
"P004158",25,1982-03-24
"P004158",21,1986-12-18
"P004158",19,2003-05-06
"P004159",15,2001-05-25
"P004159",62,2001-12-30
"P004159",6,2002-09-10
"P004159",1,2003-02-17
"P004159",6,2003-07-10
"P004159",56,2014-02-21
"P004160",26,1987-12-14
"P004160",15,1991-05-04
"P004160",58,2004-07-01
"P004160",14,2012-10-03
"P004160",11,2017-02-23
"P004160",13,2021-05-17
"P004161",27,2008-08-14
"P004161",42,2010-04-04
"P004161",23,2012-06-12
"P004161",3,2014-08-02
"P004161",50,2027-11-28
"P004161",18,2033-02-24
"P004161",4,2034-05-13
"P004161",2,2035-09-07
"P004161",61,2036-01-24
"P004161",22,2036-05-09
"P004161",24,2036-12-24
"P004161",62,2037-03-02
"P004161",32,2044-04-10
"P004162",23,2004-04-08
"P004162",43,2013-07-24
"P004162",18,2021-12-15
"P004163",3,1981-03-19
"P004163",12,1997-06-17
"P004163",47,2005-12-20
"P004164",23,1990-04-02
"P004164",13,1996-10-10
"P004164",43,2002-12-11
"P004164",27,2006-11-11
"P004164",61,2012-03-09
"P004164",55,2013-04-06
"P004164",21,2014-08-05
"P004164",54,2015-12-19
"P004164",62,2026-01-06
"P004165",6,1971-07-21
"P004165",28,1975-01-23
"P004165",44,1975-06-24
"P004166",24,2001-11-03
"P004166",1,2012-02-26
"P004166",61,2023-10-15
"P004167",25,1987-04-01
"P004167",11,2008-10-29
"P004167",52,2021-03-29
"P004167",28,2022-03-19
"P004167",65,2024-02-12
"P004167",6,2024-11-04
"P004167",65,2025-07-04
"P004167",34,2025-07-24
"P004168",23,2025-04-28
"P004168",63,2025-07-27
"P004168",21,2025-08-22
"P004168",34,2025-12-14
"P004168",34,2026-12-09
"P004168",40,2028-08-07
"P004168",61,2030-12-11
"P004168",2,2037-01-28
"P004168",50,2038-11-27
"P004169",27,2007-02-12
"P004169",27,2007-10-07
"P004169",25,2010-11-24
"P004169",24,2027-10-11
"P004169",15,2042-01-30
"P004170",18,2021-11-07
"P004170",23,2031-01-01
"P004170",47,2031-05-16
"P004170",5,2038-05-29
"P004171",28,2025-10-06
"P004171",49,2045-03-02
"P004172",28,1996-08-26
"P004172",61,2005-07-25
"P004172",48,2006-12-17
"P004172",34,2007-11-25
"P004172",12,2010-08-16
"P004172",8,2017-12-24
"P004172",2,2020-11-10
"P004172",50,2021-05-05
"P004172",50,2022-08-02
"P004172",21,2032-06-27
"P004173",3,1996-02-22
"P004173",55,1999-12-14
"P004173",41,2000-10-06
"P004173",33,2000-11-20
"P004173",62,2005-08-10
"P004173",26,2006-01-18
"P004173",33,2006-08-12
"P004173",33,2007-08-02
"P004173",66,2009-01-27
"P004173",49,2011-04-18
"P004173",2,2018-04-25
"P004173",7,2018-11-06
"P004173",2,2020-04-27
"P004173",6,2021-09-12
"P004173",49,2024-04-06
"P004174",10,2019-06-01
"P004174",38,2020-09-03
"P004174",18,2039-11-19
"P004174",43,2041-02-03
"P004175",55,2006-03-25
"P004175",34,2006-11-10
"P004175",14,2006-12-21
"P004175",41,2007-05-13
"P004175",34,2007-07-11
"P004176",57,1976-04-05
"P004176",11,1976-07-02
"P004176",23,1976-12-01
"P004176",39,1979-04-04
"P004176",53,1979-05-30
"P004176",15,1982-01-11
"P004176",60,1982-09-08
"P004176",24,1990-12-09
"P004176",6,1998-08-06
"P004176",2,2000-12-23
"P004176",7,2004-08-16
"P004176",23,2005-12-27
"P004176",40,2010-02-16
"P004176",47,2010-12-24
"P004177",27,2018-01-01
"P004177",32,2022-08-19
"P004177",5,2028-07-31
"P004177",44,2029-01-12
"P004177",27,2032-11-24
"P004177",42,2033-09-05
"P004177",20,2036-02-29
"P004177",55,2038-09-05
"P004178",62,2006-05-24
"P004178",2,2009-07-27
"P004178",27,2016-08-19
"P004178",14,2018-01-21
"P004178",3,2027-04-02
"P004178",49,2031-12-30
"P004178",6,2033-08-25
"P004178",4,2036-10-25
"P004178",15,2038-01-01
"P004178",43,2041-07-13
"P004179",4,1986-08-05
"P004179",12,2000-02-23
"P004179",29,2009-12-15
"P004180",52,1993-06-30
"P004180",23,1997-02-07
"P004180",49,2002-08-04
"P004180",21,2004-08-03
"P004180",21,2008-06-11
"P004181",54,2001-03-17
"P004181",39,2002-04-25
"P004181",43,2002-10-15
"P004181",56,2003-11-08
"P004181",14,2003-11-16
"P004181",57,2004-10-15
"P004181",26,2005-02-08
"P004181",62,2006-02-28
"P004181",1,2009-08-25
"P004181",50,2010-02-22
"P004181",21,2010-03-26
"P004181",12,2011-03-10
"P004181",5,2011-12-31
"P004181",12,2012-09-06
"P004181",14,2017-06-27
"P004181",54,2021-11-06
"P004181",7,2032-05-09
"P004182",14,1973-05-06
"P004182",61,1987-03-20
"P004182",25,1990-04-07
"P004182",53,1993-09-19
"P004182",53,1994-10-13
"P004182",50,1995-09-01
"P004182",30,1995-11-18
"P004182",23,1996-08-25
"P004182",9,1997-05-09
"P004182",10,1997-08-13
"P004182",12,1997-09-28
"P004182",28,1998-04-11
"P004182",38,1998-10-14
"P004182",8,1999-07-03
"P004182",31,1999-09-04
"P004183",28,2005-06-29
"P004184",6,2033-12-27
"P004184",27,2036-11-05
"P004185",3,1971-04-19
"P004186",2,2007-12-10
"P004186",52,2015-04-27
"P004187",2,1984-12-22
"P004187",7,1985-09-05
"P004187",29,1988-03-21
"P004187",30,1996-03-21
"P004187",63,1996-09-07
"P004187",42,1997-01-23
"P004187",27,1997-09-28
"P004187",42,1998-03-19
"P004187",26,2003-05-30
"P004187",18,2010-02-06
"P004187",15,2010-08-02
"P004187",67,2018-10-13
"P004188",53,1993-02-08
"P004188",28,1994-04-02
"P004188",65,1994-07-08
"P004188",17,2005-06-06
"P004188",6,2007-02-09
"P004188",43,2009-11-21
"P004188",20,2017-11-01
"P004189",23,2026-10-25
"P004189",58,2030-06-13
"P004189",1,2032-02-25
"P004189",61,2032-05-14
"P004189",15,2032-05-27
"P004189",22,2034-06-11
"P004189",54,2035-09-23
"P004189",27,2041-11-21
"P004190",8,2022-09-13
"P004190",7,2034-10-19
"P004190",50,2037-05-09
"P004190",24,2039-07-21
"P004190",44,2040-01-29
"P004190",35,2044-11-16
"P004190",36,2045-09-08
"P004191",3,1976-06-02
"P004191",29,1998-05-09
"P004191",1,1999-09-12
"P004192",3,2010-07-05
"P004192",55,2032-10-20
"P004192",27,2035-06-25
"P004193",50,2005-05-26
"P004193",50,2005-10-26
"P004193",66,2006-11-26
"P004193",33,2009-03-25
"P004193",11,2028-05-08
"P004194",5,2026-06-06
"P004194",28,2034-12-25
"P004194",14,2037-08-31
"P004195",17,1982-01-26
"P004195",7,2000-07-26
"P004195",31,2009-05-20
"P004195",6,2010-12-12
"P004195",8,2012-01-15
"P004196",1,1988-09-02
"P004196",30,1990-10-06
"P004196",67,2001-01-07
"P004197",28,2016-09-05
"P004197",67,2021-12-27
"P004198",8,2015-12-20
"P004198",54,2026-10-06
"P004198",12,2028-08-22
"P004198",30,2028-08-25
"P004198",27,2051-01-29
"P004198",11,2051-05-14
"P004198",49,2053-06-09
"P004198",1,2054-05-19
"P004199",47,1978-10-15
"P004199",62,2000-01-18
"P004199",11,2010-03-30
"P004199",19,2010-11-30
"P004200",50,1999-08-21
"P004200",54,2000-11-30
"P004200",50,2001-08-14
"P004200",8,2003-03-27
"P004200",37,2007-07-12
"P004200",49,2022-11-04
"P004201",4,1973-09-24
"P004201",2,1985-07-21
"P004202",4,2017-08-20
"P004202",8,2017-11-10
"P004202",2,2019-11-23
"P004202",66,2022-08-20
"P004202",1,2022-12-30
"P004202",36,2023-07-13
"P004202",36,2023-08-21
"P004202",1,2031-04-09
"P004203",3,1994-11-28
"P004203",3,1996-06-26
"P004203",61,2001-11-21
"P004203",63,2003-11-06
"P004203",33,2003-12-21
"P004203",14,2004-09-09
"P004203",4,2009-06-16
"P004203",2,2010-10-29
"P004203",62,2011-10-31
"P004203",33,2012-03-30
"P004203",19,2013-04-08
"P004203",33,2013-07-10
"P004203",44,2013-10-07
"P004203",28,2014-09-05
"P004203",37,2019-07-02
"P004204",26,2014-11-28
"P004204",13,2016-09-09
"P004204",5,2018-10-11
"P004204",28,2023-05-29
"P004204",16,2025-08-19
"P004204",14,2027-04-21
"P004204",2,2030-06-21
"P004204",43,2032-07-28
"P004204",26,2038-12-31
"P004204",21,2039-01-24
"P004204",3,2040-03-10
"P004204",21,2050-05-01
"P004205",47,1991-12-08
"P004205",38,1993-07-28
"P004205",62,1998-01-04
"P004205",63,2013-05-04
"P004205",28,2014-02-02
"P004205",27,2025-03-06
"P004206",16,1985-02-28
"P004206",12,1986-04-11
"P004206",27,1987-09-08
"P004206",24,1988-07-10
"P004206",24,1988-08-05
"P004206",62,1989-04-22
"P004206",17,1990-05-17
"P004206",64,1990-08-18
"P004206",25,1992-01-12
"P004207",14,1969-08-30
"P004207",9,1969-12-13
"P004207",24,1990-12-13
"P004207",28,1997-03-09
"P004207",62,1997-10-13
"P004207",12,1997-10-20
"P004207",30,1999-11-27
"P004208",6,1999-02-09
"P004209",47,1992-12-19
"P004209",14,1994-05-30
"P004209",24,2006-12-24
"P004209",61,2025-02-20
"P004210",32,1993-11-10
"P004210",55,2000-06-21
"P004210",41,2001-12-03
"P004210",15,2002-01-02
"P004210",11,2004-05-23
"P004210",30,2004-08-17
"P004210",49,2015-08-02
"P004210",30,2017-04-23
"P004211",27,1985-01-28
"P004211",27,1985-04-29
"P004211",38,1987-12-01
"P004211",24,1988-02-09
"P004211",49,1988-06-03
"P004211",42,1988-11-16
"P004211",4,1989-03-15
"P004211",22,1990-01-18
"P004211",67,1990-04-06
"P004211",66,1991-01-23
"P004211",6,1991-11-05
"P004211",4,1992-10-22
"P004211",50,1992-11-27
"P004211",32,1998-01-05
"P004211",1,2003-10-20
"P004211",3,2009-10-11
"P004211",15,2013-02-04
"P004211",1,2014-04-20
"P004211",14,2017-10-22
"P004211",31,2019-09-19
"P004211",2,2019-10-31
"P004212",67,2003-11-03
"P004212",67,2006-07-11
"P004212",24,2013-05-14
"P004212",35,2014-02-25
"P004212",6,2015-06-14
"P004212",3,2016-07-14
"P004212",52,2016-09-23
"P004212",19,2019-04-12
"P004213",14,1980-05-14
"P004213",62,1991-10-05
"P004213",7,1992-06-27
"P004214",11,2018-04-07
"P004214",28,2036-01-17
"P004215",23,2000-06-12
"P004215",11,2014-06-05
"P004215",24,2015-07-19
"P004215",50,2023-10-27
"P004215",53,2025-10-29
"P004215",27,2035-07-11
"P004216",57,1986-01-02
"P004216",11,1986-10-23
"P004216",15,1987-09-13
"P004216",60,1988-11-02
"P004216",26,2012-05-12
"P004217",49,1972-05-04
"P004217",28,1983-07-21
"P004217",16,1983-12-09
"P004217",14,1984-10-07
"P004217",18,1996-08-11
"P004217",28,2009-01-31
"P004218",50,1985-08-18
"P004218",47,1986-04-14
"P004218",38,1986-07-12
"P004218",12,1993-07-22
"P004218",31,1993-08-13
"P004218",28,2009-12-19
"P004218",2,2012-06-02
"P004219",28,2005-06-20
"P004219",2,2008-02-10
"P004219",3,2010-07-02
"P004219",49,2011-10-22
"P004219",35,2013-03-06
"P004219",4,2013-06-09
"P004219",16,2015-02-26
"P004219",40,2029-11-22
"P004219",5,2037-12-11
"P004220",24,1970-03-03
"P004220",28,1972-10-02
"P004220",12,1975-12-15
"P004220",56,1977-01-13
"P004220",3,1977-01-31
"P004220",64,1980-07-13
"P004220",26,1983-09-29
"P004220",4,1984-06-27
"P004220",55,1988-10-28
"P004220",40,2000-03-05
"P004220",61,2005-06-04
"P004221",61,2002-09-18
"P004221",23,2006-10-20
"P004221",13,2026-11-23
"P004222",16,1972-03-22
"P004222",56,1973-03-07
"P004222",38,1983-08-11
"P004223",15,1968-08-11
"P004223",20,1972-09-05
"P004223",55,1972-11-06
"P004223",28,1973-04-25
"P004224",63,1983-05-11
"P004224",14,1984-02-20
"P004224",28,2011-10-10
"P004225",9,2008-01-24
"P004225",36,2008-12-08
"P004225",48,2031-09-12
"P004227",28,1983-06-25
"P004227",62,1984-12-10
"P004227",55,1987-01-10
"P004227",53,1991-07-08
"P004227",15,1993-06-01
"P004227",31,1993-11-21
"P004227",62,2011-11-24
"P004228",3,1981-09-25
"P004228",39,1982-08-16
"P004228",8,1983-11-30
"P004228",4,1992-12-06
"P004228",14,1994-07-18
"P004229",19,2024-09-20
"P004229",24,2024-10-29
"P004229",1,2026-04-09
"P004229",39,2027-01-24
"P004229",30,2036-04-07
"P004229",40,2043-05-26
"P004231",27,1967-02-04
"P004231",62,1987-03-28
"P004231",53,2002-03-29
"P004231",50,2002-11-22
"P004232",62,2012-07-09
"P004232",52,2012-10-01
"P004232",30,2015-03-20
"P004232",2,2015-09-04
"P004232",43,2018-11-18
"P004232",24,2021-09-17
"P004232",3,2030-06-02
"P004232",49,2030-07-17
"P004232",44,2035-10-21
"P004232",33,2038-06-08
"P004232",26,2040-02-16
"P004232",18,2043-09-13
"P004233",67,1984-12-03
"P004233",3,1985-12-23
"P004233",39,1986-12-11
"P004233",11,1987-09-13
"P004233",55,1988-11-30
"P004233",12,1989-08-16
"P004233",27,1991-12-02
"P004233",11,2004-07-23
"P004233",1,2004-12-04
"P004233",34,2015-03-19
"P004234",50,2004-12-26
"P004234",29,2005-06-18
"P004234",27,2026-06-17
"P004234",64,2026-12-31
"P004234",50,2031-12-25
"P004235",18,1999-11-10
"P004235",48,2006-02-09
"P004235",13,2008-05-11
"P004235",28,2014-04-29
"P004235",30,2016-10-22
"P004235",24,2018-07-13
"P004236",25,2020-01-28
"P004236",2,2035-08-20
"P004238",49,2054-07-16
"P004238",2,2054-08-01
"P004238",2,2054-10-04
"P004239",43,1985-02-16
"P004239",2,1989-10-05
"P004239",27,1991-02-11
"P004239",8,1991-08-05
"P004239",28,1991-08-18
"P004239",55,1992-01-08
"P004239",46,1992-05-22
"P004239",28,1993-02-17
"P004239",13,1994-01-12
"P004239",21,1994-05-01
"P004239",21,2000-03-27
"P004239",55,2001-02-24
"P004239",12,2001-05-19
"P004239",3,2001-11-17
"P004239",17,2007-09-30
"P004239",30,2013-06-11
"P004239",24,2013-08-02
"P004239",53,2013-12-07
"P004239",3,2014-07-17
"P004239",15,2014-09-01
"P004239",50,2015-07-10
"P004239",23,2016-01-01
"P004239",9,2016-03-28
"P004239",35,2017-02-28
"P004240",7,1996-11-19
"P004240",2,1997-03-07
"P004240",58,2009-08-24
"P004240",23,2010-05-27
"P004240",6,2012-11-06
"P004240",13,2013-06-29
"P004240",18,2024-04-24
"P004240",4,2024-05-27
"P004241",9,2007-02-05
"P004241",3,2008-12-22
"P004241",21,2014-07-17
"P004241",2,2020-08-02
"P004241",43,2022-05-17
"P004241",20,2024-03-11
"P004241",21,2024-12-23
"P004241",5,2029-08-21
"P004241",61,2036-02-22
"P004243",7,1973-05-31
"P004243",25,1976-08-13
"P004243",11,1980-11-05
"P004243",30,1983-02-03
"P004243",5,1990-04-14
"P004243",43,1990-10-02
"P004244",4,2022-06-03
"P004245",28,1976-09-07
"P004245",24,1988-12-18
"P004245",1,2003-03-23
"P004245",63,2004-05-04
"P004246",7,2041-12-18
"P004246",11,2054-04-18
"P004247",14,2005-08-21
"P004247",12,2006-06-14
"P004247",64,2006-09-03
"P004247",15,2019-06-16
"P004248",17,2022-08-03
"P004248",21,2031-10-20
"P004249",12,2010-12-02
"P004250",14,1994-11-09
"P004250",47,2001-03-04
"P004250",53,2030-10-20
"P004251",3,1989-04-22
"P004251",30,1992-08-25
"P004251",40,1993-12-25
"P004251",53,2002-09-18
"P004251",50,2003-03-23
"P004251",2,2004-07-22
"P004251",55,2004-09-06
"P004251",34,2005-06-28
"P004251",66,2005-11-07
"P004251",44,2006-03-01
"P004251",49,2007-07-15
"P004252",5,2008-08-08
"P004252",54,2008-08-21
"P004252",38,2011-03-14
"P004252",24,2022-10-06
"P004252",24,2022-12-26
"P004252",54,2026-03-12
"P004252",61,2027-09-10
"P004252",33,2029-05-22
"P004252",5,2032-06-09
"P004253",12,2000-06-15
"P004253",4,2004-05-20
"P004253",7,2005-09-10
"P004253",24,2015-07-02
"P004253",35,2016-10-03
"P004253",67,2016-10-13
"P004253",51,2017-07-05
"P004253",6,2018-05-03
"P004253",33,2019-06-20
"P004253",34,2019-08-25
"P004254",63,1996-09-15
"P004254",43,2000-03-15
"P004254",28,2008-02-19
"P004254",28,2016-07-12
"P004254",1,2020-12-26
"P004254",57,2023-06-16
"P004254",32,2025-03-29
"P004254",42,2027-04-12
"P004254",3,2027-04-21
"P004254",27,2028-10-31
"P004254",3,2029-01-28
"P004255",2,2008-04-30
"P004255",14,2023-12-19
"P004256",6,2018-01-05
"P004256",4,2018-02-28
"P004256",65,2018-07-04
"P004256",12,2019-01-13
"P004256",26,2022-10-29
"P004256",55,2027-01-05
"P004256",2,2032-06-12
"P004256",67,2038-10-14
"P004257",2,1984-08-26
"P004257",5,1985-05-12
"P004257",37,1986-07-14
"P004257",24,1987-03-03
"P004257",50,1987-03-31
"P004257",21,1988-01-09
"P004257",40,1988-04-22
"P004257",23,1992-03-22
"P004257",28,2004-06-25
"P004257",50,2004-11-14
"P004257",24,2005-07-18
"P004257",10,2006-01-15
"P004257",49,2006-05-30
"P004257",62,2012-01-29
"P004257",17,2012-05-18
"P004257",7,2014-05-14
"P004257",1,2019-12-31
"P004258",28,2023-09-10
"P004258",3,2028-05-17
"P004258",41,2036-09-07
"P004258",34,2039-11-27
"P004259",23,1980-08-20
"P004259",43,1982-04-20
"P004259",26,1983-05-13
"P004259",52,1983-09-06
"P004259",62,1992-09-07
"P004259",2,2003-05-14
"P004259",43,2005-09-15
"P004259",34,2007-07-09
"P004260",11,1983-11-26
"P004260",49,1984-03-12
"P004260",58,1986-11-15
"P004260",26,1987-12-15
"P004260",64,1988-09-06
"P004260",36,1992-08-25
"P004260",55,1993-04-01
"P004260",28,2004-08-06
"P004262",19,1979-02-17
"P004262",14,1983-08-21
"P004262",13,1985-01-12
"P004262",4,1985-04-05
"P004262",11,1987-06-08
"P004262",19,1988-02-24
"P004262",42,1998-07-23
"P004262",55,2001-09-09
"P004262",17,2004-02-24
"P004262",10,2007-01-09
"P004262",38,2008-01-07
"P004262",28,2011-01-04
"P004262",4,2012-01-05
"P004262",67,2012-01-09
"P004262",41,2013-08-16
"P004262",43,2014-10-31
"P004262",44,2016-10-29
"P004263",23,2005-10-16
"P004263",3,2018-09-25
"P004263",18,2020-06-27
"P004263",6,2022-08-22
"P004263",12,2022-11-21
"P004263",2,2025-04-29
"P004263",14,2026-04-05
"P004264",47,2012-09-24
"P004264",31,2013-10-25
"P004264",28,2023-01-15
"P004264",28,2024-12-30
"P004265",28,1995-05-10
"P004265",28,2016-03-10
"P004265",30,2017-03-12
"P004266",62,1993-11-27
"P004266",6,1998-10-27
"P004266",14,2005-03-02
"P004266",52,2005-04-11
"P004267",55,1969-06-20
"P004267",53,2004-07-31
"P004268",28,2003-02-22
"P004268",28,2007-04-13
"P004268",4,2011-03-17
"P004268",44,2013-09-22
"P004268",33,2019-08-28
"P004268",43,2027-07-31
"P004268",3,2032-08-19
"P004269",54,1971-02-01
"P004269",39,1974-07-24
"P004269",50,1982-08-24
"P004269",39,1994-11-27
"P004270",28,1976-05-28
"P004270",25,1980-05-03
"P004270",62,1981-09-28
"P004270",43,1982-06-06
"P004270",2,1983-07-04
"P004270",7,1984-04-02
"P004270",7,1989-04-05
"P004270",25,2001-03-26
"P004270",52,2001-08-31
"P004270",48,2006-06-25
"P004270",8,2007-07-20
"P004271",30,1992-01-02
"P004271",3,1993-01-23
"P004271",14,1995-02-18
"P004271",52,2004-12-25
"P004271",21,2006-06-08
"P004272",55,1979-06-04
"P004272",22,1981-12-11
"P004273",26,2015-02-15
"P004273",15,2016-05-07
"P004273",3,2028-05-11
"P004273",30,2030-06-19
"P004273",8,2042-06-28
"P004273",50,2044-06-26
"P004273",9,2044-07-03
"P004274",28,1983-09-18
"P004274",26,1994-03-09
"P004274",15,1996-02-19
"P004274",18,1996-08-09
"P004274",15,1997-09-13
"P004274",24,1997-12-21
"P004276",55,2010-04-04
"P004276",28,2031-04-26
"P004276",1,2038-07-12
"P004276",28,2041-08-16
"P004277",55,2009-05-21
"P004277",18,2019-09-27
"P004277",3,2038-01-22
"P004277",27,2040-10-14
"P004277",62,2041-06-19
"P004277",64,2042-05-02
"P004278",13,2016-03-25
"P004278",5,2016-04-26
"P004278",43,2021-05-18
"P004278",11,2040-09-09
"P004279",24,1988-06-16
"P004279",3,1991-02-15
"P004279",57,1998-07-22
"P004279",18,2003-11-12
"P004279",25,2018-06-23
"P004280",28,1985-05-23
"P004280",44,1988-11-11
"P004280",24,1990-01-31
"P004280",4,1993-10-20
"P004280",64,1995-10-18
"P004281",57,2022-12-08
"P004281",27,2028-10-04
"P004281",26,2029-07-21
"P004281",42,2030-11-12
"P004281",15,2046-03-24
"P004282",62,1976-02-16
"P004282",6,1977-09-04
"P004282",31,1977-09-28
"P004282",64,1979-10-10
"P004282",23,1981-12-16
"P004282",4,1986-05-19
"P004282",54,2005-09-24
"P004282",49,2008-01-22
"P004282",36,2011-06-18
"P004283",14,1969-03-08
"P004283",28,1993-12-05
"P004283",20,1996-08-12
"P004283",24,1997-05-25
"P004284",40,2001-07-22
"P004284",4,2024-12-11
"P004284",55,2025-06-06
"P004284",8,2025-08-21
"P004284",11,2027-05-20
"P004284",49,2029-02-26
"P004284",60,2030-12-09
"P004284",24,2032-08-12
"P004284",58,2036-10-11
"P004284",16,2037-05-31
"P004285",18,1974-02-21
"P004285",28,1982-05-07
"P004285",26,1986-05-31
"P004285",11,2003-10-26
"P004285",28,2004-02-20
"P004286",52,1978-10-12
"P004286",42,1991-07-17
"P004286",2,2008-02-25
"P004286",7,2009-05-31
"P004286",7,2010-03-10
"P004286",28,2011-07-18
"P004286",30,2011-07-27
"P004286",34,2011-08-01
"P004287",48,1991-02-23
"P004287",48,2002-03-12
"P004287",15,2015-05-11
"P004287",25,2023-11-21
"P004288",23,2005-09-01
"P004288",11,2018-05-12
"P004289",6,1990-12-21
"P004289",60,1991-09-11
"P004289",1,2000-05-16
"P004290",21,1999-06-08
"P004290",52,2017-05-30
"P004291",10,2013-08-22
"P004291",16,2015-11-12
"P004291",60,2018-03-29
"P004291",58,2034-09-14
"P004291",10,2037-01-23
"P004292",61,2006-07-17
"P004292",34,2007-05-15
"P004292",44,2011-07-07
"P004292",4,2012-04-11
"P004292",46,2013-01-22
"P004292",53,2013-08-12
"P004292",49,2015-03-15
"P004292",54,2015-08-15
"P004292",31,2016-03-23
"P004292",21,2016-07-29
"P004292",3,2016-12-02
"P004293",49,1982-02-02
"P004293",13,1985-04-09
"P004293",24,1986-03-23
"P004293",3,1987-01-07
"P004293",21,1988-05-25
"P004293",13,1990-11-09
"P004293",21,1991-11-09
"P004293",39,2000-04-10
"P004293",21,2000-11-29
"P004293",12,2000-12-06
"P004293",64,2001-07-30
"P004293",19,2004-07-27
"P004293",44,2006-09-11
"P004293",33,2007-04-07
"P004293",3,2007-09-03
"P004293",42,2009-07-10
"P004294",36,2006-11-15
"P004294",3,2007-10-07
"P004294",9,2008-10-06
"P004294",26,2009-01-27
"P004294",12,2009-12-29
"P004294",21,2011-12-10
"P004294",11,2012-01-31
"P004294",31,2012-11-30
"P004294",37,2013-02-17
"P004294",50,2014-04-16
"P004294",8,2014-07-24
"P004294",36,2015-02-06
"P004294",3,2015-04-28
"P004294",35,2015-06-14
"P004295",30,1969-05-31
"P004296",40,1998-12-12
"P004297",3,2007-06-13
"P004297",14,2017-01-11
"P004297",13,2021-08-07
"P004297",11,2026-04-19
"P004298",55,1987-08-17
"P004298",52,1991-03-13
"P004298",27,1993-07-17
"P004298",5,1998-07-19
"P004298",5,2000-05-01
"P004298",50,2000-08-28
"P004298",3,2008-08-21
"P004299",1,1997-02-06
"P004299",55,2000-04-25
"P004299",52,2005-06-21
"P004299",2,2007-05-31
"P004299",25,2008-12-02
"P004299",25,2014-12-16
"P004299",1,2015-02-05
"P004299",28,2026-02-23
"P004299",12,2026-09-10
"P004299",4,2027-10-25
"P004299",47,2028-08-29
"P004299",38,2028-09-01
"P004300",63,1962-01-12
"P004300",11,1970-10-26
"P004300",24,1971-12-20
"P004300",67,1977-03-28
"P004300",62,1991-11-27
"P004300",46,1992-03-12
"P004300",61,2000-10-19
"P004301",55,2028-07-26
"P004303",19,1969-09-01
"P004303",24,1972-07-12
"P004303",1,1973-10-01
"P004303",1,1994-06-09
"P004304",24,2011-05-29
"P004305",21,2000-03-20
"P004305",16,2007-01-11
"P004305",23,2007-08-28
"P004305",67,2009-12-03
"P004305",6,2021-12-19
"P004305",8,2028-08-25
"P004305",15,2035-06-26
"P004306",14,2037-04-27
"P004306",23,2042-06-17
"P004307",43,1989-07-17
"P004307",52,2015-11-03
"P004308",63,2035-08-18
"P004308",15,2038-02-26
"P004308",24,2043-12-24
"P004309",28,1996-12-01
"P004309",30,1997-01-24
"P004309",62,1999-05-08
"P004309",55,2000-06-18
"P004309",3,2022-03-28
"P004309",25,2030-10-24
"P004309",35,2031-10-21
"P004310",30,1999-03-20
"P004310",13,2007-06-08
"P004310",65,2007-07-09
"P004310",17,2015-03-10
"P004310",42,2019-03-15
"P004311",1,1964-07-20
"P004311",3,1966-03-02
"P004311",61,1982-12-19
"P004311",32,1983-07-09
"P004311",32,1984-01-17
"P004311",48,1984-11-14
"P004311",13,1985-04-18
"P004311",15,1986-01-16
"P004311",48,1994-04-25
"P004312",6,1982-06-23
"P004312",4,1990-06-16
"P004312",4,2004-03-03
"P004313",12,2011-05-09
"P004313",25,2015-05-19
"P004313",1,2019-03-29
"P004313",25,2021-05-18
"P004313",39,2022-11-23
"P004313",62,2024-02-22
"P004313",64,2034-10-11
"P004313",42,2039-12-07
"P004314",3,2021-11-29
"P004314",21,2034-07-20
"P004314",25,2040-07-12
"P004314",44,2041-04-26
"P004314",22,2041-04-26
"P004314",61,2041-05-03
"P004314",66,2041-05-17
"P004314",33,2042-05-24
"P004314",2,2042-09-10
"P004315",7,2009-09-15
"P004315",23,2011-03-05
"P004315",13,2014-09-23
"P004315",51,2016-12-14
"P004315",25,2021-01-20
"P004315",55,2038-11-03
"P004316",65,2002-05-27
"P004316",6,2003-04-19
"P004316",8,2004-03-17
"P004316",55,2011-01-09
"P004316",14,2034-04-27
"P004316",55,2035-12-22
"P004316",1,2038-06-02
"P004317",31,2010-10-04
"P004317",31,2011-04-13
"P004317",21,2028-05-19
"P004317",53,2035-08-27
"P004318",27,2011-01-23
"P004318",1,2022-06-22
"P004318",40,2025-09-22
"P004318",63,2026-09-02
"P004318",5,2030-01-18
"P004318",57,2042-02-17
"P004319",14,2025-05-09
"P004320",28,1972-02-27
"P004320",18,1976-03-02
"P004320",2,1989-07-28
"P004321",6,1980-02-20
"P004321",27,1987-12-13
"P004321",26,1988-08-03
"P004321",25,2000-05-22
"P004321",8,2012-07-27
"P004321",52,2012-11-02
"P004322",3,2020-01-24
"P004322",57,2027-05-27
"P004322",28,2031-06-24
"P004322",57,2032-06-01
"P004322",21,2034-06-20
"P004323",62,1989-01-05
"P004323",28,1995-10-17
"P004323",6,1996-11-30
"P004323",5,2019-09-10
"P004323",14,2024-05-22
"P004324",24,2028-02-07
"P004324",28,2029-09-14
"P004324",62,2032-12-17
"P004324",3,2039-07-06
"P004325",24,2015-07-20
"P004325",24,2016-05-26
"P004325",28,2023-11-21
"P004325",55,2030-07-19
"P004325",28,2030-08-31
"P004325",7,2048-01-25
"P004326",55,2012-11-07
"P004326",53,2036-07-05
"P004326",50,2037-08-17
"P004326",36,2039-12-01
"P004327",47,1996-02-04
"P004327",21,1996-04-27
"P004327",49,2000-03-14
"P004327",24,2002-11-14
"P004327",8,2030-09-05
"P004328",27,1977-03-27
"P004328",26,1981-06-18
"P004328",3,1981-06-23
"P004328",27,1983-01-31
"P004328",60,1984-01-20
"P004328",16,1993-09-01
"P004328",28,1994-03-05
"P004328",33,1994-10-10
"P004328",26,1995-11-27
"P004328",24,1995-12-06
"P004328",21,1996-12-03
"P004328",14,1999-01-17
"P004328",2,2002-04-22
"P004328",50,2004-04-25
"P004329",9,2000-04-27
"P004330",18,1993-02-09
"P004330",62,1994-12-12
"P004330",2,2001-06-11
"P004330",33,2002-10-16
"P004330",55,2011-05-29
"P004331",62,1979-11-22
"P004331",23,1980-06-23
"P004331",6,2000-12-13
"P004331",11,2002-04-25
"P004331",5,2006-05-13
"P004331",28,2006-11-12
"P004332",37,2009-03-01
"P004332",26,2017-11-07
"P004332",13,2019-01-22
"P004332",51,2020-03-31
"P004332",54,2021-01-17
"P004332",2,2021-05-05
"P004332",51,2023-08-07
"P004332",14,2026-04-09
"P004332",30,2028-02-05
"P004332",24,2028-12-15
"P004332",7,2029-11-28
"P004332",35,2034-09-15
"P004333",41,1993-06-26
"P004333",7,1993-07-29
"P004333",57,1994-09-07
"P004333",18,2003-10-11
"P004333",40,2013-09-25
"P004333",14,2024-04-06
"P004333",13,2024-06-14
"P004334",23,1987-09-28
"P004334",26,1991-03-30
"P004334",52,2000-01-06
"P004334",27,2004-05-26
"P004334",24,2005-08-27
"P004334",64,2010-12-11
"P004334",24,2011-01-04
"P004334",17,2014-03-25
"P004334",67,2015-06-27
"P004335",63,2015-06-20
"P004335",4,2017-05-26
"P004335",67,2018-11-06
"P004335",23,2031-09-08
"P004335",44,2033-12-28
"P004335",62,2043-11-13
"P004335",24,2046-08-19
"P004336",24,2023-12-07
"P004336",14,2031-05-26
"P004336",58,2034-06-18
"P004337",43,2010-09-14
"P004337",23,2023-08-21
"P004337",29,2024-01-12
"P004338",28,1965-04-26
"P004338",2,1966-06-22
"P004338",50,1981-09-20
"P004338",9,1982-07-11
"P004338",9,1983-08-23
"P004338",16,1985-06-06
"P004338",3,1985-09-23
"P004339",14,2019-03-11
"P004339",14,2027-08-20
"P004339",9,2027-11-25
"P004339",40,2029-11-20
"P004339",23,2039-05-25
"P004339",14,2044-08-31
"P004340",25,1987-06-07
"P004340",27,1988-07-28
"P004340",26,1990-07-31
"P004340",66,1992-08-17
"P004340",24,1996-08-13
"P004340",23,2004-05-18
"P004341",21,1996-12-05
"P004341",12,1997-11-08
"P004341",55,2010-02-06
"P004341",19,2012-12-19
"P004342",21,1980-05-23
"P004342",14,1983-09-24
"P004342",2,1988-10-17
"P004342",36,2010-02-06
"P004342",11,2016-01-15
"P004342",40,2017-09-08
"P004342",16,2019-04-17
"P004343",52,1993-11-30
"P004343",25,2005-08-04
"P004343",32,2009-12-24
"P004344",28,1997-03-18
"P004344",1,1998-04-26
"P004345",1,1999-02-11
"P004345",14,2005-10-09
"P004345",7,2025-02-18
"P004345",48,2030-11-08
"P004345",15,2032-01-08
"P004345",53,2032-05-31
"P004346",35,1987-11-30
"P004346",51,1988-05-20
"P004346",2,1988-08-14
"P004346",43,1989-02-01
"P004346",64,1989-05-27
"P004346",2,1990-02-22
"P004346",2,1990-09-30
"P004346",43,1991-11-26
"P004346",28,2012-03-01
"P004346",30,2014-01-11
"P004346",8,2022-06-14
"P004347",52,1979-11-05
"P004347",28,1984-01-04
"P004347",1,1984-09-26
"P004347",40,1985-09-04
"P004347",44,1999-12-27
"P004347",6,2001-04-27
"P004347",61,2001-05-10
"P004347",8,2014-02-17
"P004348",11,2015-09-09
"P004348",34,2024-09-23
"P004348",40,2025-08-14
"P004348",9,2027-01-01
"P004348",19,2027-03-08
"P004348",28,2033-09-08
"P004348",43,2035-09-04
"P004349",40,1987-06-24
"P004349",63,1987-07-16
"P004349",50,1989-04-25
"P004349",49,1991-08-16
"P004349",61,1993-11-17
"P004349",61,1998-10-30
"P004349",58,1999-11-24
"P004349",41,2000-12-07
"P004349",54,2001-12-14
"P004349",6,2002-03-27
"P004349",4,2004-05-08
"P004349",60,2005-03-29
"P004349",4,2009-04-29
"P004349",14,2010-06-02
"P004349",41,2010-06-11
"P004349",6,2010-10-21
"P004349",54,2011-11-22
"P004349",1,2012-11-15
"P004349",12,2013-07-10
"P004349",55,2020-01-18
"P004349",49,2021-08-27
"P004350",8,1997-03-01
"P004350",50,2005-05-31
"P004350",28,2005-08-17
"P004350",5,2010-08-05
"P004350",64,2010-12-24
"P004350",9,2015-03-18
"P004351",19,2012-06-21
"P004351",4,2029-03-04
"P004351",14,2039-01-25
"P004351",58,2046-07-25
"P004352",30,2031-10-27
"P004352",21,2045-09-05
"P004352",31,2047-04-30
"P004353",2,1972-12-14
"P004353",28,1974-09-12
"P004353",16,1975-09-26
"P004353",55,1980-07-13
"P004353",19,1982-05-12
"P004353",1,1983-03-08
"P004353",12,1983-07-05
"P004353",49,1989-11-03
"P004353",58,1997-10-11
"P004353",2,2004-10-28
"P004354",1,2002-12-22
"P004354",24,2011-09-29
"P004354",18,2027-11-20
"P004354",1,2028-06-02
"P004354",6,2030-04-08
"P004354",65,2030-05-24
"P004355",28,2015-03-31
"P004355",64,2019-09-28
"P004355",30,2022-11-25
"P004355",1,2024-06-23
"P004355",61,2035-06-21
"P004356",5,2010-12-06
"P004356",55,2014-09-02
"P004356",1,2018-10-15
"P004356",56,2022-02-19
"P004356",53,2035-07-03
"P004356",53,2035-11-03
"P004356",10,2035-12-12
"P004356",38,2036-08-21
"P004356",27,2037-12-28
"P004357",57,1978-01-24
"P004357",46,1978-12-26
"P004357",54,1985-10-26
"P004357",17,1990-07-08
"P004358",5,1979-03-13
"P004358",5,1986-04-26
"P004358",44,1991-06-03
"P004358",49,2004-12-20
"P004358",61,2006-05-07
"P004358",2,2007-04-24
"P004358",43,2007-06-11
"P004358",26,2007-09-10
"P004358",48,2007-10-18
"P004358",51,2008-01-24
"P004358",34,2009-01-09
"P004359",50,1980-12-29
"P004359",28,1981-09-30
"P004359",62,1994-12-19
"P004359",49,2000-02-06
"P004359",51,2002-05-27
"P004359",5,2006-06-07
"P004359",15,2007-04-14
"P004360",6,1969-04-18
"P004360",16,1970-04-20
"P004360",29,1984-09-08
"P004360",1,1985-03-27
"P004360",3,1987-12-14
"P004361",14,2006-10-15
"P004361",11,2011-08-03
"P004361",55,2016-04-23
"P004361",34,2016-07-13
"P004362",1,1996-06-22
"P004362",26,1997-12-27
"P004362",65,1998-08-29
"P004362",3,1999-05-17
"P004362",30,1999-06-15
"P004362",27,2000-10-11
"P004362",4,2009-02-10
"P004362",8,2010-05-17
"P004362",58,2010-09-01
"P004363",23,1981-03-25
"P004363",36,1981-08-18
"P004363",16,2003-01-16
"P004363",4,2006-07-25
"P004364",52,1987-04-23
"P004364",19,1988-07-18
"P004364",43,2007-01-16
"P004364",15,2010-06-30
"P004364",56,2010-11-26
"P004365",22,1976-12-15
"P004365",28,1979-08-21
"P004365",23,1979-08-21
"P004365",16,1980-11-23
"P004366",8,1969-07-10
"P004367",41,1974-07-16
"P004367",28,1980-10-03
"P004367",55,1987-10-21
"P004368",27,1987-08-02
"P004368",3,1988-11-02
"P004368",64,1989-02-09
"P004368",42,1990-03-04
"P004368",1,1996-04-23
"P004368",47,2006-05-07
"P004368",14,2006-10-11
"P004368",8,2008-07-10
"P004368",25,2008-08-26
"P004368",65,2016-10-28
"P004368",33,2019-06-11
"P004369",28,2001-03-25
"P004369",41,2020-05-18
"P004369",66,2021-01-16
"P004369",54,2023-07-25
"P004369",23,2029-03-20
"P004369",2,2029-11-14
"P004369",34,2030-07-09
"P004369",23,2030-12-07
"P004369",33,2031-09-17
"P004369",2,2032-11-05
"P004369",2,2032-12-03
"P004370",1,1983-03-05
"P004370",14,1987-04-29
"P004370",62,1989-05-01
"P004370",26,1994-07-04
"P004370",52,1995-07-04
"P004370",26,1997-11-13
"P004370",2,2001-07-24
"P004370",7,2014-08-28
"P004370",42,2017-06-24
"P004370",23,2021-03-11
"P004370",11,2022-07-28
"P004371",24,1985-03-20
"P004371",18,2005-05-02
"P004371",18,2008-03-10
"P004372",53,2018-06-25
"P004372",14,2023-10-12
"P004372",26,2025-10-10
"P004372",8,2026-02-25
"P004372",14,2027-05-02
"P004373",18,2011-08-03
"P004373",62,2012-01-01
"P004373",18,2012-01-14
"P004373",46,2012-10-06
"P004373",61,2013-06-12
"P004373",61,2020-02-12
"P004373",32,2020-05-19
"P004373",10,2022-03-12
"P004373",18,2030-01-19
"P004373",1,2041-04-11
"P004374",55,2007-03-06
"P004374",11,2012-01-03
"P004374",49,2012-04-02
"P004374",5,2017-12-05
"P004374",55,2022-06-22
"P004374",49,2029-04-17
"P004374",64,2031-02-18
"P004375",13,1980-03-18
"P004375",47,1986-03-29
"P004375",14,1986-07-15
"P004375",27,1992-10-20
"P004375",47,1999-10-25
"P004376",14,1980-06-14
"P004376",6,1980-08-19
"P004376",30,1986-12-12
"P004376",28,1988-07-03
"P004376",30,1990-02-20
"P004376",55,1998-02-06
"P004376",3,1999-08-22
"P004376",30,2000-08-17
"P004376",2,2003-11-22
"P004377",55,1991-06-27
"P004377",19,1992-06-03
"P004377",40,1992-07-21
"P004378",16,2017-02-22
"P004378",3,2019-01-01
"P004378",2,2019-07-16
"P004378",33,2021-08-01
"P004378",44,2022-12-20
"P004379",24,1984-12-11
"P004379",27,1986-08-31
"P004379",23,2001-08-05
"P004379",48,2014-08-01
"P004380",25,2014-12-29
"P004380",28,2022-07-10
"P004380",2,2028-02-28
"P004380",33,2029-05-08
"P004381",25,1983-08-15
"P004381",7,1990-12-31
"P004381",1,1997-02-26
"P004381",49,2002-11-22
"P004381",1,2009-03-09
"P004381",13,2010-01-25
"P004382",24,1984-03-06
"P004382",38,1986-10-27
"P004382",12,1997-07-18
"P004382",55,2009-06-22
"P004382",11,2010-07-21
"P004382",5,2011-02-13
"P004383",55,2009-12-20
"P004383",19,2012-04-03
"P004383",4,2014-11-07
"P004384",24,1998-04-27
"P004384",11,2025-10-21
"P004384",26,2025-12-18
"P004385",41,1993-11-05
"P004385",7,1996-12-31
"P004385",14,2001-12-09
"P004385",14,2006-03-31
"P004385",47,2008-01-31
"P004385",46,2008-03-24
"P004385",46,2008-04-02
"P004385",26,2018-12-01
"P004386",11,1985-06-25
"P004386",49,1985-10-06
"P004386",28,1988-09-30
"P004386",62,1991-11-17
"P004386",17,1998-09-22
"P004386",3,1999-01-17
"P004386",41,1999-04-09
"P004387",8,2030-01-23
"P004387",26,2037-11-03
"P004387",24,2039-10-22
"P004387",63,2044-09-03
"P004388",30,1984-05-07
"P004388",18,1993-12-12
"P004389",15,1994-09-12
"P004389",17,2006-09-20
"P004389",44,2006-11-25
"P004389",27,2007-05-02
"P004389",23,2015-11-28
"P004389",62,2016-02-26
"P004389",55,2018-02-03
"P004390",54,2033-08-27
"P004391",41,2005-10-25
"P004391",66,2006-06-12
"P004391",41,2007-01-02
"P004391",53,2008-10-21
"P004391",54,2009-02-02
"P004391",17,2024-04-04
"P004391",10,2024-05-09
"P004391",53,2037-04-03
"P004391",54,2040-04-12
"P004392",27,2004-05-13
"P004392",24,2004-09-05
"P004392",43,2008-05-22
"P004392",60,2012-12-08
"P004392",13,2012-12-15
"P004392",65,2013-03-12
"P004393",12,1997-11-08
"P004393",55,2011-11-17
"P004393",28,2014-09-08
"P004393",2,2027-04-15
"P004393",53,2027-05-24
"P004393",24,2028-10-20
"P004393",49,2030-05-17
"P004393",30,2031-10-18
"P004394",5,1997-08-02
"P004394",44,2002-08-03
"P004394",55,2016-11-10
"P004394",6,2018-05-01
"P004394",46,2020-11-22
"P004395",23,1999-07-13
"P004395",52,2010-05-03
"P004396",32,2006-05-16
"P004396",12,2023-04-30
"P004396",60,2030-06-10
"P004396",58,2030-08-16
"P004397",24,2007-11-23
"P004397",62,2013-08-31
"P004397",43,2014-05-07
"P004397",2,2015-08-06
"P004397",47,2018-02-10
"P004397",31,2019-10-28
"P004397",14,2030-07-19
"P004397",19,2035-07-09
"P004397",49,2037-04-02
"P004398",22,1984-05-10
"P004399",3,1979-07-12
"P004399",10,1980-07-12
"P004399",26,1983-03-09
"P004399",55,1986-04-09
"P004399",66,1986-07-29
"P004399",28,1993-05-30
"P004399",4,1993-11-28
"P004399",58,1994-05-15
"P004399",40,1994-09-30
"P004399",19,1995-02-12
"P004399",19,1996-07-22
"P004399",2,2000-10-03
"P004399",12,2002-10-15
"P004400",28,2000-10-21
"P004400",20,2004-04-03
"P004400",11,2005-10-01
"P004400",6,2007-01-19
"P004400",33,2007-07-25
"P004400",65,2007-11-09
"P004400",6,2024-06-30
"P004400",44,2028-11-29
"P004401",16,1969-06-29
"P004401",31,1993-01-06
"P004401",25,2005-03-02
"P004402",40,1987-03-15
"P004402",4,1993-03-01
"P004402",55,2004-08-09
"P004402",11,2004-08-31
"P004402",55,2008-02-10
"P004402",46,2008-08-03
"P004402",39,2008-12-06
"P004403",55,2008-11-24
"P004403",2,2011-06-18
"P004403",2,2012-08-07
"P004403",18,2021-05-18
"P004403",11,2022-05-29
"P004403",12,2022-12-08
"P004403",27,2024-08-24
"P004403",27,2025-03-26
"P004403",42,2025-08-02
"P004403",4,2029-11-23
"P004403",14,2030-06-26
"P004404",14,1970-12-10
"P004404",36,1976-06-30
"P004404",6,1983-06-30
"P004404",62,1997-03-19
"P004405",17,1975-07-29
"P004405",31,1976-03-10
"P004405",67,1976-08-01
"P004405",21,2004-04-13
"P004405",15,2011-03-13
"P004406",23,2010-02-03
"P004406",55,2023-07-10
"P004407",28,2004-04-07
"P004407",36,2009-06-30
"P004408",8,1993-04-23
"P004408",50,1994-06-15
"P004409",3,2018-08-27
"P004409",49,2038-03-04
"P004409",54,2038-08-10
"P004409",35,2039-07-10
"P004409",6,2039-11-04
"P004409",35,2041-02-12
"P004409",61,2041-07-02
"P004410",30,2008-02-07
"P004410",14,2021-10-26
"P004410",53,2036-09-03
"P004410",16,2037-03-05
"P004411",37,1987-05-01
"P004411",5,1991-10-14
"P004411",43,1991-12-13
"P004411",27,1993-11-18
"P004411",36,1996-04-25
"P004412",21,2009-08-27
"P004412",1,2018-10-10
"P004412",8,2025-07-15
"P004413",3,1974-09-20
"P004413",50,1994-03-18
"P004413",9,1996-08-04
"P004413",48,1996-12-04
"P004414",43,1999-09-14
"P004414",41,2000-06-29
"P004414",41,2001-04-17
"P004414",14,2003-07-21
"P004414",47,2004-10-03
"P004414",30,2011-01-10
"P004414",40,2011-06-06
"P004414",62,2014-02-26
"P004414",62,2014-11-05
"P004414",51,2016-01-13
"P004414",15,2020-09-26
"P004414",56,2032-05-06
"P004415",4,1975-12-11
"P004415",28,1981-11-01
"P004415",61,1984-12-24
"P004415",15,1997-07-30
"P004415",13,1999-06-13
"P004415",14,2000-02-03
"P004415",11,2003-01-13
"P004415",1,2005-01-22
"P004416",11,1978-07-31
"P004416",4,1981-01-02
"P004416",21,2011-05-21
"P004417",16,2018-04-28
"P004417",52,2038-09-16
"P004417",18,2044-05-31
"P004417",3,2044-07-10
"P004417",53,2044-09-21
"P004417",27,2044-12-08
"P004417",1,2046-02-04
"P004417",30,2046-09-11
"P004417",30,2048-04-07
"P004418",28,2013-10-11
"P004418",39,2014-09-28
"P004418",16,2015-06-12
"P004418",11,2015-11-10
"P004418",4,2016-06-25
"P004418",32,2018-06-18
"P004418",36,2020-09-26
"P004418",46,2020-12-26
"P004419",12,1983-06-04
"P004419",5,1983-10-18
"P004419",1,1984-03-08
"P004419",37,1984-03-21
"P004419",54,1984-11-02
"P004419",37,1985-02-02
"P004419",55,1990-04-09
"P004419",23,1992-03-08
"P004419",59,1996-11-20
"P004419",23,1999-10-10
"P004419",3,2000-09-28
"P004419",14,2003-12-16
"P004420",53,1965-08-12
"P004420",50,1966-08-18
"P004420",24,1968-07-11
"P004420",67,1969-09-24
"P004420",55,1969-11-13
"P004420",58,1986-09-30
"P004420",28,1992-06-15
"P004421",11,2011-05-29
"P004421",37,2014-04-15
"P004421",30,2015-12-14
"P004421",24,2018-02-02
"P004421",38,2019-01-16
"P004421",49,2020-05-01
"P004421",5,2020-05-28
"P004421",25,2022-04-06
"P004421",49,2027-12-17
"P004421",54,2029-12-30
"P004422",12,1989-11-07
"P004422",7,2016-10-21
"P004422",57,2019-11-07
"P004422",15,2023-04-19
"P004422",11,2024-02-11
"P004423",16,1973-03-20
"P004423",6,1998-08-07
"P004424",55,1971-12-26
"P004424",29,1973-08-24
"P004424",3,1973-11-07
"P004424",49,1974-03-28
"P004424",18,1982-04-24
"P004424",19,1986-03-14
"P004425",28,2017-06-28
"P004425",10,2019-07-28
"P004425",11,2022-07-17
"P004425",61,2027-02-02
"P004425",43,2028-07-02
"P004425",53,2035-12-15
"P004425",48,2039-03-22
"P004425",41,2041-05-03
"P004426",17,1974-07-07
"P004426",56,1982-01-27
"P004426",14,1985-02-09
"P004426",3,1989-01-19
"P004426",55,1990-06-10
"P004427",21,1977-07-17
"P004427",43,1992-03-27
"P004427",23,1998-06-30
"P004428",43,1988-04-18
"P004428",55,2001-02-17
"P004429",2,1977-11-11
"P004429",59,1982-10-24
"P004429",23,2000-05-04
"P004429",62,2003-04-23
"P004430",23,2014-01-19
"P004430",38,2026-07-26
"P004430",44,2028-02-08
"P004430",1,2029-01-05
"P004430",4,2029-11-30
"P004430",14,2031-10-22
"P004430",41,2032-07-23
"P004430",10,2035-07-14
"P004430",2,2049-12-11
"P004431",16,2009-11-27
"P004431",7,2032-08-04
"P004432",6,1964-01-13
"P004432",62,1991-01-02
"P004432",14,1994-02-08
"P004433",49,2025-09-04
"P004433",3,2028-01-22
"P004433",14,2042-07-13
"P004433",27,2044-02-22
"P004433",16,2044-06-07
"P004433",65,2044-11-11
"P004433",48,2048-03-01
"P004434",17,1967-04-28
"P004435",18,2018-05-31
"P004435",28,2031-03-23
"P004435",24,2034-12-25
"P004435",17,2035-06-05
"P004435",16,2038-02-08
"P004436",23,2001-09-30
"P004436",29,2002-06-26
"P004436",36,2002-10-25
"P004436",30,2003-04-15
"P004436",8,2009-03-05
"P004436",36,2010-11-02
"P004436",21,2011-04-14
"P004436",3,2012-04-14
"P004436",60,2015-08-01
"P004436",13,2032-05-23
"P004436",37,2033-05-30
"P004437",6,1963-06-14
"P004437",24,1974-10-09
"P004437",1,1981-03-31
"P004437",28,1996-11-13
"P004438",49,2020-01-24
"P004438",61,2020-09-09
"P004438",15,2022-11-12
"P004438",4,2030-07-08
"P004438",8,2031-12-28
"P004438",23,2033-12-28
"P004438",14,2044-06-11
"P004438",25,2044-09-23
"P004438",30,2045-05-10
"P004438",4,2045-11-05
"P004438",8,2046-09-25
"P004438",17,2049-12-03
"P004439",53,1999-09-21
"P004439",4,2001-02-04
"P004439",52,2010-02-17
"P004439",28,2010-03-30
"P004439",12,2010-09-02
"P004439",20,2014-05-11
"P004439",16,2014-09-20
"P004439",3,2017-03-05
"P004439",49,2018-07-26
"P004440",27,1980-11-24
"P004440",42,1982-08-09
"P004440",61,1985-08-03
"P004440",3,1992-08-08
"P004440",11,1998-10-08
"P004440",1,2006-04-14
"P004440",28,2006-07-28
"P004440",11,2012-06-29
"P004441",6,1972-04-01
"P004441",14,1976-03-14
"P004441",25,1986-12-20
"P004442",4,1984-04-25
"P004442",32,1987-05-28
"P004442",6,1990-06-09
"P004442",4,2007-07-31
"P004442",28,2010-02-18
"P004443",23,1976-02-05
"P004443",4,1984-11-22
"P004443",58,1986-06-19
"P004443",46,1987-03-01
"P004443",34,1988-01-05
"P004443",46,1988-03-17
"P004443",12,1993-03-01
"P004443",62,2004-11-15
"P004443",51,2005-02-18
"P004444",21,2009-06-22
"P004444",44,2009-08-30
"P004444",11,2009-09-25
"P004444",14,2010-03-14
"P004445",23,1972-08-16
"P004445",62,1975-06-24
"P004445",17,1978-03-28
"P004445",25,1997-05-21
"P004445",28,1997-08-19
"P004445",48,1998-10-21
"P004446",42,1972-02-19
"P004446",1,1984-08-30
"P004446",2,1990-12-14
"P004446",52,1996-03-21
"P004447",40,2021-08-23
"P004447",32,2021-09-10
"P004447",40,2022-12-31
"P004447",24,2024-10-28
"P004447",2,2026-04-17
"P004447",8,2028-11-29
"P004447",15,2033-12-09
"P004447",43,2038-11-23
"P004447",50,2039-12-20
"P004447",60,2041-09-10
"P004448",12,2022-04-22
"P004449",55,1989-02-09
"P004449",23,2008-06-07
"P004450",6,2005-10-31
"P004450",26,2009-01-17
"P004450",64,2010-01-02
"P004450",28,2023-04-29
"P004450",1,2023-09-04
"P004450",3,2029-02-02
"P004450",28,2030-04-10
"P004450",40,2031-07-27
"P004450",14,2033-01-21
"P004451",7,1977-05-12
"P004451",28,1977-07-03
"P004451",50,1987-10-17
"P004451",6,1998-01-28
"P004451",63,1998-04-02
"P004451",27,2003-01-15
"P004451",64,2003-10-06
"P004451",55,2005-08-13
"P004451",22,2005-12-29
"P004451",18,2006-04-23
"P004451",61,2008-12-24
"P004451",52,2009-01-15
"P004452",11,1995-09-12
"P004452",54,2001-01-06
"P004452",50,2001-06-30
"P004452",46,2011-08-06
"P004452",55,2013-03-02
"P004452",8,2014-10-17
"P004452",13,2028-03-27
"P004453",52,2040-06-25
"P004453",26,2040-07-15
"P004453",24,2043-09-07
"P004453",28,2045-05-09
"P004453",39,2046-11-18
"P004454",54,1992-08-06
"P004454",3,2022-08-07
"P004454",28,2023-01-04
"P004454",59,2023-05-10
"P004454",17,2025-02-24
"P004454",67,2025-03-13
"P004455",1,1963-07-20
"P004455",3,1974-01-04
"P004455",49,1979-05-27
"P004455",15,1980-12-11
"P004455",49,1985-03-17
"P004455",6,1986-09-09
"P004456",14,1989-02-05
"P004456",21,1999-07-17
"P004457",1,2006-03-08
"P004457",24,2031-09-19
"P004458",1,1973-02-11
"P004458",42,1977-09-02
"P004458",57,1991-06-11
"P004458",23,1994-08-10
"P004459",30,2016-11-21
"P004459",53,2018-08-16
"P004459",28,2029-02-18
"P004459",7,2038-07-17
"P004459",28,2040-07-16
"P004459",52,2049-03-12
"P004459",28,2051-03-27
"P004460",14,2012-11-22
"P004460",42,2023-01-22
"P004460",55,2030-06-01
"P004461",1,2002-12-15
"P004461",2,2007-05-20
"P004461",1,2026-09-02
"P004462",42,1994-02-08
"P004462",43,1998-04-15
"P004462",41,1999-04-12
"P004462",3,1999-05-30
"P004462",41,1999-10-15
"P004462",55,2009-07-26
"P004462",12,2009-09-25
"P004462",43,2010-03-17
"P004462",52,2010-12-29
"P004462",4,2011-05-10
"P004462",36,2012-09-28
"P004463",60,2013-08-18
"P004463",28,2014-11-28
"P004463",12,2025-05-29
"P004464",28,1967-06-16
"P004464",3,1976-01-22
"P004464",39,1976-09-15
"P004464",28,1991-04-20
"P004464",62,1995-01-07
"P004464",22,2002-12-13
"P004465",25,2008-03-24
"P004465",60,2022-10-08
"P004466",37,2016-07-24
"P004466",42,2027-09-26
"P004466",5,2053-03-21
"P004467",4,2005-02-09
"P004468",11,1982-10-08
"P004468",54,1988-01-22
"P004468",9,2007-03-14
"P004468",14,2012-03-12
"P004468",43,2012-04-01
"P004469",55,1981-06-02
"P004469",23,1982-04-18
"P004469",3,1982-11-07
"P004469",67,1983-02-01
"P004469",39,1984-09-10
"P004469",56,1984-12-01
"P004469",12,1991-11-25
"P004469",64,1993-06-26
"P004470",14,1996-01-02
"P004470",52,2026-11-11
"P004471",65,2000-06-02
"P004472",27,1976-07-28
"P004472",27,1993-11-10
"P004472",12,1999-02-12
"P004472",13,2001-02-23
"P004473",21,1981-10-04
"P004474",24,1999-08-25
"P004474",15,2016-07-12
"P004474",65,2017-07-17
"P004474",50,2022-02-18
"P004474",28,2022-04-11
"P004474",26,2023-07-07
"P004474",55,2035-05-11
"P004474",19,2035-06-30
"P004474",28,2035-08-27
"P004474",28,2036-07-03
"P004474",40,2036-12-26
"P004475",13,1983-04-18
"P004475",14,2001-03-23
"P004475",3,2009-02-09
"P004476",21,2021-07-13
"P004476",24,2028-06-20
"P004476",4,2030-05-08
"P004476",20,2033-07-12
"P004476",25,2036-05-22
"P004476",62,2037-06-24
"P004477",24,2010-05-15
"P004478",26,1980-09-02
"P004478",53,1986-11-06
"P004478",28,2005-07-31
"P004478",12,2010-02-19
"P004479",38,2016-02-17
"P004479",52,2023-03-24
"P004479",23,2024-03-16
"P004479",6,2027-06-29
"P004479",5,2042-01-04
"P004480",15,2013-01-05
"P004480",6,2022-10-11
"P004480",11,2023-07-03
"P004480",2,2041-05-24
"P004480",16,2046-12-13
"P004481",57,2005-06-29
"P004482",10,2007-09-15
"P004482",38,2007-11-17
"P004482",12,2008-02-09
"P004482",24,2008-05-22
"P004482",17,2009-03-07
"P004482",16,2021-08-16
"P004482",23,2030-05-31
"P004482",28,2037-10-10
"P004482",3,2039-03-08
"P004482",30,2039-10-08
"P004482",25,2040-06-13
"P004483",6,2010-10-11
"P004483",28,2013-08-25
"P004483",33,2013-10-30
"P004483",2,2018-02-12
"P004483",7,2018-03-18
"P004483",57,2019-06-11
"P004483",57,2019-08-04
"P004483",39,2019-08-04
"P004483",40,2020-05-22
"P004483",35,2020-08-28
"P004483",52,2020-09-21
"P004483",48,2021-10-14
"P004483",42,2022-05-23
"P004483",17,2022-06-11
"P004483",50,2022-07-06
"P004483",39,2022-12-17
"P004483",55,2024-07-30
"P004483",64,2024-11-11
"P004483",46,2027-07-05
"P004483",27,2032-01-26
"P004484",52,1997-06-11
"P004484",35,2006-10-24
"P004484",34,2007-04-16
"P004484",23,2009-02-09
"P004484",39,2011-03-28
"P004485",11,1996-10-10
"P004485",42,2017-07-02
"P004485",32,2020-09-21
"P004485",4,2025-11-18
"P004485",3,2033-01-18
"P004485",27,2033-10-13
"P004485",3,2033-11-22
"P004486",21,2008-06-11
"P004486",32,2020-02-07
"P004486",27,2023-03-14
"P004486",26,2024-08-22
"P004487",30,1999-07-02
"P004487",47,2013-09-08
"P004488",20,1968-09-02
"P004488",1,1968-12-31
"P004488",4,1976-02-18
"P004488",14,1989-06-16
"P004488",4,1995-12-04
"P004489",48,2002-07-07
"P004489",28,2003-12-13
"P004489",13,2004-07-25
"P004489",21,2004-12-02
"P004489",52,2005-10-25
"P004489",11,2019-05-20
"P004490",43,2027-10-11
"P004490",7,2039-10-12
"P004490",29,2041-04-20
"P004490",23,2047-05-26
"P004490",44,2051-12-24
"P004491",37,2021-07-02
"P004491",12,2038-11-19
"P004491",43,2041-12-30
"P004492",25,1992-05-04
"P004492",27,1993-02-13
"P004492",21,1998-01-16
"P004492",3,1999-01-05
"P004492",18,2001-04-06
"P004492",61,2008-07-06
"P004493",63,1983-09-04
"P004494",7,1968-12-10
"P004494",54,1974-05-25
"P004494",54,1981-01-18
"P004495",5,2009-03-21
"P004495",54,2019-10-06
"P004496",49,2041-04-14
"P004496",6,2045-02-21
"P004496",41,2045-05-05
"P004496",65,2045-10-20
"P004496",30,2047-01-17
"P004497",26,1988-01-15
"P004497",21,1988-04-14
"P004497",46,1989-01-04
"P004497",44,1992-11-13
"P004497",28,2003-03-22
"P004497",1,2005-06-02
"P004497",6,2005-08-01
"P004497",44,2005-10-11
"P004497",12,2006-03-06
"P004497",4,2006-06-05
"P004497",56,2006-07-23
"P004497",12,2006-12-11
"P004497",51,2008-07-12
"P004497",52,2008-09-21
"P004497",27,2010-04-20
"P004497",11,2012-12-10
"P004498",11,2010-04-19
"P004498",55,2018-05-26
"P004498",28,2034-01-25
"P004498",1,2041-03-17
"P004498",1,2041-04-23
"P004499",18,1980-02-01
"P004499",53,1980-05-17
"P004499",10,1980-09-09
"P004499",2,1981-01-05
"P004499",33,1982-01-05
"P004499",52,1982-12-05
"P004499",40,1983-05-16
"P004499",53,1984-09-26
"P004499",14,1997-09-28
"P004499",47,2014-06-26
"P004500",37,2010-10-07
"P004500",8,2012-10-17
"P004500",8,2013-11-01
"P004500",8,2014-12-23
"P004500",54,2015-05-10
"P004500",55,2018-11-22
"P004500",54,2021-03-27
"P004500",11,2022-08-19
"P004500",21,2029-12-27
"P004500",44,2030-06-25
"P004500",40,2039-11-15
"P004501",2,2027-08-20
"P004501",47,2030-06-15
"P004501",14,2034-05-04
"P004502",28,1975-06-17
"P004502",6,1991-02-10
"P004502",34,1992-11-08
"P004502",26,1993-05-24
"P004502",42,1994-04-17
"P004502",8,1994-10-16
"P004502",40,1995-10-13
"P004502",5,1999-07-22
"P004502",28,2010-09-02
"P004503",24,1991-11-22
"P004503",12,1999-03-16
"P004503",11,2001-08-25
"P004503",4,2006-10-15
"P004503",58,2008-10-15
"P004503",18,2010-04-23
"P004504",21,2021-12-14
"P004504",44,2024-02-04
"P004504",2,2026-09-13
"P004504",33,2033-03-29
"P004504",40,2033-04-16
"P004504",6,2033-10-04
"P004504",23,2034-12-04
"P004505",21,2010-04-28
"P004505",36,2011-08-12
"P004506",11,1979-05-13
"P004506",47,1980-04-10
"P004506",10,1999-02-24
"P004507",28,1993-03-14
"P004507",30,1993-03-23
"P004507",3,1993-05-25
"P004507",15,2000-12-22
"P004508",43,1987-11-17
"P004508",44,1990-09-18
"P004508",55,2007-11-29
"P004508",62,2012-08-10
"P004508",55,2012-09-12
"P004508",11,2015-05-21
"P004509",46,2008-01-21
"P004509",21,2013-04-27
"P004509",4,2017-11-08
"P004510",4,2019-01-23
"P004510",13,2022-06-10
"P004511",52,1996-04-26
"P004511",29,2001-11-24
"P004511",57,2004-04-17
"P004511",14,2004-06-21
"P004511",11,2006-09-30
"P004511",28,2011-03-08
"P004511",4,2014-05-25
"P004511",53,2014-12-09
"P004511",37,2029-04-08
"P004512",7,2021-05-05
"P004512",67,2030-02-14
"P004512",28,2032-06-18
"P004512",25,2032-12-13
"P004512",52,2033-01-12
"P004513",28,1984-03-11
"P004513",26,1987-10-24
"P004513",8,1988-12-01
"P004513",49,2002-04-10
"P004513",22,2003-01-29
"P004513",55,2019-09-27
"P004513",43,2019-09-29
"P004514",52,1995-05-24
"P004514",18,2003-08-29
"P004514",32,2015-10-09
"P004514",3,2019-08-21
"P004514",3,2024-12-22
"P004515",6,1988-05-09
"P004515",44,1991-08-12
"P004515",55,1995-06-02
"P004515",55,2009-02-07
"P004516",8,2023-11-29
"P004516",30,2025-09-08
"P004516",4,2026-03-09
"P004516",3,2026-06-20
"P004517",7,2004-01-29
"P004517",13,2011-04-13
"P004517",35,2013-08-22
"P004518",30,1994-05-25
"P004518",2,2001-12-01
"P004518",7,2003-04-10
"P004518",14,2009-10-30
"P004518",2,2009-10-30
"P004518",33,2012-08-08
"P004519",53,1985-01-14
"P004519",10,1986-04-17
"P004519",28,1986-05-21
"P004519",18,1992-02-05
"P004519",53,2000-04-09
"P004519",30,2002-09-13
"P004519",35,2004-05-19
"P004519",14,2005-06-05
"P004519",52,2013-12-21
"P004519",43,2016-08-02
"P004520",27,1982-06-04
"P004520",1,1992-07-02
"P004520",13,1993-11-27
"P004520",4,1994-09-11
"P004520",46,1997-06-04
"P004520",25,1998-07-18
"P004520",61,2000-08-08
"P004521",15,1997-06-24
"P004521",62,1998-06-23
"P004521",15,2003-04-26
"P004521",2,2023-09-28
"P004521",56,2023-10-04
"P004521",26,2025-05-20
"P004521",52,2025-12-08
"P004521",43,2026-08-02
"P004521",30,2031-10-15
"P004521",25,2033-10-22
"P004521",8,2034-09-30
"P004522",6,2016-06-28
"P004522",55,2017-11-07
"P004522",49,2020-08-25
"P004523",10,2017-07-31
"P004523",6,2020-02-24
"P004523",56,2044-02-03
"P004523",49,2044-04-28
"P004523",4,2046-04-29
"P004523",27,2047-11-03
"P004524",21,2002-10-27
"P004524",12,2003-06-04
"P004524",31,2004-06-03
"P004524",63,2005-09-29
"P004524",25,2006-07-15
"P004524",4,2018-06-08
"P004525",28,2014-07-03
"P004525",26,2027-05-09
"P004525",2,2044-08-01
"P004525",33,2046-04-03
"P004526",60,1997-07-29
"P004526",1,2003-05-21
"P004526",21,2005-06-30
"P004527",3,2035-06-01
"P004527",61,2046-10-05
"P004527",34,2049-04-30
"P004528",27,2023-08-28
"P004528",43,2031-08-25
"P004528",24,2049-01-09
"P004528",21,2055-01-27
"P004528",14,2055-03-03
"P004529",67,1993-04-15
"P004529",40,1995-12-26
"P004529",52,2000-11-04
"P004529",60,2009-10-02
"P004530",4,1979-07-19
"P004530",63,1989-05-11
"P004530",25,1989-12-09
"P004530",30,1991-11-02
"P004530",60,1995-08-11
"P004530",8,2002-07-10
"P004531",42,2014-01-02
"P004531",65,2018-01-21
"P004532",31,1985-09-14
"P004532",49,1996-07-30
"P004532",23,2002-09-12
"P004532",9,2004-01-23
"P004532",29,2004-07-03
"P004532",66,2006-02-10
"P004532",37,2006-09-19
"P004532",23,2006-12-21
"P004532",54,2007-10-22
"P004532",31,2008-05-28
"P004532",63,2008-08-31
"P004532",2,2008-10-15
"P004532",1,2008-11-16
"P004533",3,1979-10-14
"P004533",35,1980-11-23
"P004533",18,1985-06-30
"P004533",52,1987-04-07
"P004533",3,1987-04-21
"P004533",55,1991-12-27
"P004533",18,1992-08-23
"P004533",2,1995-01-04
"P004533",18,1995-11-18
"P004533",57,2002-05-04
"P004533",14,2009-06-25
"P004534",49,2004-12-16
"P004534",6,2009-02-03
"P004535",17,1981-11-26
"P004535",50,2003-02-09
"P004535",27,2015-01-27
"P004536",43,1972-04-15
"P004536",18,1972-04-23
"P004536",10,1977-02-11
"P004536",2,1980-04-27
"P004536",50,1982-05-11
"P004536",3,1982-10-28
"P004536",1,1983-06-17
"P004536",55,1991-08-07
"P004536",24,2001-02-05
"P004536",30,2003-02-19
"P004537",40,2025-10-11
"P004537",4,2029-01-22
"P004537",8,2029-06-18
"P004537",55,2048-12-05
"P004538",23,2007-03-09
"P004538",50,2008-01-07
"P004538",18,2012-08-01
"P004538",10,2014-05-20
"P004538",14,2032-06-17
"P004539",42,1964-12-02
"P004539",55,1969-11-16
"P004539",52,1975-08-12
"P004539",11,1978-09-21
"P004540",61,2009-12-26
"P004540",53,2010-07-23
"P004540",5,2016-11-03
"P004540",47,2030-06-04
"P004540",56,2035-10-06
"P004540",53,2036-12-08
"P004541",1,1979-12-06
"P004541",14,1980-05-14
"P004541",8,1985-08-12
"P004541",22,2004-09-29
"P004541",3,2004-10-22
"P004542",8,1993-03-07
"P004542",5,2017-04-17
"P004543",2,2006-10-01
"P004543",41,2016-07-17
"P004543",37,2025-03-05
"P004544",7,2001-09-29
"P004544",28,2003-08-26
"P004544",15,2009-01-17
"P004544",61,2016-11-24
"P004545",11,2000-06-01
"P004545",2,2012-06-30
"P004545",43,2012-07-17
"P004545",50,2019-03-03
"P004545",14,2024-04-11
"P004545",1,2029-06-30
"P004546",8,1970-10-25
"P004546",12,1975-01-07
"P004546",28,1984-11-12
"P004546",4,1986-09-04
"P004546",47,1988-08-05
"P004546",23,1992-10-02
"P004546",3,2006-01-01
"P004546",10,2010-06-06
"P004547",1,1998-07-12
"P004547",21,1998-10-14
"P004547",28,1999-05-31
"P004547",62,2004-02-15
"P004547",46,2004-11-26
"P004547",64,2005-02-23
"P004547",1,2021-06-05
"P004548",61,2013-11-09
"P004548",25,2031-11-17
"P004548",18,2033-02-07
"P004548",28,2040-07-17
"P004549",6,1989-04-18
"P004549",27,1990-07-24
"P004549",28,1993-04-05
"P004549",27,1998-06-04
"P004549",64,1999-07-30
"P004549",1,2009-03-02
"P004550",10,1976-02-05
"P004550",49,1980-11-29
"P004550",8,1986-09-12
"P004550",6,2000-08-16
"P004550",60,2000-12-06
"P004550",56,2001-09-11
"P004551",16,2014-11-24
"P004551",18,2023-05-27
"P004551",12,2026-03-21
"P004551",6,2027-05-22
"P004551",60,2028-07-25
"P004551",23,2029-06-01
"P004551",30,2039-03-04
"P004551",30,2039-07-15
"P004551",2,2043-10-18
"P004552",2,2009-09-11
"P004552",47,2012-06-10
"P004552",59,2012-10-10
"P004552",66,2015-04-18
"P004552",47,2026-11-12
"P004552",47,2028-03-25
"P004552",61,2041-07-19
"P004552",23,2044-10-09
"P004553",4,1976-12-07
"P004553",46,1977-03-20
"P004553",14,1977-06-15
"P004553",4,1989-10-30
"P004553",4,1998-10-22
"P004553",32,2000-07-05
"P004553",42,2001-11-25
"P004553",3,2003-11-28
"P004553",27,2005-05-21
"P004553",27,2005-11-12
"P004553",27,2006-02-09
"P004553",64,2006-03-14
"P004553",18,2006-04-22
"P004554",42,1973-06-05
"P004554",49,1973-06-12
"P004554",12,1977-04-04
"P004554",13,1984-09-20
"P004554",4,1986-03-15
"P004554",49,2007-10-28
"P004555",2,2030-06-09
"P004555",6,2034-08-05
"P004555",63,2041-02-22
"P004555",23,2047-01-08
"P004556",47,1990-11-04
"P004556",22,1991-06-25
"P004556",8,2014-06-10
"P004557",28,1985-01-10
"P004557",11,2007-08-06
"P004557",58,2008-07-10
"P004557",49,2009-03-17
"P004558",27,2012-11-06
"P004558",23,2020-10-11
"P004558",11,2024-07-16
"P004558",50,2030-01-24
"P004558",16,2038-01-13
"P004558",9,2038-11-20
"P004559",14,1981-09-09
"P004559",23,1984-03-27
"P004559",23,1984-04-03
"P004559",61,1990-04-03
"P004559",1,1990-12-23
"P004559",54,1994-07-06
"P004559",13,2002-08-30
"P004560",27,2007-01-17
"P004560",63,2018-06-26
"P004560",25,2018-09-09
"P004560",48,2019-02-17
"P004560",43,2020-12-01
"P004560",24,2021-03-21
"P004561",3,1992-02-02
"P004561",1,1993-07-26
"P004561",62,2003-12-14
"P004561",64,2005-06-12
"P004561",38,2025-09-26
"P004561",9,2027-01-11
"P004562",27,2002-04-16
"P004562",28,2015-03-28
"P004562",30,2015-06-12
"P004562",62,2016-12-24
"P004562",8,2030-09-01
"P004562",41,2031-02-09
"P004562",28,2032-04-27
"P004563",15,1998-08-07
"P004563",39,1998-12-09
"P004563",28,2007-06-21
"P004563",11,2017-03-04
"P004564",23,1987-11-16
"P004564",57,1996-05-01
"P004564",3,1996-09-28
"P004565",28,1999-12-24
"P004565",27,2005-11-09
"P004565",24,2027-09-08
"P004565",28,2031-02-28
"P004565",14,2034-12-04
"P004566",13,1979-02-07
"P004566",1,1987-04-03
"P004566",16,1990-08-20
"P004566",2,1994-07-01
"P004567",56,1989-08-04
"P004567",11,2009-08-09
"P004567",15,2010-02-11
"P004567",27,2013-11-16
"P004568",4,1994-05-13
"P004568",52,1995-03-21
"P004568",58,1995-07-06
"P004568",1,1995-09-15
"P004568",39,1996-01-30
"P004568",43,2000-08-05
"P004568",55,2014-07-22
"P004568",60,2022-11-07
"P004569",3,1975-07-11
"P004569",8,1980-07-25
"P004569",17,1995-03-15
"P004569",41,1997-12-30
"P004569",15,2000-11-06
"P004569",1,2004-03-17
"P004569",2,2004-10-25
"P004569",49,2008-06-25
"P004570",27,1983-03-22
"P004570",52,1984-02-17
"P004570",57,1992-06-26
"P004570",12,2005-08-05
"P004570",62,2009-03-01
"P004570",18,2009-04-07
"P004571",22,1984-08-04
"P004571",23,1994-12-27
"P004571",36,1996-02-10
"P004571",4,1998-11-19
"P004571",21,2000-06-15
"P004571",12,2000-10-21
"P004571",28,2021-06-26
"P004572",44,1967-11-13
"P004572",12,1967-11-16
"P004572",18,1979-06-28
"P004572",2,1980-01-20
"P004572",43,1984-05-17
"P004572",56,1984-09-19
"P004572",19,1986-04-07
"P004572",39,1987-07-14
"P004572",56,1988-11-26
"P004572",27,1989-07-20
"P004572",57,1991-12-16
"P004574",6,1967-01-09
"P004574",55,1968-03-16
"P004574",55,1968-04-30
"P004574",42,1969-03-05
"P004574",4,1990-12-22
"P004574",32,1991-11-08
"P004574",62,1997-11-10
"P004574",17,1999-03-07
"P004574",41,2001-05-17
"P004575",43,2016-03-06
"P004575",44,2027-04-11
"P004575",21,2028-05-25
"P004575",34,2041-05-07
"P004575",9,2041-10-06
"P004576",49,2018-12-02
"P004576",16,2020-02-07
"P004576",8,2025-11-22
"P004576",67,2038-10-01
"P004577",11,1998-07-24
"P004577",49,2003-03-22
"P004577",28,2012-11-02
"P004577",30,2013-01-23
"P004577",3,2015-11-10
"P004577",27,2016-02-15
"P004577",30,2017-06-24
"P004577",10,2018-03-10
"P004577",35,2018-07-31
"P004577",6,2019-05-17
"P004577",19,2019-09-16
"P004577",44,2024-05-20
"P004577",26,2026-02-05
"P004578",60,1977-03-27
"P004578",38,1977-04-04
"P004578",50,1992-03-20
"P004578",67,1992-07-19
"P004579",3,1975-11-30
"P004579",1,1977-08-08
"P004579",26,1978-02-20
"P004579",63,1978-03-07
"P004579",36,1980-04-24
"P004579",63,1980-08-16
"P004579",47,1981-07-02
"P004579",56,1984-08-21
"P004579",23,2001-02-25
"P004579",12,2003-02-19
"P004579",64,2004-07-02
"P004580",52,1980-01-09
"P004580",21,1986-12-13
"P004580",32,1993-12-08
"P004580",14,1996-05-04
"P004580",13,1997-01-27
"P004581",4,1993-08-18
"P004581",14,1997-02-23
"P004581",2,1998-01-29
"P004581",22,2000-04-26
"P004581",49,2006-03-15
"P004581",54,2006-04-16
"P004581",66,2007-01-10
"P004581",57,2011-07-31
"P004581",28,2012-10-16
"P004581",12,2013-07-09
"P004581",9,2019-08-15
"P004581",62,2021-04-25
"P004581",35,2027-05-10
"P004582",44,1989-02-08
"P004582",12,1989-08-18
"P004583",18,2031-02-11
"P004583",21,2033-05-09
"P004583",5,2036-12-19
"P004583",21,2040-03-09
"P004583",2,2042-09-23
"P004583",25,2042-10-08
"P004583",34,2044-06-22
"P004583",1,2044-12-13
"P004583",67,2046-09-13
"P004583",48,2046-10-24
"P004583",57,2050-05-16
"P004584",26,2014-04-12
"P004584",52,2017-04-21
"P004584",23,2017-05-15
"P004584",17,2019-09-30
"P004584",28,2023-02-23
"P004584",1,2024-11-19
"P004584",40,2025-09-05
"P004584",11,2035-07-26
"P004585",27,2016-03-17
"P004585",3,2016-07-07
"P004585",42,2016-12-20
"P004585",23,2020-11-13
"P004585",39,2021-03-06
"P004586",12,1969-01-30
"P004586",4,1982-08-16
"P004586",58,1983-04-03
"P004586",16,1984-04-28
"P004586",54,1984-05-19
"P004586",20,1986-01-08
"P004586",27,1990-04-04
"P004586",27,1991-01-09
"P004586",55,1993-05-24
"P004586",39,1993-12-31
"P004586",23,1995-07-07
"P004586",28,1999-08-01
"P004587",37,1963-06-17
"P004587",4,1975-03-23
"P004587",32,1979-06-18
"P004587",25,1982-04-11
"P004588",18,1992-11-11
"P004588",6,1993-06-26
"P004588",1,1993-08-19
"P004588",33,1994-12-03
"P004588",41,1995-05-24
"P004588",13,1995-11-02
"P004588",21,1996-08-30
"P004588",6,1997-07-11
"P004588",55,1997-11-10
"P004588",41,1999-07-10
"P004590",58,2027-07-20
"P004590",18,2028-03-12
"P004590",4,2028-07-30
"P004591",41,1978-02-11
"P004591",44,1983-03-07
"P004591",24,1991-10-21
"P004591",1,1999-03-26
"P004592",8,2027-02-25
"P004592",8,2042-01-27
"P004592",26,2051-09-18
"P004593",26,1999-08-17
"P004593",63,1999-12-15
"P004593",63,2000-12-26
"P004593",3,2015-07-07
"P004595",28,1988-09-27
"P004595",44,2002-04-24
"P004596",31,2032-07-03
"P004596",16,2048-09-21
"P004596",52,2049-07-01
"P004597",6,2000-03-13
"P004597",30,2004-01-22
"P004597",6,2007-04-03
"P004597",30,2018-12-03
"P004598",35,1981-12-15
"P004598",24,1984-09-13
"P004598",24,1984-12-13
"P004598",44,1985-12-11
"P004598",35,1988-10-08
"P004599",28,1992-03-17
"P004599",1,1994-06-14
"P004599",3,2012-02-17
"P004599",8,2013-06-09
"P004599",18,2014-08-18
"P004599",12,2015-05-05
"P004599",16,2015-06-22
"P004599",50,2020-12-30
"P004599",25,2021-02-23
"P004599",61,2022-08-03
"P004599",9,2023-05-05
"P004599",22,2023-09-26
"P004600",53,2016-05-02
"P004600",2,2034-10-27
"P004600",18,2036-09-23
"P004600",10,2038-05-28
"P004601",47,1997-10-25
"P004601",27,2009-08-10
"P004601",28,2012-08-14
"P004601",27,2014-08-10
"P004602",6,1998-03-22
"P004602",53,2003-03-24
"P004602",50,2003-10-08
"P004602",55,2017-02-08
"P004602",28,2026-05-21
"P004603",20,1968-09-09
"P004603",53,1968-11-17
"P004603",49,1970-02-05
"P004603",36,1979-04-01
"P004603",24,1979-04-06
"P004603",11,1980-08-12
"P004603",31,1983-06-10
"P004603",52,1993-08-29
"P004603",25,1996-02-02
"P004604",15,1972-09-20
"P004604",60,1973-09-26
"P004604",15,1974-04-04
"P004604",1,1976-03-30
"P004604",3,1990-01-07
"P004604",49,1992-08-19
"P004604",10,1994-12-18
"P004604",38,1995-05-09
"P004604",14,1997-02-11
"P004605",23,1981-11-14
"P004605",37,1983-07-05
"P004605",18,1985-12-04
"P004605",62,1999-11-21
"P004605",2,2004-10-11
"P004605",12,2005-06-29
"P004605",26,2011-01-03
"P004605",33,2015-09-16
"P004606",42,1999-02-03
"P004606",42,2018-05-24
"P004606",30,2019-09-15
"P004606",23,2030-04-06
"P004607",8,1990-06-05
"P004607",52,1990-10-11
"P004607",26,2006-10-21
"P004607",10,2006-11-18
"P004607",1,2013-10-06
"P004607",57,2018-01-13
"P004607",47,2019-01-05
"P004607",20,2019-09-15
"P004607",28,2021-08-13
"P004607",4,2022-07-19
"P004607",14,2023-09-20
"P004607",30,2023-12-11
"P004607",59,2024-09-27
"P004608",6,1998-10-12
"P004608",23,1998-10-15
"P004608",14,2007-09-19
"P004608",3,2012-01-04
"P004608",52,2012-03-14
"P004608",18,2015-02-20
"P004608",4,2017-06-17
"P004608",18,2017-08-03
"P004608",21,2017-08-31
"P004608",18,2022-03-27
"P004608",9,2022-12-24
"P004608",19,2027-05-30
"P004608",5,2028-05-13
"P004608",44,2028-10-31
"P004608",28,2031-09-19
"P004608",17,2033-09-25
"P004609",2,1983-07-08
"P004609",24,1984-02-24
"P004609",7,1984-03-12
"P004609",26,1997-04-23
"P004609",62,2010-03-16
"P004609",55,2011-07-23
"P004610",32,1976-11-28
"P004610",24,1980-05-30
"P004610",14,1982-11-23
"P004610",6,1991-12-16
"P004610",27,1991-12-18
"P004610",2,2001-09-08
"P004612",23,1999-01-30
"P004612",27,2009-01-25
"P004613",44,1963-08-29
"P004614",6,1984-05-22
"P004614",23,1984-06-11
"P004614",14,1987-04-12
"P004615",18,1981-05-24
"P004615",8,1987-03-20
"P004615",54,1991-12-07
"P004615",57,2001-08-10
"P004615",11,2004-02-20
"P004616",22,2027-05-17
"P004616",45,2028-04-13
"P004616",12,2031-06-17
"P004617",49,2000-04-02
"P004618",6,1995-09-08
"P004618",60,1995-12-03
"P004618",2,1998-06-25
"P004618",34,1998-07-08
"P004618",50,1998-10-01
"P004618",14,1999-09-29
"P004618",34,2001-08-13
"P004618",9,2002-01-27
"P004618",33,2002-11-11
"P004618",16,2008-06-10
"P004619",10,2013-05-19
"P004619",28,2013-10-26
"P004619",60,2014-04-30
"P004619",28,2016-12-01
"P004619",39,2018-05-19
"P004619",3,2019-12-13
"P004619",6,2044-03-26
"P004619",1,2050-07-11
"P004620",28,2039-05-27
"P004620",6,2043-04-13
"P004620",34,2043-09-27
"P004621",6,2014-07-09
"P004621",60,2022-12-13
"P004621",58,2023-05-10
"P004621",24,2023-10-13
"P004621",67,2025-02-27
"P004621",62,2026-07-10
"P004621",21,2027-06-22
"P004623",1,2017-01-18
"P004623",6,2019-04-02
"P004623",26,2034-03-04
"P004623",23,2036-03-17
"P004624",51,1981-11-11
"P004624",18,1993-03-19
"P004624",23,1999-12-30
"P004624",3,2011-11-11
"P004624",34,2012-05-04
"P004624",49,2019-04-12
"P004625",57,1997-06-25
"P004625",53,1998-03-27
"P004625",60,2014-10-09
"P004625",28,2016-02-15
"P004625",12,2017-04-19
"P004625",52,2022-11-16
"P004625",47,2023-01-01
"P004625",3,2023-05-24
"P004625",57,2023-06-05
"P004625",31,2023-08-31
"P004625",12,2024-04-03
"P004625",2,2024-07-02
"P004626",62,2014-10-07
"P004626",6,2025-10-24
"P004626",4,2026-05-06
"P004626",11,2034-09-16
"P004626",1,2037-03-04
"P004626",8,2037-04-02
"P004626",6,2046-02-25
"P004627",12,1963-04-14
"P004627",4,1974-07-03
"P004627",1,1975-10-22
"P004627",2,1992-10-24
"P004627",41,2001-02-12
"P004628",2,2000-11-12
"P004628",41,2018-09-06
"P004628",44,2018-10-30
"P004628",44,2019-10-12
"P004628",30,2019-10-16
"P004628",43,2019-10-19
"P004628",3,2021-06-02
"P004628",10,2023-02-05
"P004628",32,2023-06-21
"P004628",6,2024-01-03
"P004628",23,2033-08-21
"P004629",6,2010-08-02
"P004629",23,2011-03-23
"P004629",60,2029-06-20
"P004629",37,2031-02-17
"P004629",50,2034-06-26
"P004629",4,2036-07-15
"P004629",40,2038-11-03
"P004630",23,1989-04-23
"P004630",29,1990-03-09
"P004631",24,1983-01-13
"P004631",63,1987-04-10
"P004631",44,1998-06-16
"P004631",55,1999-01-13
"P004631",52,2007-10-19
"P004631",28,2010-01-01
"P004631",37,2013-06-21
"P004632",55,2000-05-20
"P004632",14,2003-01-12
"P004632",55,2007-11-05
"P004632",46,2008-10-12
"P004632",25,2009-02-23
"P004632",1,2009-04-26
"P004632",21,2009-05-18
"P004632",52,2012-03-04
"P004632",21,2018-10-11
"P004632",47,2020-05-27
"P004633",7,1993-02-21
"P004633",26,1995-12-31
"P004633",10,1996-04-02
"P004633",21,1998-07-26
"P004633",52,2000-04-29
"P004633",28,2015-03-19
"P004634",41,1985-02-24
"P004634",54,1985-11-05
"P004634",44,1988-04-17
"P004634",24,1988-11-22
"P004634",57,1988-12-18
"P004634",31,1989-12-09
"P004634",62,1990-09-02
"P004634",18,1997-07-03
"P004634",1,2002-12-01
"P004634",8,2003-03-14
"P004634",28,2006-08-31
"P004634",52,2009-01-18
"P004635",28,2010-03-02
"P004635",12,2010-08-20
"P004635",28,2011-11-04
"P004635",2,2018-05-13
"P004635",25,2021-10-04
"P004635",33,2021-11-25
"P004635",52,2023-09-05
"P004636",28,1995-10-29
"P004636",5,1996-05-06
"P004636",54,2001-08-17
"P004636",46,2003-01-18
"P004637",4,2005-06-01
"P004637",29,2006-04-26
"P004637",20,2007-05-26
"P004637",44,2014-03-17
"P004637",47,2025-03-23
"P004637",50,2026-04-28
"P004637",3,2026-09-24
"P004637",11,2033-07-31
"P004637",40,2033-12-13
"P004637",27,2034-06-23
"P004637",40,2034-07-11
"P004637",63,2035-06-14
"P004637",62,2037-03-28
"P004637",64,2037-08-13
"P004638",41,1974-04-02
"P004638",41,1976-01-21
"P004638",21,1976-09-23
"P004638",47,1979-08-22
"P004638",56,1983-05-01
"P004638",32,2000-05-05
"P004638",18,2002-06-21
"P004638",3,2004-09-20
"P004638",1,2004-11-28
"P004639",1,2020-09-13
"P004640",3,2019-08-12
"P004640",24,2032-08-19
"P004640",12,2035-09-02
"P004640",16,2035-11-20
"P004640",53,2049-07-24
"P004641",11,1984-04-22
"P004641",14,1991-03-13
"P004641",30,2005-01-23
"P004642",61,2004-06-05
"P004642",11,2005-03-14
"P004642",40,2013-04-07
"P004642",24,2013-06-27
"P004642",14,2032-09-18
"P004642",17,2033-09-07
"P004642",16,2036-08-19
"P004642",1,2037-03-30
"P004643",8,1996-05-27
"P004643",3,2021-02-05
"P004643",35,2021-11-18
"P004644",55,1992-01-09
"P004644",32,1997-01-03
"P004644",27,2006-06-03
"P004644",28,2007-09-27
"P004644",30,2018-12-28
"P004644",8,2019-03-27
"P004645",6,2000-06-16
"P004645",30,2003-03-01
"P004645",1,2005-11-06
"P004645",4,2024-09-14
"P004645",14,2027-07-12
"P004646",11,1973-12-19
"P004646",15,1977-07-01
"P004646",49,1977-09-21
"P004646",27,1978-06-15
"P004647",3,1992-07-30
"P004647",43,1999-03-07
"P004647",22,1999-10-16
"P004648",58,2016-11-15
"P004648",34,2018-06-05
"P004648",9,2018-08-27
"P004648",34,2018-12-25
"P004648",15,2044-07-15
"P004649",14,1978-06-01
"P004649",43,1983-03-12
"P004650",50,2006-07-24
"P004650",21,2008-08-13
"P004650",55,2021-02-23
"P004650",28,2022-07-03
"P004650",24,2022-12-03
"P004651",14,1988-03-15
"P004651",63,2011-10-02
"P004652",14,1978-01-13
"P004652",30,1982-11-16
"P004652",53,1994-06-05
"P004652",44,1997-04-24
"P004652",38,1997-08-02
"P004652",11,1998-11-18
"P004653",24,1983-01-17
"P004653",55,1992-10-30
"P004654",15,2019-09-29
"P004654",3,2021-06-01
"P004654",23,2023-07-05
"P004654",25,2025-04-19
"P004654",57,2030-09-27
"P004654",25,2045-12-07
"P004655",54,1984-02-17
"P004655",27,1988-03-09
"P004655",22,1994-09-29
"P004655",2,2004-04-29
"P004655",16,2004-11-16
"P004655",14,2010-03-01
"P004655",9,2010-09-03
"P004655",23,2012-02-10
"P004655",4,2017-08-24
"P004655",58,2017-12-25
"P004655",1,2018-06-09
"P004655",63,2019-07-18
"P004656",52,2033-10-06
"P004656",13,2038-08-08
"P004656",61,2043-10-13
"P004656",58,2044-04-26
"P004657",38,1999-06-03
"P004657",2,2002-05-10
"P004657",25,2004-02-14
"P004657",44,2017-09-04
"P004657",63,2029-08-22
"P004658",1,2007-02-14
"P004658",3,2011-03-12
"P004658",7,2013-12-30
"P004658",21,2036-01-20
"P004659",28,1984-11-07
"P004659",1,1986-02-01
"P004659",18,1988-07-31
"P004659",4,1991-06-27
"P004659",3,2000-02-14
"P004659",14,2007-12-24
"P004659",18,2010-05-18
"P004659",53,2013-09-26
"P004660",1,1989-01-01
"P004660",25,1999-01-16
"P004660",30,2000-03-12
"P004661",7,2014-01-23
"P004662",26,1990-10-08
"P004662",11,2002-08-15
"P004662",6,2015-03-23
"P004663",25,1996-05-29
"P004663",1,2019-11-29
"P004663",58,2026-10-26
"P004664",11,2012-08-27
"P004664",55,2019-08-24
"P004664",47,2019-08-28
"P004664",21,2027-10-17
"P004664",14,2030-09-09
"P004664",4,2046-10-12
"P004665",12,1994-04-14
"P004665",52,2000-12-24
"P004665",11,2003-04-19
"P004665",6,2004-08-21
"P004665",27,2009-02-15
"P004665",14,2014-05-06
"P004665",58,2014-09-05
"P004665",2,2014-11-07
"P004665",10,2015-09-01
"P004665",16,2016-03-22
"P004665",58,2016-12-17
"P004665",32,2017-07-09
"P004665",16,2019-05-10
"P004666",28,1996-03-14
"P004666",21,2007-04-14
"P004666",4,2009-03-20
"P004667",8,1994-12-20
"P004668",28,2011-12-22
"P004668",30,2013-02-16
"P004668",55,2014-01-19
"P004668",11,2015-05-24
"P004669",28,1992-03-05
"P004669",17,2006-11-24
"P004669",61,2010-01-04
"P004670",54,1982-07-01
"P004670",41,1986-11-09
"P004670",23,1994-10-24
"P004670",28,2016-04-11
"P004671",2,1996-01-16
"P004671",24,2000-04-19
"P004672",18,2001-06-10
"P004672",44,2002-10-15
"P004672",12,2002-11-19
"P004672",61,2003-06-27
"P004672",47,2008-06-25
"P004672",21,2011-12-06
"P004673",21,1999-05-06
"P004673",26,2024-11-23
"P004673",16,2026-02-23
"P004675",25,2007-03-13
"P004675",27,2008-11-14
"P004676",63,1988-12-23
"P004676",40,1994-04-23
"P004676",8,1999-09-12
"P004676",2,2001-04-13
"P004677",39,2010-07-31
"P004677",47,2013-03-07
"P004677",1,2013-05-17
"P004677",15,2015-04-18
"P004677",9,2015-05-08
"P004677",37,2018-01-11
"P004677",58,2022-03-23
"P004677",34,2022-11-05
"P004677",25,2031-01-12
"P004678",36,1991-07-20
"P004679",28,2006-01-16
"P004680",50,2016-03-19
"P004680",27,2024-01-23
"P004680",28,2031-10-09
"P004682",55,2000-09-26
"P004682",46,2002-04-22
"P004682",4,2005-06-16
"P004682",67,2018-02-27
"P004683",53,2015-08-19
"P004683",16,2024-04-10
"P004683",54,2024-08-15
"P004683",23,2025-09-07
"P004683",34,2027-03-12
"P004683",17,2028-08-31
"P004683",18,2044-06-27
"P004683",26,2044-09-22
"P004683",62,2045-02-10
"P004683",52,2047-02-14
"P004684",5,1994-11-16
"P004684",44,1996-07-22
"P004684",2,2000-03-21
"P004684",2,2000-05-30
"P004684",41,2003-11-12
"P004684",30,2003-12-08
"P004684",3,2004-09-18
"P004684",9,2004-12-11
"P004684",25,2013-07-20
"P004684",23,2015-11-28
"P004685",43,2030-08-27
"P004685",43,2030-12-17
"P004685",26,2031-11-26
"P004685",66,2033-12-07
"P004685",33,2034-02-20
"P004685",24,2035-08-02
"P004685",44,2040-04-09
"P004685",43,2043-08-07
"P004685",62,2044-06-04
"P004686",17,1984-06-22
"P004686",39,1984-12-24
"P004686",62,1989-12-11
"P004686",34,1992-06-13
"P004686",26,2000-10-16
"P004686",16,2002-09-09
"P004686",28,2006-11-03
"P004687",43,1996-05-23
"P004687",31,2003-08-15
"P004687",49,2010-12-24
"P004687",22,2011-04-26
"P004687",4,2011-05-07
"P004687",2,2011-07-13
"P004687",8,2011-07-21
"P004687",24,2023-02-24
"P004687",3,2024-11-16
"P004688",11,1981-06-07
"P004688",6,1982-07-22
"P004688",15,1983-10-27
"P004688",23,1984-04-17
"P004688",14,1988-02-27
"P004688",55,1988-04-18
"P004688",2,1990-05-01
"P004688",6,2006-12-01
"P004689",27,2000-08-03
"P004689",1,2001-10-16
"P004689",31,2006-08-15
"P004689",55,2013-03-01
"P004689",23,2017-04-15
"P004689",28,2018-08-09
"P004689",28,2038-07-04
"P004690",12,2015-02-01
"P004690",1,2018-01-21
"P004690",11,2023-10-18
"P004690",6,2024-02-06
"P004690",55,2025-06-26
"P004690",53,2025-07-01
"P004690",2,2025-07-20
"P004690",42,2025-11-18
"P004690",47,2029-03-11
"P004690",66,2031-08-30
"P004690",26,2045-05-21
"P004690",12,2047-03-19
"P004691",2,2036-10-07
"P004692",56,1998-04-11
"P004692",15,2001-10-21
"P004692",4,2005-10-21
"P004692",44,2016-08-20
"P004692",24,2017-02-14
"P004692",12,2023-04-22
"P004692",18,2035-03-06
"P004693",55,2030-09-16
"P004694",18,1986-11-07
"P004694",47,1996-06-19
"P004695",7,2019-12-18
"P004695",39,2020-01-31
"P004695",19,2020-09-26
"P004695",34,2022-02-07
"P004696",6,2013-01-22
"P004696",6,2026-02-28
"P004696",43,2030-01-14
"P004696",61,2035-02-26
"P004696",28,2037-10-22
"P004697",2,1985-05-20
"P004697",23,1996-01-25
"P004697",14,2018-03-05
"P004698",3,1974-02-11
"P004698",28,1981-03-14
"P004698",9,1982-03-09
"P004698",21,1983-12-07
"P004698",5,1991-03-20
"P004699",4,1986-06-17
"P004699",29,1987-04-12
"P004699",18,2009-05-25
"P004699",52,2009-08-03
"P004700",54,2016-11-12
"P004700",61,2026-12-08
"P004700",32,2029-03-15
"P004701",18,1989-08-09
"P004701",8,1993-10-25
"P004701",26,1996-08-05
"P004701",1,2000-12-20
"P004701",6,2002-04-05
"P004701",8,2003-09-09
"P004701",55,2009-05-03
"P004701",49,2010-02-08
"P004701",49,2016-08-30
"P004701",63,2021-10-06
"P004701",32,2024-05-24
"P004702",28,2005-05-12
"P004702",10,2006-12-31
"P004702",12,2009-01-04
"P004702",27,2009-10-16
"P004702",22,2009-12-27
"P004702",26,2026-09-11
"P004702",28,2033-09-16
"P004703",15,1976-07-11
"P004703",61,1978-10-17
"P004703",43,1980-02-13
"P004703",34,1980-04-22
"P004703",62,1981-09-12
"P004703",46,1981-10-17
"P004703",49,2004-02-22
"P004703",22,2004-03-06
"P004703",54,2004-10-06
"P004703",6,2005-02-27
"P004704",63,1982-09-12
"P004704",14,1984-05-17
"P004705",11,1993-10-28
"P004705",43,1994-10-21
"P004705",41,1996-11-20
"P004705",44,1999-10-20
"P004705",31,2008-02-02
"P004705",27,2026-04-04
"P004705",14,2027-08-04
"P004706",43,1994-05-21
"P004706",28,1996-08-03
"P004706",61,1999-04-28
"P004706",14,1999-08-23
"P004706",2,2001-07-03
"P004706",7,2001-12-27
"P004706",53,2002-01-10
"P004706",2,2002-02-13
"P004706",15,2005-09-21
"P004706",18,2016-03-22
"P004706",53,2018-08-25
"P004706",25,2026-07-26
"P004707",3,1987-12-28
"P004707",53,1990-11-22
"P004707",10,1998-01-29
"P004707",47,2000-06-04
"P004707",62,2009-12-05
"P004707",17,2018-09-23
"P004707",6,2020-01-31
"P004708",14,1982-01-12
"P004708",50,1983-07-04
"P004708",25,1991-12-18
"P004708",15,1993-08-16
"P004708",3,2001-08-26
"P004708",30,2003-01-13
"P004708",1,2005-09-23
"P004708",52,2012-07-17
"P004708",51,2015-01-19
"P004708",54,2017-07-01
"P004708",21,2019-08-29
"P004708",41,2019-11-09
"P004709",43,2009-04-14
"P004709",43,2011-07-30
"P004710",44,2008-04-07
"P004711",55,2003-04-10
"P004711",19,2003-08-24
"P004711",3,2003-09-17
"P004711",5,2005-08-07
"P004711",1,2006-12-24
"P004711",35,2008-05-03
"P004711",25,2009-01-26
"P004711",24,2009-02-16
"P004711",62,2010-02-24
"P004711",28,2010-05-12
"P004711",48,2010-11-15
"P004711",53,2011-05-28
"P004711",40,2011-07-15
"P004711",30,2012-07-20
"P004711",42,2012-11-18
"P004711",18,2013-05-22
"P004711",23,2018-02-25
"P004711",3,2026-06-16
"P004711",55,2029-04-02
"P004712",49,2009-08-17
"P004712",53,2022-02-01
"P004712",41,2036-08-17
"P004712",48,2036-10-12
"P004712",43,2039-09-05
"P004713",23,2012-08-13
"P004713",27,2021-12-31
"P004713",7,2022-04-18
"P004713",3,2022-07-20
"P004713",11,2029-10-28
"P004714",47,1997-06-23
"P004714",46,1998-06-04
"P004714",2,2003-06-20
"P004714",24,2005-06-11
"P004714",3,2008-09-05
"P004714",65,2015-12-21
"P004714",14,2021-12-25
"P004714",14,2035-06-01
"P004715",14,2003-05-31
"P004715",18,2005-07-12
"P004715",57,2006-05-10
"P004715",41,2015-04-08
"P004715",48,2015-09-18
"P004715",41,2019-05-07
"P004715",41,2022-09-01
"P004715",28,2035-01-27
"P004715",39,2036-06-27
"P004716",52,2001-04-24
"P004716",26,2001-11-18
"P004716",62,2006-12-17
"P004716",18,2008-06-15
"P004717",54,1997-06-05
"P004717",18,1998-04-30
"P004717",1,2000-03-14
"P004717",43,2002-06-22
"P004717",25,2023-06-21
"P004718",41,1978-12-16
"P004718",11,1981-04-16
"P004718",37,1982-06-18
"P004718",40,1982-12-16
"P004718",3,1985-06-18
"P004718",13,1995-02-02
"P004718",4,1997-06-21
"P004718",12,2008-04-26
"P004719",28,2014-09-12
"P004719",47,2022-06-30
"P004719",38,2023-11-08
"P004719",45,2024-02-24
"P004719",64,2024-06-01
"P004719",47,2026-09-16
"P004719",14,2028-07-18
"P004719",28,2028-08-17
"P004719",47,2031-12-18
"P004719",64,2032-01-10
"P004719",9,2037-10-02
"P004720",27,1979-04-20
"P004720",62,1980-03-22
"P004720",25,1988-11-01
"P004720",28,1989-12-22
"P004720",4,1996-07-04
"P004720",4,2010-01-02
"P004721",11,1985-03-07
"P004721",49,1987-07-31
"P004721",15,1990-01-14
"P004721",53,1996-02-03
"P004721",42,1996-06-30
"P004721",55,1997-02-12
"P004721",55,1997-12-09
"P004721",28,2007-10-23
"P004721",54,2010-11-15
"P004721",50,2011-01-02
"P004722",1,2002-05-02
"P004722",21,2010-01-31
"P004722",21,2015-01-21
"P004723",15,1971-03-30
"P004723",29,1973-05-22
"P004723",12,1977-12-26
"P004723",56,1997-06-24
"P004725",21,1969-04-03
"P004725",13,1971-08-02
"P004725",4,1976-02-22
"P004725",66,1976-10-15
"P004725",4,1988-11-02
"P004725",67,1988-12-30
"P004725",67,1989-09-04
"P004725",13,1989-11-11
"P004725",37,1990-10-29
"P004725",43,1996-05-29
"P004726",18,2001-02-02
"P004726",10,2011-11-10
"P004726",2,2028-11-05
"P004727",28,1996-03-06
"P004727",14,1996-11-23
"P004727",9,1997-05-20
"P004727",41,1997-12-11
"P004727",7,1998-07-15
"P004727",25,1999-10-24
"P004727",23,1999-12-07
"P004727",18,2003-03-22
"P004727",1,2003-08-06
"P004727",27,2031-06-29
"P004728",57,2024-06-04
"P004728",52,2025-03-16
"P004728",8,2043-07-26
"P004729",54,1991-10-18
"P004729",57,2000-04-21
"P004729",40,2001-02-08
"P004729",51,2002-06-26
"P004729",34,2018-01-24
"P004730",65,1995-02-18
"P004730",52,2007-07-20
"P004731",23,2011-08-09
"P004731",52,2013-07-07
"P004731",6,2014-01-17
"P004731",6,2023-10-13
"P004732",40,2017-05-16
"P004732",47,2032-04-11
"P004732",28,2033-08-07
"P004733",54,2004-01-25
"P004733",12,2004-07-13
"P004733",27,2005-08-13
"P004733",11,2014-10-03
"P004733",23,2023-07-07
"P004733",49,2041-05-17
"P004733",16,2041-07-10
"P004734",1,1991-05-24
"P004734",15,2008-06-18
"P004735",44,2036-03-05
"P004735",55,2039-10-06
"P004735",43,2040-11-12
"P004735",14,2041-01-23
"P004735",3,2041-08-28
"P004735",1,2042-05-05
"P004735",13,2043-02-04
"P004736",55,2006-07-09
"P004736",11,2007-07-18
"P004736",6,2008-01-24
"P004736",60,2008-02-01
"P004736",34,2008-03-30
"P004736",23,2009-12-01
"P004736",37,2010-12-21
"P004736",50,2012-08-25
"P004736",7,2018-11-09
"P004736",27,2021-10-16
"P004736",3,2024-05-04
"P004736",3,2025-02-19
"P004736",49,2025-09-15
"P004736",22,2026-10-31
"P004736",28,2027-07-30
"P004736",66,2028-05-02
"P004736",36,2029-02-01
"P004736",31,2036-12-14
"P004736",57,2037-07-16
"P004737",24,2023-06-29
"P004737",6,2030-04-08
"P004737",60,2032-03-15
"P004737",55,2033-01-10
"P004737",39,2033-03-26
"P004737",19,2033-05-04
"P004738",4,2010-01-10
"P004738",25,2017-09-25
"P004738",30,2017-10-24
"P004738",52,2018-02-12
"P004738",62,2019-09-13
"P004738",23,2020-10-24
"P004738",43,2024-04-14
"P004738",26,2025-07-18
"P004739",25,2026-12-29
"P004739",6,2028-11-26
"P004739",44,2029-03-12
"P004739",12,2031-07-29
"P004739",14,2034-04-24
"P004739",38,2044-09-09
"P004740",63,1985-06-11
"P004740",59,1988-09-26
"P004740",53,2013-12-17
"P004740",65,2015-07-08
"P004741",28,1989-07-16
"P004741",30,1993-09-29
"P004741",3,1994-02-18
"P004741",35,1994-05-14
"P004741",43,1997-12-07
"P004741",52,1998-03-04
"P004741",41,1998-04-29
"P004741",2,2004-04-16
"P004741",30,2005-01-06
"P004741",1,2008-06-02
"P004741",28,2012-11-20
"P004742",8,2014-08-05
"P004743",61,1983-05-22
"P004743",22,1983-11-08
"P004743",55,1984-02-10
"P004743",15,1986-07-31
"P004743",21,1998-05-18
"P004743",44,2001-06-14
"P004743",2,2007-05-02
"P004743",27,2007-08-20
"P004743",3,2008-08-03
"P004744",55,1994-07-15
"P004744",48,2001-01-18
"P004745",32,1984-02-03
"P004745",2,2001-09-14
"P004746",49,1991-02-18
"P004746",47,1996-09-28
"P004746",4,2019-05-04
"P004746",65,2021-03-29
"P004746",28,2021-05-27
"P004746",32,2022-10-31
"P004746",52,2024-06-23
"P004746",29,2024-07-31
"P004747",26,1993-12-11
"P004748",18,1973-12-05
"P004748",28,1980-12-20
"P004748",62,1988-05-11
"P004748",6,1993-06-03
"P004749",56,1973-11-14
"P004749",4,1976-08-30
"P004749",8,1980-10-01
"P004749",52,1982-02-22
"P004749",6,1982-03-13
"P004749",65,1982-06-30
"P004749",11,1993-08-18
"P004749",8,1994-06-21
"P004749",6,1994-07-25
"P004750",52,1970-10-30
"P004750",67,1972-03-30
"P004750",14,1973-11-04
"P004750",16,1999-08-28
"P004751",63,1994-07-31
"P004751",6,2010-02-09
"P004751",44,2010-09-12
"P004751",55,2010-12-10
"P004751",57,2012-02-09
"P004751",24,2020-11-06
"P004751",3,2030-10-08
"P004752",3,1982-05-04
"P004752",16,1996-10-30
"P004752",4,1997-12-31
"P004752",67,1998-04-08
"P004752",6,1999-02-28
"P004752",44,2000-11-26
"P004752",19,2014-04-22
"P004753",3,1999-04-10
"P004753",27,2005-12-05
"P004753",12,2006-12-28
"P004753",15,2017-12-19
"P004754",4,2026-06-29
"P004754",58,2028-08-01
"P004754",23,2033-04-03
"P004754",1,2046-06-04
"P004754",54,2050-06-07
"P004754",46,2052-11-01
"P004755",14,2034-02-03
"P004755",1,2038-04-23
"P004755",62,2044-02-27
"P004755",12,2045-07-09
"P004756",56,2010-08-18
"P004756",14,2012-03-02
"P004756",22,2044-03-09
"P004757",30,1998-08-21
"P004757",21,2002-05-21
"P004757",52,2007-12-30
"P004757",27,2011-07-29
"P004757",28,2013-12-13
"P004757",26,2014-03-20
"P004757",1,2015-01-10
"P004757",28,2031-09-28
"P004758",44,1967-05-30
"P004758",14,2002-12-17
"P004759",23,2021-12-02
"P004759",28,2024-05-11
"P004759",10,2028-09-12
"P004759",22,2030-02-05
"P004759",12,2030-03-09
"P004759",2,2035-03-04
"P004759",44,2044-03-21
"P004759",55,2045-07-30
"P004759",39,2047-07-25
"P004761",21,1996-09-20
"P004761",21,1997-01-19
"P004761",44,2000-04-03
"P004761",38,2001-07-01
"P004761",47,2007-09-26
"P004761",12,2009-11-03
"P004761",52,2015-05-06
"P004761",27,2016-09-06
"P004761",14,2020-06-28
"P004761",23,2022-08-14
"P004761",5,2023-01-22
"P004761",29,2023-03-01
"P004761",41,2023-08-04
"P004761",5,2023-08-17
"P004762",1,1968-03-12
"P004762",39,1968-04-22
"P004762",49,1991-02-01
"P004762",2,1993-06-30
"P004762",43,1993-12-11
"P004762",62,1994-05-02
"P004762",22,1994-08-01
"P004762",57,1995-07-09
"P004762",7,1996-03-01
"P004763",27,1998-04-14
"P004763",49,2000-09-05
"P004763",21,2003-10-21
"P004763",21,2005-03-13
"P004763",31,2006-03-20
"P004763",1,2017-02-07
"P004764",7,2009-03-14
"P004765",28,2029-02-24
"P004765",16,2030-01-10
"P004765",25,2032-10-10
"P004766",21,2008-04-14
"P004766",12,2010-02-17
"P004766",5,2010-09-25
"P004766",40,2014-11-09
"P004766",63,2017-02-22
"P004766",62,2017-03-17
"P004766",46,2018-07-15
"P004766",13,2029-02-15
"P004766",14,2032-02-07
"P004767",23,1994-12-06
"P004767",6,1994-12-28
"P004767",57,2003-12-24
"P004767",4,2009-08-07
"P004767",64,2011-11-05
"P004767",4,2015-07-26
"P004767",64,2016-11-29
"P004767",8,2022-03-01
"P004767",41,2023-12-19
"P004768",23,1993-10-23
"P004768",25,1995-05-03
"P004768",10,1995-07-17
"P004768",56,1996-01-08
"P004768",3,1997-03-05
"P004768",50,1998-09-30
"P004768",38,1999-10-06
"P004768",58,1999-11-26
"P004768",36,1999-12-06
"P004768",4,2000-10-07
"P004768",28,2000-12-06
"P004768",32,2001-04-18
"P004768",39,2002-01-08
"P004768",1,2002-01-28
"P004768",8,2017-02-21
"P004768",6,2027-12-20
"P004768",14,2029-07-12
"P004769",24,2021-06-28
"P004770",55,1997-11-13
"P004770",61,1999-08-28
"P004770",53,2002-12-30
"P004770",12,2004-05-18
"P004770",27,2004-09-08
"P004770",2,2005-12-24
"P004770",1,2015-04-24
"P004770",2,2019-05-23
"P004771",2,2004-01-04
"P004771",49,2009-02-24
"P004772",18,2014-05-13
"P004772",55,2017-02-20
"P004772",52,2026-06-14
"P004772",2,2027-03-30
"P004772",47,2027-07-30
"P004772",38,2027-09-24
"P004772",31,2028-11-20
"P004772",43,2040-03-01
"P004774",60,2019-01-13
"P004774",10,2022-04-24
"P004774",47,2023-07-08
"P004774",3,2024-01-28
"P004774",4,2037-08-21
"P004774",23,2041-07-17
"P004775",42,2015-10-03
"P004775",18,2022-09-08
"P004775",12,2023-04-13
"P004775",61,2024-10-03
"P004775",53,2027-04-23
"P004775",11,2027-12-10
"P004775",26,2028-11-09
"P004775",37,2030-07-09
"P004775",23,2030-07-11
"P004775",49,2030-11-21
"P004775",29,2031-03-26
"P004775",2,2032-06-23
"P004775",34,2034-10-23
"P004775",9,2039-05-16
"P004775",28,2042-01-16
"P004775",43,2042-12-27
"P004775",26,2043-08-24
"P004776",55,1998-09-24
"P004776",28,2018-12-03
"P004776",14,2019-03-08
"P004776",43,2022-03-21
"P004776",41,2028-09-28
"P004776",28,2031-09-18
"P004777",57,1989-12-14
"P004777",26,1990-10-08
"P004777",19,1991-09-14
"P004777",41,1997-12-10
"P004777",52,2000-11-23
"P004777",52,2001-12-28
"P004777",14,2006-11-03
"P004778",29,2006-03-23
"P004778",9,2018-11-01
"P004778",26,2020-08-09
"P004778",27,2032-03-10
"P004779",55,2029-09-26
"P004779",59,2029-10-11
"P004779",60,2031-04-28
"P004779",60,2031-05-02
"P004779",14,2033-11-20
"P004780",44,2007-07-23
"P004780",49,2013-12-22
"P004780",44,2031-08-04
"P004780",28,2033-10-12
"P004780",21,2036-04-26
"P004781",15,2017-11-18
"P004781",52,2021-03-05
"P004781",28,2046-01-02
"P004781",1,2046-01-16
"P004781",14,2051-04-18
"P004781",41,2052-03-18
"P004782",24,1988-01-04
"P004782",6,1992-10-17
"P004782",1,1996-07-17
"P004782",2,1999-05-12
"P004782",23,2012-09-27
"P004782",10,2015-01-27
"P004782",32,2015-04-15
"P004782",62,2015-04-29
"P004782",51,2015-08-06
"P004782",10,2016-02-01
"P004783",64,2008-11-25
"P004783",3,2012-11-22
"P004784",2,2013-01-04
"P004784",40,2035-04-11
"P004785",14,2017-03-15
"P004785",50,2022-02-03
"P004785",7,2023-01-27
"P004785",11,2050-03-25
"P004786",58,2032-05-04
"P004786",61,2032-11-16
"P004786",16,2032-12-01
"P004786",40,2033-02-02
"P004786",1,2033-10-13
"P004786",49,2033-12-16
"P004786",4,2034-03-06
"P004786",43,2034-08-05
"P004786",67,2034-11-17
"P004786",18,2036-06-24
"P004786",10,2038-04-15
"P004786",28,2043-04-25
"P004786",14,2044-06-18
"P004786",6,2045-11-02
"P004787",3,2006-06-23
"P004787",26,2043-06-09
"P004787",3,2044-08-03
"P004787",23,2045-05-23
"P004788",28,1990-02-25
"P004789",3,1999-10-21
"P004789",27,2001-03-17
"P004789",3,2002-03-23
"P004789",1,2003-11-16
"P004790",37,1981-07-03
"P004790",14,1999-09-10
"P004790",41,1999-12-28
"P004790",16,2005-09-18
"P004790",24,2010-03-24
"P004790",24,2010-06-12
"P004791",23,1990-09-30
"P004791",47,1998-11-13
"P004791",37,2002-11-19
"P004791",61,2016-03-05
"P004791",22,2017-01-06
"P004791",33,2022-04-27
"P004791",21,2022-07-12
"P004791",61,2023-05-21
"P004792",27,1973-06-29
"P004792",28,1983-11-23
"P004792",24,1987-03-06
"P004792",1,1989-12-04
"P004792",3,1994-04-01
"P004792",30,1997-02-05
"P004792",28,2012-01-27
"P004793",3,2032-08-04
"P004794",28,1972-08-23
"P004794",11,1981-08-10
"P004794",3,2000-07-28
"P004795",12,2023-06-07
"P004795",11,2027-02-02
"P004795",4,2028-05-20
"P004795",15,2028-10-18
"P004795",4,2029-08-12
"P004795",50,2036-06-24
"P004795",48,2037-06-24
"P004796",55,1998-01-14
"P004796",61,2004-02-28
"P004796",48,2004-07-28
"P004796",7,2004-08-05
"P004796",55,2007-02-14
"P004797",53,2008-08-07
"P004797",23,2009-11-25
"P004797",14,2010-08-29
"P004798",40,1989-02-16
"P004798",6,1993-04-08
"P004798",4,2002-05-14
"P004798",26,2022-10-12
"P004798",27,2023-04-26
"P004799",12,2008-08-08
"P004799",31,2009-08-09
"P004799",14,2010-03-12
"P004799",30,2012-10-10
"P004799",23,2015-04-02
"P004799",25,2022-12-01
"P004800",24,1983-03-01
"P004800",17,1995-05-01
"P004800",67,1995-09-20
"P004800",29,1997-05-27
"P004800",55,2008-02-07
"P004800",8,2008-08-07
"P004800",28,2010-03-11
"P004800",39,2011-01-01
"P004801",1,2011-10-03
"P004801",16,2012-01-30
"P004802",12,2016-12-12
"P004802",3,2019-12-16
"P004802",39,2022-06-12
"P004802",14,2030-02-14
"P004802",3,2030-08-15
"P004802",27,2031-02-03
"P004802",41,2032-03-06
"P004802",61,2042-06-27
"P004802",61,2049-10-01
"P004802",43,2050-05-27
"P004803",40,1973-11-12
"P004803",30,1993-02-13
"P004803",35,1994-03-28
"P004803",42,1999-04-27
"P004804",26,2001-08-29
"P004804",21,2007-02-09
"P004805",12,1977-10-01
"P004805",5,1985-02-18
"P004805",32,1989-01-27
"P004805",4,1990-01-06
"P004805",53,1990-03-15
"P004805",49,1997-02-10
"P004805",30,2007-05-08
"P004805",2,2009-07-27
"P004805",7,2010-04-29
"P004806",4,1988-07-01
"P004806",27,1990-02-14
"P004806",54,2007-07-30
"P004806",8,2009-04-10
"P004806",13,2009-12-27
"P004806",13,2010-05-16
"P004806",55,2013-11-08
"P004806",46,2015-09-04
"P004807",28,2007-09-22
"P004807",40,2009-01-27
"P004807",12,2011-11-24
"P004807",25,2014-09-08
"P004807",11,2026-05-06
"P004807",26,2026-06-01
"P004807",66,2026-10-14
"P004807",10,2027-02-17
"P004807",21,2038-05-01
"P004807",52,2039-10-30
"P004807",28,2042-09-27
"P004808",14,1977-07-31
"P004808",52,1985-08-23
"P004808",14,1989-06-27
"P004808",1,1990-09-07
"P004808",61,2002-07-05
"P004808",6,2002-12-08
"P004808",15,2004-02-09
"P004809",28,1979-11-17
"P004809",21,1989-07-13
"P004809",11,1990-12-17
"P004810",27,1979-10-01
"P004810",42,1981-04-15
"P004810",6,1984-08-12
"P004810",44,1985-04-05
"P004810",5,2015-03-20
"P004811",14,1972-12-19
"P004811",15,1977-03-08
"P004811",2,1988-02-07
"P004811",15,1995-11-01
"P004812",28,1985-05-07
"P004812",52,1985-07-18
"P004812",19,1998-03-18
"P004813",25,2012-06-02
"P004813",4,2044-09-21
"P004814",1,2010-10-16
"P004814",23,2030-03-02
"P004814",14,2041-09-12
"P004814",34,2046-06-22
"P004815",18,1964-05-16
"P004815",4,1964-11-10
"P004815",58,1964-12-03
"P004815",16,1965-01-12
"P004815",19,1965-03-14
"P004815",7,1975-04-13
"P004815",24,1986-08-19
"P004815",14,1995-12-16
"P004815",11,1996-09-08
"P004815",38,1998-11-28
"P004815",51,1999-12-30
"P004816",23,1994-02-15
"P004816",53,2002-09-20
"P004816",50,2002-12-03
"P004816",62,2003-02-19
"P004816",55,2006-04-20
"P004816",3,2007-05-03
"P004816",30,2007-07-05
"P004816",54,2008-06-17
"P004816",12,2010-06-12
"P004816",26,2013-04-07
"P004816",26,2019-03-10
"P004817",52,2019-12-08
"P004818",6,1972-08-31
"P004818",23,1980-12-15
"P004818",25,1981-01-03
"P004818",52,1981-02-27
"P004818",40,1985-11-15
"P004818",47,1989-01-20
"P004818",59,1990-03-08
"P004818",12,2003-09-08
"P004819",20,1975-01-06
"P004819",42,1976-08-30
"P004819",20,1976-12-22
"P004819",4,1979-05-18
"P004819",58,1979-06-05
"P004819",34,1980-11-12
"P004819",32,1980-11-24
"P004819",25,1987-05-25
"P004819",3,1990-05-05
"P004819",60,1996-09-21
"P004819",38,2004-02-18
"P004820",1,1997-06-14
"P004820",39,2000-04-16
"P004820",43,2005-05-10
"P004820",1,2010-01-09
"P004820",3,2012-09-29
"P004820",2,2016-11-06
"P004820",35,2022-08-24
"P004820",51,2023-07-16
"P004821",5,1974-02-01
"P004821",36,1974-09-28
"P004821",61,1976-02-27
"P004821",58,1976-07-17
"P004821",1,1988-04-20
"P004821",4,2009-06-02
"P004822",55,1979-08-27
"P004822",11,1981-01-07
"P004822",49,1981-11-27
"P004822",54,1983-11-29
"P004822",28,2000-07-12
"P004822",1,2003-08-13
"P004822",17,2010-04-02
"P004822",65,2010-12-12
"P004823",67,1987-09-11
"P004823",41,1992-01-04
"P004823",28,1995-09-07
"P004823",39,2006-10-25
"P004823",11,2006-11-27
"P004823",30,2015-09-10
"P004824",26,1992-02-26
"P004824",15,2002-11-09
"P004825",4,1984-06-15
"P004825",35,1985-12-20
"P004825",67,1986-01-17
"P004825",3,1993-01-17
"P004825",28,1993-03-27
"P004826",53,1995-03-21
"P004826",28,1995-07-30
"P004827",4,1989-01-21
"P004827",6,1990-10-30
"P004827",3,1991-12-03
"P004827",43,2001-01-22
"P004827",28,2002-04-03
"P004827",55,2006-03-22
"P004827",11,2006-04-19
"P004827",39,2013-10-06
"P004828",47,1967-03-19
"P004828",3,1973-10-08
"P004828",3,1973-12-18
"P004828",3,1975-11-06
"P004828",1,1976-04-29
"P004828",39,1976-06-14
"P004828",27,1977-01-27
"P004828",2,1986-01-01
"P004828",2,1986-07-02
"P004828",60,1986-09-10
"P004828",49,1988-10-26
"P004828",6,1997-03-03
"P004830",3,2012-09-08
"P004830",2,2014-08-08
"P004830",26,2016-09-03
"P004830",21,2028-11-22
"P004830",6,2032-05-03
"P004831",1,2001-12-13
"P004832",32,1968-05-31
"P004832",32,1969-10-08
"P004832",10,1970-09-12
"P004832",41,1987-01-21
"P004832",24,1993-12-19
"P004832",10,2001-08-18
"P004833",25,1984-10-21
"P004833",11,1993-02-05
"P004833",61,2000-03-03
"P004834",44,1968-01-01
"P004834",15,1978-09-28
"P004834",28,1987-03-25
"P004834",14,1992-10-16
"P004834",4,1994-05-06
"P004834",64,1995-01-25
"P004834",28,1997-05-14
"P004834",55,1998-03-21
"P004834",14,1999-04-01
"P004835",23,1990-09-05
"P004835",24,1992-06-19
"P004835",10,1992-11-20
"P004835",50,1994-02-26
"P004835",36,1995-11-10
"P004835",48,1996-02-09
"P004835",21,1998-12-14
"P004835",17,1999-04-07
"P004835",43,1999-07-11
"P004836",9,2011-11-16
"P004836",27,2017-04-16
"P004836",47,2020-01-11
"P004836",28,2021-07-25
"P004836",16,2021-10-05
"P004836",16,2022-04-09
"P004836",30,2022-11-18
"P004836",14,2023-01-05
"P004837",3,2003-10-19
"P004837",49,2004-02-10
"P004837",1,2004-12-20
"P004837",41,2030-06-12
"P004838",61,2018-01-11
"P004838",58,2019-01-11
"P004838",2,2034-08-23
"P004838",43,2039-04-05
"P004839",52,1980-12-04
"P004839",52,1987-05-18
"P004840",23,1967-09-16
"P004840",11,1972-11-08
"P004840",27,1992-08-10
"P004841",27,1970-10-03
"P004841",3,1971-09-15
"P004841",13,1979-01-04
"P004841",21,1983-09-02
"P004841",28,1993-08-31
"P004842",1,2029-01-26
"P004842",14,2034-09-07
"P004842",1,2041-08-09
"P004842",25,2046-03-01
"P004842",4,2053-03-30
"P004843",24,2017-03-08
"P004843",67,2019-12-08
"P004843",67,2021-05-09
"P004843",16,2022-08-20
"P004844",52,1982-09-29
"P004844",12,1988-03-28
"P004844",40,1994-01-02
"P004844",25,1994-04-03
"P004844",23,2011-10-06
"P004844",9,2011-10-27
"P004845",1,1972-07-16
"P004845",1,1979-07-19
"P004845",27,1980-10-25
"P004845",34,1993-04-12
"P004846",56,1983-09-25
"P004846",53,1986-10-10
"P004846",21,1989-03-22
"P004847",2,2004-01-15
"P004848",6,1993-04-23
"P004848",34,1993-08-19
"P004848",3,2005-02-11
"P004848",22,2011-05-30
"P004848",66,2012-07-04
"P004849",28,2004-02-26
"P004849",14,2025-01-10
"P004849",52,2033-01-17
"P004850",41,1986-02-07
"P004850",55,1992-05-22
"P004850",2,2001-01-02
"P004850",40,2019-03-16
"P004850",47,2019-05-26
"P004850",63,2020-04-01
"P004850",47,2021-05-06
"P004850",14,2022-06-04
"P004850",57,2022-12-03
"P004850",62,2024-08-08
"P004851",54,1988-07-07
"P004851",20,1995-08-22
"P004851",15,2000-03-17
"P004851",60,2000-06-09
"P004851",18,2000-07-08
"P004851",62,2001-09-26
"P004852",7,1976-02-17
"P004852",27,1994-04-17
"P004852",26,1996-09-20
"P004852",65,1996-12-09
"P004852",64,1997-08-23
"P004852",60,1998-12-26
"P004852",58,1999-02-18
"P004852",24,2000-04-30
"P004852",3,2002-03-10
"P004852",16,2008-06-26
"P004852",14,2009-05-18
"P004852",3,2010-03-23
"P004852",54,2010-06-23
"P004852",12,2011-05-11
"P004853",25,1990-01-07
"P004853",14,1991-07-13
"P004853",14,2004-02-05
"P004853",15,2012-05-14
"P004853",28,2020-01-03
"P004854",24,2003-10-19
"P004854",1,2005-01-19
"P004854",49,2011-12-22
"P004854",14,2033-07-20
"P004855",16,1974-05-23
"P004855",58,1977-05-14
"P004855",10,1977-06-16
"P004855",23,1977-11-08
"P004855",67,1977-11-25
"P004855",1,1979-08-20
"P004855",28,1981-04-26
"P004855",54,1995-06-03
"P004855",62,1998-01-11
"P004855",6,1998-05-03
"P004855",35,2008-07-28
"P004856",13,2031-09-10
"P004856",22,2032-05-16
"P004856",28,2033-02-05
"P004856",16,2034-07-24
"P004856",22,2034-08-31
"P004857",11,2006-11-19
"P004858",23,1991-12-19
"P004858",4,1998-05-29
"P004858",1,2006-07-17
"P004858",52,2010-03-17
"P004858",18,2012-11-12
"P004858",15,2014-07-09
"P004859",16,1970-07-11
"P004859",61,1971-06-05
"P004859",3,1971-06-14
"P004859",40,1974-01-07
"P004859",28,1989-05-29
"P004859",24,1998-07-02
"P004859",3,2000-12-26
"P004859",30,2008-05-31
"P004860",3,2008-01-19
"P004860",14,2018-03-23
"P004860",14,2023-07-04
"P004860",36,2036-05-16
"P004860",67,2038-01-05
"P004860",19,2039-10-18
"P004861",2,2014-02-01
"P004861",7,2015-06-22
"P004861",24,2036-09-24
"P004861",14,2038-12-10
"P004861",25,2039-06-04
"P004861",1,2041-03-23
"P004861",56,2041-09-14
"P004861",63,2043-02-27
"P004862",4,2016-02-07
"P004862",28,2022-07-01
"P004862",39,2022-10-24
"P004862",25,2024-07-13
"P004862",30,2024-10-02
"P004862",23,2026-07-26
"P004862",30,2028-02-10
"P004862",10,2028-08-16
"P004862",22,2029-05-08
"P004862",55,2034-09-01
"P004862",36,2035-01-13
"P004863",48,1996-12-31
"P004863",40,1998-05-31
"P004863",28,2019-12-02
"P004863",52,2027-11-06
"P004863",28,2027-12-31
"P004863",23,2028-02-21
"P004864",38,1996-03-17
"P004864",62,1997-06-24
"P004864",17,1998-12-03
"P004864",3,2011-01-21
"P004865",11,2028-11-01
"P004865",49,2040-05-30
"P004865",64,2043-09-03
"P004865",21,2049-01-16
"P004866",21,1995-06-07
"P004866",52,2005-06-06
"P004866",28,2008-02-23
"P004866",55,2018-02-14
"P004866",58,2026-07-05
"P004867",9,1986-06-11
"P004867",15,1987-07-07
"P004867",61,1992-07-04
"P004867",22,1993-08-29
"P004867",58,1995-05-17
"P004867",1,2009-12-07
"P004867",11,2023-02-08
"P004867",6,2023-06-05
"P004868",36,2009-10-13
"P004868",30,2011-05-14
"P004868",24,2017-03-03
"P004868",22,2020-07-08
"P004868",8,2032-02-13
"P004868",28,2039-08-02
"P004868",12,2040-01-12
"P004868",30,2046-05-28
"P004869",60,2026-06-10
"P004869",6,2028-03-19
"P004870",12,1976-12-16
"P004870",26,1998-09-25
"P004870",24,2005-01-17
"P004870",57,2006-01-31
"P004871",19,1981-07-25
"P004871",40,1982-07-14
"P004871",3,1998-11-28
"P004871",2,2010-01-04
"P004871",7,2011-05-07
"P004872",48,2019-02-25
"P004872",43,2019-11-29
"P004872",49,2028-12-13
"P004873",7,2038-03-06
"P004874",14,2005-02-20
"P004874",4,2008-02-29
"P004874",1,2008-07-28
"P004874",48,2023-02-12
"P004875",15,1967-02-24
"P004875",6,1996-06-04
"P004876",1,1986-11-24
"P004877",65,1974-12-21
"P004877",18,1982-05-10
"P004877",42,1997-07-01
"P004877",41,1998-08-10
"P004877",2,2006-09-10
"P004877",7,2007-07-22
"P004878",6,1979-08-29
"P004878",14,1982-12-21
"P004878",52,1983-01-06
"P004878",55,1988-10-02
"P004878",52,1992-02-04
"P004878",61,2002-08-06
"P004878",32,2003-12-13
"P004878",25,2004-05-28
"P004878",8,2010-06-02
"P004879",11,2019-09-25
"P004879",2,2025-04-10
"P004879",1,2033-05-20
"P004879",21,2034-11-05
"P004879",3,2036-10-22
"P004879",6,2039-01-02
"P004880",50,2018-05-17
"P004881",55,1978-03-28
"P004881",27,1980-06-28
"P004881",26,1981-09-04
"P004881",43,1982-06-30
"P004881",13,1984-05-16
"P004881",51,1986-01-08
"P004881",21,1991-02-26
"P004881",21,1997-09-25
"P004881",20,2001-02-14
"P004881",5,2005-11-26
"P004881",11,2006-05-04
"P004882",43,1987-04-15
"P004882",14,1997-02-20
"P004882",16,2008-05-12
"P004882",14,2010-06-15
"P004883",11,1993-09-12
"P004883",3,2008-12-24
"P004883",63,2012-03-09
"P004884",6,1990-11-07
"P004884",4,1992-06-02
"P004884",30,2012-09-12
"P004885",47,2007-08-21
"P004885",64,2008-02-08
"P004885",53,2008-03-29
"P004885",35,2008-11-17
"P004885",27,2009-06-22
"P004885",30,2009-09-12
"P004885",40,2010-05-02
"P004885",18,2011-06-01
"P004885",3,2012-03-01
"P004885",40,2012-05-19
"P004885",27,2013-08-07
"P004885",41,2015-06-13
"P004886",42,1989-03-26
"P004886",40,1995-08-01
"P004886",23,2010-08-28
"P004887",57,1997-02-01
"P004887",4,1998-05-11
"P004887",67,1998-05-17
"P004887",61,1998-08-30
"P004887",22,2005-02-13
"P004887",53,2013-12-21
"P004887",14,2016-03-26
"P004887",57,2017-06-13
"P004888",53,1967-04-22
"P004888",40,1991-05-30
"P004889",3,2013-05-30
"P004889",39,2014-10-21
"P004889",21,2017-09-22
"P004889",67,2019-08-03
"P004889",59,2019-12-17
"P004889",67,2021-03-06
"P004889",15,2026-05-08
"P004889",31,2026-05-28
"P004889",18,2032-12-18
"P004889",43,2049-09-16
"P004890",8,1989-03-10
"P004890",14,1995-12-13
"P004890",7,2001-11-12
"P004890",52,2007-10-14
"P004890",16,2007-12-19
"P004891",53,1978-01-18
"P004891",3,1987-09-25
"P004891",27,1989-05-02
"P004891",5,1989-05-06
"P004891",65,1994-06-28
"P004891",6,1996-01-16
"P004891",27,1996-02-12
"P004891",3,2006-06-25
"P004892",6,1970-12-19
"P004892",4,1972-02-17
"P004892",8,1972-04-26
"P004892",23,1973-06-25
"P004892",53,1974-09-15
"P004892",14,1986-01-29
"P004892",58,1986-12-11
"P004892",18,1988-02-06
"P004892",16,1989-08-18
"P004892",4,1991-10-25
"P004892",3,1998-09-29
"P004892",32,2002-05-30
"P004892",28,2007-01-09
"P004893",63,2015-01-18
"P004893",34,2016-03-31
"P004893",61,2023-10-26
"P004893",16,2043-07-26
"P004893",65,2046-11-28
"P004893",60,2048-04-28
"P004894",44,2029-08-23
"P004894",62,2034-05-20
"P004894",23,2035-07-08
"P004895",61,1999-12-18
"P004895",67,2025-01-21
"P004895",43,2025-07-09
"P004896",28,1986-04-13
"P004896",1,1994-08-11
"P004896",28,1999-06-19
"P004896",65,2008-05-02
"P004897",18,2010-06-04
"P004897",1,2011-01-01
"P004898",55,1971-04-17
"P004898",4,1976-07-29
"P004898",7,1980-01-03
"P004898",64,1980-05-06
"P004898",63,1991-05-19
"P004898",4,1994-07-31
"P004899",26,2008-02-15
"P004899",16,2013-05-02
"P004900",47,2017-02-25
"P004900",25,2041-01-28
"P004901",60,1991-02-01
"P004901",18,2012-08-24
"P004901",14,2013-10-31
"P004901",1,2016-02-21
"P004901",56,2026-02-05
"P004902",1,1990-12-14
"P004902",21,2019-09-30
"P004903",24,2001-05-20
"P004903",23,2005-12-11
"P004903",62,2008-02-14
"P004903",43,2015-08-19
"P004903",28,2020-12-29
"P004903",55,2022-10-17
"P004904",28,2004-04-23
"P004904",11,2009-07-24
"P004904",6,2011-03-25
"P004904",40,2011-07-28
"P004904",26,2013-05-04
"P004905",27,1994-02-02
"P004905",12,2019-01-04
"P004906",50,1986-09-01
"P004906",62,1988-02-20
"P004906",2,1989-10-10
"P004906",50,2007-04-04
"P004906",62,2007-06-26
"P004906",6,2007-12-17
"P004906",43,2009-02-03
"P004906",23,2010-10-17
"P004906",28,2013-07-30
"P004907",26,1987-02-14
"P004907",52,1989-11-24
"P004907",26,1991-02-20
"P004907",4,1991-03-10
"P004907",13,2006-11-15
"P004907",4,2008-10-20
"P004907",7,2010-07-03
"P004908",28,2005-12-26
"P004908",8,2007-05-10
"P004908",54,2009-01-26
"P004908",31,2012-07-09
"P004909",57,1999-08-09
"P004909",11,2002-12-19
"P004910",3,1978-11-21
"P004910",14,1983-05-12
"P004910",18,1996-03-07
"P004910",46,1996-08-28
"P004910",54,2000-07-20
"P004910",50,2000-09-03
"P004911",22,1980-10-17
"P004911",50,1981-08-27
"P004912",28,2001-04-29
"P004912",27,2004-07-03
"P004912",62,2004-08-09
"P004912",52,2007-02-24
"P004912",43,2010-04-06
"P004912",28,2013-05-03
"P004912",28,2014-08-17
"P004912",55,2032-09-20
"P004912",12,2034-01-03
"P004913",61,1983-08-11
"P004913",43,1984-03-31
"P004913",28,1986-05-03
"P004913",1,1987-03-31
"P004913",61,1988-07-23
"P004913",49,1998-10-29
"P004913",4,2008-10-21
"P004913",66,2009-11-12
"P004913",33,2010-01-15
"P004913",28,2014-03-31
"P004913",13,2015-07-29
"P004913",4,2017-01-11
"P004913",64,2018-02-15
"P004913",39,2020-12-24
"P004913",35,2021-07-19
"P004914",6,2015-08-29
"P004915",42,1986-02-28
"P004915",7,1988-08-21
"P004915",30,1991-11-07
"P004915",35,1998-01-25
"P004915",21,2010-06-21
"P004916",61,2025-02-02
"P004916",67,2035-08-17
"P004916",13,2051-03-13
"P004917",23,2001-10-23
"P004917",6,2002-07-21
"P004917",34,2002-11-02
"P004917",27,2005-01-28
"P004917",30,2005-05-26
"P004917",34,2005-06-28
"P004917",1,2006-08-22
"P004917",8,2015-09-14
"P004917",43,2025-05-09
"P004917",55,2034-03-29
"P004917",19,2034-06-25
"P004918",30,1975-02-24
"P004918",53,1975-09-11
"P004918",34,1979-02-08
"P004918",51,1981-06-17
"P004918",34,1982-03-14
"P004918",14,1990-09-23
"P004918",14,1991-05-07
"P004918",58,1995-03-26
"P004918",26,1996-06-08
"P004918",30,1997-06-01
"P004918",23,1998-09-05
"P004918",10,1998-12-16
"P004918",10,1999-10-10
"P004918",43,1999-10-26
"P004918",67,2001-01-15
"P004918",13,2004-07-10
"P004918",3,2008-11-03
"P004919",25,1972-12-16
"P004919",16,1979-10-04
"P004919",54,1983-07-17
"P004920",61,1995-07-21
"P004920",28,1998-05-14
"P004920",14,2027-04-11
"P004920",6,2033-03-24
"P004920",4,2033-04-03
"P004921",3,1971-03-18
"P004921",17,1982-03-15
"P004921",37,1984-05-02
"P004921",14,1991-04-03
"P004921",43,2005-04-16
"P004922",6,1976-07-25
"P004922",34,1986-02-28
"P004922",8,1989-06-21
"P004923",63,1996-12-01
"P004923",35,2017-01-16
"P004923",20,2018-06-10
"P004923",56,2031-08-11
"P004924",26,2009-08-18
"P004924",27,2011-05-23
"P004924",65,2014-01-21
"P004924",4,2020-10-20
"P004924",8,2021-04-25
"P004924",55,2024-06-17
"P004924",8,2026-03-12
"P004924",31,2027-05-14
"P004926",28,2013-03-21
"P004926",38,2013-10-12
"P004926",14,2016-03-15
"P004926",28,2022-09-29
"P004926",14,2023-04-09
"P004926",27,2025-11-08
"P004926",30,2029-02-18
"P004927",37,1999-08-20
"P004927",53,2002-05-10
"P004927",50,2002-12-08
"P004927",28,2011-10-01
"P004927",28,2023-11-09
"P004927",53,2028-03-01
"P004928",33,2001-06-30
"P004928",25,2018-03-18
"P004928",21,2028-05-02
"P004928",52,2028-07-28
"P004929",57,1990-08-14
"P004929",5,1991-06-29
"P004929",52,2002-08-04
"P004929",57,2014-07-24
"P004929",57,2018-03-24
"P004929",11,2018-09-22
"P004929",52,2023-11-13
"P004930",15,1986-02-16
"P004930",38,1990-12-13
"P004930",13,1994-05-20
"P004930",65,1994-06-08
"P004931",14,2009-07-12
"P004931",32,2030-10-09
"P004931",47,2040-01-24
"P004931",12,2042-10-31
"P004931",5,2043-07-04
"P004932",23,1993-01-29
"P004932",37,1994-09-11
"P004932",47,1995-09-20
"P004932",8,1995-11-17
"P004932",8,1999-03-16
"P004932",2,2005-07-07
"P004932",24,2006-05-16
"P004932",44,2006-12-04
"P004932",14,2012-07-14
"P004932",62,2013-07-27
"P004933",4,1992-06-30
"P004933",7,1993-03-29
"P004933",46,1993-12-18
"P004933",1,1994-07-11
"P004933",12,1995-10-28
"P004933",64,1997-12-05
"P004933",59,1998-01-21
"P004933",28,1998-09-12
"P004933",39,2000-05-15
"P004933",59,2002-09-01
"P004934",4,2015-10-18
"P004934",1,2019-10-19
"P004934",4,2030-07-28
"P004934",28,2032-02-06
"P004934",50,2040-06-19
"P004934",6,2049-04-17
"P004935",1,1980-06-12
"P004935",43,1984-02-05
"P004936",31,1976-02-29
"P004936",23,1982-02-05
"P004936",5,1988-07-18
"P004936",15,1989-02-02
"P004936",44,1989-05-20
"P004936",64,1989-07-05
"P004936",11,1990-09-08
"P004936",15,1992-07-10
"P004937",14,2001-12-09
"P004937",23,2004-05-23
"P004937",37,2005-02-09
"P004937",58,2005-08-14
"P004937",42,2006-06-08
"P004937",18,2006-06-24
"P004937",6,2017-07-15
"P004937",8,2024-07-07
"P004937",12,2025-09-19
"P004937",27,2027-10-18
"P004938",5,2006-04-18
"P004938",3,2012-02-02
"P004938",49,2014-03-21
"P004938",62,2017-11-08
"P004938",6,2037-05-25
"P004938",44,2038-05-01
"P004939",55,1997-12-28
"P004940",15,1969-02-14
"P004940",48,1989-01-03
"P004940",27,1995-02-14
"P004940",21,2001-10-31
"P004940",12,2002-03-29
"P004940",21,2002-07-10
"P004941",4,2013-05-29
"P004941",26,2016-12-13
"P004941",67,2019-03-30
"P004941",23,2020-01-05
"P004941",55,2037-05-17
"P004942",15,2014-01-17
"P004942",4,2030-02-06
"P004942",12,2030-10-02
"P004942",64,2032-02-15
"P004942",26,2034-04-17
"P004942",64,2037-12-11
"P004942",24,2045-11-29
"P004943",55,2018-05-08
"P004943",19,2022-11-16
"P004943",5,2024-05-22
"P004943",43,2033-02-24
"P004943",21,2038-11-08
"P004943",14,2039-03-21
"P004943",55,2048-10-12
"P004944",12,2012-01-03
"P004944",28,2017-08-31
"P004944",18,2020-12-16
"P004944",4,2023-07-02
"P004944",30,2034-08-02
"P004945",52,2014-08-27
"P004945",37,2015-11-14
"P004945",47,2017-08-18
"P004945",4,2031-05-01
"P004946",53,2007-08-22
"P004946",14,2014-06-11
"P004946",43,2022-05-06
"P004946",22,2026-06-06
"P004946",28,2030-09-09
"P004946",55,2038-07-20
"P004947",50,2010-04-08
"P004947",10,2027-04-28
"P004947",6,2042-03-14
"P004947",2,2042-07-16
"P004947",24,2043-05-06
"P004948",52,2043-01-19
"P004948",55,2043-10-05
"P004948",37,2051-09-27
"P004949",24,1968-02-09
"P004949",44,1969-02-27
"P004949",42,1984-02-08
"P004949",49,1985-12-05
"P004949",61,1987-04-27
"P004949",22,1987-07-03
"P004949",30,1991-11-01
"P004949",63,1992-07-05
"P004949",52,2001-09-15
"P004950",21,2019-10-08
"P004950",12,2021-11-29
"P004950",28,2021-12-21
"P004950",2,2022-07-10
"P004950",1,2022-09-30
"P004950",40,2022-09-30
"P004950",18,2025-07-08
"P004950",13,2025-08-17
"P004950",43,2026-02-27
"P004950",4,2027-01-31
"P004950",32,2027-07-26
"P004950",65,2028-06-18
"P004950",12,2037-07-29
"P004951",12,1999-09-10
"P004951",4,1999-10-14
"P004951",30,2001-09-16
"P004951",35,2001-10-21
"P004951",52,2024-03-07
"P004951",14,2025-09-08
"P004951",48,2025-11-08
"P004951",17,2026-04-23
"P004951",48,2027-02-10
"P004951",41,2027-03-02
"P004951",21,2027-06-29
"P004951",13,2027-09-09
"P004951",21,2028-05-25
"P004951",21,2028-08-31
"P004951",21,2029-03-10
"P004951",14,2029-04-08
"P004951",31,2029-05-11
"P004951",3,2030-05-30
"P004951",21,2031-09-15
"P004952",44,1988-04-07
"P004952",53,2005-05-23
"P004952",11,2008-12-03
"P004953",58,2021-08-30
"P004953",1,2022-04-24
"P004953",16,2024-03-19
"P004953",3,2026-09-11
"P004953",14,2037-11-08
"P004953",6,2046-02-18
"P004953",36,2046-06-28
"P004954",18,2009-02-10
"P004954",61,2010-05-25
"P004955",7,1977-05-02
"P004955",64,1978-11-30
"P004955",35,1979-02-26
"P004955",3,1986-06-27
"P004955",30,1986-10-07
"P004955",1,1987-10-13
"P004955",50,2001-05-02
"P004956",2,1994-04-13
"P004956",34,1996-10-17
"P004956",12,1998-11-15
"P004956",3,1999-02-18
"P004956",49,2021-09-19
"P004956",61,2030-12-13
"P004957",18,1997-02-22
"P004957",62,2001-09-22
"P004957",3,2004-11-02
"P004957",23,2011-08-14
"P004957",1,2033-01-12
"P004958",3,1967-12-06
"P004958",49,1968-10-01
"P004958",23,1970-10-26
"P004958",49,1976-10-19
"P004958",30,1977-03-26
"P004958",2,1985-02-26
"P004958",48,1988-05-04
"P004958",4,1999-10-28
"P004958",14,2001-03-29
"P004959",8,1964-04-11
"P004959",42,1965-10-22
"P004959",15,1966-11-21
"P004959",49,1972-12-06
"P004960",55,2010-06-26
"P004960",3,2014-06-07
"P004960",44,2021-12-13
"P004961",3,1999-04-21
"P004961",35,2001-03-12
"P004961",24,2008-02-05
"P004961",23,2008-05-11
"P004962",52,2010-01-18
"P004962",28,2014-04-15
"P004962",1,2020-12-29
"P004962",28,2023-01-10
"P004962",63,2027-11-08
"P004962",30,2028-02-03
"P004962",24,2028-09-13
"P004963",44,1969-03-21
"P004963",25,1976-01-12
"P004963",33,1976-10-28
"P004963",64,1977-03-22
"P004963",33,1978-04-21
"P004963",66,1978-11-29
"P004963",3,1979-02-15
"P004963",44,1990-03-10
"P004963",14,1991-05-27
"P004963",39,1992-01-25
"P004963",22,1993-10-24
"P004963",42,1995-04-12
"P004963",18,1997-01-03
"P004964",43,2016-02-08
"P004964",23,2016-06-28
"P004964",14,2030-03-30
"P004964",29,2054-01-31
"P004964",61,2054-11-10
"P004965",27,1986-10-11
"P004965",11,1989-07-28
"P004965",6,1989-10-01
"P004965",15,1994-09-03
"P004965",24,2004-07-19
"P004965",2,2011-12-21
"P004965",8,2016-06-11
"P004965",52,2017-04-06
"P004966",25,2024-07-22
"P004967",28,1975-08-22
"P004967",64,1986-05-13
"P004967",32,1987-01-12
"P004967",52,2005-11-28
"P004968",58,2018-05-13
"P004968",19,2018-12-26
"P004968",38,2019-06-16
"P004968",5,2020-01-05
"P004968",42,2026-11-16
"P004968",55,2028-04-14
"P004968",46,2029-12-09
"P004968",23,2035-07-05
"P004968",29,2036-01-11
"P004968",27,2042-03-25
"P004968",12,2044-01-03
"P004969",18,1971-03-30
"P004969",23,1971-09-14
"P004970",6,1980-12-29
"P004970",44,1983-03-08
"P004970",50,1987-01-08
"P004970",54,1987-04-02
"P004970",18,1987-12-01
"P004970",3,1997-01-03
"P004970",35,1999-05-29
"P004970",28,2006-05-06
"P004970",12,2008-01-02
"P004971",1,1987-10-13
"P004971",19,2004-11-29
"P004971",52,2007-05-24
"P004971",28,2008-01-29
"P004971",28,2010-03-01
"P004971",39,2012-05-10
"P004971",39,2012-12-18
"P004971",19,2020-07-16
"P004971",15,2022-06-06
"P004972",28,2009-08-27
"P004972",20,2019-04-19
"P004973",27,2001-09-11
"P004973",2,2026-01-10
"P004973",14,2029-01-14
"P004973",47,2029-11-08
"P004974",55,1997-11-23
"P004974",35,1999-11-15
"P004974",34,2001-07-24
"P004975",21,1972-10-04
"P004975",16,1999-06-18
"P004975",33,2001-03-22
"P004975",23,2002-08-23
"P004975",11,2011-05-31
"P004976",15,1991-02-03
"P004976",62,1991-03-06
"P004976",2,1999-11-07
"P004976",44,2002-01-12
"P004977",39,1967-04-09
"P004977",4,1983-11-03
"P004977",63,1986-03-13
"P004977",19,1987-12-14
"P004978",26,1973-04-22
"P004978",1,1984-06-30
"P004978",40,1986-07-31
"P004978",11,1987-03-13
"P004978",12,1998-03-16
"P004978",30,2001-08-11
"P004978",10,2002-05-29
"P004978",24,2002-09-10
"P004979",6,2016-05-08
"P004979",8,2021-09-28
"P004979",38,2021-10-07
"P004979",24,2024-02-08
"P004979",27,2041-04-18
"P004979",49,2046-04-07
"P004979",4,2046-04-25
"P004979",46,2047-03-03
"P004979",21,2047-10-31
"P004979",1,2050-10-04
"P004980",47,2015-03-19
"P004980",3,2023-02-04
"P004981",12,1970-08-06
"P004981",55,1995-10-24
"P004981",34,1997-01-15
"P004981",46,1997-08-05
"P004981",39,1997-10-09
"P004981",50,2004-11-12
"P004981",36,2006-12-27
"P004982",53,2015-10-06
"P004982",16,2022-01-26
"P004982",54,2023-07-07
"P004982",42,2024-06-02
"P004982",12,2024-06-14
"P004983",20,1971-09-11
"P004983",8,1976-09-02
"P004983",40,1985-02-18
"P004983",30,1987-03-07
"P004983",40,1988-04-28
"P004983",2,1988-12-21
"P004983",32,1989-08-03
"P004983",6,1995-07-10
"P004983",2,1998-10-08
"P004983",14,1999-02-03
"P004983",41,2001-01-15
"P004983",24,2002-05-22
"P004984",26,1994-04-27
"P004984",28,2011-10-17
"P004984",62,2024-01-23
"P004984",16,2026-03-12
"P004985",6,1972-06-26
"P004985",23,1973-07-13
"P004985",22,1986-09-26
"P004985",55,1987-01-31
"P004985",18,1988-01-11
"P004985",61,1988-12-22
"P004985",30,2006-10-17
"P004985",13,2007-04-12
"P004986",14,2003-08-12
"P004986",13,2003-12-17
"P004986",32,2019-02-17
"P004986",67,2020-05-07
"P004986",44,2024-03-09
"P004987",14,2033-01-27
"P004987",50,2035-06-19
"P004987",13,2042-07-25
"P004987",3,2044-10-21
"P004988",28,2003-10-31
"P004988",3,2012-08-24
"P004988",3,2013-11-09
"P004988",35,2013-12-25
"P004988",24,2016-01-28
"P004988",35,2018-08-11
"P004989",44,2013-02-07
"P004989",12,2013-04-19
"P004989",53,2019-08-23
"P004989",11,2036-04-12
"P004989",61,2040-10-02
"P004989",42,2041-05-14
"P004990",20,2011-05-28
"P004990",11,2015-09-02
"P004990",1,2015-09-12
"P004990",49,2023-10-29
"P004991",28,2002-08-25
"P004991",55,2009-04-07
"P004991",44,2029-05-03
"P004992",15,1992-12-10
"P004992",24,2003-01-22
"P004992",1,2011-04-12
"P004992",54,2021-08-08
"P004993",38,1963-10-13
"P004993",41,1970-11-07
"P004993",63,1982-11-12
"P004993",11,1987-12-09
"P004993",37,1988-08-03
"P004993",66,1988-08-03
"P004993",19,1988-10-14
"P004993",2,1994-03-17
"P004993",1,1997-06-17
"P004993",24,1998-07-13
"P004993",49,2001-04-28
"P004994",8,1973-03-21
"P004994",12,2005-05-05
"P004995",47,2030-06-28
"P004995",7,2031-07-26
"P004995",28,2035-06-18
"P004995",14,2037-04-02
"P004995",41,2037-12-21
"P004995",54,2038-06-11
"P004995",14,2044-04-28
"P004995",15,2044-12-11
"P004995",62,2046-10-27
"P004996",44,1987-07-18
"P004996",48,1990-01-19
"P004996",67,2011-12-18
"P004997",26,2007-02-11
"P004997",28,2011-05-31
"P004997",39,2013-01-24
"P004997",11,2029-08-26
"P004997",55,2035-03-25
"P004997",49,2037-04-29
"P004997",47,2037-11-09
"P004997",56,2038-02-08
"P004998",40,2027-11-30
"P004998",8,2028-08-03
"P004998",25,2034-09-07
"P004998",47,2038-03-18
"P004998",23,2054-01-29
"P004999",19,1997-03-11
"P004999",25,1997-06-20
"P004999",18,2013-03-02
"P004999",7,2026-04-27
"P004999",28,2026-10-20
"P004999",57,2027-07-08
"P005000",49,2010-07-19
"P005000",54,2011-12-05
"P005000",53,2014-05-27
"P005000",65,2016-05-10
"P005000",30,2025-11-22
