"person_id","sex","birth_date"
"P000001","F",1935-12-21
"P000002","F",1965-12-30
"P000003","M",1936-10-31
"P000004","F",1934-05-09
"P000005","F",1959-03-15
"P000006","F",1972-03-09
"P000007","F",1923-02-22
"P000008","M",1954-12-31
"P000009","M",1954-02-18
"P000010","M",1959-06-29
"P000011","M",1963-07-15
"P000012","M",1946-07-07
"P000013","M",1939-08-21
"P000014","M",1936-03-27
"P000015","F",1937-12-05
"P000016","F",1927-11-10
"P000017","M",1931-04-24
"P000018","F",1920-02-08
"P000019","F",1969-09-24
"P000020","M",1924-08-27
"P000021","F",1938-11-15
"P000022","M",1952-04-13
"P000023","F",1921-08-11
"P000024","M",1924-02-16
"P000025","F",1936-05-09
"P000026","M",1930-03-31
"P000027","M",1963-01-31
"P000028","M",1970-11-12
"P000029","F",1960-06-26
"P000030","M",1952-07-29
"P000031","M",1957-08-28
"P000032","M",1967-06-19
"P000033","M",1926-12-08
"P000034","M",1938-10-13
"P000035","F",1968-11-03
"P000036","M",1975-07-23
"P000037","M",1953-09-29
"P000038","M",1952-12-07
"P000039","F",1971-05-13
"P000040","M",1948-08-28
"P000041","M",1974-03-20
"P000042","M",1959-10-14
"P000043","F",1954-09-04
"P000044","M",1939-08-15
"P000045","F",1955-08-15
"P000046","M",1968-01-21
"P000047","M",1948-05-30
"P000048","F",1967-04-06
"P000049","F",1935-04-18
"P000050","M",1940-08-17
"P000051","M",1963-03-13
"P000052","F",1938-09-02
"P000053","M",1969-08-01
"P000054","F",1943-10-07
"P000055","M",1969-08-16
"P000056","F",1948-12-06
"P000057","F",1925-07-16
"P000058","M",1972-12-31
"P000059","M",1927-02-02
"P000060","M",1931-01-10
"P000061","F",1934-10-28
"P000062","M",1935-10-08
"P000063","F",1938-07-10
"P000064","F",1957-11-22
"P000065","F",1940-11-15
"P000066","F",1966-12-15
"P000067","M",1935-12-10
"P000068","M",1926-01-04
"P000069","F",1974-01-17
"P000070","F",1933-07-25
"P000071","F",1954-11-03
"P000072","M",1934-04-11
"P000073","F",1934-06-26
"P000074","F",1938-01-27
"P000075","F",1924-04-11
"P000076","M",1966-03-28
"P000077","M",1953-08-06
"P000078","M",1954-04-28
"P000079","M",1937-08-10
"P000080","F",1955-07-04
"P000081","F",1968-01-20
"P000082","F",1930-03-04
"P000083","M",1948-09-18
"P000084","F",1965-04-25
"P000085","F",1934-01-21
"P000086","F",1961-11-05
"P000087","M",1966-07-12
"P000088","F",1971-09-07
"P000089","M",1937-10-16
"P000090","M",1933-11-17
"P000091","F",1946-05-04
"P000092","M",1927-10-27
"P000093","F",1937-10-20
"P000094","M",1960-05-10
"P000095","F",1946-01-09
"P000096","F",1957-01-22
"P000097","F",1932-04-04
"P000098","F",1920-07-14
"P000099","M",1929-08-26
"P000100","M",1967-06-24
"P000101","M",1932-01-04
"P000102","F",1929-10-15
"P000103","M",1955-01-19
"P000104","F",1972-10-16
"P000105","M",1963-12-06
"P000106","M",1973-09-07
"P000107","M",1955-05-24
"P000108","F",1966-11-05
"P000109","F",1938-10-24
"P000110","F",1952-02-22
"P000111","M",1935-01-25
"P000112","F",1926-06-29
"P000113","M",1935-11-24
"P000114","M",1975-05-29
"P000115","M",1964-03-20
"P000116","M",1962-04-12
"P000117","M",1951-12-29
"P000118","M",1946-05-06
"P000119","M",1938-06-17
"P000120","M",1930-02-07
"P000121","F",1970-10-22
"P000122","M",1949-05-16
"P000123","F",1967-02-22
"P000124","F",1952-07-25
"P000125","F",1963-07-25
"P000126","M",1950-10-09
"P000127","F",1926-09-03
"P000128","M",1922-11-16
"P000129","M",1956-02-12
"P000130","F",1938-05-15
"P000131","F",1920-01-22
"P000132","M",1924-07-22
"P000133","F",1952-02-28
"P000134","F",1930-03-11
"P000135","F",1963-03-16
"P000136","F",1957-02-26
"P000137","M",1971-07-04
"P000138","M",1927-04-15
"P000139","F",1939-10-02
"P000140","M",1934-01-19
"P000141","F",1971-07-18
"P000142","F",1922-01-11
"P000143","F",1954-02-22
"P000144","F",1967-02-18
"P000145","F",1938-06-10
"P000146","M",1960-06-11
"P000147","M",1930-03-17
"P000148","M",1932-07-18
"P000149","M",1948-09-25
"P000150","F",1956-08-02
"P000151","F",1933-03-14
"P000152","M",1968-02-27
"P000153","M",1973-09-20
"P000154","M",1925-09-22
"P000155","M",1968-03-10
"P000156","F",1975-04-25
"P000157","M",1954-07-24
"P000158","M",1932-03-26
"P000159","M",1947-06-02
"P000160","M",1928-08-18
"P000161","F",1971-11-30
"P000162","M",1951-04-09
"P000163","F",1973-05-12
"P000164","M",1929-12-16
"P000165","M",1930-07-09
"P000166","F",1957-05-27
"P000167","M",1947-11-04
"P000168","F",1921-01-10
"P000169","M",1969-02-28
"P000170","F",1930-06-21
"P000171","F",1946-01-07
"P000172","F",1965-08-01
"P000173","F",1965-09-01
"P000174","M",1930-05-29
"P000175","M",1962-11-23
"P000176","F",1956-04-03
"P000177","M",1930-07-14
"P000178","M",1942-03-31
"P000179","F",1927-09-29
"P000180","M",1924-12-25
"P000181","M",1946-04-23
"P000182","M",1965-11-24
"P000183","F",1931-12-17
"P000184","F",1934-04-22
"P000185","M",1953-03-30
"P000186","F",1921-10-14
"P000187","M",1928-06-28
"P000188","M",1946-06-24
"P000189","F",1956-11-03
"P000190","M",1968-12-01
"P000191","M",1949-06-25
"P000192","F",1958-01-08
"P000193","M",1969-03-09
"P000194","F",1975-07-24
"P000195","F",1946-07-13
"P000196","M",1969-05-04
"P000197","F",1921-06-18
"P000198","M",1948-03-05
"P000199","M",1920-06-27
"P000200","M",1965-04-28
"P000201","F",1935-01-20
"P000202","F",1954-04-08
"P000203","M",1924-03-10
"P000204","M",1937-04-28
"P000205","M",1974-04-22
"P000206","M",1941-07-16
"P000207","M",1960-06-13
"P000208","M",1927-03-28
"P000209","M",1940-05-26
"P000210","F",1964-04-01
"P000211","M",1952-02-15
"P000212","F",1974-05-22
"P000213","F",1925-05-06
"P000214","M",1950-11-01
"P000215","M",1927-01-02
"P000216","F",1924-07-14
"P000217","F",1941-02-22
"P000218","M",1931-09-13
"P000219","M",1966-09-26
"P000220","F",1956-04-22
"P000221","M",1960-01-10
"P000222","M",1927-01-14
"P000223","F",1971-05-19
"P000224","M",1941-03-22
"P000225","M",1965-04-23
"P000226","M",1974-06-12
"P000227","M",1938-05-03
"P000228","M",1953-10-23
"P000229","F",1930-05-27
"P000230","F",1926-01-12
"P000231","M",1921-11-25
"P000232","F",1959-05-11
"P000233","F",1930-01-29
"P000234","M",1940-01-13
"P000235","M",1926-11-23
"P000236","M",1946-02-09
"P000237","M",1920-09-24
"P000238","M",1952-08-07
"P000239","M",1960-06-18
"P000240","M",1958-01-29
"P000241","M",1951-02-26
"P000242","M",1935-10-07
"P000243","F",1929-11-01
"P000244","M",1928-12-27
"P000245","M",1962-01-19
"P000246","F",1934-03-12
"P000247","F",1962-06-04
"P000248","F",1948-03-15
"P000249","M",1953-12-28
"P000250","F",1938-11-23
"P000251","F",1951-09-25
"P000252","M",1972-09-19
"P000253","M",1926-04-04
"P000254","F",1947-02-06
"P000255","F",1923-04-21
"P000256","M",1975-05-09
"P000257","M",1967-11-05
"P000258","M",1968-07-04
"P000259","F",1943-02-15
"P000260","M",1959-06-24
"P000261","M",1956-04-15
"P000262","F",1973-11-11
"P000263","F",1961-02-17
"P000264","M",1974-04-20
"P000265","M",1971-08-05
"P000266","F",1965-07-23
"P000267","M",1926-01-10
"P000268","M",1931-12-02
"P000269","F",1970-08-19
"P000270","F",1948-10-28
"P000271","F",1928-01-30
"P000272","F",1964-12-03
"P000273","M",1963-09-11
"P000274","M",1966-03-11
"P000275","M",1947-05-28
"P000276","M",1921-09-30
"P000277","F",1953-01-17
"P000278","M",1953-10-13
"P000279","F",1968-05-03
"P000280","F",1932-04-04
"P000281","M",1963-08-19
"P000282","M",1958-06-21
"P000283","M",1950-04-05
"P000284","F",1934-10-08
"P000285","M",1948-09-08
"P000286","M",1956-11-16
"P000287","F",1933-10-09
"P000288","F",1940-11-03
"P000289","M",1936-04-13
"P000290","M",1927-04-22
"P000291","M",1964-12-04
"P000292","M",1929-09-27
"P000293","M",1921-09-14
"P000294","F",1931-04-11
"P000295","M",1923-01-11
"P000296","M",1939-03-24
"P000297","F",1965-07-21
"P000298","F",1942-01-03
"P000299","M",1921-03-26
"P000300","M",1959-09-17
"P000301","M",1936-12-01
"P000302","F",1953-08-30
"P000303","M",1941-06-13
"P000304","F",1959-09-02
"P000305","M",1937-02-01
"P000306","M",1962-10-22
"P000307","M",1941-02-09
"P000308","F",1975-01-23
"P000309","F",1971-12-14
"P000310","M",1930-01-09
"P000311","F",1964-04-01
"P000312","M",1944-05-17
"P000313","F",1929-02-16
"P000314","M",1968-12-02
"P000315","F",1971-11-12
"P000316","F",1933-05-23
"P000317","F",1959-08-30
"P000318","M",1965-02-02
"P000319","M",1946-12-01
"P000320","M",1968-06-23
"P000321","M",1972-08-04
"P000322","M",1951-12-22
"P000323","M",1941-02-27
"P000324","M",1950-04-17
"P000325","M",1967-05-19
"P000326","M",1946-02-06
"P000327","M",1956-01-17
"P000328","F",1953-07-09
"P000329","F",1952-12-08
"P000330","F",1942-03-05
"P000331","F",1971-02-27
"P000332","M",1941-05-24
"P000333","M",1971-07-08
"P000334","F",1971-11-12
"P000335","F",1953-10-16
"P000336","M",1961-04-20
"P000337","M",1956-10-25
"P000338","M",1941-10-20
"P000339","F",1944-11-22
"P000340","F",1975-10-18
"P000341","M",1965-02-15
"P000342","F",1946-08-14
"P000343","M",1973-09-20
"P000344","F",1952-10-21
"P000345","F",1941-12-26
"P000346","F",1945-05-06
"P000347","M",1926-05-21
"P000348","M",1937-01-25
"P000349","F",1936-12-20
"P000350","F",1954-03-18
"P000351","M",1926-11-15
"P000352","M",1959-12-17
"P000353","M",1927-08-24
"P000354","M",1922-09-10
"P000355","M",1969-10-20
"P000356","F",1957-10-09
"P000357","M",1920-07-12
"P000358","F",1920-09-07
"P000359","F",1931-11-03
"P000360","F",1957-11-20
"P000361","F",1924-11-18
"P000362","M",1949-04-18
"P000363","F",1927-01-21
"P000364","M",1961-04-20
"P000365","M",1972-07-24
"P000366","M",1940-02-18
"P000367","M",1940-03-03
"P000368","F",1951-03-03
"P000369","F",1938-05-29
"P000370","F",1954-12-17
"P000371","M",1959-01-02
"P000372","F",1953-02-08
"P000373","M",1953-05-03
"P000374","M",1960-11-07
"P000375","F",1949-07-19
"P000376","F",1921-11-26
"P000377","M",1948-11-01
"P000378","F",1958-08-10
"P000379","F",1961-07-05
"P000380","M",1973-04-18
"P000381","M",1948-03-16
"P000382","F",1925-02-17
"P000383","M",1948-07-12
"P000384","F",1953-02-09
"P000385","F",1937-04-07
"P000386","M",1945-03-23
"P000387","M",1920-11-20
"P000388","F",1920-10-11
"P000389","F",1922-10-23
"P000390","M",1966-02-28
"P000391","M",1936-03-26
"P000392","M",1928-04-17
"P000393","M",1971-07-03
"P000394","M",1951-03-16
"P000395","M",1974-06-22
"P000396","F",1972-06-21
"P000397","M",1952-05-01
"P000398","F",1960-06-23
"P000399","F",1956-09-30
"P000400","M",1949-07-19
"P000401","F",1950-11-13
"P000402","M",1939-10-12
"P000403","F",1960-10-29
"P000404","M",1928-02-03
"P000405","F",1927-06-06
"P000406","F",1968-03-12
"P000407","M",1924-07-29
"P000408","F",1952-08-18
"P000409","M",1955-11-12
"P000410","F",1962-05-02
"P000411","F",1952-03-17
"P000412","F",1930-06-04
"P000413","F",1959-02-10
"P000414","F",1933-02-28
"P000415","M",1966-11-22
"P000416","F",1930-11-25
"P000417","F",1947-06-09
"P000418","F",1974-09-12
"P000419","F",1964-05-15
"P000420","M",1920-10-13
"P000421","M",1931-10-20
"P000422","M",1949-09-14
"P000423","M",1932-07-17
"P000424","F",1950-07-19
"P000425","F",1958-05-19
"P000426","F",1957-11-05
"P000427","F",1932-09-28
"P000428","F",1937-07-11
"P000429","M",1975-09-06
"P000430","M",1957-10-23
"P000431","M",1939-09-24
"P000432","M",1943-10-29
"P000433","M",1957-01-07
"P000434","M",1930-12-15
"P000435","F",1948-12-13
"P000436","F",1951-03-06
"P000437","F",1928-04-03
"P000438","M",1939-08-30
"P000439","M",1945-02-15
"P000440","M",1946-06-22
"P000441","M",1942-08-18
"P000442","M",1939-04-25
"P000443","M",1963-01-26
"P000444","M",1963-12-07
"P000445","F",1955-10-15
"P000446","F",1932-02-21
"P000447","F",1957-05-18
"P000448","F",1969-10-31
"P000449","F",1955-12-20
"P000450","M",1957-06-10
"P000451","F",1938-07-01
"P000452","F",1920-10-19
"P000453","F",1927-07-07
"P000454","M",1934-09-05
"P000455","M",1970-05-28
"P000456","M",1968-08-23
"P000457","M",1951-11-08
"P000458","M",1957-06-01
"P000459","F",1920-03-22
"P000460","F",1948-06-29
"P000461","F",1949-07-31
"P000462","M",1955-02-06
"P000463","F",1937-11-12
"P000464","F",1944-05-28
"P000465","M",1975-12-31
"P000466","F",1925-01-23
"P000467","F",1922-01-24
"P000468","M",1967-12-30
"P000469","M",1955-09-21
"P000470","F",1963-07-02
"P000471","F",1931-11-04
"P000472","F",1928-03-25
"P000473","M",1935-09-04
"P000474","M",1944-04-01
"P000475","M",1960-01-12
"P000476","F",1940-03-03
"P000477","F",1964-05-28
"P000478","F",1928-10-27
"P000479","F",1938-11-06
"P000480","M",1968-02-06
"P000481","F",1934-06-06
"P000482","M",1945-10-21
"P000483","M",1932-09-08
"P000484","M",1931-02-25
"P000485","M",1970-08-06
"P000486","M",1955-11-05
"P000487","F",1941-05-11
"P000488","M",1932-05-01
"P000489","M",1950-05-27
"P000490","M",1924-06-23
"P000491","M",1973-04-28
"P000492","M",1964-12-21
"P000493","M",1974-04-17
"P000494","M",1928-02-26
"P000495","F",1928-10-27
"P000496","F",1931-08-20
"P000497","M",1967-08-01
"P000498","F",1957-07-12
"P000499","M",1943-03-05
"P000500","M",1969-08-26
"P000501","F",1970-12-20
"P000502","F",1957-04-02
"P000503","M",1958-07-12
"P000504","M",1953-11-08
"P000505","F",1924-01-28
"P000506","F",1960-01-25
"P000507","M",1969-05-04
"P000508","M",1930-03-19
"P000509","M",1944-06-25
"P000510","F",1964-11-27
"P000511","M",1944-11-24
"P000512","M",1932-10-07
"P000513","F",1959-10-28
"P000514","M",1938-11-05
"P000515","F",1921-10-27
"P000516","M",1960-08-04
"P000517","F",1945-07-20
"P000518","F",1975-07-23
"P000519","M",1921-05-07
"P000520","F",1960-03-09
"P000521","M",1950-01-09
"P000522","M",1974-09-29
"P000523","M",1922-10-28
"P000524","F",1974-04-27
"P000525","M",1926-05-12
"P000526","F",1925-07-04
"P000527","F",1968-07-18
"P000528","F",1974-11-07
"P000529","M",1947-10-26
"P000530","M",1956-10-12
"P000531","F",1936-07-12
"P000532","M",1929-03-01
"P000533","M",1969-10-09
"P000534","M",1942-04-05
"P000535","F",1938-08-20
"P000536","F",1933-05-06
"P000537","F",1944-03-21
"P000538","F",1952-11-08
"P000539","M",1922-03-11
"P000540","M",1925-06-12
"P000541","M",1959-04-09
"P000542","M",1937-11-07
"P000543","M",1974-04-12
"P000544","F",1937-04-29
"P000545","F",1965-10-22
"P000546","M",1950-12-31
"P000547","F",1939-12-05
"P000548","M",1966-05-06
"P000549","M",1928-07-19
"P000550","M",1928-01-14
"P000551","M",1940-03-18
"P000552","F",1973-07-15
"P000553","M",1922-12-24
"P000554","F",1964-03-23
"P000555","F",1966-03-17
"P000556","M",1947-05-06
"P000557","M",1971-10-09
"P000558","M",1937-09-01
"P000559","M",1966-12-17
"P000560","M",1921-07-10
"P000561","M",1920-11-21
"P000562","F",1935-09-04
"P000563","M",1953-03-27
"P000564","M",1924-03-01
"P000565","M",1955-04-03
"P000566","M",1934-08-21
"P000567","M",1926-05-22
"P000568","F",1971-10-10
"P000569","M",1931-01-22
"P000570","M",1963-12-12
"P000571","M",1963-04-22
"P000572","M",1935-02-06
"P000573","F",1941-01-29
"P000574","M",1973-04-10
"P000575","M",1921-08-20
"P000576","M",1920-05-22
"P000577","M",1923-10-04
"P000578","F",1973-02-15
"P000579","F",1970-01-16
"P000580","M",1951-04-27
"P000581","M",1931-04-22
"P000582","M",1954-07-15
"P000583","M",1952-09-10
"P000584","F",1951-07-11
"P000585","M",1932-05-11
"P000586","M",1950-10-02
"P000587","M",1975-07-03
"P000588","M",1963-06-07
"P000589","M",1957-12-12
"P000590","F",1957-08-03
"P000591","F",1951-06-14
"P000592","F",1948-01-10
"P000593","M",1962-12-06
"P000594","F",1975-12-09
"P000595","F",1962-09-22
"P000596","F",1964-12-25
"P000597","F",1932-09-07
"P000598","F",1933-10-15
"P000599","M",1923-06-27
"P000600","F",1930-10-08
"P000601","M",1968-08-02
"P000602","M",1929-10-10
"P000603","M",1926-08-11
"P000604","M",1975-10-28
"P000605","F",1952-05-10
"P000606","F",1971-11-16
"P000607","M",1928-04-28
"P000608","M",1949-08-23
"P000609","M",1964-09-27
"P000610","F",1926-08-18
"P000611","M",1966-06-08
"P000612","F",1945-08-13
"P000613","M",1952-03-10
"P000614","M",1924-12-02
"P000615","M",1955-02-24
"P000616","F",1948-06-04
"P000617","F",1948-09-08
"P000618","F",1970-09-09
"P000619","M",1959-04-06
"P000620","M",1954-06-08
"P000621","M",1938-12-05
"P000622","M",1930-03-04
"P000623","M",1949-02-25
"P000624","F",1939-11-12
"P000625","M",1921-05-13
"P000626","F",1964-05-31
"P000627","M",1946-12-08
"P000628","F",1948-01-23
"P000629","F",1941-03-27
"P000630","F",1936-08-06
"P000631","M",1955-08-21
"P000632","F",1963-03-25
"P000633","F",1923-06-30
"P000634","M",1920-10-08
"P000635","M",1942-11-13
"P000636","M",1923-02-16
"P000637","F",1933-03-06
"P000638","M",1969-04-17
"P000639","F",1927-08-26
"P000640","M",1944-10-08
"P000641","M",1955-11-23
"P000642","M",1944-04-29
"P000643","M",1942-08-16
"P000644","F",1935-12-29
"P000645","F",1973-03-18
"P000646","M",1929-10-10
"P000647","M",1968-07-04
"P000648","M",1954-09-01
"P000649","F",1933-03-20
"P000650","F",1932-05-29
"P000651","F",1950-05-21
"P000652","F",1950-05-23
"P000653","M",1933-10-03
"P000654","M",1939-02-26
"P000655","F",1940-12-12
"P000656","F",1961-05-01
"P000657","M",1922-01-05
"P000658","M",1962-02-13
"P000659","F",1962-10-30
"P000660","F",1966-02-12
"P000661","F",1942-02-23
"P000662","M",1950-04-18
"P000663","M",1958-11-02
"P000664","F",1963-02-22
"P000665","F",1950-04-23
"P000666","M",1928-07-04
"P000667","F",1960-01-21
"P000668","M",1962-07-07
"P000669","F",1928-08-21
"P000670","M",1961-11-12
"P000671","F",1971-09-19
"P000672","M",1934-08-26
"P000673","M",1939-04-30
"P000674","F",1920-02-27
"P000675","F",1941-02-16
"P000676","F",1949-04-05
"P000677","M",1965-07-10
"P000678","M",1952-01-26
"P000679","M",1973-09-28
"P000680","M",1929-11-28
"P000681","F",1932-04-23
"P000682","M",1966-10-27
"P000683","F",1956-11-22
"P000684","M",1928-05-26
"P000685","F",1963-01-15
"P000686","M",1945-12-06
"P000687","M",1962-03-26
"P000688","M",1942-07-11
"P000689","M",1957-09-04
"P000690","F",1939-02-22
"P000691","M",1953-11-07
"P000692","M",1943-09-06
"P000693","F",1940-11-24
"P000694","F",1935-04-22
"P000695","F",1947-01-27
"P000696","M",1974-08-26
"P000697","F",1924-04-11
"P000698","M",1945-05-22
"P000699","M",1956-01-13
"P000700","F",1923-05-14
"P000701","M",1937-10-01
"P000702","F",1957-10-29
"P000703","M",1956-11-26
"P000704","F",1975-07-16
"P000705","M",1975-07-18
"P000706","F",1933-11-01
"P000707","F",1966-05-29
"P000708","M",1958-05-16
"P000709","M",1974-11-24
"P000710","F",1926-12-14
"P000711","M",1920-07-28
"P000712","M",1956-01-31
"P000713","F",1975-09-20
"P000714","M",1964-12-28
"P000715","M",1944-12-21
"P000716","F",1943-05-29
"P000717","F",1957-02-25
"P000718","F",1937-03-08
"P000719","F",1922-01-28
"P000720","M",1960-11-03
"P000721","M",1970-04-16
"P000722","F",1967-05-18
"P000723","F",1967-11-12
"P000724","M",1946-12-11
"P000725","F",1960-07-01
"P000726","M",1954-03-08
"P000727","M",1945-01-29
"P000728","F",1962-10-26
"P000729","F",1968-06-29
"P000730","M",1966-06-08
"P000731","F",1955-09-03
"P000732","F",1969-12-17
"P000733","F",1940-10-23
"P000734","M",1967-07-19
"P000735","M",1965-10-06
"P000736","M",1968-04-27
"P000737","M",1952-08-15
"P000738","F",1931-08-08
"P000739","M",1946-12-30
"P000740","M",1960-08-06
"P000741","F",1928-02-10
"P000742","M",1969-07-14
"P000743","F",1936-10-07
"P000744","M",1927-05-14
"P000745","F",1934-05-09
"P000746","F",1943-03-19
"P000747","F",1972-01-04
"P000748","F",1947-08-07
"P000749","M",1941-03-13
"P000750","F",1926-02-27
"P000751","F",1948-05-23
"P000752","F",1937-08-23
"P000753","F",1945-06-04
"P000754","F",1926-04-06
"P000755","M",1932-08-29
"P000756","M",1960-07-19
"P000757","F",1939-02-11
"P000758","M",1956-01-03
"P000759","F",1937-04-28
"P000760","M",1949-12-18
"P000761","F",1969-11-12
"P000762","M",1947-11-04
"P000763","F",1936-03-21
"P000764","M",1968-11-05
"P000765","M",1936-07-01
"P000766","M",1959-10-03
"P000767","F",1963-10-04
"P000768","F",1926-10-12
"P000769","F",1968-10-29
"P000770","M",1956-11-18
"P000771","F",1946-10-30
"P000772","M",1965-03-09
"P000773","M",1974-11-22
"P000774","F",1948-10-28
"P000775","F",1944-02-26
"P000776","F",1926-01-28
"P000777","M",1945-04-07
"P000778","M",1949-12-19
"P000779","M",1947-05-09
"P000780","M",1947-01-12
"P000781","F",1922-09-10
"P000782","M",1943-06-19
"P000783","M",1922-04-21
"P000784","M",1931-10-13
"P000785","F",1921-05-10
"P000786","F",1963-07-07
"P000787","F",1964-10-29
"P000788","M",1923-08-10
"P000789","M",1944-08-19
"P000790","F",1964-01-14
"P000791","F",1940-04-08
"P000792","F",1941-09-28
"P000793","M",1945-12-06
"P000794","F",1941-11-01
"P000795","M",1971-12-09
"P000796","M",1944-10-10
"P000797","M",1923-03-26
"P000798","M",1953-06-15
"P000799","M",1938-11-23
"P000800","M",1941-06-28
"P000801","M",1936-07-23
"P000802","M",1973-03-15
"P000803","M",1949-02-18
"P000804","M",1943-08-10
"P000805","F",1959-02-24
"P000806","M",1958-09-29
"P000807","M",1953-09-29
"P000808","M",1959-12-28
"P000809","M",1956-05-25
"P000810","F",1920-11-15
"P000811","F",1923-07-09
"P000812","M",1952-06-03
"P000813","F",1923-08-04
"P000814","F",1921-07-23
"P000815","M",1959-12-23
"P000816","F",1934-01-25
"P000817","M",1944-11-09
"P000818","M",1940-08-09
"P000819","F",1927-07-12
"P000820","M",1944-07-20
"P000821","F",1947-11-11
"P000822","M",1970-02-13
"P000823","M",1933-09-28
"P000824","F",1939-02-05
"P000825","M",1940-11-09
"P000826","M",1963-03-07
"P000827","F",1972-05-17
"P000828","M",1934-04-25
"P000829","M",1959-01-15
"P000830","M",1920-11-28
"P000831","M",1957-05-15
"P000832","M",1924-07-07
"P000833","F",1946-02-18
"P000834","F",1962-10-30
"P000835","M",1954-04-19
"P000836","F",1967-01-10
"P000837","F",1970-04-12
"P000838","M",1954-09-19
"P000839","M",1929-07-26
"P000840","M",1941-02-26
"P000841","F",1933-05-27
"P000842","M",1958-12-06
"P000843","M",1964-06-21
"P000844","M",1953-09-22
"P000845","M",1967-05-22
"P000846","F",1945-06-07
"P000847","M",1932-04-28
"P000848","M",1931-04-08
"P000849","M",1966-10-27
"P000850","M",1938-05-05
"P000851","M",1973-05-26
"P000852","F",1956-05-26
"P000853","F",1958-11-13
"P000854","M",1937-07-25
"P000855","F",1964-04-14
"P000856","M",1943-03-23
"P000857","M",1945-08-29
"P000858","F",1964-09-11
"P000859","F",1955-07-17
"P000860","F",1951-08-22
"P000861","F",1963-04-15
"P000862","F",1921-06-04
"P000863","F",1936-01-02
"P000864","F",1959-06-20
"P000865","F",1921-09-30
"P000866","F",1943-10-17
"P000867","F",1921-06-08
"P000868","M",1970-05-21
"P000869","F",1963-12-02
"P000870","M",1934-03-03
"P000871","F",1948-07-02
"P000872","M",1952-02-25
"P000873","F",1943-04-13
"P000874","M",1973-05-06
"P000875","M",1939-01-09
"P000876","F",1964-12-04
"P000877","F",1956-09-27
"P000878","F",1955-09-13
"P000879","M",1924-03-14
"P000880","M",1940-09-24
"P000881","F",1964-08-25
"P000882","F",1970-05-29
"P000883","M",1948-07-03
"P000884","M",1963-11-03
"P000885","F",1921-10-02
"P000886","F",1972-01-12
"P000887","F",1973-06-01
"P000888","F",1922-05-28
"P000889","F",1929-01-08
"P000890","M",1961-05-22
"P000891","M",1961-11-02
"P000892","M",1972-04-17
"P000893","M",1941-09-20
"P000894","F",1966-02-05
"P000895","F",1975-02-02
"P000896","F",1940-11-10
"P000897","F",1944-06-25
"P000898","F",1929-12-26
"P000899","F",1938-11-14
"P000900","F",1922-07-04
"P000901","M",1936-09-24
"P000902","F",1969-08-01
"P000903","F",1945-02-21
"P000904","F",1951-10-22
"P000905","M",1961-02-18
"P000906","M",1958-08-10
"P000907","F",1921-07-13
"P000908","M",1929-12-25
"P000909","F",1921-07-07
"P000910","F",1944-10-13
"P000911","M",1927-11-24
"P000912","M",1921-07-14
"P000913","M",1945-12-30
"P000914","M",1920-03-22
"P000915","F",1922-03-13
"P000916","M",1966-10-07
"P000917","F",1940-12-16
"P000918","F",1926-05-01
"P000919","F",1921-01-12
"P000920","F",1938-02-17
"P000921","M",1973-02-18
"P000922","M",1964-07-07
"P000923","M",1929-09-25
"P000924","F",1948-11-02
"P000925","F",1932-08-01
"P000926","F",1952-11-02
"P000927","F",1954-04-29
"P000928","F",1971-01-10
"P000929","M",1953-12-23
"P000930","F",1953-12-13
"P000931","M",1966-09-13
"P000932","M",1955-02-22
"P000933","M",1967-10-05
"P000934","M",1933-09-07
"P000935","F",1951-02-02
"P000936","M",1962-08-30
"P000937","F",1957-07-03
"P000938","F",1927-04-12
"P000939","F",1965-01-12
"P000940","F",1940-07-03
"P000941","F",1940-08-11
"P000942","M",1949-06-05
"P000943","F",1971-08-18
"P000944","M",1942-04-04
"P000945","M",1933-09-15
"P000946","F",1947-04-03
"P000947","M",1929-12-03
"P000948","F",1945-12-06
"P000949","M",1953-10-18
"P000950","M",1924-01-24
"P000951","M",1957-09-27
"P000952","M",1967-12-15
"P000953","M",1955-07-14
"P000954","F",1961-07-07
"P000955","M",1921-06-27
"P000956","F",1942-01-24
"P000957","F",1927-08-11
"P000958","F",1952-07-31
"P000959","M",1974-03-07
"P000960","M",1921-12-31
"P000961","M",1947-09-15
"P000962","F",1961-10-19
"P000963","F",1972-08-04
"P000964","F",1924-03-26
"P000965","M",1969-07-12
"P000966","M",1963-08-27
"P000967","M",1947-06-01
"P000968","F",1946-09-24
"P000969","M",1956-02-16
"P000970","F",1920-01-26
"P000971","F",1921-08-13
"P000972","M",1934-10-09
"P000973","F",1940-03-22
"P000974","F",1920-05-03
"P000975","F",1945-08-01
"P000976","M",1946-04-05
"P000977","F",1955-01-27
"P000978","F",1936-11-02
"P000979","M",1933-12-11
"P000980","F",1967-07-15
"P000981","M",1935-10-01
"P000982","M",1969-04-07
"P000983","M",1964-06-09
"P000984","F",1932-12-12
"P000985","M",1927-04-05
"P000986","M",1941-12-12
"P000987","F",1973-03-28
"P000988","F",1941-05-01
"P000989","F",1921-11-10
"P000990","M",1971-03-08
"P000991","M",1957-12-26
"P000992","F",1924-09-08
"P000993","M",1952-10-01
"P000994","F",1945-06-02
"P000995","M",1935-04-21
"P000996","F",1964-01-25
"P000997","F",1972-11-17
"P000998","F",1938-09-26
"P000999","M",1955-04-20
"P001000","F",1932-05-07
"P001001","F",1954-04-17
"P001002","M",1921-08-06
"P001003","F",1923-12-01
"P001004","F",1931-12-21
"P001005","M",1939-09-16
"P001006","M",1952-12-07
"P001007","M",1924-10-24
"P001008","M",1943-02-22
"P001009","F",1931-09-09
"P001010","M",1949-01-30
"P001011","F",1955-09-20
"P001012","F",1954-03-12
"P001013","M",1948-07-17
"P001014","M",1962-12-05
"P001015","M",1953-12-03
"P001016","F",1967-10-26
"P001017","F",1934-08-18
"P001018","M",1971-10-10
"P001019","F",1930-06-28
"P001020","M",1924-08-16
"P001021","M",1959-07-07
"P001022","F",1963-10-15
"P001023","M",1948-11-01
"P001024","M",1947-09-22
"P001025","M",1927-07-29
"P001026","M",1922-05-15
"P001027","M",1963-05-27
"P001028","M",1933-01-20
"P001029","F",1971-05-19
"P001030","M",1973-03-13
"P001031","F",1973-12-25
"P001032","M",1967-06-24
"P001033","M",1935-08-13
"P001034","M",1967-07-28
"P001035","M",1927-06-21
"P001036","M",1967-10-24
"P001037","F",1947-08-01
"P001038","M",1931-05-03
"P001039","M",1955-11-07
"P001040","F",1960-02-07
"P001041","F",1968-01-09
"P001042","M",1938-05-02
"P001043","F",1931-06-28
"P001044","F",1944-10-20
"P001045","M",1936-01-24
"P001046","F",1954-02-02
"P001047","M",1928-12-11
"P001048","M",1970-07-09
"P001049","M",1961-12-01
"P001050","F",1958-09-15
"P001051","M",1945-12-26
"P001052","M",1927-10-29
"P001053","M",1930-12-05
"P001054","F",1928-08-09
"P001055","F",1928-07-09
"P001056","F",1971-01-24
"P001057","M",1934-10-13
"P001058","F",1938-03-02
"P001059","M",1975-09-19
"P001060","F",1934-02-10
"P001061","F",1973-01-09
"P001062","M",1970-03-26
"P001063","F",1924-02-20
"P001064","M",1923-09-06
"P001065","F",1923-01-05
"P001066","M",1973-04-11
"P001067","F",1958-11-02
"P001068","F",1970-08-03
"P001069","M",1932-07-07
"P001070","F",1955-07-21
"P001071","F",1921-01-09
"P001072","M",1920-01-28
"P001073","M",1963-11-03
"P001074","M",1967-05-20
"P001075","M",1969-11-13
"P001076","F",1949-10-12
"P001077","F",1964-03-29
"P001078","F",1946-09-11
"P001079","F",1945-04-02
"P001080","F",1964-10-10
"P001081","F",1924-05-19
"P001082","M",1953-08-01
"P001083","F",1931-10-30
"P001084","M",1923-11-21
"P001085","M",1944-11-29
"P001086","F",1940-05-18
"P001087","M",1952-03-23
"P001088","M",1961-07-07
"P001089","F",1921-01-18
"P001090","M",1933-05-08
"P001091","M",1974-09-19
"P001092","M",1936-10-04
"P001093","M",1925-05-02
"P001094","M",1935-04-02
"P001095","M",1938-07-27
"P001096","F",1954-02-14
"P001097","M",1924-05-18
"P001098","M",1952-11-27
"P001099","M",1937-02-24
"P001100","F",1923-12-02
"P001101","F",1970-01-17
"P001102","F",1937-05-07
"P001103","F",1932-03-24
"P001104","F",1936-12-09
"P001105","F",1962-02-12
"P001106","M",1966-07-22
"P001107","F",1930-09-27
"P001108","M",1972-12-13
"P001109","F",1943-01-12
"P001110","F",1945-05-08
"P001111","M",1968-12-10
"P001112","F",1930-07-31
"P001113","M",1974-10-01
"P001114","M",1951-07-04
"P001115","F",1937-09-05
"P001116","M",1957-02-25
"P001117","F",1935-12-10
"P001118","M",1921-01-04
"P001119","F",1962-08-23
"P001120","F",1933-10-07
"P001121","F",1975-10-03
"P001122","M",1925-08-06
"P001123","M",1931-06-22
"P001124","F",1922-08-18
"P001125","M",1929-02-01
"P001126","M",1921-02-19
"P001127","M",1951-12-21
"P001128","F",1941-05-16
"P001129","F",1925-03-15
"P001130","F",1944-07-02
"P001131","F",1938-02-06
"P001132","F",1931-01-23
"P001133","M",1952-12-30
"P001134","M",1966-02-19
"P001135","M",1950-04-29
"P001136","F",1963-06-03
"P001137","F",1963-11-02
"P001138","F",1974-09-22
"P001139","F",1929-03-05
"P001140","M",1972-07-13
"P001141","F",1964-12-19
"P001142","M",1930-07-20
"P001143","F",1943-03-06
"P001144","F",1929-02-19
"P001145","M",1967-03-17
"P001146","F",1943-07-30
"P001147","F",1962-04-15
"P001148","F",1963-07-11
"P001149","M",1956-08-08
"P001150","F",1965-03-06
"P001151","F",1961-03-26
"P001152","F",1950-01-03
"P001153","M",1974-09-04
"P001154","M",1942-11-05
"P001155","F",1926-06-22
"P001156","F",1932-01-28
"P001157","M",1922-10-02
"P001158","M",1926-07-31
"P001159","M",1972-09-16
"P001160","M",1941-01-20
"P001161","F",1920-12-12
"P001162","M",1942-05-18
"P001163","M",1935-07-13
"P001164","M",1945-09-23
"P001165","M",1921-09-23
"P001166","F",1921-11-09
"P001167","M",1961-10-04
"P001168","M",1936-11-18
"P001169","F",1920-07-25
"P001170","F",1927-05-03
"P001171","F",1948-03-06
"P001172","M",1926-10-04
"P001173","F",1932-04-03
"P001174","F",1956-05-12
"P001175","F",1958-10-13
"P001176","M",1943-01-09
"P001177","F",1971-12-16
"P001178","F",1933-05-09
"P001179","M",1928-05-24
"P001180","M",1961-04-15
"P001181","F",1970-05-11
"P001182","F",1955-05-11
"P001183","F",1935-06-28
"P001184","F",1945-03-26
"P001185","M",1950-10-28
"P001186","M",1966-03-03
"P001187","M",1955-03-31
"P001188","M",1951-03-23
"P001189","M",1927-08-31
"P001190","F",1972-06-05
"P001191","F",1926-12-26
"P001192","M",1922-11-01
"P001193","F",1968-09-11
"P001194","F",1973-03-25
"P001195","M",1929-05-22
"P001196","F",1969-10-12
"P001197","F",1945-06-01
"P001198","M",1920-03-13
"P001199","M",1926-06-25
"P001200","F",1955-05-30
"P001201","F",1932-01-05
"P001202","M",1972-08-20
"P001203","F",1948-01-14
"P001204","M",1966-05-28
"P001205","F",1940-01-22
"P001206","M",1963-06-26
"P001207","M",1944-08-24
"P001208","M",1963-08-30
"P001209","M",1958-01-25
"P001210","M",1946-07-20
"P001211","F",1949-08-11
"P001212","M",1928-02-21
"P001213","F",1953-12-30
"P001214","M",1930-03-07
"P001215","M",1926-09-30
"P001216","M",1949-07-08
"P001217","M",1921-10-21
"P001218","F",1967-12-17
"P001219","F",1974-01-03
"P001220","M",1926-10-31
"P001221","M",1966-10-25
"P001222","F",1964-09-22
"P001223","M",1923-11-16
"P001224","M",1968-02-05
"P001225","M",1961-12-26
"P001226","M",1968-05-08
"P001227","M",1936-03-08
"P001228","M",1957-09-07
"P001229","F",1972-08-07
"P001230","M",1973-06-06
"P001231","M",1953-04-05
"P001232","F",1971-07-18
"P001233","F",1933-08-28
"P001234","M",1926-06-10
"P001235","M",1929-08-30
"P001236","F",1920-06-28
"P001237","M",1968-02-22
"P001238","F",1939-04-07
"P001239","M",1943-02-13
"P001240","F",1959-06-11
"P001241","M",1928-09-25
"P001242","M",1959-08-28
"P001243","F",1952-05-02
"P001244","M",1947-01-01
"P001245","M",1938-03-27
"P001246","M",1974-03-21
"P001247","F",1947-06-15
"P001248","F",1933-02-23
"P001249","M",1947-11-07
"P001250","F",1936-02-28
"P001251","F",1942-05-01
"P001252","F",1933-04-01
"P001253","M",1948-06-06
"P001254","F",1972-05-07
"P001255","M",1956-07-04
"P001256","F",1941-07-19
"P001257","F",1929-02-25
"P001258","M",1926-08-26
"P001259","F",1974-06-18
"P001260","M",1943-04-16
"P001261","F",1970-10-01
"P001262","F",1946-10-01
"P001263","F",1921-12-11
"P001264","F",1944-01-05
"P001265","F",1942-06-24
"P001266","M",1945-12-12
"P001267","M",1943-05-27
"P001268","F",1932-03-01
"P001269","M",1956-05-16
"P001270","M",1969-07-25
"P001271","F",1951-07-17
"P001272","F",1959-04-03
"P001273","M",1975-11-20
"P001274","M",1974-12-06
"P001275","M",1932-04-26
"P001276","M",1951-02-02
"P001277","F",1940-05-21
"P001278","F",1920-04-28
"P001279","M",1946-12-20
"P001280","M",1927-02-13
"P001281","F",1958-08-09
"P001282","F",1948-12-12
"P001283","F",1963-10-27
"P001284","F",1946-06-28
"P001285","F",1929-06-25
"P001286","M",1930-12-16
"P001287","M",1943-10-06
"P001288","M",1957-07-11
"P001289","M",1966-09-14
"P001290","F",1956-02-16
"P001291","M",1925-12-17
"P001292","F",1956-01-21
"P001293","F",1925-01-19
"P001294","M",1969-04-23
"P001295","F",1947-11-28
"P001296","M",1957-02-27
"P001297","F",1957-09-19
"P001298","M",1929-11-15
"P001299","M",1929-11-03
"P001300","M",1928-06-16
"P001301","F",1973-07-23
"P001302","M",1938-12-01
"P001303","F",1952-09-18
"P001304","F",1967-01-23
"P001305","F",1967-07-25
"P001306","F",1934-05-10
"P001307","F",1934-04-06
"P001308","M",1969-02-15
"P001309","F",1975-03-17
"P001310","M",1950-06-07
"P001311","F",1930-02-14
"P001312","F",1957-06-08
"P001313","M",1932-04-05
"P001314","M",1945-07-08
"P001315","M",1939-12-02
"P001316","F",1974-02-24
"P001317","M",1964-03-16
"P001318","F",1954-09-18
"P001319","M",1924-07-03
"P001320","M",1922-06-22
"P001321","F",1974-07-11
"P001322","F",1927-10-23
"P001323","F",1961-01-26
"P001324","M",1964-04-07
"P001325","M",1945-11-27
"P001326","M",1931-05-23
"P001327","F",1956-04-21
"P001328","M",1932-03-14
"P001329","F",1921-01-28
"P001330","F",1928-04-24
"P001331","F",1931-06-04
"P001332","F",1929-01-03
"P001333","M",1966-11-07
"P001334","M",1944-09-28
"P001335","M",1928-04-08
"P001336","F",1937-09-07
"P001337","M",1949-01-14
"P001338","F",1942-11-24
"P001339","F",1962-10-19
"P001340","M",1962-12-29
"P001341","F",1949-02-01
"P001342","F",1964-07-12
"P001343","M",1952-01-23
"P001344","F",1972-11-02
"P001345","M",1921-04-18
"P001346","F",1972-06-03
"P001347","M",1925-10-11
"P001348","F",1933-12-26
"P001349","M",1963-02-15
"P001350","M",1921-06-05
"P001351","F",1970-08-24
"P001352","M",1955-09-14
"P001353","F",1960-09-22
"P001354","M",1923-12-07
"P001355","M",1954-03-29
"P001356","F",1943-05-12
"P001357","F",1936-11-03
"P001358","F",1924-11-19
"P001359","M",1947-03-30
"P001360","M",1938-10-30
"P001361","F",1926-06-04
"P001362","M",1937-12-23
"P001363","M",1925-02-25
"P001364","F",1952-02-19
"P001365","M",1922-07-18
"P001366","M",1926-07-03
"P001367","M",1973-04-10
"P001368","F",1971-01-28
"P001369","F",1936-12-22
"P001370","F",1952-05-05
"P001371","M",1954-04-17
"P001372","M",1921-07-03
"P001373","F",1946-12-16
"P001374","M",1969-08-09
"P001375","F",1926-11-11
"P001376","M",1975-07-23
"P001377","M",1965-12-17
"P001378","M",1942-05-06
"P001379","F",1930-07-23
"P001380","M",1934-11-29
"P001381","F",1946-01-22
"P001382","F",1929-12-19
"P001383","F",1925-12-09
"P001384","F",1964-10-31
"P001385","F",1955-03-22
"P001386","M",1974-09-11
"P001387","M",1928-02-01
"P001388","M",1934-06-04
"P001389","M",1945-09-09
"P001390","M",1971-07-01
"P001391","M",1969-06-04
"P001392","M",1939-01-14
"P001393","M",1930-10-01
"P001394","M",1959-01-22
"P001395","M",1937-10-23
"P001396","M",1960-01-29
"P001397","M",1936-06-19
"P001398","F",1933-08-16
"P001399","F",1928-03-03
"P001400","M",1959-05-05
"P001401","M",1926-09-02
"P001402","F",1961-11-19
"P001403","M",1975-06-05
"P001404","F",1921-11-14
"P001405","M",1955-12-09
"P001406","M",1962-05-07
"P001407","M",1927-12-18
"P001408","F",1958-09-03
"P001409","M",1963-06-10
"P001410","F",1931-09-30
"P001411","F",1942-02-11
"P001412","F",1960-08-23
"P001413","M",1960-08-17
"P001414","F",1973-06-25
"P001415","M",1957-05-03
"P001416","F",1927-12-27
"P001417","M",1968-10-05
"P001418","F",1921-04-18
"P001419","F",1922-01-27
"P001420","F",1967-10-08
"P001421","M",1942-05-24
"P001422","M",1950-01-19
"P001423","M",1943-10-20
"P001424","M",1930-08-11
"P001425","F",1955-12-25
"P001426","M",1970-01-31
"P001427","F",1928-12-05
"P001428","M",1971-10-18
"P001429","F",1964-03-07
"P001430","M",1940-10-21
"P001431","M",1972-03-20
"P001432","M",1967-06-30
"P001433","M",1973-08-29
"P001434","M",1934-08-20
"P001435","M",1947-04-07
"P001436","F",1943-05-19
"P001437","F",1966-06-16
"P001438","M",1974-01-30
"P001439","F",1932-02-18
"P001440","F",1938-08-02
"P001441","F",1960-08-09
"P001442","F",1954-09-06
"P001443","M",1964-02-06
"P001444","M",1965-05-02
"P001445","F",1963-09-22
"P001446","F",1928-01-12
"P001447","F",1933-10-21
"P001448","M",1920-02-04
"P001449","M",1927-03-14
"P001450","M",1946-03-31
"P001451","F",1928-11-05
"P001452","M",1930-11-19
"P001453","F",1939-07-16
"P001454","F",1961-05-23
"P001455","M",1925-08-07
"P001456","M",1937-02-28
"P001457","M",1960-04-18
"P001458","F",1971-02-25
"P001459","M",1965-11-14
"P001460","F",1956-12-24
"P001461","F",1954-10-08
"P001462","F",1957-05-15
"P001463","M",1956-01-27
"P001464","F",1925-02-18
"P001465","F",1944-11-29
"P001466","M",1927-05-24
"P001467","M",1970-01-22
"P001468","F",1951-10-24
"P001469","M",1964-03-02
"P001470","M",1974-12-13
"P001471","M",1968-08-07
"P001472","M",1931-09-29
"P001473","F",1963-02-10
"P001474","M",1926-10-11
"P001475","F",1927-08-28
"P001476","M",1957-06-26
"P001477","F",1935-12-29
"P001478","M",1930-10-29
"P001479","M",1975-03-06
"P001480","F",1960-06-13
"P001481","F",1960-11-23
"P001482","M",1966-08-05
"P001483","F",1969-06-11
"P001484","M",1968-11-26
"P001485","M",1945-03-25
"P001486","M",1967-03-26
"P001487","M",1957-06-20
"P001488","M",1955-04-29
"P001489","M",1935-05-11
"P001490","M",1921-02-04
"P001491","F",1940-08-26
"P001492","M",1929-01-08
"P001493","F",1941-02-21
"P001494","M",1963-06-16
"P001495","M",1921-10-10
"P001496","M",1945-10-13
"P001497","M",1929-12-08
"P001498","F",1945-06-08
"P001499","M",1960-07-17
"P001500","M",1946-04-19
"P001501","F",1950-12-07
"P001502","M",1974-01-18
"P001503","M",1972-05-05
"P001504","M",1964-04-29
"P001505","F",1923-05-05
"P001506","M",1942-09-03
"P001507","F",1954-07-07
"P001508","F",1937-07-02
"P001509","F",1959-02-22
"P001510","F",1952-06-04
"P001511","M",1937-06-01
"P001512","F",1922-07-11
"P001513","M",1953-06-07
"P001514","M",1971-08-15
"P001515","F",1969-10-29
"P001516","M",1972-06-14
"P001517","M",1928-12-02
"P001518","F",1934-01-30
"P001519","F",1926-03-22
"P001520","M",1940-05-23
"P001521","F",1943-06-18
"P001522","M",1965-01-14
"P001523","M",1971-11-02
"P001524","F",1940-01-07
"P001525","F",1963-06-16
"P001526","M",1970-02-28
"P001527","F",1959-01-06
"P001528","F",1942-03-18
"P001529","M",1937-08-25
"P001530","F",1938-08-29
"P001531","M",1965-07-22
"P001532","M",1934-01-12
"P001533","F",1942-04-15
"P001534","M",1942-02-16
"P001535","M",1944-05-18
"P001536","M",1923-04-26
"P001537","M",1921-07-31
"P001538","M",1943-07-17
"P001539","M",1968-01-16
"P001540","M",1947-03-21
"P001541","F",1930-12-27
"P001542","F",1941-01-03
"P001543","F",1962-08-30
"P001544","F",1920-08-27
"P001545","M",1971-01-14
"P001546","M",1949-12-24
"P001547","M",1938-01-28
"P001548","M",1945-01-12
"P001549","M",1951-03-19
"P001550","F",1962-12-01
"P001551","M",1949-02-28
"P001552","M",1943-02-22
"P001553","F",1963-07-23
"P001554","M",1929-01-12
"P001555","M",1974-02-23
"P001556","F",1941-05-25
"P001557","F",1922-05-03
"P001558","F",1957-02-14
"P001559","M",1925-10-12
"P001560","F",1955-05-26
"P001561","F",1930-05-08
"P001562","M",1949-08-15
"P001563","F",1925-11-28
"P001564","M",1924-11-17
"P001565","M",1948-02-22
"P001566","M",1959-12-21
"P001567","M",1972-12-02
"P001568","F",1926-04-24
"P001569","M",1938-04-25
"P001570","M",1936-11-13
"P001571","F",1973-10-09
"P001572","M",1952-09-19
"P001573","M",1954-03-19
"P001574","M",1959-09-21
"P001575","F",1957-10-03
"P001576","M",1953-01-13
"P001577","M",1961-01-20
"P001578","M",1944-03-28
"P001579","F",1921-10-08
"P001580","F",1946-04-04
"P001581","F",1964-08-08
"P001582","M",1944-06-08
"P001583","F",1940-08-12
"P001584","F",1945-01-20
"P001585","F",1928-06-10
"P001586","M",1952-06-11
"P001587","M",1958-09-19
"P001588","F",1927-07-27
"P001589","M",1952-06-28
"P001590","F",1961-12-29
"P001591","M",1967-11-06
"P001592","M",1949-07-06
"P001593","M",1931-01-24
"P001594","F",1942-02-07
"P001595","M",1961-12-03
"P001596","F",1949-10-21
"P001597","F",1966-10-29
"P001598","F",1947-07-28
"P001599","M",1965-01-23
"P001600","M",1957-05-30
"P001601","F",1967-10-10
"P001602","M",1966-02-21
"P001603","M",1939-11-20
"P001604","M",1975-10-28
"P001605","F",1960-05-11
"P001606","F",1941-09-08
"P001607","M",1941-05-06
"P001608","M",1975-03-30
"P001609","M",1961-12-28
"P001610","M",1944-09-09
"P001611","F",1949-05-26
"P001612","F",1939-10-09
"P001613","M",1942-05-07
"P001614","M",1939-09-28
"P001615","F",1957-07-05
"P001616","M",1927-05-31
"P001617","M",1961-06-02
"P001618","M",1939-04-21
"P001619","M",1969-06-22
"P001620","F",1932-04-01
"P001621","M",1963-08-15
"P001622","M",1925-03-08
"P001623","F",1954-11-01
"P001624","M",1952-01-16
"P001625","M",1966-05-16
"P001626","M",1961-08-18
"P001627","F",1960-04-16
"P001628","F",1947-02-20
"P001629","M",1924-09-24
"P001630","M",1952-08-10
"P001631","F",1933-06-09
"P001632","F",1936-08-26
"P001633","F",1920-04-17
"P001634","M",1961-08-31
"P001635","M",1927-12-25
"P001636","F",1926-02-04
"P001637","M",1949-06-06
"P001638","F",1971-10-09
"P001639","F",1950-04-11
"P001640","F",1973-12-01
"P001641","F",1945-06-05
"P001642","M",1953-01-29
"P001643","F",1920-02-22
"P001644","F",1931-06-06
"P001645","M",1953-02-01
"P001646","F",1952-09-30
"P001647","F",1948-08-08
"P001648","M",1947-02-17
"P001649","F",1946-07-17
"P001650","F",1972-04-19
"P001651","M",1957-04-21
"P001652","M",1960-06-01
"P001653","M",1974-05-12
"P001654","F",1942-04-24
"P001655","M",1944-01-15
"P001656","F",1924-03-19
"P001657","F",1920-04-21
"P001658","F",1948-11-14
"P001659","M",1927-07-31
"P001660","M",1940-10-20
"P001661","F",1948-03-28
"P001662","M",1940-04-29
"P001663","M",1961-10-07
"P001664","F",1929-11-07
"P001665","M",1949-02-06
"P001666","F",1938-02-22
"P001667","F",1934-08-29
"P001668","F",1926-01-25
"P001669","F",1935-10-13
"P001670","F",1954-12-20
"P001671","M",1938-05-24
"P001672","M",1955-03-29
"P001673","F",1924-02-15
"P001674","M",1962-11-15
"P001675","M",1928-03-04
"P001676","F",1974-10-29
"P001677","F",1965-06-01
"P001678","F",1953-02-04
"P001679","F",1952-05-08
"P001680","M",1923-10-14
"P001681","F",1971-03-24
"P001682","F",1931-10-14
"P001683","F",1959-01-07
"P001684","M",1950-11-21
"P001685","M",1924-01-04
"P001686","M",1920-09-05
"P001687","M",1930-11-06
"P001688","F",1939-11-02
"P001689","F",1940-02-13
"P001690","F",1935-04-04
"P001691","F",1945-04-21
"P001692","M",1945-11-09
"P001693","F",1956-04-14
"P001694","M",1958-08-04
"P001695","M",1975-11-07
"P001696","F",1930-11-22
"P001697","F",1944-04-01
"P001698","F",1963-02-13
"P001699","M",1931-04-17
"P001700","M",1971-06-02
"P001701","F",1924-06-22
"P001702","F",1974-02-05
"P001703","F",1920-10-25
"P001704","M",1928-05-24
"P001705","M",1925-06-05
"P001706","F",1925-04-23
"P001707","M",1959-08-24
"P001708","M",1921-11-13
"P001709","M",1942-11-30
"P001710","F",1962-09-04
"P001711","M",1957-02-13
"P001712","M",1939-11-03
"P001713","M",1939-07-26
"P001714","F",1962-05-03
"P001715","F",1961-09-12
"P001716","F",1948-12-28
"P001717","F",1949-11-29
"P001718","F",1943-07-20
"P001719","F",1937-08-14
"P001720","M",1967-02-11
"P001721","M",1944-07-29
"P001722","M",1921-07-11
"P001723","M",1952-02-21
"P001724","M",1946-12-15
"P001725","F",1940-10-02
"P001726","M",1969-04-09
"P001727","F",1974-11-01
"P001728","M",1975-05-05
"P001729","M",1954-12-26
"P001730","M",1975-12-03
"P001731","M",1955-05-12
"P001732","F",1938-10-16
"P001733","M",1966-02-03
"P001734","M",1951-08-03
"P001735","F",1946-05-26
"P001736","F",1944-10-07
"P001737","M",1959-01-24
"P001738","M",1941-08-13
"P001739","F",1961-01-23
"P001740","M",1937-05-03
"P001741","F",1949-02-16
"P001742","F",1953-05-27
"P001743","M",1927-11-16
"P001744","F",1944-12-14
"P001745","F",1950-01-24
"P001746","M",1940-03-01
"P001747","M",1947-01-23
"P001748","F",1960-05-29
"P001749","M",1922-09-22
"P001750","M",1946-07-24
"P001751","F",1935-03-30
"P001752","M",1968-08-20
"P001753","M",1966-12-30
"P001754","F",1965-05-01
"P001755","M",1921-08-06
"P001756","F",1958-01-28
"P001757","F",1929-07-18
"P001758","M",1955-07-25
"P001759","M",1920-03-19
"P001760","M",1972-12-10
"P001761","F",1961-06-16
"P001762","M",1962-01-08
"P001763","M",1965-02-11
"P001764","M",1955-01-14
"P001765","M",1944-10-28
"P001766","F",1955-08-06
"P001767","M",1920-09-23
"P001768","F",1941-10-22
"P001769","F",1949-08-13
"P001770","F",1942-10-09
"P001771","F",1966-02-25
"P001772","M",1923-12-13
"P001773","M",1943-09-14
"P001774","F",1923-02-27
"P001775","M",1939-01-05
"P001776","M",1933-02-27
"P001777","M",1966-11-01
"P001778","M",1974-11-01
"P001779","F",1964-02-08
"P001780","M",1926-01-29
"P001781","F",1969-05-17
"P001782","M",1921-12-16
"P001783","M",1939-08-22
"P001784","F",1970-12-21
"P001785","F",1920-11-14
"P001786","F",1961-01-12
"P001787","M",1948-12-20
"P001788","M",1960-03-16
"P001789","M",1949-07-03
"P001790","F",1953-07-29
"P001791","F",1962-05-29
"P001792","M",1949-09-15
"P001793","M",1936-11-04
"P001794","M",1930-01-09
"P001795","M",1971-04-09
"P001796","F",1973-07-04
"P001797","M",1948-06-29
"P001798","M",1944-02-12
"P001799","M",1933-06-09
"P001800","F",1942-06-11
"P001801","M",1936-02-04
"P001802","M",1934-07-01
"P001803","M",1920-11-05
"P001804","F",1946-12-27
"P001805","F",1924-10-21
"P001806","M",1959-04-05
"P001807","F",1951-08-26
"P001808","F",1959-12-03
"P001809","F",1952-06-09
"P001810","M",1973-04-25
"P001811","F",1934-08-02
"P001812","F",1946-11-12
"P001813","M",1920-03-04
"P001814","F",1968-12-29
"P001815","M",1941-02-02
"P001816","F",1951-11-10
"P001817","F",1948-04-08
"P001818","F",1963-06-01
"P001819","M",1964-03-19
"P001820","F",1936-03-15
"P001821","M",1952-05-06
"P001822","M",1944-03-11
"P001823","M",1944-06-04
"P001824","F",1968-12-29
"P001825","M",1960-07-28
"P001826","M",1969-09-08
"P001827","M",1932-04-09
"P001828","F",1927-10-08
"P001829","M",1965-12-27
"P001830","M",1958-09-22
"P001831","F",1928-04-15
"P001832","M",1920-04-01
"P001833","M",1959-07-18
"P001834","F",1933-10-28
"P001835","M",1968-04-24
"P001836","F",1936-08-17
"P001837","M",1942-08-23
"P001838","M",1935-03-12
"P001839","F",1964-06-02
"P001840","F",1968-08-09
"P001841","M",1972-12-24
"P001842","M",1944-07-24
"P001843","F",1947-02-23
"P001844","M",1943-07-17
"P001845","M",1953-07-01
"P001846","M",1971-02-27
"P001847","M",1946-07-21
"P001848","F",1949-06-30
"P001849","F",1956-04-16
"P001850","M",1934-06-17
"P001851","F",1936-11-30
"P001852","F",1945-06-08
"P001853","F",1963-08-24
"P001854","F",1941-12-31
"P001855","M",1936-11-29
"P001856","F",1950-06-15
"P001857","M",1941-11-02
"P001858","M",1973-12-25
"P001859","M",1963-02-24
"P001860","F",1945-05-07
"P001861","M",1974-11-02
"P001862","M",1933-06-01
"P001863","M",1966-05-10
"P001864","F",1939-02-21
"P001865","M",1958-05-26
"P001866","F",1944-12-07
"P001867","F",1964-03-25
"P001868","F",1927-09-04
"P001869","F",1938-04-16
"P001870","F",1971-11-11
"P001871","M",1957-04-03
"P001872","M",1941-05-31
"P001873","M",1943-04-04
"P001874","M",1970-07-13
"P001875","F",1951-11-11
"P001876","M",1928-06-25
"P001877","F",1950-04-06
"P001878","M",1954-11-02
"P001879","M",1935-02-02
"P001880","M",1960-07-04
"P001881","M",1972-09-04
"P001882","M",1931-06-24
"P001883","M",1962-05-20
"P001884","F",1961-07-24
"P001885","M",1946-12-16
"P001886","M",1921-08-23
"P001887","F",1964-11-30
"P001888","M",1968-03-10
"P001889","F",1974-11-13
"P001890","M",1925-11-27
"P001891","F",1973-08-07
"P001892","M",1941-06-05
"P001893","M",1973-06-21
"P001894","M",1967-01-02
"P001895","M",1949-06-19
"P001896","M",1968-01-10
"P001897","M",1936-03-06
"P001898","F",1955-09-10
"P001899","M",1933-06-13
"P001900","F",1958-09-15
"P001901","M",1926-07-29
"P001902","F",1931-05-26
"P001903","F",1970-05-21
"P001904","F",1925-07-19
"P001905","M",1969-01-21
"P001906","F",1931-10-31
"P001907","F",1937-04-01
"P001908","F",1924-10-09
"P001909","F",1965-07-04
"P001910","M",1970-03-23
"P001911","M",1963-12-28
"P001912","F",1950-10-10
"P001913","F",1944-07-20
"P001914","M",1934-02-02
"P001915","M",1974-02-22
"P001916","M",1969-09-25
"P001917","F",1951-10-26
"P001918","M",1958-12-13
"P001919","F",1936-01-16
"P001920","M",1968-08-18
"P001921","F",1927-11-22
"P001922","F",1965-12-13
"P001923","F",1955-05-01
"P001924","F",1949-02-10
"P001925","F",1951-09-07
"P001926","M",1936-05-08
"P001927","F",1929-03-11
"P001928","F",1934-03-03
"P001929","M",1952-02-24
"P001930","F",1946-01-16
"P001931","F",1952-06-10
"P001932","M",1933-05-12
"P001933","M",1944-01-06
"P001934","M",1958-01-13
"P001935","F",1969-01-31
"P001936","F",1939-10-11
"P001937","M",1961-08-29
"P001938","M",1926-12-11
"P001939","M",1925-07-15
"P001940","M",1959-10-10
"P001941","M",1975-01-28
"P001942","F",1952-07-08
"P001943","M",1922-10-16
"P001944","M",1927-06-05
"P001945","F",1939-01-21
"P001946","M",1971-03-21
"P001947","F",1948-09-29
"P001948","F",1932-04-18
"P001949","M",1947-10-17
"P001950","F",1953-05-21
"P001951","M",1972-03-22
"P001952","M",1920-06-11
"P001953","F",1956-03-04
"P001954","M",1930-05-19
"P001955","F",1922-04-03
"P001956","M",1970-06-02
"P001957","F",1950-07-17
"P001958","F",1970-05-05
"P001959","F",1972-08-17
"P001960","F",1970-10-27
"P001961","M",1927-06-29
"P001962","M",1956-06-24
"P001963","F",1943-01-13
"P001964","M",1963-02-12
"P001965","F",1934-06-24
"P001966","F",1964-04-06
"P001967","M",1930-08-01
"P001968","M",1958-02-13
"P001969","F",1938-02-02
"P001970","F",1948-08-13
"P001971","M",1972-12-08
"P001972","M",1963-05-20
"P001973","F",1932-04-19
"P001974","F",1973-06-24
"P001975","F",1930-12-09
"P001976","F",1966-11-11
"P001977","F",1942-11-05
"P001978","F",1948-09-10
"P001979","F",1952-06-21
"P001980","F",1935-04-05
"P001981","M",1959-05-30
"P001982","M",1952-01-31
"P001983","F",1968-11-17
"P001984","M",1957-09-21
"P001985","M",1956-12-29
"P001986","M",1940-02-03
"P001987","M",1959-01-21
"P001988","F",1952-05-01
"P001989","F",1920-11-23
"P001990","M",1962-06-13
"P001991","F",1966-04-19
"P001992","M",1950-08-05
"P001993","M",1937-10-01
"P001994","M",1935-05-22
"P001995","F",1966-05-10
"P001996","F",1960-12-11
"P001997","M",1947-09-09
"P001998","F",1973-10-26
"P001999","F",1928-02-06
"P002000","F",1927-01-02
"P002001","F",1946-01-21
"P002002","F",1957-11-11
"P002003","F",1969-07-26
"P002004","M",1973-11-30
"P002005","F",1922-07-12
"P002006","M",1962-12-25
"P002007","F",1921-11-21
"P002008","F",1957-09-18
"P002009","F",1930-01-16
"P002010","M",1920-12-27
"P002011","F",1950-06-21
"P002012","M",1965-11-04
"P002013","M",1967-01-21
"P002014","M",1968-09-02
"P002015","F",1961-08-04
"P002016","F",1957-08-19
"P002017","M",1967-06-07
"P002018","F",1951-08-10
"P002019","M",1949-08-07
"P002020","F",1960-05-29
"P002021","M",1952-08-23
"P002022","F",1923-09-29
"P002023","M",1940-01-18
"P002024","M",1967-07-15
"P002025","F",1971-04-14
"P002026","M",1929-09-14
"P002027","F",1945-08-27
"P002028","M",1949-03-25
"P002029","F",1971-09-16
"P002030","M",1958-11-29
"P002031","M",1944-06-07
"P002032","M",1972-09-11
"P002033","M",1974-11-16
"P002034","M",1943-12-01
"P002035","M",1944-09-21
"P002036","M",1973-01-25
"P002037","F",1966-04-27
"P002038","M",1926-03-19
"P002039","M",1969-03-14
"P002040","F",1928-05-22
"P002041","F",1970-02-11
"P002042","F",1937-11-03
"P002043","M",1932-02-16
"P002044","M",1940-06-17
"P002045","M",1971-11-07
"P002046","M",1959-11-10
"P002047","F",1926-06-24
"P002048","M",1961-11-13
"P002049","M",1974-08-09
"P002050","M",1923-11-02
"P002051","F",1924-04-19
"P002052","M",1928-07-14
"P002053","F",1962-02-11
"P002054","M",1929-03-12
"P002055","M",1955-09-28
"P002056","F",1951-04-23
"P002057","M",1936-11-10
"P002058","F",1966-07-29
"P002059","M",1929-04-25
"P002060","M",1960-10-17
"P002061","M",1952-04-28
"P002062","F",1954-01-09
"P002063","M",1957-06-07
"P002064","M",1932-08-17
"P002065","M",1960-08-08
"P002066","M",1925-11-22
"P002067","F",1966-05-02
"P002068","M",1971-06-20
"P002069","M",1961-01-08
"P002070","F",1938-07-31
"P002071","M",1932-06-28
"P002072","M",1953-09-06
"P002073","F",1927-11-17
"P002074","F",1953-06-25
"P002075","F",1962-12-06
"P002076","F",1942-02-18
"P002077","M",1956-12-18
"P002078","M",1955-09-05
"P002079","F",1973-05-25
"P002080","M",1968-04-28
"P002081","M",1943-05-25
"P002082","M",1959-11-04
"P002083","M",1948-10-30
"P002084","F",1954-08-22
"P002085","M",1926-10-21
"P002086","M",1933-01-20
"P002087","F",1945-07-31
"P002088","F",1948-02-25
"P002089","F",1947-10-15
"P002090","M",1927-12-20
"P002091","M",1972-08-21
"P002092","M",1975-08-12
"P002093","F",1948-02-15
"P002094","M",1947-08-23
"P002095","M",1967-10-19
"P002096","F",1923-09-22
"P002097","F",1937-11-20
"P002098","F",1944-12-16
"P002099","F",1969-05-15
"P002100","M",1960-04-28
"P002101","M",1923-02-13
"P002102","M",1971-04-29
"P002103","M",1929-06-28
"P002104","M",1943-11-05
"P002105","M",1974-04-09
"P002106","F",1954-12-25
"P002107","M",1947-05-18
"P002108","F",1933-03-18
"P002109","F",1924-09-23
"P002110","M",1960-07-18
"P002111","M",1924-10-02
"P002112","F",1926-05-19
"P002113","M",1924-02-06
"P002114","M",1936-02-23
"P002115","M",1974-05-11
"P002116","M",1971-04-09
"P002117","M",1933-07-01
"P002118","M",1971-02-01
"P002119","M",1963-10-20
"P002120","F",1965-10-05
"P002121","F",1926-04-26
"P002122","F",1964-04-19
"P002123","M",1936-02-14
"P002124","F",1920-06-18
"P002125","M",1974-01-03
"P002126","M",1928-05-10
"P002127","M",1944-02-06
"P002128","F",1965-01-26
"P002129","M",1960-12-17
"P002130","F",1963-07-10
"P002131","F",1963-01-23
"P002132","F",1924-02-04
"P002133","F",1965-04-03
"P002134","F",1921-05-17
"P002135","M",1935-07-29
"P002136","F",1932-12-09
"P002137","F",1937-01-08
"P002138","M",1964-01-18
"P002139","M",1938-11-27
"P002140","M",1972-01-24
"P002141","M",1925-12-23
"P002142","M",1938-07-13
"P002143","M",1944-01-10
"P002144","M",1975-09-01
"P002145","M",1950-04-16
"P002146","M",1970-03-08
"P002147","M",1963-08-29
"P002148","F",1967-06-22
"P002149","M",1955-09-03
"P002150","M",1973-06-10
"P002151","M",1971-01-17
"P002152","F",1926-04-13
"P002153","F",1973-11-20
"P002154","M",1943-11-29
"P002155","M",1944-08-21
"P002156","F",1960-04-20
"P002157","F",1952-10-31
"P002158","M",1966-06-13
"P002159","M",1937-02-22
"P002160","M",1971-06-24
"P002161","M",1959-07-21
"P002162","F",1923-09-14
"P002163","M",1948-10-01
"P002164","M",1931-03-02
"P002165","M",1940-03-26
"P002166","F",1953-05-29
"P002167","M",1964-03-25
"P002168","M",1934-09-21
"P002169","M",1947-11-19
"P002170","M",1965-04-23
"P002171","F",1949-06-27
"P002172","M",1952-01-02
"P002173","M",1942-09-19
"P002174","M",1958-02-14
"P002175","F",1947-06-20
"P002176","F",1968-02-13
"P002177","F",1969-05-03
"P002178","M",1958-07-11
"P002179","M",1922-03-26
"P002180","M",1958-03-26
"P002181","M",1929-01-19
"P002182","F",1940-05-17
"P002183","M",1967-12-08
"P002184","M",1961-03-03
"P002185","M",1949-04-27
"P002186","F",1920-05-10
"P002187","F",1949-09-06
"P002188","M",1952-08-01
"P002189","F",1970-07-12
"P002190","M",1962-07-06
"P002191","F",1938-11-07
"P002192","M",1945-04-13
"P002193","F",1965-04-26
"P002194","F",1954-11-01
"P002195","F",1937-01-06
"P002196","M",1941-09-06
"P002197","F",1959-01-06
"P002198","F",1926-04-02
"P002199","F",1964-09-01
"P002200","F",1931-01-02
"P002201","M",1920-04-30
"P002202","F",1920-10-07
"P002203","F",1967-04-10
"P002204","F",1937-07-20
"P002205","F",1963-05-05
"P002206","M",1961-01-22
"P002207","F",1954-09-01
"P002208","M",1968-01-16
"P002209","M",1961-07-21
"P002210","M",1947-02-15
"P002211","M",1953-12-09
"P002212","M",1953-02-12
"P002213","F",1936-02-07
"P002214","M",1937-03-22
"P002215","F",1958-08-30
"P002216","F",1920-09-06
"P002217","M",1950-07-30
"P002218","F",1942-05-10
"P002219","M",1942-06-08
"P002220","F",1942-02-16
"P002221","F",1921-12-24
"P002222","M",1924-03-27
"P002223","M",1973-06-24
"P002224","M",1953-08-01
"P002225","F",1943-07-24
"P002226","F",1934-07-05
"P002227","F",1932-04-06
"P002228","F",1951-09-26
"P002229","M",1925-03-08
"P002230","M",1931-03-25
"P002231","F",1949-09-10
"P002232","M",1936-07-09
"P002233","M",1951-08-29
"P002234","M",1927-07-21
"P002235","M",1974-03-25
"P002236","F",1920-07-31
"P002237","M",1958-07-14
"P002238","M",1947-11-09
"P002239","M",1969-02-14
"P002240","F",1934-06-19
"P002241","F",1958-12-06
"P002242","F",1967-05-13
"P002243","F",1931-07-28
"P002244","M",1957-09-17
"P002245","F",1971-11-08
"P002246","M",1943-08-02
"P002247","M",1952-05-06
"P002248","M",1968-11-29
"P002249","M",1972-03-21
"P002250","M",1949-05-20
"P002251","F",1952-11-07
"P002252","F",1964-11-26
"P002253","M",1927-04-21
"P002254","M",1921-09-03
"P002255","M",1933-08-11
"P002256","F",1963-07-23
"P002257","M",1929-03-04
"P002258","F",1972-02-01
"P002259","F",1962-01-06
"P002260","F",1941-07-03
"P002261","M",1960-02-12
"P002262","F",1969-09-15
"P002263","F",1931-10-24
"P002264","F",1947-01-20
"P002265","M",1965-12-12
"P002266","F",1970-01-27
"P002267","M",1950-03-17
"P002268","M",1932-09-19
"P002269","F",1929-08-09
"P002270","M",1970-03-14
"P002271","F",1961-10-15
"P002272","M",1953-05-01
"P002273","F",1940-01-02
"P002274","M",1969-08-15
"P002275","M",1970-05-12
"P002276","F",1940-05-15
"P002277","M",1970-07-08
"P002278","F",1924-07-20
"P002279","M",1939-04-06
"P002280","F",1942-12-09
"P002281","M",1964-08-24
"P002282","M",1927-01-24
"P002283","F",1943-11-03
"P002284","M",1954-01-16
"P002285","M",1963-05-26
"P002286","F",1962-11-17
"P002287","F",1925-04-28
"P002288","F",1958-12-09
"P002289","F",1962-02-27
"P002290","F",1943-11-05
"P002291","F",1925-01-24
"P002292","M",1940-09-05
"P002293","M",1955-07-14
"P002294","F",1956-11-24
"P002295","F",1956-07-15
"P002296","F",1935-03-14
"P002297","F",1956-09-24
"P002298","F",1925-05-18
"P002299","F",1920-01-03
"P002300","M",1947-10-13
"P002301","M",1955-12-14
"P002302","M",1934-06-11
"P002303","M",1939-04-27
"P002304","M",1935-07-19
"P002305","F",1943-05-11
"P002306","F",1923-12-10
"P002307","M",1935-09-01
"P002308","F",1924-02-14
"P002309","M",1950-02-19
"P002310","M",1944-09-15
"P002311","M",1925-09-24
"P002312","F",1956-02-19
"P002313","F",1956-03-21
"P002314","F",1933-05-05
"P002315","F",1965-04-16
"P002316","F",1937-02-27
"P002317","F",1941-01-10
"P002318","M",1952-09-29
"P002319","M",1942-06-25
"P002320","F",1935-05-21
"P002321","M",1924-05-05
"P002322","M",1921-05-28
"P002323","M",1969-05-16
"P002324","M",1960-02-19
"P002325","F",1967-08-30
"P002326","F",1969-08-04
"P002327","M",1938-04-17
"P002328","M",1921-01-20
"P002329","F",1945-10-19
"P002330","F",1936-02-20
"P002331","M",1947-09-06
"P002332","M",1966-04-23
"P002333","M",1936-09-15
"P002334","M",1949-06-16
"P002335","F",1975-02-05
"P002336","M",1938-01-04
"P002337","F",1951-05-25
"P002338","F",1967-08-15
"P002339","M",1948-10-29
"P002340","M",1964-07-31
"P002341","F",1959-08-22
"P002342","M",1931-01-18
"P002343","M",1963-12-14
"P002344","F",1964-09-22
"P002345","M",1967-04-13
"P002346","F",1926-06-02
"P002347","M",1942-09-06
"P002348","M",1923-12-14
"P002349","F",1929-09-11
"P002350","M",1924-05-30
"P002351","M",1937-12-21
"P002352","F",1966-02-10
"P002353","M",1920-11-08
"P002354","F",1974-06-06
"P002355","M",1954-03-16
"P002356","M",1946-07-22
"P002357","M",1957-09-20
"P002358","F",1927-01-09
"P002359","F",1922-07-31
"P002360","M",1921-10-25
"P002361","M",1920-04-25
"P002362","F",1964-05-17
"P002363","M",1973-01-12
"P002364","M",1953-06-02
"P002365","F",1927-06-02
"P002366","M",1923-10-21
"P002367","M",1933-04-17
"P002368","M",1923-08-03
"P002369","F",1944-01-02
"P002370","F",1958-11-05
"P002371","M",1929-04-06
"P002372","F",1937-08-25
"P002373","M",1932-05-18
"P002374","F",1937-04-13
"P002375","M",1937-06-18
"P002376","F",1957-05-11
"P002377","M",1950-05-23
"P002378","F",1931-08-17
"P002379","M",1935-12-01
"P002380","F",1943-07-06
"P002381","F",1923-02-03
"P002382","F",1949-07-18
"P002383","M",1942-06-30
"P002384","F",1959-10-05
"P002385","M",1950-10-09
"P002386","M",1963-07-12
"P002387","M",1968-09-05
"P002388","M",1948-07-04
"P002389","M",1950-01-28
"P002390","F",1953-02-17
"P002391","M",1968-07-14
"P002392","F",1938-03-12
"P002393","M",1974-07-16
"P002394","M",1973-01-31
"P002395","M",1975-09-17
"P002396","M",1937-01-07
"P002397","M",1957-04-07
"P002398","M",1953-10-01
"P002399","F",1941-05-14
"P002400","M",1929-02-05
"P002401","M",1935-03-29
"P002402","M",1937-03-08
"P002403","M",1947-11-10
"P002404","F",1936-10-23
"P002405","F",1954-08-26
"P002406","M",1973-04-27
"P002407","F",1961-04-28
"P002408","M",1934-09-13
"P002409","M",1929-05-09
"P002410","M",1933-01-29
"P002411","F",1925-09-28
"P002412","M",1956-07-27
"P002413","M",1975-03-13
"P002414","M",1957-09-09
"P002415","F",1929-06-01
"P002416","M",1957-09-02
"P002417","F",1929-02-13
"P002418","F",1974-05-30
"P002419","M",1921-04-30
"P002420","M",1964-09-13
"P002421","M",1924-01-01
"P002422","M",1954-07-25
"P002423","F",1926-10-19
"P002424","F",1941-05-28
"P002425","M",1932-06-08
"P002426","M",1945-01-02
"P002427","M",1966-09-12
"P002428","M",1949-04-02
"P002429","F",1963-01-17
"P002430","F",1970-11-04
"P002431","M",1974-11-16
"P002432","F",1923-02-15
"P002433","M",1949-12-13
"P002434","F",1928-07-25
"P002435","F",1930-04-18
"P002436","F",1968-02-22
"P002437","M",1943-08-28
"P002438","F",1960-09-10
"P002439","F",1960-12-29
"P002440","F",1940-11-30
"P002441","F",1967-05-11
"P002442","F",1958-04-05
"P002443","F",1928-12-03
"P002444","M",1972-12-27
"P002445","F",1959-01-22
"P002446","F",1969-01-25
"P002447","F",1970-12-16
"P002448","F",1967-04-02
"P002449","M",1947-09-14
"P002450","F",1945-06-03
"P002451","F",1965-10-17
"P002452","F",1927-06-06
"P002453","M",1956-03-13
"P002454","F",1939-11-05
"P002455","M",1967-12-26
"P002456","M",1957-06-13
"P002457","F",1962-03-07
"P002458","M",1928-05-13
"P002459","M",1922-10-23
"P002460","F",1923-12-20
"P002461","M",1970-07-11
"P002462","F",1925-08-24
"P002463","F",1938-01-02
"P002464","M",1931-03-03
"P002465","M",1968-12-18
"P002466","M",1930-01-14
"P002467","F",1924-06-29
"P002468","M",1922-10-23
"P002469","M",1937-12-22
"P002470","F",1939-06-23
"P002471","M",1968-09-30
"P002472","M",1947-12-30
"P002473","M",1930-09-12
"P002474","M",1944-11-06
"P002475","F",1967-11-14
"P002476","F",1925-07-04
"P002477","M",1936-01-16
"P002478","M",1963-12-27
"P002479","M",1931-01-30
"P002480","F",1968-06-06
"P002481","M",1940-10-29
"P002482","M",1949-12-28
"P002483","M",1972-05-08
"P002484","F",1960-03-14
"P002485","M",1952-10-02
"P002486","M",1920-03-05
"P002487","M",1946-08-19
"P002488","F",1968-08-04
"P002489","M",1975-10-21
"P002490","F",1955-05-09
"P002491","F",1962-06-27
"P002492","F",1965-08-01
"P002493","F",1944-01-20
"P002494","M",1922-03-24
"P002495","M",1948-12-11
"P002496","M",1942-09-25
"P002497","F",1935-09-01
"P002498","M",1956-01-07
"P002499","F",1924-01-04
"P002500","F",1965-06-13
"P002501","M",1966-01-07
"P002502","F",1967-04-21
"P002503","F",1974-11-09
"P002504","M",1943-04-30
"P002505","F",1932-04-29
"P002506","M",1924-04-15
"P002507","M",1952-01-29
"P002508","F",1944-04-02
"P002509","M",1931-06-10
"P002510","M",1940-02-01
"P002511","F",1948-04-02
"P002512","F",1949-02-28
"P002513","F",1951-10-11
"P002514","F",1959-12-03
"P002515","F",1960-06-19
"P002516","M",1967-07-08
"P002517","M",1975-02-25
"P002518","M",1974-06-19
"P002519","F",1943-12-01
"P002520","F",1964-03-22
"P002521","M",1962-10-14
"P002522","M",1975-09-08
"P002523","F",1931-12-13
"P002524","F",1955-05-09
"P002525","F",1946-03-25
"P002526","F",1967-08-30
"P002527","F",1941-11-30
"P002528","F",1931-10-03
"P002529","F",1965-05-06
"P002530","F",1963-05-18
"P002531","F",1933-11-12
"P002532","M",1966-10-18
"P002533","F",1923-02-01
"P002534","M",1964-07-16
"P002535","M",1931-03-17
"P002536","F",1925-07-25
"P002537","F",1936-05-15
"P002538","F",1973-02-12
"P002539","F",1974-11-19
"P002540","M",1955-01-03
"P002541","F",1958-03-26
"P002542","F",1955-12-12
"P002543","M",1933-06-27
"P002544","F",1924-08-24
"P002545","F",1954-10-07
"P002546","F",1953-08-03
"P002547","M",1974-08-13
"P002548","M",1965-10-20
"P002549","F",1968-11-10
"P002550","M",1952-09-29
"P002551","F",1965-03-13
"P002552","F",1932-08-10
"P002553","F",1922-07-14
"P002554","F",1953-01-15
"P002555","M",1960-10-31
"P002556","F",1975-06-15
"P002557","M",1963-04-22
"P002558","F",1956-05-06
"P002559","F",1958-04-13
"P002560","F",1940-05-25
"P002561","M",1951-12-05
"P002562","M",1967-04-08
"P002563","M",1937-08-06
"P002564","M",1937-06-07
"P002565","M",1935-08-02
"P002566","M",1924-02-29
"P002567","F",1931-07-01
"P002568","M",1928-08-15
"P002569","F",1957-02-20
"P002570","F",1956-08-26
"P002571","F",1963-11-08
"P002572","M",1939-06-03
"P002573","M",1965-11-02
"P002574","M",1972-12-01
"P002575","M",1950-08-05
"P002576","M",1926-06-16
"P002577","M",1929-12-17
"P002578","F",1969-01-11
"P002579","M",1963-01-14
"P002580","M",1941-06-01
"P002581","M",1934-12-01
"P002582","F",1948-01-29
"P002583","M",1953-12-23
"P002584","M",1965-01-08
"P002585","M",1967-12-07
"P002586","F",1923-06-12
"P002587","F",1963-10-12
"P002588","M",1966-12-23
"P002589","F",1951-06-20
"P002590","F",1946-07-21
"P002591","F",1975-03-27
"P002592","M",1925-08-25
"P002593","M",1920-07-05
"P002594","M",1949-09-27
"P002595","M",1945-06-18
"P002596","F",1966-08-06
"P002597","F",1971-04-15
"P002598","M",1963-11-03
"P002599","F",1942-03-08
"P002600","F",1947-12-18
"P002601","M",1928-03-29
"P002602","F",1937-07-17
"P002603","M",1966-09-02
"P002604","M",1968-07-10
"P002605","M",1972-05-29
"P002606","F",1933-06-18
"P002607","M",1933-02-17
"P002608","F",1920-08-05
"P002609","F",1968-06-04
"P002610","F",1958-10-06
"P002611","M",1938-07-27
"P002612","F",1923-12-25
"P002613","F",1964-10-19
"P002614","M",1950-10-24
"P002615","M",1921-06-17
"P002616","F",1925-06-17
"P002617","M",1930-10-24
"P002618","M",1974-11-06
"P002619","F",1941-08-15
"P002620","M",1925-06-11
"P002621","M",1953-10-10
"P002622","F",1921-10-10
"P002623","M",1926-01-04
"P002624","F",1941-03-08
"P002625","F",1923-02-02
"P002626","M",1954-06-26
"P002627","F",1955-02-13
"P002628","M",1947-11-21
"P002629","F",1935-01-23
"P002630","M",1950-06-22
"P002631","M",1923-12-17
"P002632","M",1974-05-19
"P002633","M",1960-08-27
"P002634","F",1920-06-14
"P002635","M",1927-06-09
"P002636","M",1930-05-15
"P002637","F",1950-07-09
"P002638","F",1949-09-10
"P002639","F",1931-03-08
"P002640","F",1948-06-09
"P002641","M",1945-10-28
"P002642","M",1924-04-18
"P002643","F",1951-12-23
"P002644","F",1920-08-15
"P002645","M",1931-05-12
"P002646","F",1936-01-07
"P002647","M",1929-07-04
"P002648","F",1944-01-06
"P002649","M",1929-07-22
"P002650","F",1973-07-22
"P002651","F",1935-12-27
"P002652","M",1923-03-01
"P002653","M",1957-07-16
"P002654","F",1929-10-06
"P002655","M",1921-05-13
"P002656","M",1941-06-09
"P002657","F",1970-04-24
"P002658","M",1963-06-21
"P002659","F",1924-03-20
"P002660","F",1939-04-01
"P002661","M",1927-11-15
"P002662","F",1921-09-03
"P002663","F",1936-12-22
"P002664","M",1975-09-28
"P002665","M",1972-12-13
"P002666","F",1949-03-23
"P002667","F",1935-11-08
"P002668","F",1920-07-08
"P002669","M",1920-12-31
"P002670","M",1929-09-30
"P002671","M",1941-11-25
"P002672","M",1950-08-07
"P002673","M",1945-09-22
"P002674","F",1933-04-20
"P002675","F",1941-02-19
"P002676","M",1928-05-17
"P002677","M",1967-03-22
"P002678","F",1936-08-22
"P002679","F",1927-09-12
"P002680","M",1969-02-08
"P002681","M",1961-02-26
"P002682","M",1920-02-01
"P002683","M",1963-09-27
"P002684","F",1922-02-04
"P002685","M",1925-03-10
"P002686","F",1951-02-09
"P002687","M",1961-04-03
"P002688","M",1972-04-07
"P002689","F",1953-04-18
"P002690","F",1938-03-12
"P002691","F",1974-11-03
"P002692","M",1971-07-03
"P002693","M",1923-12-30
"P002694","F",1972-07-28
"P002695","M",1942-07-06
"P002696","F",1964-11-13
"P002697","M",1949-10-26
"P002698","F",1972-06-12
"P002699","M",1920-01-03
"P002700","M",1956-10-06
"P002701","M",1937-05-04
"P002702","F",1960-11-14
"P002703","F",1935-10-14
"P002704","M",1931-08-11
"P002705","M",1929-03-04
"P002706","M",1943-10-01
"P002707","M",1933-08-01
"P002708","M",1944-03-20
"P002709","F",1934-11-02
"P002710","F",1955-11-28
"P002711","F",1952-03-09
"P002712","F",1927-09-29
"P002713","M",1936-01-08
"P002714","F",1970-02-05
"P002715","F",1961-02-25
"P002716","M",1923-11-02
"P002717","M",1926-05-01
"P002718","F",1947-12-24
"P002719","M",1951-03-04
"P002720","F",1961-02-13
"P002721","F",1968-03-27
"P002722","F",1940-04-19
"P002723","F",1941-09-03
"P002724","F",1947-05-10
"P002725","F",1971-01-11
"P002726","F",1964-08-09
"P002727","F",1951-02-17
"P002728","M",1936-04-15
"P002729","M",1961-06-23
"P002730","F",1963-08-05
"P002731","M",1945-11-23
"P002732","M",1967-11-18
"P002733","F",1964-03-05
"P002734","F",1953-09-08
"P002735","M",1959-01-04
"P002736","F",1949-02-26
"P002737","F",1938-08-08
"P002738","M",1955-07-03
"P002739","F",1962-10-17
"P002740","M",1939-02-07
"P002741","M",1937-03-20
"P002742","F",1920-07-17
"P002743","F",1931-03-09
"P002744","M",1923-06-08
"P002745","M",1921-06-25
"P002746","M",1957-11-10
"P002747","M",1973-11-21
"P002748","F",1952-04-05
"P002749","F",1944-12-26
"P002750","F",1956-10-14
"P002751","F",1930-03-07
"P002752","M",1967-09-01
"P002753","F",1942-02-22
"P002754","F",1943-10-19
"P002755","F",1925-12-16
"P002756","F",1950-11-18
"P002757","F",1920-01-19
"P002758","M",1967-03-28
"P002759","F",1957-08-04
"P002760","M",1955-08-29
"P002761","M",1961-03-01
"P002762","F",1926-03-20
"P002763","M",1938-01-23
"P002764","M",1958-11-14
"P002765","F",1952-10-16
"P002766","F",1921-10-31
"P002767","F",1939-04-08
"P002768","M",1943-03-11
"P002769","F",1924-04-08
"P002770","M",1958-08-18
"P002771","M",1935-04-23
"P002772","M",1968-08-31
"P002773","F",1943-01-26
"P002774","F",1953-10-01
"P002775","M",1944-01-15
"P002776","F",1948-11-12
"P002777","F",1971-06-06
"P002778","F",1965-01-09
"P002779","F",1935-11-13
"P002780","M",1931-12-31
"P002781","M",1927-05-04
"P002782","M",1926-10-10
"P002783","F",1963-07-28
"P002784","F",1939-09-19
"P002785","F",1924-05-08
"P002786","M",1955-11-06
"P002787","M",1960-11-20
"P002788","F",1968-03-04
"P002789","F",1951-09-09
"P002790","F",1966-04-17
"P002791","F",1956-10-10
"P002792","M",1973-07-08
"P002793","F",1931-06-26
"P002794","M",1926-07-15
"P002795","M",1972-11-04
"P002796","M",1973-10-26
"P002797","M",1974-07-31
"P002798","M",1949-11-24
"P002799","F",1954-07-04
"P002800","M",1944-05-19
"P002801","M",1937-05-29
"P002802","M",1958-06-29
"P002803","F",1925-12-06
"P002804","M",1946-06-29
"P002805","M",1923-07-04
"P002806","M",1938-07-02
"P002807","F",1975-09-29
"P002808","M",1955-05-23
"P002809","M",1939-11-09
"P002810","M",1920-04-08
"P002811","F",1927-11-28
"P002812","M",1945-11-29
"P002813","M",1939-12-08
"P002814","M",1941-09-17
"P002815","M",1935-08-22
"P002816","M",1926-08-14
"P002817","F",1922-12-04
"P002818","F",1964-04-23
"P002819","M",1963-10-25
"P002820","M",1921-05-09
"P002821","F",1939-03-25
"P002822","F",1939-06-10
"P002823","M",1963-06-12
"P002824","M",1956-02-02
"P002825","F",1958-04-06
"P002826","M",1946-12-14
"P002827","F",1963-09-16
"P002828","M",1924-04-21
"P002829","M",1920-03-22
"P002830","F",1950-11-24
"P002831","F",1959-01-08
"P002832","M",1950-08-19
"P002833","F",1968-02-11
"P002834","F",1955-07-06
"P002835","M",1937-10-17
"P002836","F",1948-05-04
"P002837","M",1948-11-18
"P002838","M",1939-12-22
"P002839","M",1964-06-18
"P002840","M",1959-10-22
"P002841","M",1970-09-24
"P002842","M",1930-01-05
"P002843","F",1928-06-22
"P002844","F",1957-12-17
"P002845","M",1935-02-13
"P002846","F",1931-03-22
"P002847","M",1938-06-07
"P002848","F",1935-03-08
"P002849","F",1958-02-05
"P002850","F",1972-07-02
"P002851","M",1955-05-25
"P002852","M",1944-09-20
"P002853","F",1962-10-27
"P002854","F",1955-01-16
"P002855","M",1971-10-23
"P002856","M",1951-09-05
"P002857","M",1970-06-15
"P002858","F",1957-12-05
"P002859","F",1974-09-08
"P002860","M",1970-04-17
"P002861","M",1957-02-06
"P002862","M",1946-12-31
"P002863","F",1951-09-05
"P002864","F",1920-06-28
"P002865","F",1927-09-03
"P002866","M",1949-11-06
"P002867","M",1974-08-03
"P002868","F",1960-09-19
"P002869","M",1930-09-13
"P002870","M",1964-12-18
"P002871","F",1939-01-07
"P002872","M",1966-07-16
"P002873","F",1966-01-03
"P002874","M",1929-09-27
"P002875","M",1952-09-20
"P002876","M",1951-11-27
"P002877","M",1923-11-22
"P002878","M",1960-03-10
"P002879","F",1941-05-04
"P002880","F",1947-05-22
"P002881","F",1935-06-30
"P002882","F",1967-05-31
"P002883","M",1926-02-11
"P002884","F",1920-06-15
"P002885","M",1967-12-25
"P002886","M",1947-08-03
"P002887","F",1943-07-28
"P002888","M",1938-11-12
"P002889","M",1963-08-02
"P002890","M",1960-02-23
"P002891","F",1939-12-27
"P002892","M",1973-06-23
"P002893","M",1940-04-26
"P002894","M",1974-05-06
"P002895","M",1961-10-19
"P002896","F",1964-01-04
"P002897","M",1943-06-13
"P002898","F",1941-03-24
"P002899","M",1969-04-27
"P002900","F",1972-06-22
"P002901","F",1930-05-21
"P002902","F",1960-08-14
"P002903","F",1921-11-12
"P002904","M",1952-10-07
"P002905","M",1961-03-21
"P002906","M",1937-07-28
"P002907","F",1946-10-31
"P002908","F",1931-12-06
"P002909","F",1946-06-13
"P002910","M",1934-09-23
"P002911","M",1967-01-26
"P002912","F",1952-04-22
"P002913","M",1970-09-06
"P002914","M",1949-07-02
"P002915","M",1933-10-16
"P002916","M",1929-05-02
"P002917","F",1969-11-13
"P002918","M",1970-08-01
"P002919","M",1954-06-08
"P002920","F",1935-11-06
"P002921","F",1957-09-12
"P002922","M",1927-10-16
"P002923","M",1937-10-19
"P002924","M",1970-05-03
"P002925","M",1937-08-18
"P002926","F",1956-09-07
"P002927","M",1959-09-03
"P002928","M",1941-09-18
"P002929","M",1946-06-15
"P002930","M",1973-07-05
"P002931","M",1939-04-01
"P002932","F",1968-05-09
"P002933","F",1935-10-30
"P002934","F",1938-07-14
"P002935","F",1920-02-15
"P002936","M",1967-06-19
"P002937","M",1954-03-04
"P002938","F",1966-10-25
"P002939","F",1924-05-21
"P002940","M",1934-11-10
"P002941","F",1944-09-14
"P002942","F",1947-03-09
"P002943","M",1941-08-04
"P002944","M",1974-05-14
"P002945","M",1937-07-05
"P002946","M",1935-03-09
"P002947","F",1924-08-18
"P002948","F",1939-12-09
"P002949","F",1944-01-12
"P002950","F",1968-03-19
"P002951","M",1923-05-05
"P002952","F",1940-04-19
"P002953","M",1928-02-17
"P002954","M",1968-05-10
"P002955","F",1954-01-07
"P002956","F",1952-09-16
"P002957","F",1957-09-19
"P002958","M",1975-01-12
"P002959","F",1941-07-21
"P002960","M",1964-12-29
"P002961","M",1933-10-27
"P002962","F",1946-05-24
"P002963","M",1931-12-08
"P002964","M",1973-04-13
"P002965","M",1942-03-24
"P002966","F",1965-07-31
"P002967","F",1966-03-07
"P002968","F",1922-12-04
"P002969","M",1938-01-18
"P002970","M",1961-12-02
"P002971","F",1952-05-02
"P002972","F",1957-05-14
"P002973","M",1921-01-19
"P002974","M",1920-05-26
"P002975","M",1952-10-05
"P002976","M",1921-12-19
"P002977","M",1921-04-05
"P002978","F",1974-03-14
"P002979","F",1963-11-18
"P002980","F",1936-04-03
"P002981","M",1936-10-23
"P002982","M",1955-03-20
"P002983","M",1952-01-24
"P002984","M",1963-02-10
"P002985","F",1921-10-26
"P002986","M",1969-05-19
"P002987","F",1951-02-02
"P002988","F",1924-11-09
"P002989","M",1969-09-08
"P002990","F",1947-09-23
"P002991","F",1957-09-18
"P002992","M",1940-11-21
"P002993","F",1975-12-29
"P002994","F",1959-03-22
"P002995","M",1960-04-15
"P002996","M",1952-06-16
"P002997","M",1931-06-13
"P002998","M",1959-04-07
"P002999","F",1926-09-13
"P003000","M",1964-01-25
"P003001","M",1930-04-25
"P003002","F",1928-01-31
"P003003","M",1945-07-08
"P003004","F",1968-08-06
"P003005","F",1954-08-04
"P003006","M",1950-04-14
"P003007","F",1934-12-28
"P003008","M",1950-04-16
"P003009","F",1938-08-25
"P003010","M",1967-10-11
"P003011","M",1943-03-01
"P003012","M",1923-12-31
"P003013","F",1934-03-18
"P003014","M",1928-12-06
"P003015","M",1960-09-28
"P003016","M",1968-01-10
"P003017","M",1945-06-19
"P003018","M",1943-03-24
"P003019","M",1966-09-08
"P003020","F",1945-05-26
"P003021","M",1966-11-10
"P003022","F",1957-07-25
"P003023","F",1942-11-08
"P003024","F",1962-06-25
"P003025","M",1953-05-18
"P003026","F",1947-12-31
"P003027","M",1936-09-05
"P003028","F",1935-10-03
"P003029","M",1938-10-16
"P003030","F",1961-01-02
"P003031","M",1921-10-09
"P003032","F",1932-01-26
"P003033","F",1963-12-01
"P003034","F",1933-04-24
"P003035","F",1974-11-22
"P003036","F",1929-05-11
"P003037","M",1966-09-02
"P003038","M",1961-03-28
"P003039","M",1969-01-20
"P003040","M",1955-06-12
"P003041","M",1975-04-02
"P003042","M",1943-03-08
"P003043","F",1943-04-25
"P003044","F",1968-12-08
"P003045","F",1963-08-01
"P003046","F",1962-07-02
"P003047","F",1926-08-10
"P003048","F",1935-08-28
"P003049","M",1945-10-20
"P003050","F",1929-10-30
"P003051","F",1971-10-02
"P003052","M",1943-06-25
"P003053","F",1942-10-28
"P003054","F",1923-08-06
"P003055","M",1927-03-25
"P003056","M",1934-03-03
"P003057","F",1923-04-02
"P003058","M",1920-06-02
"P003059","F",1929-06-19
"P003060","F",1955-01-10
"P003061","F",1948-04-21
"P003062","M",1968-09-17
"P003063","M",1928-02-19
"P003064","F",1938-10-27
"P003065","M",1957-01-11
"P003066","F",1961-12-01
"P003067","M",1945-05-30
"P003068","F",1943-07-12
"P003069","M",1960-07-03
"P003070","F",1940-08-22
"P003071","M",1953-06-11
"P003072","F",1955-09-22
"P003073","M",1941-01-11
"P003074","M",1959-06-02
"P003075","M",1948-10-10
"P003076","F",1965-07-29
"P003077","F",1927-08-24
"P003078","M",1925-03-30
"P003079","M",1950-03-18
"P003080","M",1966-09-22
"P003081","F",1932-02-28
"P003082","M",1975-11-23
"P003083","M",1964-08-13
"P003084","F",1942-01-19
"P003085","F",1935-08-10
"P003086","F",1966-02-24
"P003087","M",1933-01-23
"P003088","F",1963-08-03
"P003089","M",1927-05-23
"P003090","M",1966-02-23
"P003091","M",1942-04-16
"P003092","M",1937-09-05
"P003093","M",1968-02-12
"P003094","M",1975-03-09
"P003095","F",1926-12-27
"P003096","F",1975-03-26
"P003097","F",1928-10-23
"P003098","M",1970-07-16
"P003099","F",1956-08-28
"P003100","F",1935-08-09
"P003101","M",1969-05-28
"P003102","M",1956-03-24
"P003103","F",1936-02-23
"P003104","M",1951-01-24
"P003105","M",1951-01-04
"P003106","F",1968-01-11
"P003107","M",1957-04-24
"P003108","F",1970-12-16
"P003109","F",1937-11-30
"P003110","M",1931-10-17
"P003111","M",1939-12-04
"P003112","F",1934-07-10
"P003113","F",1956-07-08
"P003114","M",1932-12-20
"P003115","F",1951-11-03
"P003116","M",1928-03-09
"P003117","F",1974-02-08
"P003118","M",1934-04-18
"P003119","M",1942-11-11
"P003120","M",1957-09-18
"P003121","M",1935-11-08
"P003122","F",1944-06-19
"P003123","F",1957-07-25
"P003124","M",1970-03-14
"P003125","F",1947-04-26
"P003126","M",1955-07-11
"P003127","M",1949-08-30
"P003128","M",1926-07-04
"P003129","M",1970-12-12
"P003130","F",1931-11-18
"P003131","F",1974-02-23
"P003132","M",1931-02-24
"P003133","F",1971-04-22
"P003134","M",1930-11-17
"P003135","F",1970-01-29
"P003136","M",1927-03-02
"P003137","F",1970-03-31
"P003138","M",1926-08-31
"P003139","F",1941-01-08
"P003140","F",1924-02-18
"P003141","F",1959-05-11
"P003142","M",1945-03-03
"P003143","F",1944-01-14
"P003144","M",1933-03-11
"P003145","F",1942-10-12
"P003146","F",1952-01-05
"P003147","F",1937-03-30
"P003148","F",1957-09-19
"P003149","F",1973-06-09
"P003150","M",1927-06-23
"P003151","M",1947-02-01
"P003152","M",1930-07-30
"P003153","M",1954-04-11
"P003154","M",1923-02-14
"P003155","M",1929-09-12
"P003156","M",1952-09-28
"P003157","M",1948-02-22
"P003158","F",1970-08-09
"P003159","F",1975-03-10
"P003160","F",1957-05-26
"P003161","M",1935-11-19
"P003162","F",1967-03-15
"P003163","F",1942-11-04
"P003164","F",1948-04-17
"P003165","M",1971-12-02
"P003166","F",1973-07-09
"P003167","M",1942-02-07
"P003168","M",1961-11-06
"P003169","M",1938-08-04
"P003170","F",1924-11-29
"P003171","M",1933-06-22
"P003172","F",1932-10-28
"P003173","M",1974-10-20
"P003174","F",1935-03-07
"P003175","F",1924-10-17
"P003176","M",1925-08-10
"P003177","M",1934-05-05
"P003178","M",1967-01-06
"P003179","F",1973-06-03
"P003180","F",1972-02-29
"P003181","F",1940-09-10
"P003182","F",1973-09-20
"P003183","F",1942-06-25
"P003184","M",1951-08-16
"P003185","M",1970-02-15
"P003186","M",1935-12-09
"P003187","M",1973-07-23
"P003188","F",1953-09-27
"P003189","M",1944-04-16
"P003190","F",1929-10-07
"P003191","F",1932-09-10
"P003192","M",1928-10-14
"P003193","M",1973-05-03
"P003194","M",1930-02-11
"P003195","F",1943-11-08
"P003196","M",1961-09-10
"P003197","M",1961-11-12
"P003198","M",1926-07-07
"P003199","M",1967-04-29
"P003200","F",1970-04-10
"P003201","M",1973-08-28
"P003202","M",1970-09-10
"P003203","M",1927-04-15
"P003204","M",1959-04-27
"P003205","M",1934-10-20
"P003206","M",1948-03-02
"P003207","M",1931-12-05
"P003208","M",1944-12-09
"P003209","M",1932-10-23
"P003210","M",1923-07-13
"P003211","F",1964-08-05
"P003212","M",1973-10-19
"P003213","F",1956-07-27
"P003214","M",1940-05-06
"P003215","F",1923-09-16
"P003216","F",1924-01-20
"P003217","F",1971-12-08
"P003218","F",1973-07-04
"P003219","F",1937-06-18
"P003220","M",1960-03-08
"P003221","F",1961-10-07
"P003222","F",1941-07-29
"P003223","F",1947-04-20
"P003224","M",1921-04-08
"P003225","M",1959-08-13
"P003226","M",1951-03-06
"P003227","M",1935-07-21
"P003228","F",1927-08-15
"P003229","F",1942-04-07
"P003230","M",1934-05-19
"P003231","F",1951-11-05
"P003232","F",1972-02-21
"P003233","M",1952-01-16
"P003234","M",1961-12-03
"P003235","F",1936-11-26
"P003236","F",1950-09-14
"P003237","F",1929-02-22
"P003238","M",1965-11-05
"P003239","M",1953-11-18
"P003240","M",1925-01-10
"P003241","M",1935-04-02
"P003242","M",1968-12-27
"P003243","M",1948-05-03
"P003244","M",1962-11-06
"P003245","M",1925-07-11
"P003246","F",1937-12-26
"P003247","M",1924-01-08
"P003248","F",1953-03-11
"P003249","M",1966-06-01
"P003250","M",1936-11-06
"P003251","F",1970-09-08
"P003252","M",1933-05-16
"P003253","F",1958-07-01
"P003254","M",1946-06-10
"P003255","M",1971-09-27
"P003256","M",1966-10-28
"P003257","M",1974-07-18
"P003258","M",1951-10-19
"P003259","M",1947-05-13
"P003260","M",1944-03-09
"P003261","F",1960-08-04
"P003262","M",1938-07-28
"P003263","M",1944-01-14
"P003264","F",1932-09-19
"P003265","F",1932-01-16
"P003266","F",1951-04-21
"P003267","M",1935-07-23
"P003268","M",1952-05-18
"P003269","M",1931-05-29
"P003270","F",1951-04-24
"P003271","F",1975-03-19
"P003272","F",1935-06-02
"P003273","F",1974-08-14
"P003274","M",1935-03-18
"P003275","M",1922-06-13
"P003276","F",1932-09-28
"P003277","M",1934-10-22
"P003278","M",1933-11-17
"P003279","F",1950-02-05
"P003280","F",1933-11-11
"P003281","F",1974-07-18
"P003282","F",1959-10-19
"P003283","M",1930-11-13
"P003284","F",1968-09-11
"P003285","M",1948-11-30
"P003286","F",1959-06-09
"P003287","F",1967-05-03
"P003288","M",1968-06-26
"P003289","F",1942-10-14
"P003290","M",1975-04-15
"P003291","M",1934-10-04
"P003292","M",1972-02-19
"P003293","M",1925-03-30
"P003294","F",1925-05-04
"P003295","F",1944-06-28
"P003296","M",1972-09-11
"P003297","M",1945-09-29
"P003298","F",1951-06-05
"P003299","F",1975-06-16
"P003300","M",1970-08-26
"P003301","F",1969-03-17
"P003302","F",1949-02-11
"P003303","M",1924-10-06
"P003304","M",1949-03-06
"P003305","F",1921-10-10
"P003306","F",1974-07-26
"P003307","M",1952-11-10
"P003308","F",1937-09-07
"P003309","F",1939-05-15
"P003310","F",1921-11-12
"P003311","F",1946-04-11
"P003312","M",1934-08-05
"P003313","F",1974-10-11
"P003314","F",1959-12-18
"P003315","M",1925-03-22
"P003316","M",1926-07-13
"P003317","M",1959-05-03
"P003318","M",1946-05-02
"P003319","M",1940-01-11
"P003320","F",1964-07-23
"P003321","M",1972-03-05
"P003322","M",1960-09-27
"P003323","F",1959-12-16
"P003324","M",1957-10-07
"P003325","F",1975-08-21
"P003326","F",1920-03-01
"P003327","F",1965-05-10
"P003328","M",1929-03-04
"P003329","F",1948-10-14
"P003330","F",1935-10-02
"P003331","M",1958-02-27
"P003332","M",1950-12-12
"P003333","M",1932-09-29
"P003334","F",1930-12-22
"P003335","F",1972-04-29
"P003336","F",1922-02-15
"P003337","F",1956-07-10
"P003338","M",1951-10-02
"P003339","F",1962-05-02
"P003340","M",1932-02-28
"P003341","M",1942-07-23
"P003342","M",1968-12-26
"P003343","M",1965-11-29
"P003344","F",1937-11-13
"P003345","F",1974-04-21
"P003346","M",1921-10-11
"P003347","M",1939-07-12
"P003348","M",1923-01-11
"P003349","M",1939-08-15
"P003350","M",1931-10-05
"P003351","M",1975-04-08
"P003352","F",1967-10-18
"P003353","M",1965-06-23
"P003354","M",1933-08-05
"P003355","M",1938-07-30
"P003356","F",1947-07-12
"P003357","M",1928-04-12
"P003358","M",1930-06-19
"P003359","F",1964-12-23
"P003360","M",1975-11-25
"P003361","F",1932-03-01
"P003362","F",1973-06-14
"P003363","M",1951-11-12
"P003364","F",1952-10-26
"P003365","F",1952-10-15
"P003366","F",1969-07-11
"P003367","M",1959-12-26
"P003368","M",1952-11-13
"P003369","M",1929-01-01
"P003370","M",1942-09-15
"P003371","M",1973-03-27
"P003372","M",1921-04-15
"P003373","M",1928-02-22
"P003374","F",1970-04-05
"P003375","M",1963-04-13
"P003376","M",1932-08-21
"P003377","M",1925-12-14
"P003378","M",1921-06-20
"P003379","M",1932-10-13
"P003380","F",1975-03-28
"P003381","M",1946-06-02
"P003382","M",1921-03-06
"P003383","M",1948-04-16
"P003384","F",1950-11-26
"P003385","F",1945-10-16
"P003386","M",1942-05-12
"P003387","M",1959-10-09
"P003388","F",1941-03-27
"P003389","M",1947-11-07
"P003390","M",1932-12-16
"P003391","M",1975-04-13
"P003392","F",1968-10-23
"P003393","M",1940-11-28
"P003394","F",1922-11-19
"P003395","F",1947-06-10
"P003396","M",1928-05-25
"P003397","M",1959-04-08
"P003398","F",1935-10-30
"P003399","F",1935-06-16
"P003400","M",1939-06-30
"P003401","M",1956-07-23
"P003402","M",1932-02-13
"P003403","M",1942-08-02
"P003404","M",1952-09-02
"P003405","F",1933-03-16
"P003406","F",1958-06-18
"P003407","M",1972-01-05
"P003408","M",1920-03-21
"P003409","M",1949-04-16
"P003410","F",1951-12-04
"P003411","M",1957-07-25
"P003412","M",1974-06-19
"P003413","F",1957-10-25
"P003414","F",1923-12-01
"P003415","M",1933-06-11
"P003416","M",1934-11-01
"P003417","F",1957-09-23
"P003418","M",1940-07-12
"P003419","F",1961-03-07
"P003420","F",1969-10-24
"P003421","M",1963-12-11
"P003422","F",1963-03-13
"P003423","F",1963-09-16
"P003424","F",1926-01-08
"P003425","M",1929-03-09
"P003426","M",1924-10-11
"P003427","F",1926-06-09
"P003428","F",1928-10-03
"P003429","F",1938-03-28
"P003430","M",1957-07-19
"P003431","M",1932-08-09
"P003432","M",1953-02-04
"P003433","F",1945-05-11
"P003434","M",1961-02-03
"P003435","M",1965-02-22
"P003436","F",1943-12-12
"P003437","M",1957-07-07
"P003438","F",1959-06-03
"P003439","F",1963-01-23
"P003440","F",1956-10-11
"P003441","M",1959-10-16
"P003442","M",1927-02-13
"P003443","M",1948-07-12
"P003444","F",1970-10-20
"P003445","M",1927-06-07
"P003446","F",1923-07-07
"P003447","F",1928-04-10
"P003448","M",1931-09-25
"P003449","F",1967-11-18
"P003450","M",1922-08-02
"P003451","F",1945-11-22
"P003452","F",1944-12-07
"P003453","F",1931-05-31
"P003454","F",1965-07-09
"P003455","F",1923-02-18
"P003456","F",1921-02-24
"P003457","M",1936-08-09
"P003458","F",1975-11-13
"P003459","M",1936-04-10
"P003460","M",1971-03-18
"P003461","M",1934-12-11
"P003462","M",1938-10-08
"P003463","F",1921-04-03
"P003464","M",1942-05-20
"P003465","M",1973-10-04
"P003466","F",1942-04-28
"P003467","F",1950-10-16
"P003468","F",1945-10-18
"P003469","M",1960-10-25
"P003470","M",1959-07-29
"P003471","F",1964-12-21
"P003472","M",1949-07-03
"P003473","M",1921-05-27
"P003474","M",1924-04-21
"P003475","F",1934-07-27
"P003476","F",1938-03-19
"P003477","M",1967-07-11
"P003478","M",1944-11-05
"P003479","F",1958-02-20
"P003480","F",1957-11-24
"P003481","F",1927-06-09
"P003482","M",1923-09-18
"P003483","F",1920-12-08
"P003484","M",1940-06-16
"P003485","M",1937-02-07
"P003486","M",1958-04-20
"P003487","F",1932-05-24
"P003488","F",1939-07-25
"P003489","M",1929-04-07
"P003490","M",1934-05-18
"P003491","F",1956-09-22
"P003492","M",1975-10-29
"P003493","M",1925-05-17
"P003494","F",1949-02-16
"P003495","M",1934-11-30
"P003496","M",1937-03-18
"P003497","F",1959-11-22
"P003498","F",1931-02-17
"P003499","F",1934-06-01
"P003500","M",1941-03-20
"P003501","F",1945-07-05
"P003502","F",1947-10-07
"P003503","M",1942-10-01
"P003504","M",1974-07-02
"P003505","F",1955-09-28
"P003506","F",1960-09-24
"P003507","M",1973-02-11
"P003508","M",1956-07-02
"P003509","M",1975-10-26
"P003510","F",1930-06-22
"P003511","F",1927-04-24
"P003512","M",1970-09-14
"P003513","M",1970-08-19
"P003514","F",1973-12-28
"P003515","M",1948-11-11
"P003516","F",1940-07-26
"P003517","M",1970-06-11
"P003518","M",1924-12-20
"P003519","M",1932-11-04
"P003520","M",1935-03-06
"P003521","M",1958-06-20
"P003522","M",1962-05-08
"P003523","M",1939-12-23
"P003524","M",1958-12-29
"P003525","M",1954-01-09
"P003526","M",1921-10-04
"P003527","F",1948-12-08
"P003528","F",1938-05-18
"P003529","M",1974-02-13
"P003530","M",1951-10-18
"P003531","F",1925-05-21
"P003532","F",1949-10-12
"P003533","F",1934-02-27
"P003534","M",1954-04-02
"P003535","M",1920-05-08
"P003536","M",1950-06-18
"P003537","M",1944-12-30
"P003538","F",1961-02-12
"P003539","F",1927-12-11
"P003540","M",1957-08-05
"P003541","M",1974-01-23
"P003542","M",1929-01-10
"P003543","M",1956-08-20
"P003544","F",1942-07-02
"P003545","F",1940-07-05
"P003546","M",1960-06-01
"P003547","M",1959-11-14
"P003548","F",1966-10-11
"P003549","F",1969-06-22
"P003550","M",1929-07-02
"P003551","F",1943-01-18
"P003552","M",1922-10-11
"P003553","F",1924-06-27
"P003554","M",1953-07-31
"P003555","F",1952-05-22
"P003556","M",1948-04-24
"P003557","F",1974-03-16
"P003558","F",1970-05-29
"P003559","F",1967-11-10
"P003560","F",1957-12-23
"P003561","M",1930-11-20
"P003562","M",1942-11-06
"P003563","M",1970-11-09
"P003564","F",1925-04-10
"P003565","M",1950-07-24
"P003566","F",1974-12-22
"P003567","F",1940-12-31
"P003568","M",1970-10-27
"P003569","F",1969-10-28
"P003570","F",1961-10-24
"P003571","M",1950-05-04
"P003572","F",1952-06-24
"P003573","M",1934-09-07
"P003574","M",1926-04-26
"P003575","M",1973-11-28
"P003576","M",1974-08-25
"P003577","F",1964-05-29
"P003578","F",1972-01-28
"P003579","M",1946-01-28
"P003580","F",1935-12-11
"P003581","F",1965-11-04
"P003582","M",1947-03-09
"P003583","M",1926-10-03
"P003584","M",1948-10-08
"P003585","M",1938-06-13
"P003586","M",1974-02-27
"P003587","M",1958-07-25
"P003588","M",1921-01-04
"P003589","M",1920-05-26
"P003590","M",1942-01-03
"P003591","M",1921-04-03
"P003592","M",1959-04-13
"P003593","M",1970-03-03
"P003594","M",1961-05-28
"P003595","F",1920-03-08
"P003596","F",1970-01-27
"P003597","M",1945-08-07
"P003598","F",1955-07-06
"P003599","F",1939-01-28
"P003600","F",1921-04-12
"P003601","F",1947-07-02
"P003602","F",1951-07-19
"P003603","M",1973-01-13
"P003604","M",1920-06-22
"P003605","M",1952-06-20
"P003606","M",1972-01-25
"P003607","M",1929-04-23
"P003608","M",1941-09-09
"P003609","M",1973-03-12
"P003610","F",1963-07-07
"P003611","M",1938-10-19
"P003612","F",1964-04-18
"P003613","F",1963-06-05
"P003614","M",1926-12-04
"P003615","M",1943-03-18
"P003616","M",1933-12-17
"P003617","F",1935-08-25
"P003618","M",1938-05-12
"P003619","M",1949-03-02
"P003620","M",1945-08-19
"P003621","F",1957-11-30
"P003622","M",1948-12-02
"P003623","M",1933-11-02
"P003624","M",1954-12-22
"P003625","M",1961-02-07
"P003626","M",1975-09-04
"P003627","M",1948-09-19
"P003628","M",1961-01-12
"P003629","F",1965-10-13
"P003630","F",1964-03-03
"P003631","M",1956-11-26
"P003632","F",1935-10-08
"P003633","M",1953-05-23
"P003634","M",1950-03-23
"P003635","M",1942-10-20
"P003636","M",1964-06-07
"P003637","F",1922-12-17
"P003638","F",1933-10-24
"P003639","F",1974-09-11
"P003640","M",1958-05-20
"P003641","M",1971-10-28
"P003642","M",1969-02-24
"P003643","M",1963-07-19
"P003644","F",1937-04-02
"P003645","M",1920-04-17
"P003646","M",1969-11-16
"P003647","M",1939-04-24
"P003648","M",1952-01-10
"P003649","F",1952-10-01
"P003650","F",1930-10-06
"P003651","F",1961-10-31
"P003652","F",1929-05-09
"P003653","M",1957-05-19
"P003654","M",1944-06-29
"P003655","F",1929-05-26
"P003656","F",1930-10-14
"P003657","F",1929-01-29
"P003658","M",1944-01-19
"P003659","F",1960-05-13
"P003660","F",1964-08-15
"P003661","M",1921-02-26
"P003662","F",1920-11-13
"P003663","F",1943-09-09
"P003664","F",1961-03-11
"P003665","F",1945-12-19
"P003666","M",1922-08-18
"P003667","F",1929-12-31
"P003668","M",1932-05-19
"P003669","F",1926-08-29
"P003670","F",1925-01-05
"P003671","M",1967-04-06
"P003672","M",1975-08-09
"P003673","M",1975-06-16
"P003674","F",1969-05-14
"P003675","F",1965-10-23
"P003676","F",1944-07-07
"P003677","M",1936-11-03
"P003678","M",1929-03-24
"P003679","M",1969-06-17
"P003680","F",1937-02-25
"P003681","M",1963-05-17
"P003682","F",1924-05-21
"P003683","M",1953-10-28
"P003684","F",1963-03-25
"P003685","F",1932-04-10
"P003686","F",1971-11-09
"P003687","M",1930-08-18
"P003688","F",1942-04-21
"P003689","F",1952-08-21
"P003690","M",1968-10-14
"P003691","F",1955-04-14
"P003692","F",1966-10-24
"P003693","M",1946-10-12
"P003694","M",1959-07-18
"P003695","M",1946-10-13
"P003696","F",1965-05-14
"P003697","M",1970-11-13
"P003698","F",1939-05-03
"P003699","F",1935-04-10
"P003700","M",1972-03-19
"P003701","F",1948-05-03
"P003702","M",1926-07-27
"P003703","M",1932-12-23
"P003704","F",1937-11-21
"P003705","M",1959-05-23
"P003706","M",1920-05-28
"P003707","F",1972-10-29
"P003708","F",1939-05-17
"P003709","M",1944-01-09
"P003710","M",1929-01-24
"P003711","F",1971-07-08
"P003712","M",1932-05-25
"P003713","M",1922-10-30
"P003714","F",1953-05-27
"P003715","M",1956-11-29
"P003716","F",1945-11-07
"P003717","F",1946-02-12
"P003718","M",1957-09-20
"P003719","M",1944-02-06
"P003720","F",1943-03-01
"P003721","M",1949-02-22
"P003722","M",1921-07-21
"P003723","F",1938-03-09
"P003724","M",1940-06-09
"P003725","M",1948-10-26
"P003726","F",1973-11-10
"P003727","M",1929-03-08
"P003728","M",1973-06-10
"P003729","M",1942-12-07
"P003730","M",1963-12-25
"P003731","M",1956-04-28
"P003732","F",1956-08-02
"P003733","M",1922-01-24
"P003734","F",1926-11-15
"P003735","M",1933-02-24
"P003736","M",1927-06-19
"P003737","M",1956-11-07
"P003738","F",1939-05-24
"P003739","M",1933-05-25
"P003740","M",1951-12-24
"P003741","F",1941-11-03
"P003742","F",1940-09-17
"P003743","F",1942-10-02
"P003744","F",1949-07-11
"P003745","M",1973-07-29
"P003746","M",1970-04-13
"P003747","M",1928-08-29
"P003748","F",1941-06-05
"P003749","M",1957-08-09
"P003750","F",1946-08-09
"P003751","F",1939-04-24
"P003752","M",1926-12-11
"P003753","F",1968-05-29
"P003754","M",1921-06-03
"P003755","M",1957-04-30
"P003756","M",1926-11-13
"P003757","M",1944-11-28
"P003758","M",1941-02-25
"P003759","F",1930-06-21
"P003760","M",1928-06-29
"P003761","M",1940-05-07
"P003762","F",1928-01-02
"P003763","F",1957-07-13
"P003764","M",1932-05-17
"P003765","F",1950-10-11
"P003766","M",1926-04-07
"P003767","M",1949-01-13
"P003768","M",1938-01-08
"P003769","F",1940-01-19
"P003770","F",1965-01-06
"P003771","M",1930-11-27
"P003772","M",1963-03-12
"P003773","M",1951-09-21
"P003774","F",1975-01-23
"P003775","M",1921-12-29
"P003776","F",1921-08-24
"P003777","F",1923-01-10
"P003778","F",1952-09-17
"P003779","M",1934-07-29
"P003780","M",1948-02-21
"P003781","F",1963-05-07
"P003782","F",1942-05-10
"P003783","M",1963-10-10
"P003784","M",1974-02-25
"P003785","F",1929-05-11
"P003786","F",1965-05-02
"P003787","F",1951-03-17
"P003788","M",1938-01-27
"P003789","F",1974-09-11
"P003790","M",1937-12-28
"P003791","M",1967-06-13
"P003792","M",1972-10-06
"P003793","M",1975-10-23
"P003794","M",1929-11-03
"P003795","F",1928-07-04
"P003796","M",1975-03-30
"P003797","F",1931-09-14
"P003798","M",1965-12-10
"P003799","F",1937-04-04
"P003800","M",1973-06-07
"P003801","F",1951-10-08
"P003802","M",1942-12-19
"P003803","M",1951-01-16
"P003804","M",1971-05-04
"P003805","M",1925-12-27
"P003806","F",1920-10-27
"P003807","M",1925-11-29
"P003808","M",1968-08-26
"P003809","F",1974-01-24
"P003810","M",1926-10-03
"P003811","M",1924-02-19
"P003812","M",1937-11-18
"P003813","F",1934-03-02
"P003814","M",1926-07-10
"P003815","M",1934-05-19
"P003816","F",1946-02-07
"P003817","M",1932-01-05
"P003818","F",1931-06-30
"P003819","F",1944-07-24
"P003820","F",1923-06-08
"P003821","M",1964-01-07
"P003822","M",1964-05-14
"P003823","F",1937-04-03
"P003824","M",1953-08-07
"P003825","M",1944-11-25
"P003826","M",1930-10-07
"P003827","M",1969-08-02
"P003828","F",1954-10-01
"P003829","M",1935-09-16
"P003830","F",1954-06-03
"P003831","F",1959-01-16
"P003832","M",1965-04-16
"P003833","M",1936-05-21
"P003834","F",1921-10-14
"P003835","F",1965-09-14
"P003836","M",1972-11-19
"P003837","F",1948-02-04
"P003838","M",1962-11-04
"P003839","F",1925-09-27
"P003840","M",1936-02-22
"P003841","M",1971-08-21
"P003842","F",1945-09-27
"P003843","F",1926-11-07
"P003844","F",1943-06-27
"P003845","F",1969-02-16
"P003846","F",1946-01-23
"P003847","F",1926-11-29
"P003848","F",1956-08-21
"P003849","F",1930-08-08
"P003850","F",1950-05-14
"P003851","F",1925-07-12
"P003852","M",1967-08-07
"P003853","M",1944-09-28
"P003854","M",1928-08-18
"P003855","M",1972-11-30
"P003856","M",1923-06-30
"P003857","M",1967-07-03
"P003858","M",1939-07-28
"P003859","F",1959-02-20
"P003860","M",1953-11-19
"P003861","M",1940-06-21
"P003862","M",1940-06-08
"P003863","F",1939-06-21
"P003864","M",1932-03-10
"P003865","F",1973-10-25
"P003866","F",1923-01-06
"P003867","M",1933-09-07
"P003868","F",1954-05-19
"P003869","F",1925-09-25
"P003870","F",1970-12-14
"P003871","F",1943-08-27
"P003872","M",1944-10-02
"P003873","M",1947-12-08
"P003874","F",1966-01-22
"P003875","M",1954-02-23
"P003876","F",1937-09-04
"P003877","M",1940-02-22
"P003878","M",1926-02-14
"P003879","F",1929-05-15
"P003880","F",1954-02-16
"P003881","F",1970-10-27
"P003882","F",1922-05-13
"P003883","M",1971-03-06
"P003884","F",1926-12-16
"P003885","M",1958-11-28
"P003886","M",1975-09-22
"P003887","M",1960-10-08
"P003888","F",1950-02-14
"P003889","M",1934-04-23
"P003890","F",1925-08-20
"P003891","F",1974-12-18
"P003892","F",1968-02-10
"P003893","M",1949-09-21
"P003894","F",1946-10-21
"P003895","M",1957-11-18
"P003896","F",1937-06-06
"P003897","M",1966-10-08
"P003898","M",1927-11-21
"P003899","F",1930-12-22
"P003900","M",1940-07-26
"P003901","M",1927-09-14
"P003902","M",1926-02-22
"P003903","F",1951-02-11
"P003904","M",1922-09-03
"P003905","M",1969-03-07
"P003906","F",1936-06-07
"P003907","F",1942-02-07
"P003908","F",1943-09-25
"P003909","F",1951-06-10
"P003910","M",1971-10-06
"P003911","M",1962-03-02
"P003912","M",1970-06-27
"P003913","F",1974-02-17
"P003914","M",1936-02-03
"P003915","M",1958-04-03
"P003916","M",1972-08-18
"P003917","M",1932-09-09
"P003918","F",1928-09-01
"P003919","F",1965-01-17
"P003920","M",1936-10-21
"P003921","M",1926-01-23
"P003922","M",1975-12-15
"P003923","F",1957-07-17
"P003924","M",1924-12-07
"P003925","F",1972-11-09
"P003926","F",1921-06-30
"P003927","M",1954-01-18
"P003928","F",1969-07-31
"P003929","M",1920-01-05
"P003930","M",1940-12-18
"P003931","F",1930-08-08
"P003932","F",1928-11-27
"P003933","M",1969-12-18
"P003934","M",1938-08-14
"P003935","M",1920-01-15
"P003936","F",1949-07-09
"P003937","M",1942-02-21
"P003938","M",1929-06-08
"P003939","F",1941-09-19
"P003940","M",1948-07-21
"P003941","M",1940-08-22
"P003942","F",1925-09-23
"P003943","M",1949-11-29
"P003944","F",1965-10-28
"P003945","F",1973-03-25
"P003946","F",1948-09-03
"P003947","M",1950-03-16
"P003948","F",1942-01-18
"P003949","F",1929-01-15
"P003950","M",1924-03-03
"P003951","M",1969-01-19
"P003952","M",1927-09-05
"P003953","M",1952-04-09
"P003954","M",1968-11-23
"P003955","M",1946-09-26
"P003956","M",1941-06-22
"P003957","M",1969-02-27
"P003958","F",1920-03-07
"P003959","M",1966-09-24
"P003960","M",1956-04-15
"P003961","M",1970-02-09
"P003962","M",1961-09-13
"P003963","M",1921-07-03
"P003964","F",1923-04-27
"P003965","F",1930-07-12
"P003966","F",1953-10-05
"P003967","F",1971-07-14
"P003968","M",1954-11-12
"P003969","F",1962-05-29
"P003970","M",1961-04-10
"P003971","M",1944-10-17
"P003972","M",1920-01-10
"P003973","M",1928-08-24
"P003974","M",1960-11-12
"P003975","F",1956-02-29
"P003976","M",1933-10-31
"P003977","F",1967-03-07
"P003978","F",1957-08-27
"P003979","M",1924-09-09
"P003980","F",1929-03-06
"P003981","F",1970-08-11
"P003982","M",1957-08-02
"P003983","F",1953-06-27
"P003984","M",1937-03-03
"P003985","M",1958-12-13
"P003986","M",1936-06-19
"P003987","F",1971-11-06
"P003988","M",1970-05-22
"P003989","F",1968-01-08
"P003990","F",1938-10-24
"P003991","M",1967-12-20
"P003992","M",1939-11-24
"P003993","M",1969-07-27
"P003994","F",1941-01-26
"P003995","M",1935-12-16
"P003996","F",1960-03-12
"P003997","M",1926-07-18
"P003998","F",1957-03-26
"P003999","M",1944-12-19
"P004000","M",1950-12-27
"P004001","F",1974-03-25
"P004002","M",1928-12-12
"P004003","M",1930-02-09
"P004004","M",1940-06-10
"P004005","M",1958-12-06
"P004006","F",1930-06-12
"P004007","M",1946-11-08
"P004008","F",1924-01-18
"P004009","M",1975-02-17
"P004010","M",1950-05-23
"P004011","F",1958-10-27
"P004012","F",1932-04-21
"P004013","M",1967-12-26
"P004014","M",1951-11-28
"P004015","M",1965-02-05
"P004016","M",1950-02-16
"P004017","F",1927-03-23
"P004018","M",1970-12-13
"P004019","M",1963-12-06
"P004020","M",1942-11-21
"P004021","F",1924-05-25
"P004022","M",1948-02-04
"P004023","M",1928-07-02
"P004024","M",1969-06-05
"P004025","F",1950-11-15
"P004026","F",1962-09-06
"P004027","F",1925-12-15
"P004028","F",1965-12-19
"P004029","M",1920-08-31
"P004030","F",1971-04-09
"P004031","F",1938-04-23
"P004032","F",1966-01-05
"P004033","M",1941-01-11
"P004034","M",1964-12-15
"P004035","M",1922-02-19
"P004036","M",1944-07-19
"P004037","M",1937-12-27
"P004038","M",1923-09-08
"P004039","M",1945-05-05
"P004040","M",1951-08-08
"P004041","M",1921-06-24
"P004042","M",1953-01-16
"P004043","M",1951-02-15
"P004044","M",1936-11-21
"P004045","M",1945-02-21
"P004046","M",1951-09-04
"P004047","F",1966-01-11
"P004048","M",1952-10-01
"P004049","M",1974-03-10
"P004050","M",1963-01-09
"P004051","M",1941-12-05
"P004052","M",1945-01-04
"P004053","M",1962-08-29
"P004054","M",1973-09-08
"P004055","M",1970-03-03
"P004056","M",1927-08-25
"P004057","F",1931-05-10
"P004058","F",1958-12-05
"P004059","F",1969-03-30
"P004060","M",1933-07-23
"P004061","F",1938-04-30
"P004062","F",1958-02-17
"P004063","F",1958-08-25
"P004064","F",1973-08-11
"P004065","F",1963-02-02
"P004066","F",1961-06-28
"P004067","F",1931-12-19
"P004068","F",1964-03-09
"P004069","F",1966-06-16
"P004070","M",1922-11-14
"P004071","F",1958-06-17
"P004072","M",1958-06-06
"P004073","M",1950-10-30
"P004074","F",1954-12-16
"P004075","F",1937-05-16
"P004076","F",1963-11-21
"P004077","F",1961-03-17
"P004078","F",1923-06-29
"P004079","M",1937-11-03
"P004080","M",1972-06-21
"P004081","F",1960-11-15
"P004082","F",1936-05-09
"P004083","M",1965-03-29
"P004084","M",1960-10-05
"P004085","M",1928-06-26
"P004086","F",1946-12-31
"P004087","F",1923-06-30
"P004088","M",1947-03-10
"P004089","M",1949-07-29
"P004090","M",1920-12-28
"P004091","M",1949-01-21
"P004092","F",1934-05-14
"P004093","F",1921-09-22
"P004094","M",1929-08-09
"P004095","F",1936-02-16
"P004096","M",1944-02-09
"P004097","M",1962-05-18
"P004098","F",1932-05-23
"P004099","M",1944-06-24
"P004100","M",1938-12-08
"P004101","M",1933-12-04
"P004102","M",1931-03-31
"P004103","F",1931-03-15
"P004104","M",1934-10-30
"P004105","M",1951-01-30
"P004106","F",1941-03-08
"P004107","F",1964-01-03
"P004108","F",1948-11-23
"P004109","M",1951-04-22
"P004110","M",1962-08-02
"P004111","M",1930-02-28
"P004112","M",1921-03-05
"P004113","F",1946-03-09
"P004114","F",1971-09-14
"P004115","F",1952-07-19
"P004116","M",1940-06-15
"P004117","M",1969-01-24
"P004118","F",1925-07-26
"P004119","F",1959-11-08
"P004120","F",1939-11-01
"P004121","M",1966-07-10
"P004122","F",1971-06-25
"P004123","M",1972-09-24
"P004124","F",1942-05-16
"P004125","M",1925-05-30
"P004126","M",1938-03-01
"P004127","F",1962-12-08
"P004128","F",1928-09-29
"P004129","F",1924-03-29
"P004130","M",1934-08-05
"P004131","F",1949-05-03
"P004132","F",1960-02-28
"P004133","M",1952-02-11
"P004134","M",1927-08-03
"P004135","M",1970-04-04
"P004136","F",1959-05-11
"P004137","F",1942-12-07
"P004138","F",1943-06-30
"P004139","F",1948-12-26
"P004140","M",1941-11-13
"P004141","F",1941-09-05
"P004142","F",1962-11-20
"P004143","F",1946-04-12
"P004144","M",1926-12-05
"P004145","M",1931-08-06
"P004146","F",1942-07-18
"P004147","M",1970-05-08
"P004148","M",1926-09-21
"P004149","F",1938-12-24
"P004150","F",1932-01-01
"P004151","F",1955-01-08
"P004152","M",1956-06-25
"P004153","M",1967-02-06
"P004154","M",1933-10-12
"P004155","M",1931-12-13
"P004156","F",1931-01-13
"P004157","F",1961-06-26
"P004158","F",1928-04-06
"P004159","F",1958-07-18
"P004160","M",1942-12-23
"P004161","M",1964-07-15
"P004162","F",1959-11-04
"P004163","F",1935-04-09
"P004164","M",1949-06-07
"P004165","M",1926-08-04
"P004166","F",1949-11-01
"P004167","F",1946-10-24
"P004168","M",1967-05-04
"P004169","M",1962-06-19
"P004170","F",1966-11-08
"P004171","F",1969-09-30
"P004172","F",1954-03-28
"P004173","M",1945-02-26
"P004174","F",1961-02-19
"P004175","M",1951-05-10
"P004176","M",1932-04-03
"P004177","M",1959-06-13
"P004178","M",1964-12-22
"P004179","F",1944-02-08
"P004180","M",1940-12-15
"P004181","M",1958-04-02
"P004182","M",1920-08-30
"P004183","M",1939-03-01
"P004184","M",1958-06-11
"P004185","F",1923-10-05
"P004186","M",1964-05-02
"P004187","M",1941-07-06
"P004188","F",1943-11-26
"P004189","F",1974-10-29
"P004190","F",1967-01-10
"P004191","M",1929-10-11
"P004192","M",1958-03-22
"P004193","M",1959-03-20
"P004194","M",1974-04-17
"P004195","M",1934-04-19
"P004196","M",1934-02-22
"P004197","F",1962-04-27
"P004198","M",1975-06-14
"P004199","F",1932-01-12
"P004200","M",1949-09-06
"P004201","M",1932-06-07
"P004202","M",1975-12-22
"P004203","M",1943-08-03
"P004204","M",1973-05-12
"P004205","M",1945-11-17
"P004206","F",1938-08-15
"P004207","M",1926-03-20
"P004208","M",1948-02-17
"P004209","F",1950-09-10
"P004210","M",1950-08-31
"P004211","M",1943-11-22
"P004212","M",1951-12-06
"P004213","M",1921-04-29
"P004214","M",1975-04-14
"P004215","F",1956-05-17
"P004216","F",1939-06-09
"P004217","M",1932-02-27
"P004218","M",1935-12-18
"P004219","M",1962-03-11
"P004220","F",1928-03-10
"P004221","F",1952-01-06
"P004222","M",1924-10-04
"P004223","F",1920-08-05
"P004224","M",1941-10-28
"P004225","M",1961-03-18
"P004226","M",1936-05-28
"P004227","M",1938-02-11
"P004228","F",1934-04-10
"P004229","F",1971-01-28
"P004230","M",1946-09-03
"P004231","F",1926-06-08
"P004232","F",1963-12-26
"P004233","M",1937-12-01
"P004234","F",1961-03-25
"P004235","F",1958-03-19
"P004236","F",1975-02-10
"P004237","M",1949-05-17
"P004238","F",1975-08-20
"P004239","M",1938-12-03
"P004240","F",1948-09-02
"P004241","M",1957-04-19
"P004242","M",1926-03-30
"P004243","F",1929-07-13
"P004244","F",1959-12-13
"P004245","M",1927-06-26
"P004246","F",1975-08-28
"P004247","F",1957-03-14
"P004248","M",1954-05-24
"P004249","M",1957-08-02
"P004250","M",1953-04-21
"P004251","M",1941-04-08
"P004252","M",1966-12-14
"P004253","M",1957-05-19
"P004254","M",1949-02-10
"P004255","M",1954-02-28
"P004256","M",1961-01-18
"P004257","M",1940-09-01
"P004258","M",1973-02-13
"P004259","M",1940-06-09
"P004260","F",1942-03-27
"P004261","M",1932-10-15
"P004262","M",1937-05-30
"P004263","F",1961-11-13
"P004264","F",1959-02-20
"P004265","M",1943-09-28
"P004266","F",1945-12-19
"P004267","F",1926-10-12
"P004268","F",1952-12-19
"P004269","F",1925-11-14
"P004270","M",1927-11-07
"P004271","F",1935-07-10
"P004272","F",1934-05-30
"P004273","M",1971-11-12
"P004274","F",1931-10-30
"P004275","M",1960-11-01
"P004276","F",1969-07-17
"P004277","M",1968-03-21
"P004278","M",1961-08-09
"P004279","F",1944-06-18
"P004280","F",1920-03-10
"P004281","F",1968-05-04
"P004282","F",1934-06-30
"P004283","M",1926-05-24
"P004284","F",1958-12-22
"P004285","F",1924-07-26
"P004286","F",1938-03-11
"P004287","F",1948-07-06
"P004288","F",1948-04-08
"P004289","M",1927-02-03
"P004290","F",1952-04-20
"P004291","F",1963-05-31
"P004292","M",1953-10-24
"P004293","F",1937-06-16
"P004294","M",1949-11-16
"P004295","M",1922-10-06
"P004296","F",1948-03-20
"P004297","F",1966-12-17
"P004298","M",1936-04-26
"P004299","M",1956-02-28
"P004300","F",1920-10-21
"P004301","F",1950-06-27
"P004302","F",1947-12-05
"P004303","F",1920-03-05
"P004304","F",1964-03-26
"P004305","F",1957-07-14
"P004306","M",1965-06-16
"P004307","F",1942-12-05
"P004308","F",1966-11-28
"P004309","F",1953-06-24
"P004310","F",1956-12-26
"P004311","M",1923-07-23
"P004312","M",1940-07-22
"P004313","M",1960-06-12
"P004314","M",1965-10-16
"P004315","M",1966-12-20
"P004316","M",1961-06-21
"P004317","F",1960-11-03
"P004318","M",1964-05-21
"P004319","F",1967-12-28
"P004320","F",1921-01-31
"P004321","M",1935-07-01
"P004322","M",1957-07-17
"P004323","F",1944-12-09
"P004324","F",1972-06-07
"P004325","M",1973-06-03
"P004326","M",1971-06-12
"P004327","M",1950-10-22
"P004328","M",1924-07-30
"P004329","F",1952-10-14
"P004330","M",1944-10-23
"P004331","M",1937-07-14
"P004332","M",1963-07-26
"P004333","F",1947-07-15
"P004334","M",1940-03-01
"P004335","F",1968-08-15
"P004336","M",1966-08-25
"P004337","M",1950-08-28
"P004338","M",1922-04-04
"P004339","M",1973-09-11
"P004340","F",1932-04-09
"P004341","M",1955-11-28
"P004342","F",1939-06-08
"P004343","F",1949-05-22
"P004344","M",1922-04-20
"P004345","M",1953-02-14
"P004346","M",1947-07-09
"P004347","M",1935-09-20
"P004348","M",1966-12-14
"P004349","M",1941-10-29
"P004350","F",1944-09-22
"P004351","M",1967-10-10
"P004352","F",1969-06-07
"P004353","M",1931-06-16
"P004354","F",1956-05-07
"P004355","M",1968-01-01
"P004356","F",1962-03-02
"P004357","M",1923-05-22
"P004358","M",1938-05-01
"P004359","M",1939-06-10
"P004360","M",1929-04-17
"P004361","F",1957-02-20
"P004362","M",1950-11-09
"P004363","F",1926-08-17
"P004364","M",1941-05-13
"P004365","F",1925-01-03
"P004366","F",1922-11-23
"P004367","F",1928-10-06
"P004368","F",1941-03-24
"P004369","F",1955-12-20
"P004370","M",1942-11-01
"P004371","F",1936-12-30
"P004372","F",1963-10-31
"P004373","F",1963-07-10
"P004374","F",1960-05-04
"P004375","F",1922-08-31
"P004376","M",1927-12-09
"P004377","F",1923-03-12
"P004378","F",1963-05-11
"P004379","F",1938-12-26
"P004380","M",1965-05-22
"P004381","M",1940-03-19
"P004382","F",1942-04-27
"P004383","M",1959-07-27
"P004384","F",1945-12-25
"P004385","M",1949-08-29
"P004386","M",1921-10-22
"P004387","F",1969-10-10
"P004388","M",1926-07-07
"P004389","F",1938-02-18
"P004390","M",1957-05-23
"P004391","M",1960-05-15
"P004392","M",1959-02-05
"P004393","F",1954-03-03
"P004394","M",1945-06-01
"P004395","M",1939-03-29
"P004396","F",1964-02-06
"P004397","M",1957-12-29
"P004398","F",1924-12-18
"P004399","F",1928-05-10
"P004400","M",1950-02-14
"P004401","M",1929-02-20
"P004402","M",1940-03-26
"P004403","F",1958-06-18
"P004404","M",1929-09-07
"P004405","F",1932-07-14
"P004406","F",1970-02-01
"P004407","M",1938-01-21
"P004408","F",1930-04-21
"P004409","M",1972-10-31
"P004410","M",1961-03-20
"P004411","M",1923-01-30
"P004412","F",1965-11-11
"P004413","F",1931-05-11
"P004414","M",1952-05-09
"P004415","F",1926-10-01
"P004416","M",1936-04-25
"P004417","F",1975-08-19
"P004418","F",1953-12-01
"P004419","F",1925-03-12
"P004420","F",1921-11-18
"P004421","M",1967-12-22
"P004422","F",1949-05-03
"P004423","M",1923-11-10
"P004424","M",1928-03-04
"P004425","F",1965-06-03
"P004426","F",1931-06-09
"P004427","F",1931-03-31
"P004428","M",1948-03-08
"P004429","M",1925-01-19
"P004430","F",1972-09-18
"P004431","F",1963-07-26
"P004432","F",1921-01-24
"P004433","M",1969-01-28
"P004434","M",1920-10-19
"P004435","F",1962-10-06
"P004436","M",1960-01-07
"P004437","F",1922-02-18
"P004438","M",1972-11-04
"P004439","M",1959-06-03
"P004440","F",1935-09-30
"P004441","M",1926-07-25
"P004442","M",1931-11-27
"P004443","F",1935-08-21
"P004444","F",1930-06-20
"P004445","F",1925-02-28
"P004446","F",1924-09-15
"P004447","F",1973-12-20
"P004448","F",1974-02-15
"P004449","M",1931-09-13
"P004450","M",1958-10-17
"P004451","F",1936-03-12
"P004452","M",1948-11-13
"P004453","M",1967-07-07
"P004454","M",1949-01-07
"P004455","M",1921-08-15
"P004456","M",1925-06-24
"P004457","M",1953-09-16
"P004458","F",1929-02-05
"P004459","M",1973-08-07
"P004460","M",1971-07-21
"P004461","M",1959-02-16
"P004462","F",1939-04-22
"P004463","F",1948-05-11
"P004464","F",1924-03-31
"P004465","F",1967-03-29
"P004466","F",1974-01-21
"P004467","F",1956-10-14
"P004468","F",1937-06-15
"P004469","F",1929-05-26
"P004470","F",1950-07-11
"P004471","M",1939-12-03
"P004472","M",1932-03-16
"P004473","M",1924-11-26
"P004474","F",1959-01-15
"P004475","M",1934-04-18
"P004476","F",1958-04-23
"P004477","M",1932-09-05
"P004478","F",1933-01-16
"P004479","M",1974-04-13
"P004480","F",1971-11-18
"P004481","F",1950-05-26
"P004482","M",1962-06-04
"P004483","M",1959-05-23
"P004484","M",1955-07-27
"P004485","F",1954-03-02
"P004486","F",1946-01-29
"P004487","M",1951-02-06
"P004488","M",1920-10-04
"P004489","F",1944-06-25
"P004490","F",1972-07-27
"P004491","M",1963-01-11
"P004492","F",1934-06-05
"P004493","F",1923-10-11
"P004494","M",1923-07-09
"P004495","M",1957-07-14
"P004496","F",1971-11-08
"P004497","F",1942-05-29
"P004498","M",1970-03-22
"P004499","F",1939-02-07
"P004500","F",1970-02-14
"P004501","M",1955-10-05
"P004502","F",1932-01-16
"P004503","F",1933-05-05
"P004504","M",1973-03-05
"P004505","F",1944-04-27
"P004506","M",1935-01-11
"P004507","M",1928-02-18
"P004508","M",1939-06-18
"P004509","M",1958-06-29
"P004510","M",1953-01-04
"P004511","M",1955-07-21
"P004512","M",1963-11-02
"P004513","F",1941-08-21
"P004514","F",1947-03-28
"P004515","M",1938-09-19
"P004516","F",1965-02-10
"P004517","F",1956-02-23
"P004518","M",1943-02-04
"P004519","F",1939-04-16
"P004520","M",1925-02-20
"P004521","F",1956-10-02
"P004522","F",1955-04-16
"P004523","F",1973-07-13
"P004524","F",1938-10-23
"P004525","M",1967-05-09
"P004526","F",1955-04-04
"P004527","M",1969-12-23
"P004528","M",1975-11-13
"P004529","M",1952-01-13
"P004530","M",1929-10-04
"P004531","F",1943-10-30
"P004532","F",1941-03-22
"P004533","M",1930-12-24
"P004534","M",1959-09-06
"P004535","M",1941-07-03
"P004536","M",1928-09-04
"P004537","F",1974-03-04
"P004538","F",1963-07-19
"P004539","F",1921-08-26
"P004540","M",1965-03-10
"P004541","F",1934-11-25
"P004542","F",1942-03-24
"P004543","M",1947-12-04
"P004544","F",1938-05-01
"P004545","M",1956-11-20
"P004546","M",1930-07-06
"P004547","M",1946-11-16
"P004548","F",1963-06-18
"P004549","F",1946-05-02
"P004550","M",1921-09-30
"P004551","M",1971-08-01
"P004552","F",1966-04-07
"P004553","M",1926-10-29
"P004554","M",1932-09-22
"P004555","F",1967-06-15
"P004556","F",1949-10-16
"P004557","M",1936-08-19
"P004558","M",1967-10-31
"P004559","M",1931-07-05
"P004560","M",1945-11-21
"P004561","M",1948-03-10
"P004562","M",1952-12-06
"P004563","M",1950-11-29
"P004564","F",1940-01-26
"P004565","M",1957-09-16
"P004566","M",1926-11-25
"P004567","F",1936-10-22
"P004568","M",1953-08-17
"P004569","F",1934-01-31
"P004570","F",1933-05-19
"P004571","F",1941-09-09
"P004572","F",1924-10-24
"P004573","M",1921-02-02
"P004574","F",1924-07-01
"P004575","F",1965-02-05
"P004576","F",1973-05-28
"P004577","M",1956-05-03
"P004578","F",1930-04-23
"P004579","M",1932-06-17
"P004580","F",1929-08-30
"P004581","F",1947-12-11
"P004582","M",1948-07-17
"P004583","F",1973-01-21
"P004584","M",1956-03-12
"P004585","M",1954-07-16
"P004586","M",1920-12-28
"P004587","M",1921-02-02
"P004588","M",1928-11-14
"P004589","F",1958-09-10
"P004590","M",1953-12-23
"P004591","M",1937-04-02
"P004592","F",1973-02-02
"P004593","M",1951-03-30
"P004594","M",1938-04-12
"P004595","M",1939-10-18
"P004596","F",1972-04-01
"P004597","M",1951-01-31
"P004598","F",1933-11-21
"P004599","M",1943-10-06
"P004600","M",1972-02-20
"P004601","M",1946-09-11
"P004602","F",1948-01-24
"P004603","F",1924-11-14
"P004604","F",1924-09-07
"P004605","F",1940-04-27
"P004606","M",1958-07-16
"P004607","F",1945-12-29
"P004608","M",1957-09-04
"P004609","F",1942-01-10
"P004610","M",1930-04-03
"P004611","F",1970-06-28
"P004612","M",1943-06-14
"P004613","M",1923-02-02
"P004614","M",1939-06-30
"P004615","M",1925-10-09
"P004616","M",1962-08-24
"P004617","F",1926-03-22
"P004618","M",1948-01-03
"P004619","F",1973-01-14
"P004620","M",1969-06-17
"P004621","M",1972-04-06
"P004622","F",1957-07-11
"P004623","F",1969-05-01
"P004624","M",1940-11-07
"P004625","F",1953-05-10
"P004626","M",1968-05-15
"P004627","M",1923-01-27
"P004628","M",1953-11-24
"P004629","F",1965-04-09
"P004630","M",1942-05-14
"P004631","M",1940-11-19
"P004632","M",1951-02-11
"P004633","M",1936-06-05
"P004634","M",1933-12-01
"P004635","F",1966-03-20
"P004636","M",1933-01-14
"P004637","M",1961-02-22
"P004638","M",1925-01-07
"P004639","M",1955-06-12
"P004640","F",1974-10-27
"P004641","M",1933-01-05
"P004642","F",1962-02-10
"P004643","F",1944-03-01
"P004644","F",1950-06-03
"P004645","M",1953-12-11
"P004646","M",1923-10-05
"P004647","M",1920-05-21
"P004648","M",1968-11-24
"P004649","M",1930-04-01
"P004650","M",1964-09-09
"P004651","F",1944-05-12
"P004652","M",1921-11-20
"P004653","F",1928-09-14
"P004654","M",1967-05-24
"P004655","F",1939-08-17
"P004656","M",1973-08-06
"P004657","M",1950-06-25
"P004658","F",1965-12-31
"P004659","F",1936-12-16
"P004660","M",1945-03-16
"P004661","F",1958-06-15
"P004662","F",1948-08-11
"P004663","F",1952-04-10
"P004664","F",1968-09-05
"P004665","F",1946-03-22
"P004666","M",1943-06-01
"P004667","M",1926-10-27
"P004668","F",1969-02-06
"P004669","M",1931-04-18
"P004670","M",1942-02-16
"P004671","F",1938-07-02
"P004672","F",1943-03-13
"P004673","M",1957-09-04
"P004674","F",1923-08-27
"P004675","F",1938-08-19
"P004676","M",1938-05-09
"P004677","M",1963-03-01
"P004678","M",1926-09-10
"P004679","M",1926-08-18
"P004680","F",1955-09-01
"P004681","F",1933-04-08
"P004682","M",1943-02-27
"P004683","F",1968-09-08
"P004684","M",1951-05-03
"P004685","M",1973-12-18
"P004686","F",1939-08-10
"P004687","F",1949-03-31
"P004688","F",1936-01-06
"P004689","M",1959-04-05
"P004690","M",1971-07-13
"P004691","M",1968-08-14
"P004692","M",1956-10-18
"P004693","F",1964-02-02
"P004694","M",1930-01-04
"P004695","F",1955-01-08
"P004696","M",1964-08-03
"P004697","M",1945-02-12
"P004698","F",1929-10-25
"P004699","F",1931-04-18
"P004700","F",1968-03-28
"P004701","M",1945-12-25
"P004702","F",1954-05-27
"P004703","M",1935-05-24
"P004704","M",1920-07-18
"P004705","M",1953-04-27
"P004706","M",1951-10-23
"P004707","F",1942-10-18
"P004708","M",1940-04-16
"P004709","M",1952-01-14
"P004710","M",1963-03-04
"P004711","M",1957-06-24
"P004712","F",1960-08-21
"P004713","M",1963-05-21
"P004714","M",1956-02-15
"P004715","M",1960-02-08
"P004716","M",1937-03-05
"P004717","M",1951-05-19
"P004718","F",1937-07-17
"P004719","F",1964-02-20
"P004720","F",1936-11-28
"P004721","M",1937-07-19
"P004722","M",1961-07-27
"P004723","F",1928-04-14
"P004724","F",1953-04-20
"P004725","M",1922-05-22
"P004726","F",1949-04-07
"P004727","M",1954-01-23
"P004728","F",1972-04-09
"P004729","M",1938-03-22
"P004730","F",1949-10-20
"P004731","F",1958-01-04
"P004732","M",1975-12-06
"P004733","F",1963-11-10
"P004734","F",1945-04-28
"P004735","F",1964-03-28
"P004736","F",1959-03-25
"P004737","F",1967-01-13
"P004738","F",1948-03-05
"P004739","M",1969-09-16
"P004740","F",1939-09-16
"P004741","M",1949-01-17
"P004742","M",1939-12-13
"P004743","F",1935-05-20
"P004744","M",1925-06-26
"P004745","M",1937-06-01
"P004746","M",1946-03-21
"P004747","M",1921-11-14
"P004748","F",1921-03-04
"P004749","M",1923-06-16
"P004750","M",1921-06-02
"P004751","M",1953-02-05
"P004752","F",1936-03-08
"P004753","F",1939-01-25
"P004754","M",1975-10-04
"P004755","M",1969-08-02
"P004756","M",1966-08-12
"P004757","M",1955-01-14
"P004758","F",1924-12-30
"P004759","M",1973-06-04
"P004760","F",1936-08-16
"P004761","M",1944-04-30
"P004762","M",1920-12-31
"P004763","M",1951-12-04
"P004764","F",1968-07-14
"P004765","F",1954-03-23
"P004766","F",1952-08-04
"P004767","M",1951-12-18
"P004768","M",1950-03-28
"P004769","F",1970-06-12
"P004770","F",1954-09-02
"P004771","M",1946-11-30
"P004772","F",1961-02-02
"P004773","F",1932-06-09
"P004774","F",1962-03-01
"P004775","M",1973-09-24
"P004776","F",1952-07-06
"P004777","F",1938-12-06
"P004778","M",1960-01-28
"P004779","F",1955-02-05
"P004780","F",1967-02-19
"P004781","F",1972-05-12
"P004782","M",1946-07-05
"P004783","F",1963-04-17
"P004784","M",1970-05-30
"P004785","M",1974-11-04
"P004786","M",1966-09-24
"P004787","M",1965-09-01
"P004788","M",1940-02-06
"P004789","M",1943-11-12
"P004790","F",1930-11-16
"P004791","M",1947-07-19
"P004792","M",1932-09-14
"P004793","F",1958-04-19
"P004794","F",1924-12-18
"P004795","F",1964-05-13
"P004796","M",1944-11-07
"P004797","M",1947-02-10
"P004798","M",1943-09-05
"P004799","F",1967-01-06
"P004800","F",1931-01-24
"P004801","M",1965-10-08
"P004802","M",1972-07-19
"P004803","M",1922-06-04
"P004804","F",1960-06-26
"P004805","F",1936-12-20
"P004806","F",1936-10-23
"P004807","F",1963-06-12
"P004808","F",1934-11-29
"P004809","M",1925-07-24
"P004810","F",1936-12-06
"P004811","M",1927-12-12
"P004812","F",1941-06-04
"P004813","F",1965-11-06
"P004814","F",1968-02-12
"P004815","F",1923-06-10
"P004816","M",1948-05-31
"P004817","M",1974-04-20
"P004818","M",1929-02-08
"P004819","M",1924-03-03
"P004820","M",1955-09-11
"P004821","M",1930-10-30
"P004822","F",1935-04-20
"P004823","F",1937-07-08
"P004824","M",1923-06-23
"P004825","F",1935-03-11
"P004826","M",1930-06-21
"P004827","M",1948-07-04
"P004828","F",1920-07-14
"P004829","F",1937-07-22
"P004830","F",1962-11-26
"P004831","F",1927-03-06
"P004832","F",1923-09-10
"P004833","M",1943-09-04
"P004834","M",1922-08-01
"P004835","F",1934-11-17
"P004836","M",1969-12-19
"P004837","F",1957-11-15
"P004838","M",1969-01-19
"P004839","M",1922-07-25
"P004840","M",1927-09-05
"P004841","F",1927-07-15
"P004842","F",1975-12-06
"P004843","F",1950-09-11
"P004844","M",1938-02-04
"P004845","F",1923-01-17
"P004846","F",1934-11-26
"P004847","F",1941-04-16
"P004848","F",1939-09-26
"P004849","M",1960-10-31
"P004850","M",1945-02-15
"P004851","F",1938-11-15
"P004852","M",1935-04-06
"P004853","M",1946-04-18
"P004854","F",1963-01-08
"P004855","M",1931-07-05
"P004856","M",1961-02-12
"P004857","M",1936-11-15
"P004858","F",1941-03-20
"P004859","F",1928-07-15
"P004860","M",1962-03-11
"P004861","M",1965-03-14
"P004862","M",1961-04-23
"P004863","M",1954-01-03
"P004864","M",1947-11-08
"P004865","F",1970-06-15
"P004866","F",1947-11-03
"P004867","M",1943-11-10
"P004868","M",1966-09-20
"P004869","M",1952-07-30
"P004870","F",1933-12-17
"P004871","M",1932-09-16
"P004872","M",1951-12-18
"P004873","M",1965-05-15
"P004874","M",1949-02-05
"P004875","M",1924-09-01
"P004876","F",1942-08-01
"P004877","F",1929-07-07
"P004878","M",1930-08-18
"P004879","M",1967-04-22
"P004880","M",1944-01-07
"P004881","M",1937-01-06
"P004882","M",1933-06-06
"P004883","M",1934-02-01
"P004884","F",1947-10-05
"P004885","F",1946-11-01
"P004886","M",1933-06-08
"P004887","F",1948-09-21
"P004888","M",1923-03-13
"P004889","F",1972-08-20
"P004890","M",1928-01-20
"P004891","F",1928-02-01
"P004892","M",1927-05-14
"P004893","M",1974-08-02
"P004894","F",1955-09-05
"P004895","M",1951-09-09
"P004896","F",1944-02-20
"P004897","M",1940-04-20
"P004898","M",1930-09-07
"P004899","F",1945-02-16
"P004900","M",1973-06-16
"P004901","M",1948-10-26
"P004902","M",1949-10-16
"P004903","F",1955-05-01
"P004904","F",1954-11-25
"P004905","M",1940-12-22
"P004906","F",1945-04-12
"P004907","M",1939-09-24
"P004908","F",1956-09-10
"P004909","M",1928-09-17
"P004910","F",1936-06-14
"P004911","M",1931-10-02
"P004912","F",1959-02-05
"P004913","F",1942-12-27
"P004914","F",1957-02-12
"P004915","F",1930-06-29
"P004916","F",1975-04-11
"P004917","F",1959-12-03
"P004918","F",1932-06-26
"P004919","F",1932-06-18
"P004920","F",1953-10-26
"P004921","F",1930-11-12
"P004922","M",1926-06-20
"P004923","F",1956-10-04
"P004924","M",1951-12-07
"P004925","M",1958-03-27
"P004926","F",1968-12-16
"P004927","F",1958-04-17
"P004928","M",1961-03-03
"P004929","F",1947-10-05
"P004930","M",1937-08-02
"P004931","F",1965-09-20
"P004932","F",1942-03-01
"P004933","M",1929-08-20
"P004934","M",1975-05-27
"P004935","F",1924-04-11
"P004936","M",1929-06-25
"P004937","F",1947-12-23
"P004938","M",1965-03-24
"P004939","F",1945-06-02
"P004940","M",1926-10-01
"P004941","F",1968-09-23
"P004942","M",1970-05-23
"P004943","F",1970-06-26
"P004944","M",1966-02-11
"P004945","F",1958-08-31
"P004946","M",1961-08-04
"P004947","M",1966-12-28
"P004948","M",1971-10-01
"P004949","F",1927-01-20
"P004950","M",1970-08-02
"P004951","M",1958-06-16
"P004952","F",1938-12-30
"P004953","F",1969-12-15
"P004954","M",1951-12-06
"P004955","F",1931-09-29
"P004956","F",1954-02-18
"P004957","F",1957-02-20
"P004958","M",1926-08-31
"P004959","M",1922-12-17
"P004960","F",1965-02-15
"P004961","M",1937-10-04
"P004962","M",1968-05-29
"P004963","M",1926-12-16
"P004964","M",1975-09-06
"P004965","F",1940-10-10
"P004966","M",1965-04-12
"P004967","F",1930-07-22
"P004968","M",1970-03-18
"P004969","F",1924-06-13
"P004970","M",1928-01-27
"P004971","M",1947-07-22
"P004972","F",1950-05-31
"P004973","M",1959-12-26
"P004974","M",1946-08-31
"P004975","M",1931-06-24
"P004976","M",1936-02-04
"P004977","M",1922-08-24
"P004978","M",1923-05-14
"P004979","M",1973-12-11
"P004980","M",1955-08-05
"P004981","M",1929-11-06
"P004982","M",1967-04-08
"P004983","M",1925-03-24
"P004984","F",1953-12-17
"P004985","F",1931-07-01
"P004986","F",1963-03-23
"P004987","M",1969-03-18
"P004988","M",1961-12-14
"P004989","M",1972-06-12
"P004990","M",1960-01-24
"P004991","M",1960-12-15
"P004992","M",1951-07-07
"P004993","M",1922-10-23
"P004994","F",1925-12-14
"P004995","F",1974-06-19
"P004996","F",1938-09-15
"P004997","M",1962-03-07
"P004998","F",1974-11-17
"P004999","F",1953-05-26
"P005000","M",1966-04-10
