"person_id","event_id","event_date"
"P000001",53,1991-05-15
"P000001",53,1992-04-27
"P000001",23,1994-12-21
"P000001",29,1996-09-20
"P000001",9,1998-05-09
"P000002",40,1968-04-06
"P000002",20,1981-04-27
"P000002",6,1983-10-04
"P000002",65,1984-04-11
"P000002",27,1985-12-21
"P000002",3,1987-02-06
"P000002",23,1994-03-31
"P000002",13,1998-07-31
"P000003",4,1979-06-02
"P000003",10,1979-10-06
"P000003",52,1982-01-04
"P000003",52,1997-11-18
"P000003",4,2004-10-12
"P000004",24,1992-08-22
"P000004",35,1993-10-27
"P000004",57,1994-12-22
"P000004",12,1995-11-08
"P000004",21,2004-07-18
"P000004",35,2005-01-21
"P000004",42,2007-08-27
"P000004",38,2007-12-22
"P000004",47,2008-07-11
"P000004",3,2013-11-20
"P000004",49,2015-06-15
"P000004",61,2017-12-23
"P000004",35,2022-04-07
"P000005",1,1998-05-05
"P000006",27,2001-07-27
"P000006",62,2003-06-08
"P000006",64,2005-01-12
"P000006",54,2017-06-23
"P000007",6,2018-05-29
"P000007",1,2019-03-02
"P000007",24,2021-11-20
"P000007",14,2023-05-02
"P000007",62,2043-07-25
"P000008",28,2018-01-05
"P000008",25,2018-06-29
"P000008",52,2018-11-05
"P000008",47,2019-01-26
"P000008",62,2021-04-05
"P000008",39,2021-05-05
"P000008",19,2047-11-21
"P000008",61,2048-06-16
"P000008",6,2049-06-26
"P000009",11,2027-12-10
"P000009",56,2028-07-11
"P000009",4,2029-01-10
"P000009",6,2041-04-07
"P000009",4,2043-06-29
"P000010",3,2040-04-04
"P000010",1,2044-02-25
"P000010",52,2049-07-31
"P000011",17,2023-09-14
"P000011",61,2039-05-17
"P000011",28,2043-10-20
"P000012",16,1997-06-01
"P000012",67,1998-10-31
"P000012",41,2000-03-14
"P000012",6,2003-01-05
"P000012",2,2007-07-19
"P000012",11,2008-09-07
"P000012",49,2008-11-09
"P000012",58,2010-09-20
"P000012",55,2011-02-15
"P000013",23,2011-11-30
"P000013",41,2022-02-17
"P000013",44,2022-09-21
"P000013",22,2023-05-16
"P000014",28,1975-11-20
"P000014",3,1998-04-07
"P000015",27,2006-08-20
"P000015",19,2008-10-25
"P000015",49,2010-04-08
"P000015",14,2020-01-26
"P000016",29,2028-04-10
"P000016",41,2028-10-04
"P000016",47,2034-07-02
"P000016",28,2039-04-20
"P000016",1,2040-05-07
"P000016",25,2051-01-18
"P000017",12,1993-08-03
"P000017",43,2016-11-14
"P000017",3,2017-04-05
"P000017",41,2017-07-16
"P000017",52,2018-12-08
"P000018",54,2009-10-16
"P000018",18,2009-11-30
"P000018",2,2012-01-03
"P000018",56,2013-10-20
"P000018",52,2015-09-16
"P000018",1,2020-05-24
"P000018",21,2022-05-05
"P000018",1,2031-08-04
"P000019",4,2020-12-05
"P000019",37,2038-08-14
"P000019",17,2048-08-12
"P000020",54,1988-02-23
"P000020",23,1990-04-01
"P000020",29,1991-01-27
"P000020",41,1995-04-26
"P000020",14,1996-09-30
"P000020",7,1998-06-09
"P000020",64,1998-09-21
"P000020",30,1999-08-14
"P000020",11,2000-06-02
"P000020",11,2003-08-03
"P000021",8,1987-04-02
"P000021",14,1998-02-12
"P000021",2,2000-08-21
"P000021",19,2003-06-25
"P000021",14,2011-03-07
"P000022",52,1992-09-27
"P000022",3,1994-05-19
"P000022",15,2006-11-03
"P000022",49,2012-01-26
"P000022",16,2012-03-01
"P000022",1,2012-10-26
"P000022",27,2015-11-27
"P000022",3,2016-10-21
"P000022",11,2022-05-18
"P000023",27,1992-01-04
"P000023",52,1992-10-27
"P000023",10,2005-08-16
"P000023",24,2006-06-16
"P000023",7,2026-03-07
"P000023",64,2027-11-20
"P000024",23,1995-08-18
"P000024",27,2002-12-31
"P000024",42,2003-11-03
"P000024",1,2003-11-03
"P000024",32,2004-07-16
"P000024",32,2004-09-24
"P000024",50,2005-03-21
"P000024",50,2006-05-07
"P000024",36,2006-07-28
"P000024",27,2006-11-29
"P000024",41,2014-01-09
"P000025",28,1988-08-18
"P000025",28,2007-03-25
"P000025",49,2011-11-07
"P000025",14,2014-06-19
"P000025",41,2016-08-02
"P000026",8,1989-09-07
"P000026",16,2002-04-18
"P000026",57,2002-11-20
"P000026",50,2003-01-29
"P000026",23,2005-11-23
"P000026",67,2010-08-11
"P000026",8,2012-05-08
"P000026",1,2020-05-26
"P000027",2,1992-08-13
"P000027",3,1998-05-16
"P000027",1,2014-03-22
"P000028",24,1973-12-18
"P000028",37,1974-07-19
"P000028",8,1976-08-28
"P000028",54,1976-11-01
"P000028",66,1976-12-09
"P000028",39,1977-03-21
"P000028",4,1982-10-28
"P000028",44,1985-03-18
"P000029",16,1980-06-27
"P000029",23,1981-02-22
"P000029",9,1982-02-03
"P000029",18,1984-07-05
"P000029",3,1984-11-27
"P000029",11,1998-02-06
"P000029",62,1999-10-28
"P000029",6,2000-10-15
"P000029",53,2009-09-28
"P000029",42,2010-02-22
"P000029",49,2010-11-17
"P000029",22,2010-12-09
"P000030",18,2016-08-19
"P000030",2,2024-12-15
"P000030",3,2025-11-17
"P000030",35,2026-08-08
"P000030",31,2027-01-30
"P000030",8,2044-11-09
"P000031",2,2003-01-21
"P000031",6,2007-03-15
"P000031",26,2017-06-30
"P000031",62,2019-01-26
"P000031",46,2019-10-22
"P000031",54,2029-01-04
"P000032",1,2015-04-22
"P000034",12,1989-07-08
"P000035",1,1996-07-27
"P000035",29,2003-03-14
"P000035",41,2004-06-29
"P000035",34,2004-11-03
"P000035",34,2006-06-19
"P000035",40,2006-11-28
"P000035",47,2008-03-21
"P000035",42,2014-11-14
"P000035",28,2017-05-28
"P000035",54,2017-07-22
"P000035",2,2028-08-01
"P000036",18,1997-03-09
"P000036",9,2004-07-17
"P000036",12,2004-10-13
"P000036",3,2025-02-03
"P000036",28,2035-12-04
"P000036",2,2036-02-04
"P000036",39,2036-11-08
"P000037",8,2010-07-22
"P000037",42,2011-01-08
"P000037",42,2011-06-12
"P000037",53,2014-03-30
"P000037",51,2016-01-05
"P000037",23,2020-08-22
"P000037",62,2020-11-15
"P000037",1,2032-04-27
"P000037",28,2033-01-19
"P000037",55,2033-08-05
"P000037",23,2036-01-29
"P000037",55,2036-07-08
"P000037",43,2038-05-15
"P000037",46,2038-10-31
"P000038",8,1982-03-14
"P000038",28,2006-05-09
"P000038",40,2007-01-20
"P000038",24,2007-11-28
"P000038",47,2008-05-30
"P000038",19,2009-07-24
"P000038",40,2013-01-16
"P000038",40,2013-07-08
"P000038",7,2013-12-27
"P000038",12,2014-11-10
"P000039",8,1983-10-04
"P000039",31,1984-07-08
"P000039",25,1989-09-12
"P000039",28,1994-12-30
"P000039",30,2010-05-05
"P000039",28,2012-08-21
"P000039",4,2014-11-08
"P000040",3,1970-01-10
"P000041",9,2000-02-11
"P000041",35,2000-06-13
"P000041",3,2011-08-17
"P000041",49,2015-05-06
"P000041",26,2019-12-14
"P000041",49,2023-12-08
"P000042",62,1997-07-30
"P000042",16,2005-07-05
"P000042",33,2005-08-22
"P000042",33,2005-08-29
"P000042",23,2006-12-14
"P000042",62,2007-02-09
"P000042",14,2009-01-19
"P000042",23,2009-09-19
"P000042",18,2029-09-01
"P000042",9,2030-06-19
"P000043",8,1985-08-17
"P000043",35,1987-09-29
"P000043",51,1988-05-07
"P000044",42,1998-10-29
"P000044",15,1999-11-25
"P000044",18,2003-08-17
"P000044",8,2005-02-08
"P000044",21,2009-08-09
"P000044",57,2012-04-15
"P000044",11,2015-09-13
"P000044",60,2027-04-19
"P000045",7,2027-08-03
"P000045",24,2029-11-16
"P000045",55,2034-03-25
"P000045",11,2035-08-06
"P000045",23,2037-04-11
"P000046",1,2000-07-21
"P000046",23,2020-12-28
"P000046",39,2021-06-01
"P000046",11,2022-01-20
"P000046",58,2022-02-05
"P000046",16,2023-12-10
"P000046",1,2024-05-14
"P000046",6,2026-11-13
"P000047",47,2012-02-09
"P000047",13,2014-12-13
"P000047",55,2027-11-06
"P000048",36,1978-08-24
"P000048",48,1981-12-04
"P000048",43,1982-11-26
"P000048",3,1986-11-14
"P000048",3,1986-11-18
"P000048",1,1987-07-26
"P000048",2,1991-04-09
"P000048",1,1994-09-13
"P000048",4,2001-08-09
"P000049",24,1983-04-10
"P000049",38,1994-08-26
"P000049",52,1994-09-09
"P000049",53,1995-05-05
"P000049",50,1996-01-01
"P000049",45,1997-03-07
"P000049",66,1997-12-31
"P000049",66,1998-04-16
"P000049",27,2005-03-19
"P000050",29,1971-02-11
"P000050",61,1976-05-27
"P000050",1,2006-04-27
"P000050",12,2008-06-08
"P000051",14,1961-08-01
"P000051",25,1962-04-10
"P000051",4,1965-10-05
"P000051",17,1966-09-01
"P000051",65,1967-04-13
"P000051",27,1969-04-25
"P000051",41,1969-09-27
"P000051",55,1969-12-13
"P000051",42,1969-12-19
"P000051",6,1970-07-20
"P000051",30,1970-09-04
"P000051",66,1971-03-16
"P000051",64,1972-02-16
"P000051",27,1986-03-18
"P000051",6,1993-02-10
"P000051",4,1998-08-20
"P000052",14,1998-07-20
"P000052",8,2015-10-23
"P000052",23,2020-06-09
"P000052",23,2027-05-08
"P000052",53,2030-01-18
"P000053",62,2003-10-15
"P000053",16,2007-03-20
"P000053",54,2007-07-09
"P000053",12,2008-04-13
"P000053",3,2009-08-28
"P000053",26,2010-09-30
"P000053",52,2014-02-17
"P000053",55,2014-10-19
"P000053",14,2035-09-24
"P000054",14,1971-04-27
"P000054",16,1973-05-11
"P000054",3,1997-02-20
"P000054",30,1998-09-21
"P000054",1,2004-06-20
"P000055",4,2010-10-03
"P000055",58,2012-02-28
"P000055",26,2014-03-21
"P000055",30,2017-09-08
"P000055",3,2029-04-17
"P000056",28,1987-02-11
"P000056",16,1987-03-25
"P000056",39,1987-09-29
"P000056",54,1988-04-25
"P000056",39,1988-08-11
"P000056",42,2019-07-19
"P000057",63,1963-12-15
"P000057",34,1964-02-09
"P000057",23,1971-05-04
"P000058",39,2025-07-17
"P000058",34,2026-10-03
"P000058",11,2027-07-19
"P000058",55,2043-07-21
"P000058",3,2043-12-06
"P000058",1,2044-08-04
"P000059",4,1994-04-09
"P000059",49,1994-12-13
"P000060",42,2005-03-09
"P000060",23,2016-04-03
"P000060",67,2016-11-13
"P000060",43,2017-05-15
"P000060",52,2019-11-28
"P000060",3,2022-04-01
"P000060",21,2023-12-30
"P000060",40,2033-11-26
"P000060",55,2041-11-06
"P000060",59,2042-09-19
"P000060",50,2044-07-13
"P000061",61,1966-11-08
"P000061",43,1968-02-22
"P000061",60,1990-11-19
"P000061",28,2001-10-06
"P000061",14,2002-07-31
"P000062",55,2004-03-08
"P000062",22,2007-04-24
"P000062",25,2026-09-29
"P000062",52,2028-04-09
"P000062",61,2030-07-27
"P000062",58,2031-12-01
"P000062",28,2036-07-24
"P000062",14,2037-02-02
"P000062",65,2038-01-27
"P000063",38,2006-10-21
"P000063",20,2016-05-02
"P000063",14,2016-08-17
"P000063",58,2018-08-14
"P000063",12,2026-10-25
"P000064",61,2011-08-13
"P000064",14,2011-12-22
"P000065",47,1978-11-17
"P000065",31,1981-02-27
"P000065",48,1984-08-26
"P000065",15,1985-08-13
"P000065",38,1990-09-20
"P000066",41,2006-08-10
"P000066",3,2009-04-17
"P000067",18,1978-05-15
"P000067",67,1978-10-19
"P000067",15,1978-12-27
"P000067",54,1979-03-28
"P000067",40,1993-01-15
"P000067",48,1998-05-28
"P000067",7,2003-07-28
"P000067",53,2005-06-14
"P000067",16,2006-05-06
"P000067",14,2007-08-08
"P000067",9,2011-03-21
"P000067",15,2012-03-08
"P000068",2,1981-06-12
"P000068",1,1985-12-02
"P000068",21,1986-01-02
"P000068",11,1995-01-09
"P000068",55,1995-10-02
"P000068",19,1998-01-10
"P000068",24,1998-02-04
"P000068",5,1999-09-16
"P000068",35,2000-06-09
"P000068",51,2000-07-08
"P000068",2,2000-10-17
"P000068",14,2020-06-06
"P000069",25,2007-05-30
"P000070",30,1988-02-23
"P000070",2,1989-02-27
"P000071",47,2001-06-24
"P000071",9,2003-01-24
"P000071",14,2005-03-02
"P000071",57,2006-03-15
"P000071",28,2006-07-01
"P000071",51,2007-05-18
"P000071",8,2008-11-18
"P000071",6,2012-04-01
"P000071",4,2012-12-25
"P000071",52,2021-05-04
"P000071",14,2038-09-09
"P000072",27,2013-08-15
"P000072",52,2014-12-02
"P000072",4,2016-08-20
"P000072",8,2017-06-11
"P000072",62,2020-08-13
"P000072",64,2021-12-19
"P000072",35,2023-08-29
"P000072",5,2024-04-22
"P000072",65,2025-09-11
"P000072",2,2044-10-26
"P000073",55,2014-09-10
"P000073",30,2020-09-10
"P000074",49,1999-12-13
"P000074",61,2000-12-19
"P000074",32,2001-05-23
"P000074",49,2005-05-26
"P000074",64,2005-08-31
"P000074",18,2009-12-28
"P000074",9,2010-08-22
"P000074",61,2010-09-23
"P000074",9,2011-10-17
"P000074",26,2013-02-20
"P000074",14,2018-12-19
"P000075",43,1977-03-13
"P000075",28,1979-02-13
"P000075",23,1980-06-18
"P000075",43,1980-06-20
"P000075",35,1984-08-30
"P000075",2,1985-02-23
"P000075",64,1985-08-15
"P000075",7,1986-09-18
"P000075",14,1987-03-10
"P000075",50,1987-12-31
"P000075",48,1988-05-21
"P000075",25,2002-06-30
"P000075",4,2006-08-24
"P000076",20,2012-01-03
"P000076",1,2012-05-27
"P000076",12,2013-09-19
"P000076",1,2024-01-02
"P000076",39,2036-03-24
"P000076",4,2037-07-15
"P000076",2,2040-09-26
"P000077",23,2040-10-19
"P000077",18,2041-02-09
"P000077",53,2041-03-10
"P000077",60,2048-07-02
"P000077",9,2049-01-12
"P000078",26,2019-11-07
"P000078",52,2020-10-08
"P000079",6,2002-01-26
"P000079",21,2011-03-27
"P000079",26,2014-07-09
"P000079",16,2019-10-14
"P000079",27,2021-01-21
"P000079",21,2031-01-05
"P000079",47,2038-04-01
"P000079",27,2039-10-05
"P000080",1,2003-04-08
"P000081",26,1989-09-19
"P000081",34,1998-11-15
"P000081",40,2000-01-26
"P000081",40,2002-12-30
"P000081",41,2003-08-26
"P000081",7,2004-01-13
"P000081",23,2006-06-10
"P000081",37,2006-11-11
"P000081",50,2006-11-18
"P000081",29,2009-10-09
"P000081",54,2027-02-09
"P000082",27,1997-11-16
"P000083",18,1971-10-26
"P000083",28,1992-02-01
"P000083",17,1994-02-18
"P000084",26,2014-03-30
"P000084",13,2015-07-27
"P000084",2,2018-04-03
"P000084",28,2036-01-10
"P000085",26,1991-12-16
"P000085",14,1992-05-22
"P000085",8,1992-08-13
"P000085",2,1994-08-26
"P000086",47,2008-11-30
"P000086",46,2010-01-11
"P000086",37,2011-06-05
"P000086",43,2012-06-25
"P000086",18,2012-10-31
"P000086",15,2013-08-30
"P000086",19,2014-04-15
"P000086",18,2014-09-19
"P000086",2,2021-11-23
"P000086",23,2026-09-29
"P000086",11,2035-06-08
"P000086",55,2038-09-02
"P000087",35,2020-11-04
"P000087",57,2021-03-04
"P000087",3,2028-12-08
"P000087",49,2031-04-27
"P000087",53,2031-12-05
"P000087",27,2032-07-23
"P000087",49,2033-04-29
"P000088",21,2017-11-15
"P000089",26,2009-09-13
"P000089",23,2020-01-23
"P000089",2,2022-12-11
"P000089",4,2033-04-01
"P000090",52,1979-08-18
"P000090",60,1980-08-10
"P000090",14,1984-02-25
"P000090",12,1987-12-04
"P000090",9,2004-11-21
"P000091",53,2019-10-10
"P000091",17,2028-07-22
"P000091",49,2036-01-07
"P000091",4,2044-05-21
"P000091",27,2047-01-12
"P000092",18,2003-03-21
"P000092",6,2006-05-19
"P000092",18,2022-10-13
"P000092",10,2024-09-10
"P000092",24,2032-11-29
"P000092",6,2035-07-06
"P000092",23,2036-11-12
"P000093",28,2027-06-17
"P000093",12,2028-03-02
"P000093",16,2030-06-30
"P000093",67,2030-12-20
"P000093",25,2031-12-13
"P000093",2,2043-12-12
"P000094",47,2016-08-28
"P000094",46,2017-01-04
"P000094",67,2021-03-07
"P000094",42,2021-07-27
"P000094",3,2025-01-10
"P000094",63,2032-09-15
"P000094",55,2036-04-22
"P000094",27,2047-12-09
"P000094",28,2048-03-24
"P000094",28,2049-03-29
"P000096",28,2006-01-19
"P000096",47,2007-03-12
"P000096",45,2007-09-21
"P000096",67,2009-11-08
"P000096",1,2010-07-15
"P000096",10,2014-09-08
"P000096",38,2016-07-15
"P000096",36,2029-09-01
"P000097",55,1980-04-08
"P000097",38,1987-10-12
"P000097",9,1992-07-21
"P000097",26,1994-07-07
"P000097",29,1999-12-21
"P000097",34,2001-01-27
"P000098",8,2006-03-22
"P000098",54,2007-08-14
"P000098",47,2012-02-09
"P000098",17,2027-09-03
"P000098",65,2030-12-14
"P000098",60,2030-12-19
"P000098",61,2035-07-27
"P000098",6,2036-06-15
"P000098",34,2036-08-03
"P000098",28,2041-08-09
"P000099",4,2003-07-26
"P000099",40,2018-08-27
"P000099",32,2025-06-11
"P000099",35,2028-09-12
"P000099",8,2039-02-01
"P000099",52,2039-04-05
"P000100",26,2031-01-31
"P000100",7,2035-12-23
"P000100",3,2048-11-03
"P000100",11,2053-07-08
"P000100",37,2055-01-14
"P000101",60,2011-11-17
"P000101",55,2014-01-22
"P000101",25,2015-12-23
"P000101",28,2017-07-18
"P000101",12,2017-10-06
"P000101",55,2019-05-03
"P000101",17,2020-09-17
"P000101",21,2021-07-22
"P000101",44,2021-08-28
"P000102",55,1979-09-11
"P000102",11,1981-06-25
"P000102",46,1987-03-14
"P000102",49,1988-03-05
"P000102",16,1990-01-29
"P000103",54,2033-02-09
"P000103",50,2038-08-22
"P000103",23,2040-07-29
"P000103",6,2041-07-05
"P000103",36,2042-11-16
"P000103",1,2044-06-09
"P000103",50,2045-02-21
"P000103",63,2046-03-09
"P000104",14,2012-09-06
"P000104",14,2013-08-22
"P000104",52,2015-08-22
"P000104",18,2022-05-28
"P000104",4,2025-02-07
"P000104",5,2026-09-22
"P000104",11,2027-05-30
"P000104",7,2037-10-07
"P000105",11,2009-05-23
"P000105",1,2016-07-31
"P000106",28,1995-08-30
"P000106",53,2006-12-24
"P000106",9,2007-10-23
"P000106",18,2008-04-10
"P000106",14,2008-10-27
"P000106",62,2010-08-04
"P000106",12,2018-10-05
"P000107",47,1984-11-22
"P000107",14,1986-12-14
"P000107",28,2011-03-01
"P000107",16,2011-08-10
"P000107",28,2018-02-16
"P000108",26,1978-09-18
"P000108",1,1979-08-25
"P000108",4,1980-03-24
"P000108",8,1984-05-08
"P000109",4,2006-04-10
"P000109",65,2017-03-30
"P000110",23,1988-12-18
"P000110",61,1991-01-28
"P000110",49,1993-12-03
"P000110",62,1995-05-05
"P000110",2,1995-06-02
"P000110",40,1995-11-09
"P000110",36,1996-06-21
"P000110",2,2004-10-25
"P000110",57,2005-06-22
"P000110",2,2016-02-19
"P000111",43,1995-12-07
"P000111",52,1997-06-25
"P000111",3,2005-12-05
"P000111",4,2011-10-06
"P000111",27,2012-03-04
"P000112",24,1982-01-02
"P000112",14,1986-03-03
"P000112",3,1986-04-14
"P000112",9,1988-10-16
"P000112",2,2003-07-27
"P000112",28,2004-10-16
"P000112",2,2005-05-28
"P000112",28,2014-10-02
"P000112",1,2020-03-15
"P000113",47,1966-08-02
"P000113",26,1975-06-17
"P000113",27,1977-02-15
"P000113",27,1978-12-26
"P000113",62,2002-03-18
"P000114",8,1991-12-01
"P000114",6,1998-11-11
"P000114",49,2001-05-22
"P000114",12,2011-06-12
"P000115",28,2016-02-10
"P000115",57,2016-04-03
"P000115",57,2017-01-08
"P000115",51,2024-11-22
"P000115",12,2028-12-09
"P000115",6,2039-02-22
"P000116",25,2013-12-21
"P000116",14,2014-03-09
"P000116",58,2015-03-16
"P000116",34,2016-02-15
"P000116",3,2017-12-15
"P000116",28,2028-03-16
"P000116",27,2030-05-07
"P000116",18,2045-04-21
"P000116",44,2046-04-29
"P000117",49,2016-06-19
"P000117",64,2016-07-19
"P000117",49,2018-08-04
"P000117",64,2018-12-13
"P000117",2,2019-03-16
"P000117",21,2031-05-11
"P000117",1,2036-07-22
"P000117",60,2037-05-05
"P000117",38,2038-01-02
"P000117",41,2038-11-22
"P000117",66,2039-12-27
"P000117",43,2041-03-29
"P000118",8,1988-09-12
"P000118",4,1997-02-27
"P000118",38,2003-07-30
"P000118",46,2004-11-06
"P000118",58,2006-12-01
"P000118",7,2022-11-15
"P000119",24,2012-08-05
"P000119",28,2014-06-17
"P000119",28,2020-01-12
"P000119",12,2020-04-29
"P000119",1,2022-10-31
"P000119",28,2028-03-13
"P000119",43,2037-02-10
"P000119",28,2043-03-22
"P000120",10,1983-09-04
"P000120",11,1987-05-10
"P000120",65,1991-01-06
"P000120",56,1992-12-12
"P000120",31,1996-09-04
"P000120",3,1998-04-28
"P000120",61,1999-07-01
"P000120",23,2005-08-08
"P000120",54,2005-09-30
"P000120",36,2005-10-08
"P000120",67,2007-02-24
"P000120",18,2007-05-28
"P000120",4,2008-02-23
"P000120",14,2008-12-05
"P000120",11,2012-07-07
"P000120",37,2013-10-28
"P000120",41,2014-02-09
"P000120",40,2016-06-04
"P000121",28,1984-06-19
"P000121",3,1985-08-16
"P000122",2,2022-06-18
"P000122",15,2024-12-16
"P000122",3,2025-02-26
"P000123",12,1976-03-21
"P000123",23,1981-03-04
"P000123",4,1987-02-13
"P000123",58,1987-04-02
"P000123",61,1987-04-27
"P000123",50,1991-01-28
"P000123",2,2001-04-20
"P000123",28,2008-06-30
"P000123",23,2008-11-03
"P000123",12,2013-06-01
"P000124",52,1977-06-15
"P000124",5,1982-05-01
"P000124",27,1989-06-25
"P000124",23,1990-04-25
"P000124",29,1991-07-02
"P000125",6,2006-04-07
"P000125",14,2006-06-05
"P000125",8,2006-12-12
"P000125",45,2012-04-15
"P000125",60,2014-06-25
"P000125",34,2014-10-08
"P000125",18,2015-05-16
"P000125",44,2015-11-04
"P000125",12,2016-04-03
"P000125",56,2016-09-05
"P000125",41,2017-02-27
"P000125",15,2018-06-05
"P000125",30,2019-09-06
"P000125",7,2020-05-01
"P000125",63,2023-09-12
"P000125",52,2044-12-20
"P000126",48,1980-01-20
"P000126",8,2000-12-21
"P000126",4,2001-05-31
"P000126",29,2002-06-21
"P000126",24,2006-08-26
"P000127",48,2020-10-14
"P000127",17,2021-04-14
"P000127",27,2023-05-10
"P000127",26,2026-08-21
"P000127",52,2028-06-18
"P000127",27,2047-06-27
"P000128",24,2034-08-19
"P000128",18,2039-11-30
"P000128",32,2046-01-11
"P000129",34,2021-05-05
"P000129",10,2033-09-03
"P000129",28,2034-12-11
"P000129",1,2034-12-21
"P000129",24,2037-09-13
"P000129",43,2038-06-15
"P000129",27,2041-04-08
"P000129",24,2042-06-13
"P000129",3,2042-07-19
"P000129",27,2045-09-15
"P000129",35,2052-07-22
"P000130",14,1982-04-06
"P000130",28,1991-07-12
"P000130",16,1991-09-14
"P000131",60,1983-07-06
"P000131",9,1984-05-15
"P000131",55,1992-04-24
"P000131",43,1993-06-22
"P000131",26,1995-11-12
"P000131",6,1995-11-26
"P000131",8,1997-05-14
"P000131",8,1999-07-27
"P000132",3,1978-01-08
"P000132",3,1989-04-19
"P000132",49,2002-08-22
"P000132",2,2002-10-17
"P000132",24,2008-05-25
"P000132",4,2008-12-20
"P000132",53,2009-01-31
"P000133",44,1984-10-02
"P000133",6,1985-04-25
"P000133",26,1986-04-19
"P000133",66,1986-07-13
"P000133",28,1990-06-15
"P000133",16,1994-02-09
"P000133",47,1998-07-15
"P000133",23,2001-07-06
"P000133",67,2002-01-22
"P000133",39,2002-07-31
"P000133",50,2003-06-14
"P000133",2,2003-09-27
"P000134",38,1993-03-08
"P000134",11,1994-11-17
"P000134",56,1995-10-01
"P000134",52,1996-10-09
"P000134",65,1997-03-18
"P000134",15,1997-09-03
"P000134",58,1999-02-11
"P000134",28,1999-12-29
"P000134",6,2000-10-26
"P000134",55,2003-01-10
"P000135",4,1990-10-07
"P000135",12,1993-08-01
"P000135",7,1996-07-24
"P000135",55,1998-02-13
"P000135",21,2011-12-02
"P000135",21,2016-01-16
"P000136",47,1982-08-27
"P000136",23,1989-11-25
"P000136",27,1994-09-06
"P000136",11,2010-04-03
"P000136",28,2014-05-09
"P000136",53,2015-08-12
"P000136",52,2017-05-06
"P000137",28,1989-01-25
"P000137",25,1995-03-21
"P000137",1,1995-04-22
"P000137",14,2005-08-09
"P000137",14,2009-02-23
"P000137",41,2011-06-01
"P000137",41,2018-09-09
"P000137",6,2018-09-09
"P000137",44,2021-11-30
"P000138",28,2015-01-10
"P000138",40,2021-06-16
"P000138",32,2021-07-30
"P000138",19,2023-04-22
"P000138",12,2040-03-17
"P000139",12,1993-09-16
"P000139",38,2003-05-27
"P000139",52,2007-05-18
"P000139",61,2010-02-24
"P000139",22,2010-10-13
"P000139",49,2018-07-25
"P000139",6,2019-02-04
"P000139",22,2020-08-13
"P000139",14,2020-08-14
"P000140",7,1964-12-26
"P000140",28,1966-09-07
"P000140",16,1971-03-09
"P000140",4,1976-09-09
"P000140",62,1986-11-23
"P000140",14,1988-02-04
"P000140",6,1993-09-03
"P000141",21,1998-08-15
"P000141",49,1998-12-05
"P000142",15,1991-03-21
"P000143",25,1983-11-06
"P000143",3,1984-10-23
"P000143",2,1993-06-26
"P000143",26,1994-03-21
"P000143",24,1994-07-29
"P000143",55,2004-01-12
"P000143",40,2014-08-25
"P000144",5,1997-06-01
"P000144",44,1998-06-16
"P000144",62,2000-02-03
"P000145",65,1981-02-08
"P000145",40,1985-03-17
"P000145",53,1989-07-20
"P000145",3,1990-08-22
"P000145",54,1993-10-26
"P000145",39,1994-09-17
"P000145",55,1996-08-20
"P000145",43,1997-08-17
"P000146",11,1992-02-03
"P000146",23,2001-03-30
"P000146",6,2001-10-10
"P000146",7,2005-09-20
"P000146",16,2012-12-08
"P000147",55,1997-12-04
"P000147",49,1999-06-11
"P000148",42,2012-09-25
"P000148",6,2016-09-28
"P000148",4,2017-06-08
"P000148",14,2018-01-22
"P000148",1,2018-03-18
"P000148",23,2018-08-29
"P000148",30,2018-09-24
"P000148",27,2019-01-03
"P000148",30,2019-08-31
"P000148",4,2020-04-26
"P000148",7,2020-06-13
"P000148",64,2021-05-12
"P000149",48,1971-04-24
"P000149",60,1975-01-16
"P000149",18,1977-06-05
"P000149",18,1977-12-03
"P000149",49,1978-10-25
"P000149",65,1982-12-06
"P000149",65,1984-03-17
"P000149",4,1986-07-10
"P000150",42,2013-07-14
"P000150",55,2013-09-03
"P000150",24,2027-06-22
"P000150",28,2039-08-17
"P000151",7,1978-05-17
"P000152",11,2015-03-21
"P000152",28,2029-10-07
"P000152",8,2034-02-25
"P000152",62,2042-03-09
"P000153",43,1978-08-22
"P000153",49,2001-05-03
"P000154",28,1994-02-02
"P000154",27,2003-07-23
"P000154",49,2010-09-13
"P000154",12,2013-04-15
"P000154",4,2013-06-04
"P000155",26,2021-01-07
"P000155",17,2034-01-17
"P000156",8,1985-03-11
"P000156",23,1986-08-24
"P000156",42,1987-06-22
"P000156",12,2011-02-11
"P000157",31,1983-10-27
"P000157",4,1991-02-22
"P000157",4,1996-03-18
"P000157",53,2004-06-10
"P000157",28,2006-09-12
"P000157",21,2007-02-28
"P000158",7,2005-05-16
"P000158",1,2011-09-17
"P000158",60,2035-02-08
"P000159",3,1978-06-25
"P000159",18,1988-05-07
"P000159",53,1988-08-09
"P000159",49,1990-06-26
"P000159",24,1990-09-14
"P000159",1,1991-03-06
"P000159",63,1993-05-19
"P000159",14,2004-05-25
"P000160",49,1984-12-28
"P000160",23,1986-12-24
"P000160",28,1999-10-11
"P000160",10,2000-07-25
"P000160",60,2002-01-20
"P000160",56,2015-04-16
"P000161",3,1982-07-31
"P000161",28,2000-12-30
"P000162",23,1996-09-22
"P000162",36,1997-03-11
"P000162",24,2000-04-15
"P000162",35,2000-04-18
"P000162",49,2001-11-28
"P000162",67,2003-05-08
"P000162",3,2004-04-06
"P000162",49,2004-05-01
"P000162",10,2017-12-23
"P000162",4,2022-03-02
"P000162",55,2022-07-31
"P000163",8,2012-02-24
"P000163",54,2013-06-02
"P000165",21,2019-06-07
"P000165",2,2029-01-25
"P000165",28,2035-04-21
"P000165",12,2035-10-11
"P000165",23,2043-01-28
"P000165",67,2044-01-13
"P000165",35,2049-07-18
"P000166",23,1998-01-25
"P000166",55,2013-01-19
"P000166",2,2013-10-09
"P000167",16,1977-11-07
"P000167",63,1995-05-28
"P000167",23,1999-04-11
"P000167",67,2002-07-30
"P000167",2,2003-01-10
"P000168",24,1990-05-25
"P000168",17,1990-09-27
"P000168",57,1991-03-12
"P000168",40,1992-02-15
"P000168",47,1993-09-17
"P000168",51,1993-12-10
"P000168",62,2018-08-07
"P000169",28,2005-02-02
"P000169",30,2005-07-21
"P000169",44,2017-01-04
"P000169",49,2018-05-06
"P000169",3,2023-05-26
"P000169",1,2026-09-14
"P000169",12,2027-07-17
"P000170",11,1998-01-28
"P000170",2,2001-01-01
"P000170",22,2008-11-26
"P000170",4,2011-02-04
"P000170",53,2011-10-21
"P000170",41,2018-06-11
"P000170",40,2018-10-17
"P000170",34,2020-07-04
"P000170",44,2020-08-23
"P000170",11,2020-09-29
"P000170",19,2021-06-08
"P000170",26,2021-10-06
"P000170",52,2022-03-07
"P000171",18,1985-05-26
"P000171",42,1992-02-14
"P000171",28,1996-08-11
"P000171",14,2008-09-04
"P000172",54,2016-02-06
"P000172",28,2025-03-15
"P000172",12,2026-03-08
"P000172",28,2028-08-01
"P000173",27,2003-01-23
"P000173",27,2011-11-11
"P000174",10,2012-12-08
"P000175",28,2003-07-10
"P000175",32,2006-05-11
"P000175",32,2006-09-01
"P000175",47,2019-08-20
"P000175",52,2021-06-28
"P000175",59,2022-02-28
"P000175",2,2023-06-22
"P000176",1,1992-10-26
"P000176",12,1995-04-16
"P000176",55,1995-07-12
"P000176",28,2007-07-25
"P000176",20,2022-06-11
"P000177",11,1981-04-04
"P000177",27,1981-11-14
"P000177",62,1984-05-28
"P000177",1,1987-06-30
"P000177",43,1989-04-17
"P000177",17,1995-03-24
"P000177",28,1999-11-13
"P000177",40,2000-03-16
"P000177",40,2007-06-12
"P000177",60,2013-02-15
"P000178",26,2014-02-11
"P000178",3,2014-02-21
"P000178",26,2034-08-13
"P000178",6,2045-12-11
"P000179",44,1976-12-15
"P000180",31,1985-04-29
"P000180",3,1993-11-08
"P000181",11,1975-09-18
"P000181",55,1977-05-29
"P000181",3,1977-09-29
"P000181",44,2000-12-16
"P000181",24,2001-07-01
"P000182",55,1995-12-16
"P000182",15,2003-10-17
"P000182",30,2018-05-13
"P000183",6,2036-06-08
"P000183",55,2036-07-25
"P000184",6,1983-08-23
"P000184",41,1986-10-07
"P000184",25,1992-09-27
"P000184",26,2009-11-28
"P000184",21,2011-08-05
"P000184",3,2014-04-05
"P000184",30,2016-06-10
"P000185",23,1996-09-18
"P000186",61,2005-12-09
"P000186",28,2016-10-23
"P000187",10,2006-05-01
"P000187",49,2017-04-20
"P000187",22,2018-04-23
"P000187",5,2021-04-10
"P000187",5,2025-06-24
"P000187",43,2028-05-17
"P000187",52,2031-10-26
"P000187",1,2033-03-08
"P000188",57,1966-07-06
"P000188",25,1969-03-22
"P000188",33,1970-07-22
"P000188",6,1978-07-05
"P000188",52,1979-01-30
"P000188",3,1980-12-10
"P000188",39,1986-01-22
"P000188",28,1987-03-15
"P000188",39,1987-12-08
"P000188",16,1988-09-30
"P000188",15,1989-01-17
"P000188",13,1991-08-06
"P000188",2,1992-12-04
"P000188",14,1997-04-25
"P000188",2,1998-10-05
"P000189",24,1995-03-29
"P000189",28,1996-02-10
"P000189",28,2009-04-27
"P000189",62,2026-04-25
"P000189",12,2028-07-13
"P000189",56,2028-10-15
"P000189",55,2029-01-20
"P000190",12,2000-10-04
"P000190",15,2006-03-16
"P000190",42,2026-05-18
"P000190",49,2026-11-26
"P000190",32,2027-10-31
"P000190",55,2033-09-14
"P000190",11,2033-11-30
"P000190",56,2037-12-28
"P000191",10,1996-07-30
"P000191",55,2023-02-10
"P000191",6,2027-02-16
"P000191",55,2028-04-28
"P000191",19,2028-10-18
"P000191",44,2030-10-31
"P000191",3,2031-01-23
"P000191",12,2031-02-27
"P000191",27,2032-06-20
"P000192",3,1981-05-30
"P000192",14,1986-07-14
"P000192",4,1986-11-20
"P000192",24,1987-08-28
"P000192",58,1987-08-31
"P000193",3,2015-12-01
"P000193",47,2018-05-02
"P000193",59,2020-05-15
"P000193",8,2025-03-02
"P000193",52,2028-06-29
"P000193",23,2044-11-06
"P000193",27,2048-07-13
"P000194",14,2002-07-18
"P000194",26,2018-04-18
"P000194",47,2022-06-26
"P000194",59,2023-11-04
"P000195",47,1972-02-06
"P000195",49,1975-08-24
"P000195",28,1986-06-14
"P000195",1,1987-11-22
"P000195",15,1996-02-08
"P000196",27,2014-12-09
"P000196",25,2019-08-19
"P000196",61,2021-03-31
"P000196",5,2028-03-03
"P000196",44,2037-12-30
"P000196",11,2044-08-05
"P000197",62,1983-11-03
"P000197",28,1984-04-15
"P000197",11,2001-06-01
"P000197",50,2007-07-19
"P000198",41,1975-01-20
"P000198",44,2001-09-08
"P000198",48,2003-01-10
"P000198",15,2004-02-12
"P000199",23,1965-08-31
"P000199",50,1968-04-07
"P000199",3,1970-06-12
"P000199",52,1990-07-17
"P000200",42,1993-02-09
"P000200",1,1995-06-03
"P000200",8,1997-08-16
"P000200",3,1997-10-16
"P000200",35,1999-09-24
"P000200",11,2002-11-16
"P000200",1,2021-09-07
"P000200",13,2023-06-30
"P000201",25,2010-05-24
"P000201",27,2010-07-19
"P000201",55,2014-08-04
"P000201",54,2025-01-17
"P000202",53,2004-04-12
"P000202",42,2004-09-27
"P000202",51,2005-08-21
"P000202",15,2011-11-11
"P000203",50,1992-07-07
"P000203",1,1998-11-07
"P000203",57,2000-02-23
"P000203",43,2001-08-22
"P000203",3,2003-01-09
"P000203",5,2006-12-07
"P000203",18,2008-01-20
"P000203",35,2014-04-13
"P000203",27,2014-09-30
"P000203",30,2016-05-07
"P000203",53,2017-03-06
"P000203",49,2017-10-06
"P000203",42,2017-12-05
"P000203",50,2018-09-15
"P000203",50,2025-11-28
"P000204",10,2009-02-17
"P000204",12,2011-09-08
"P000204",10,2021-07-05
"P000204",28,2021-08-29
"P000204",28,2024-10-27
"P000205",27,1997-06-23
"P000206",21,1990-06-25
"P000206",47,1991-11-25
"P000206",27,1993-09-10
"P000206",38,1994-01-16
"P000206",38,1995-01-23
"P000206",62,1995-04-09
"P000206",28,1995-12-20
"P000206",54,2017-07-02
"P000206",3,2017-10-13
"P000207",56,2004-09-18
"P000207",33,2010-09-16
"P000207",60,2040-12-23
"P000208",2,2024-05-09
"P000208",57,2029-08-03
"P000208",42,2031-02-14
"P000208",49,2032-04-10
"P000208",16,2032-08-29
"P000208",32,2033-02-23
"P000208",15,2035-06-22
"P000208",55,2036-05-12
"P000208",41,2038-03-13
"P000208",6,2038-04-07
"P000208",27,2038-06-15
"P000208",13,2038-09-18
"P000208",54,2039-04-26
"P000208",34,2045-04-29
"P000208",32,2047-11-27
"P000209",6,2014-06-26
"P000209",4,2023-08-27
"P000209",46,2025-02-24
"P000210",28,1986-11-05
"P000210",39,1987-11-27
"P000210",57,1993-07-13
"P000211",4,2000-02-15
"P000211",46,2001-08-31
"P000211",26,2008-05-02
"P000211",67,2023-02-14
"P000211",18,2024-01-28
"P000211",6,2024-04-15
"P000211",61,2024-08-03
"P000211",3,2024-10-07
"P000211",39,2025-03-21
"P000211",55,2025-07-09
"P000211",44,2026-11-17
"P000211",33,2029-09-22
"P000211",18,2034-02-12
"P000212",61,1989-10-18
"P000212",28,2010-10-05
"P000213",26,2008-04-21
"P000213",26,2025-12-29
"P000213",66,2026-07-09
"P000213",43,2030-09-23
"P000213",28,2039-06-18
"P000214",28,1990-07-20
"P000214",55,1992-06-27
"P000214",55,1993-10-11
"P000214",46,1994-01-28
"P000214",57,1997-03-14
"P000214",25,1999-04-21
"P000214",23,2014-07-21
"P000214",29,2015-11-10
"P000215",25,2035-09-04
"P000215",62,2044-08-03
"P000215",17,2044-10-18
"P000216",43,2024-04-27
"P000216",6,2024-10-20
"P000216",61,2029-05-21
"P000216",26,2030-11-14
"P000216",64,2031-11-21
"P000216",60,2035-01-23
"P000216",9,2036-05-13
"P000217",61,1974-06-26
"P000217",2,2004-05-23
"P000218",42,2013-06-28
"P000218",20,2018-08-22
"P000218",36,2044-01-28
"P000219",18,2003-09-10
"P000219",60,2016-04-08
"P000219",1,2016-11-06
"P000219",26,2035-07-12
"P000219",66,2037-05-12
"P000219",33,2039-02-25
"P000219",66,2039-05-11
"P000221",62,2034-01-15
"P000221",40,2037-02-25
"P000221",26,2038-05-29
"P000221",23,2045-01-14
"P000221",54,2046-10-21
"P000221",31,2048-06-23
"P000222",11,1967-08-02
"P000222",8,1979-06-17
"P000222",54,1980-01-02
"P000222",40,1991-03-03
"P000222",21,1999-08-20
"P000222",44,2001-01-15
"P000223",25,2025-04-15
"P000224",49,2014-08-23
"P000224",28,2016-12-30
"P000224",30,2017-12-21
"P000224",32,2031-12-03
"P000225",41,2004-04-18
"P000225",55,2004-09-18
"P000225",12,2005-11-27
"P000225",8,2018-05-02
"P000225",54,2019-05-25
"P000225",53,2035-07-14
"P000226",67,1994-11-11
"P000226",26,2006-03-22
"P000226",8,2008-05-12
"P000226",28,2023-09-26
"P000226",40,2024-05-28
"P000226",40,2026-12-08
"P000226",40,2030-03-28
"P000227",38,1982-03-01
"P000227",5,1983-01-07
"P000228",23,2007-01-09
"P000228",29,2009-09-29
"P000228",20,2011-04-24
"P000228",3,2035-12-29
"P000228",14,2042-09-12
"P000229",53,2001-05-30
"P000230",42,2023-05-21
"P000230",52,2026-11-26
"P000231",27,2020-02-26
"P000231",3,2020-04-02
"P000231",62,2021-02-22
"P000231",46,2021-09-09
"P000231",1,2022-07-23
"P000231",2,2024-07-09
"P000231",33,2025-11-15
"P000231",43,2026-07-02
"P000231",53,2027-03-17
"P000231",3,2033-02-21
"P000232",52,2000-10-16
"P000232",55,2000-11-07
"P000232",46,2002-04-16
"P000232",57,2017-07-31
"P000233",44,2012-01-08
"P000233",36,2024-11-09
"P000233",3,2026-08-13
"P000234",12,2007-09-25
"P000234",28,2010-09-01
"P000234",6,2015-03-14
"P000234",55,2026-07-14
"P000235",2,1982-08-27
"P000235",23,1983-04-09
"P000235",2,1983-05-18
"P000235",4,1998-01-05
"P000236",27,2009-05-26
"P000236",24,2013-12-27
"P000236",43,2018-01-09
"P000236",2,2042-08-12
"P000236",18,2044-06-05
"P000236",4,2045-03-18
"P000236",65,2046-01-18
"P000237",43,2006-09-08
"P000237",3,2014-07-31
"P000237",1,2016-03-02
"P000238",52,2006-03-12
"P000238",55,2017-02-21
"P000238",15,2023-05-26
"P000238",23,2025-01-02
"P000239",6,2007-04-24
"P000239",31,2010-03-07
"P000239",41,2010-06-29
"P000239",54,2014-04-15
"P000239",2,2023-09-07
"P000239",3,2026-03-06
"P000239",27,2028-02-03
"P000240",47,1994-07-28
"P000240",65,2007-07-28
"P000240",54,2012-04-13
"P000240",36,2016-08-12
"P000240",57,2016-10-26
"P000241",52,2037-12-24
"P000241",28,2040-11-30
"P000242",31,2013-01-02
"P000242",27,2020-08-18
"P000242",26,2022-07-15
"P000242",54,2036-02-24
"P000242",54,2036-03-06
"P000243",28,1993-06-07
"P000243",2,1993-08-01
"P000243",10,1996-06-25
"P000243",3,2005-12-30
"P000243",14,2012-07-06
"P000243",12,2014-07-16
"P000243",62,2018-06-28
"P000243",14,2018-11-24
"P000243",43,2024-01-17
"P000243",58,2026-04-26
"P000244",11,2010-08-20
"P000244",53,2013-04-02
"P000244",11,2014-03-07
"P000244",37,2014-04-04
"P000244",47,2016-10-12
"P000244",47,2017-01-11
"P000244",1,2035-03-30
"P000244",21,2036-01-24
"P000244",11,2038-01-28
"P000244",8,2043-03-28
"P000244",54,2043-09-08
"P000244",46,2045-05-02
"P000245",52,1980-01-11
"P000245",65,1982-08-06
"P000246",60,1996-09-02
"P000246",1,1997-05-07
"P000246",2,2000-05-06
"P000246",43,2001-01-10
"P000246",21,2012-10-02
"P000246",42,2022-03-01
"P000247",1,1985-07-22
"P000247",27,1993-04-03
"P000247",64,1994-04-08
"P000247",52,2004-07-13
"P000247",5,2008-12-13
"P000248",14,1964-10-24
"P000248",43,1967-06-22
"P000248",43,1968-10-06
"P000248",28,1971-06-21
"P000248",6,1976-12-05
"P000248",44,1977-07-26
"P000248",18,1981-02-25
"P000248",46,1983-01-25
"P000248",21,1984-10-07
"P000248",31,1985-10-14
"P000248",11,1994-07-06
"P000248",2,2001-07-18
"P000248",41,2002-01-22
"P000249",61,1962-09-24
"P000249",48,1971-10-09
"P000249",49,1973-05-01
"P000249",18,1990-10-02
"P000249",66,1990-10-15
"P000250",3,2007-06-09
"P000250",55,2018-09-13
"P000250",42,2018-11-16
"P000250",46,2020-02-14
"P000250",13,2020-11-27
"P000251",31,2021-01-21
"P000251",47,2029-01-31
"P000251",46,2029-02-13
"P000251",66,2029-03-23
"P000251",14,2030-11-13
"P000251",8,2037-07-04
"P000251",21,2045-11-30
"P000252",6,1980-09-02
"P000252",21,1988-10-16
"P000252",57,1990-03-13
"P000252",54,1991-03-08
"P000252",1,1991-12-04
"P000252",9,2000-07-23
"P000252",63,2006-04-07
"P000252",19,2008-07-04
"P000253",6,1966-08-28
"P000253",23,1966-12-03
"P000253",7,1981-09-02
"P000253",38,1989-11-17
"P000254",62,2011-11-06
"P000254",49,2020-01-26
"P000254",26,2032-03-20
"P000254",3,2032-06-05
"P000254",3,2034-05-16
"P000254",12,2034-10-19
"P000254",49,2035-09-09
"P000254",49,2036-01-22
"P000254",39,2036-07-24
"P000254",21,2042-01-26
"P000254",4,2043-04-12
"P000255",30,1989-01-17
"P000255",27,1991-12-23
"P000255",25,1998-11-25
"P000255",62,1999-11-18
"P000255",55,1999-11-23
"P000255",42,2001-07-16
"P000255",2,2003-09-26
"P000255",3,2003-11-14
"P000255",7,2004-01-14
"P000255",2,2004-04-17
"P000255",34,2004-05-25
"P000255",64,2004-09-06
"P000255",52,2004-09-14
"P000255",43,2004-11-03
"P000255",1,2005-06-28
"P000255",24,2006-03-19
"P000255",11,2006-06-09
"P000255",28,2008-04-06
"P000256",15,2026-04-26
"P000256",2,2026-12-14
"P000256",23,2040-05-17
"P000256",8,2040-06-14
"P000256",18,2041-04-07
"P000257",4,2000-12-20
"P000257",61,2005-11-04
"P000257",54,2023-01-30
"P000257",12,2030-02-11
"P000258",52,1970-04-16
"P000258",41,1971-10-20
"P000258",6,1980-09-20
"P000258",60,1983-11-14
"P000258",37,1984-01-30
"P000258",64,1984-07-24
"P000258",35,1985-11-21
"P000258",18,1986-05-03
"P000259",61,1994-08-06
"P000259",14,1997-05-13
"P000259",2,1998-10-28
"P000259",53,2000-07-26
"P000259",4,2009-02-16
"P000259",11,2017-07-05
"P000259",36,2018-01-12
"P000260",28,1986-03-15
"P000260",41,1988-12-10
"P000260",55,1992-11-01
"P000260",43,1992-11-07
"P000260",19,1993-05-05
"P000260",24,1997-06-26
"P000260",17,1997-10-03
"P000261",9,2032-02-07
"P000261",37,2038-01-19
"P000262",28,1991-11-15
"P000262",1,1994-02-15
"P000262",62,1994-07-28
"P000262",7,1994-12-27
"P000262",57,1996-11-14
"P000262",18,2003-10-08
"P000262",18,2003-11-03
"P000262",12,2003-12-19
"P000262",49,2005-08-14
"P000264",61,1977-10-16
"P000264",28,1980-02-26
"P000264",15,1980-04-09
"P000264",33,1981-04-01
"P000264",27,1990-11-13
"P000264",24,2000-04-18
"P000264",50,2011-04-25
"P000264",24,2013-12-27
"P000265",58,1998-07-05
"P000265",23,2005-11-08
"P000265",39,2007-08-07
"P000266",52,2007-01-09
"P000266",6,2008-02-26
"P000266",26,2010-11-02
"P000266",65,2012-12-04
"P000266",6,2019-06-06
"P000266",1,2027-10-03
"P000266",16,2028-12-20
"P000266",20,2032-12-01
"P000266",28,2038-02-28
"P000266",39,2039-09-19
"P000267",62,1980-11-14
"P000267",55,1981-01-27
"P000267",64,1982-01-20
"P000267",59,1982-05-08
"P000267",15,1991-09-08
"P000267",2,1993-07-29
"P000268",15,2004-07-03
"P000268",15,2005-01-03
"P000268",1,2006-01-16
"P000268",12,2006-08-13
"P000268",12,2007-04-03
"P000268",55,2008-03-29
"P000268",62,2010-02-09
"P000268",54,2010-12-18
"P000268",6,2012-11-01
"P000268",7,2016-12-31
"P000268",13,2017-06-28
"P000268",4,2018-01-24
"P000268",1,2019-05-02
"P000268",27,2020-06-12
"P000268",39,2020-07-14
"P000268",23,2020-08-07
"P000269",1,2025-12-05
"P000269",16,2036-03-05
"P000269",33,2038-07-10
"P000269",14,2038-07-18
"P000269",57,2043-09-06
"P000270",14,1984-02-28
"P000270",41,1984-03-10
"P000270",28,1990-04-30
"P000270",43,2002-08-21
"P000270",15,2008-04-10
"P000270",52,2018-03-24
"P000270",26,2021-12-03
"P000271",62,1985-12-22
"P000271",2,1986-04-23
"P000272",23,2006-03-28
"P000272",29,2007-04-23
"P000272",19,2036-04-04
"P000272",6,2042-07-20
"P000273",16,2005-10-15
"P000273",23,2006-10-05
"P000273",33,2010-04-29
"P000273",28,2017-02-05
"P000273",23,2019-02-22
"P000273",6,2020-01-11
"P000273",9,2024-06-05
"P000273",44,2029-03-17
"P000273",49,2030-02-26
"P000274",1,2020-08-26
"P000275",24,1989-04-27
"P000275",5,1997-10-12
"P000275",39,1999-12-01
"P000275",34,2001-02-07
"P000276",39,1986-04-16
"P000276",15,1991-12-13
"P000276",61,1994-04-09
"P000276",46,2005-11-06
"P000277",14,2009-08-12
"P000277",52,2012-01-11
"P000277",65,2012-02-18
"P000277",47,2012-05-10
"P000278",2,1999-06-20
"P000278",50,2010-08-29
"P000278",9,2013-11-18
"P000278",28,2014-09-26
"P000279",47,1978-08-12
"P000280",3,2011-12-06
"P000280",42,2014-02-28
"P000280",49,2016-12-17
"P000280",2,2029-09-29
"P000281",23,1993-03-03
"P000281",67,1997-08-29
"P000281",11,2000-02-09
"P000283",10,1980-07-17
"P000283",2,1981-04-09
"P000283",22,1982-12-26
"P000283",50,1983-08-18
"P000283",60,1983-08-23
"P000283",15,1983-09-13
"P000283",15,1984-05-08
"P000283",50,1991-04-04
"P000284",7,1992-11-12
"P000284",29,1994-01-24
"P000284",35,1996-01-11
"P000284",2,1997-06-30
"P000284",3,1999-10-03
"P000284",30,2000-12-01
"P000284",34,2001-04-17
"P000284",34,2001-08-03
"P000284",12,2014-05-06
"P000284",5,2016-02-17
"P000284",5,2026-01-25
"P000285",14,1982-07-08
"P000285",12,2010-02-28
"P000285",14,2010-07-17
"P000286",53,2011-01-19
"P000286",3,2019-09-09
"P000286",35,2020-02-01
"P000286",24,2023-05-29
"P000286",58,2032-03-12
"P000286",18,2032-07-22
"P000286",1,2033-02-17
"P000286",53,2034-08-17
"P000286",11,2034-10-17
"P000286",20,2042-12-10
"P000287",25,1971-09-23
"P000288",62,2032-07-28
"P000288",45,2036-03-06
"P000289",8,2011-07-16
"P000289",8,2012-10-02
"P000289",52,2033-03-09
"P000290",28,1978-11-22
"P000290",37,1980-03-05
"P000290",21,2002-06-19
"P000290",42,2011-08-28
"P000290",28,2015-10-19
"P000291",4,1976-06-15
"P000291",46,1976-07-25
"P000291",47,1990-12-02
"P000291",47,1992-07-08
"P000291",3,1993-01-02
"P000291",39,1993-02-08
"P000291",51,1994-12-16
"P000291",66,1995-12-28
"P000291",60,1996-05-28
"P000291",9,1997-07-08
"P000291",26,2003-07-12
"P000291",15,2004-06-16
"P000291",66,2005-05-14
"P000292",18,2014-09-16
"P000292",27,2017-04-09
"P000292",24,2021-10-26
"P000292",17,2024-09-01
"P000293",4,2013-03-29
"P000293",66,2013-09-06
"P000293",21,2016-02-20
"P000293",38,2017-08-08
"P000293",2,2017-08-14
"P000293",42,2020-10-24
"P000293",62,2024-05-17
"P000293",43,2033-03-25
"P000293",18,2043-06-11
"P000293",4,2047-08-04
"P000294",2,2009-12-22
"P000295",11,1972-07-24
"P000295",16,1979-03-20
"P000295",9,1979-09-09
"P000295",14,1986-01-25
"P000295",23,1989-12-07
"P000295",24,1990-10-15
"P000295",25,1994-03-23
"P000296",28,2003-02-25
"P000296",5,2004-03-29
"P000296",44,2004-06-30
"P000296",14,2009-06-20
"P000296",2,2018-07-18
"P000296",24,2034-05-31
"P000297",28,2013-05-08
"P000297",43,2014-06-02
"P000297",43,2015-07-27
"P000297",3,2021-09-24
"P000297",2,2027-02-02
"P000297",27,2036-01-30
"P000297",6,2039-03-04
"P000297",3,2044-11-06
"P000298",49,2007-02-16
"P000298",61,2011-03-09
"P000298",43,2011-06-07
"P000298",26,2012-04-19
"P000298",3,2020-03-12
"P000298",35,2024-01-22
"P000298",28,2027-08-31
"P000298",62,2029-06-07
"P000298",55,2041-08-26
"P000299",27,2018-09-19
"P000299",28,2019-02-26
"P000299",4,2027-10-07
"P000299",8,2028-06-30
"P000299",32,2028-09-04
"P000301",28,2028-10-26
"P000301",16,2029-07-06
"P000301",12,2029-12-19
"P000301",57,2030-11-13
"P000301",4,2030-12-26
"P000301",4,2031-08-10
"P000301",53,2033-06-29
"P000301",46,2035-01-17
"P000301",4,2035-10-29
"P000301",7,2036-06-08
"P000302",23,2009-02-13
"P000302",23,2015-06-02
"P000302",4,2021-01-22
"P000302",16,2031-09-13
"P000302",27,2031-11-12
"P000302",27,2032-07-06
"P000302",15,2032-09-03
"P000302",33,2033-12-09
"P000302",67,2034-02-17
"P000302",28,2034-03-25
"P000302",18,2034-04-10
"P000302",6,2034-05-20
"P000302",30,2041-01-13
"P000303",43,1997-10-31
"P000303",52,2011-07-15
"P000304",24,1964-08-22
"P000304",43,1977-01-15
"P000304",43,1977-07-06
"P000304",52,1977-12-11
"P000304",61,1984-12-15
"P000304",7,1988-11-20
"P000304",14,1999-05-09
"P000305",6,2010-10-30
"P000305",18,2014-11-01
"P000305",4,2016-11-01
"P000305",14,2017-05-15
"P000305",11,2017-10-15
"P000305",2,2018-08-11
"P000305",65,2019-04-27
"P000305",2,2019-06-18
"P000305",14,2029-08-01
"P000305",28,2039-03-14
"P000306",1,2025-08-31
"P000306",63,2026-02-02
"P000306",41,2027-03-25
"P000306",12,2028-07-07
"P000306",4,2041-07-22
"P000306",53,2041-10-25
"P000306",15,2049-02-06
"P000307",46,1968-09-23
"P000307",2,1970-01-29
"P000307",4,1983-04-24
"P000307",65,1986-06-06
"P000307",2,1988-12-16
"P000307",56,1995-02-27
"P000307",61,1999-12-12
"P000308",62,1985-08-28
"P000308",62,2007-10-17
"P000308",14,2008-02-27
"P000308",26,2013-01-22
"P000308",3,2015-10-07
"P000308",26,2024-01-04
"P000309",50,1980-12-10
"P000309",43,1986-04-14
"P000309",8,1999-07-22
"P000309",54,2000-07-27
"P000309",3,2001-11-13
"P000309",8,2003-11-28
"P000309",5,2007-05-02
"P000309",40,2007-10-06
"P000309",63,2007-10-12
"P000309",35,2008-10-14
"P000309",9,2010-08-01
"P000310",23,2020-12-01
"P000310",23,2025-01-06
"P000310",3,2030-09-13
"P000310",30,2034-08-10
"P000311",7,2001-07-03
"P000311",20,2023-10-05
"P000311",42,2037-03-24
"P000312",38,2003-12-09
"P000313",24,2010-01-19
"P000313",53,2017-06-03
"P000313",65,2018-07-21
"P000313",27,2024-11-19
"P000313",26,2030-03-03
"P000313",28,2033-03-09
"P000313",14,2034-09-01
"P000313",58,2034-09-28
"P000313",1,2038-04-25
"P000313",3,2048-02-08
"P000314",52,2001-12-21
"P000314",65,2016-05-10
"P000314",62,2017-06-16
"P000314",16,2018-06-05
"P000314",19,2018-11-26
"P000314",6,2021-11-16
"P000314",4,2024-05-01
"P000314",58,2024-08-11
"P000314",46,2025-04-07
"P000314",46,2026-03-31
"P000314",21,2026-08-15
"P000314",46,2026-09-03
"P000314",1,2027-01-28
"P000314",13,2027-03-20
"P000315",17,2003-04-16
"P000315",43,2004-08-28
"P000315",17,2007-11-26
"P000315",48,2027-02-05
"P000315",43,2036-07-26
"P000316",47,1994-03-10
"P000316",42,1997-07-18
"P000316",66,1997-08-10
"P000316",28,2007-11-27
"P000316",1,2009-01-10
"P000316",12,2012-03-24
"P000317",4,1998-03-17
"P000317",64,1999-02-03
"P000317",21,2000-10-04
"P000317",47,2001-09-02
"P000317",21,2002-08-30
"P000318",28,2020-06-04
"P000318",52,2038-10-24
"P000318",60,2042-07-23
"P000319",40,1991-08-05
"P000319",31,1993-08-04
"P000320",23,2021-12-26
"P000320",14,2023-10-25
"P000320",54,2032-05-04
"P000321",60,2026-06-08
"P000321",6,2042-04-03
"P000322",21,2007-03-16
"P000322",55,2013-01-06
"P000322",2,2013-05-06
"P000322",18,2034-06-02
"P000322",54,2035-10-18
"P000322",54,2036-02-20
"P000323",11,1996-08-04
"P000323",11,1999-02-08
"P000323",3,2000-02-07
"P000323",37,2000-09-28
"P000323",14,2010-10-13
"P000323",8,2024-11-18
"P000323",27,2032-02-25
"P000323",14,2035-06-08
"P000324",49,1974-10-08
"P000324",28,1975-03-03
"P000324",11,1995-09-29
"P000325",53,1966-10-02
"P000325",2,1973-04-04
"P000325",56,1984-09-18
"P000325",55,1999-04-30
"P000325",2,2001-07-20
"P000326",23,2011-09-16
"P000326",43,2040-10-12
"P000327",42,1967-06-12
"P000327",4,1969-08-03
"P000327",41,1970-04-05
"P000327",15,1972-10-06
"P000327",21,1973-05-13
"P000327",4,1977-10-19
"P000327",53,1979-01-06
"P000327",57,1983-08-07
"P000327",4,1984-08-13
"P000328",4,2021-04-23
"P000328",58,2021-04-25
"P000328",63,2034-11-05
"P000328",27,2044-11-13
"P000328",21,2047-09-29
"P000328",52,2050-02-11
"P000329",26,1970-07-14
"P000329",28,1975-08-20
"P000329",18,1975-12-25
"P000329",23,2008-10-28
"P000330",5,1988-01-21
"P000330",64,1988-02-09
"P000330",15,1988-05-15
"P000330",52,2010-07-12
"P000331",27,1998-03-11
"P000331",4,2003-01-28
"P000331",19,2011-09-20
"P000331",41,2019-05-04
"P000331",15,2020-09-15
"P000331",26,2028-11-23
"P000332",50,1988-04-04
"P000332",9,1989-05-28
"P000332",36,1989-08-10
"P000332",43,2002-05-25
"P000333",4,2009-11-29
"P000333",11,2011-07-11
"P000333",14,2011-08-03
"P000333",49,2012-06-07
"P000333",12,2016-12-11
"P000333",64,2019-10-08
"P000333",61,2022-08-20
"P000333",3,2030-03-19
"P000333",14,2030-12-31
"P000333",28,2031-01-24
"P000333",2,2031-04-23
"P000333",16,2031-05-08
"P000333",2,2032-03-03
"P000333",24,2036-12-12
"P000333",35,2042-11-01
"P000333",58,2044-04-18
"P000333",38,2044-08-08
"P000333",9,2045-09-29
"P000333",3,2045-11-14
"P000334",44,1990-08-08
"P000334",61,1992-05-06
"P000334",4,1996-04-17
"P000334",24,2014-12-27
"P000334",44,2016-10-08
"P000334",55,2020-02-01
"P000334",55,2020-10-14
"P000335",2,2029-08-10
"P000335",30,2030-12-12
"P000335",19,2038-05-27
"P000335",15,2039-10-31
"P000335",21,2042-04-27
"P000335",31,2043-10-19
"P000335",8,2044-08-29
"P000335",30,2046-07-04
"P000335",3,2046-07-12
"P000335",34,2049-06-15
"P000335",61,2051-06-05
"P000336",14,1983-08-03
"P000336",2,1989-01-24
"P000336",2,1991-03-28
"P000336",33,1991-12-07
"P000336",42,1992-10-04
"P000336",44,1997-12-25
"P000336",49,1999-02-19
"P000336",24,1999-09-17
"P000336",3,2008-06-21
"P000336",55,2012-04-15
"P000337",54,2013-09-23
"P000337",21,2025-01-03
"P000338",25,1994-01-06
"P000338",30,1994-08-25
"P000338",22,2005-03-26
"P000338",66,2006-01-05
"P000339",6,2036-08-01
"P000339",4,2036-12-19
"P000339",44,2038-05-03
"P000340",55,2037-01-19
"P000340",12,2037-04-30
"P000340",28,2037-10-02
"P000340",25,2037-10-11
"P000340",30,2038-07-23
"P000340",59,2040-07-18
"P000341",9,2012-04-28
"P000341",2,2028-12-30
"P000341",2,2041-05-05
"P000341",12,2042-03-31
"P000342",28,1998-06-30
"P000342",65,2021-06-06
"P000342",34,2023-12-07
"P000343",56,1979-03-02
"P000343",31,1987-05-16
"P000343",29,1999-02-11
"P000343",53,2000-09-29
"P000343",28,2012-06-21
"P000344",34,1982-10-20
"P000344",40,1985-04-05
"P000344",19,1987-09-27
"P000344",44,1989-10-24
"P000344",14,1992-10-25
"P000344",6,1996-03-04
"P000344",39,1996-05-01
"P000344",27,2014-11-01
"P000344",1,2016-10-21
"P000345",32,2041-02-24
"P000345",18,2047-06-09
"P000346",23,1965-12-09
"P000346",29,1966-06-22
"P000346",50,1977-01-30
"P000346",13,2004-05-15
"P000347",15,1970-05-07
"P000347",8,1972-10-15
"P000347",25,1972-11-08
"P000347",2,1973-07-02
"P000347",28,1975-12-04
"P000347",27,1976-08-31
"P000347",20,1977-09-23
"P000347",2,1991-09-09
"P000347",3,1992-12-23
"P000348",11,2000-06-01
"P000348",26,2001-02-06
"P000348",24,2002-08-27
"P000348",57,2003-01-01
"P000348",25,2029-01-26
"P000349",15,1996-12-16
"P000349",11,2008-06-29
"P000350",26,1998-07-22
"P000350",27,2015-08-30
"P000350",8,2024-08-31
"P000350",28,2026-07-17
"P000350",49,2029-07-06
"P000351",52,2000-02-16
"P000351",12,2000-02-22
"P000351",14,2004-12-20
"P000352",1,1976-07-22
"P000352",39,1976-12-02
"P000352",43,1994-11-17
"P000352",14,1995-06-21
"P000352",36,2000-03-07
"P000353",28,2011-02-12
"P000353",40,2013-01-16
"P000353",11,2032-08-03
"P000353",19,2032-10-02
"P000354",28,2022-07-19
"P000354",8,2022-10-17
"P000354",42,2023-11-29
"P000354",61,2030-01-01
"P000354",43,2033-10-15
"P000354",53,2040-02-05
"P000354",63,2042-06-23
"P000354",28,2043-01-17
"P000354",14,2053-06-08
"P000354",57,2055-08-04
"P000355",18,1997-03-02
"P000355",55,1998-08-16
"P000356",48,1990-11-11
"P000356",55,2011-11-14
"P000356",53,2012-06-13
"P000357",14,1978-11-18
"P000357",61,1992-07-02
"P000357",49,1994-06-30
"P000357",1,1998-10-16
"P000358",28,2028-02-21
"P000358",62,2028-06-14
"P000358",15,2039-05-31
"P000358",23,2040-12-14
"P000359",50,2029-08-16
"P000359",15,2032-02-21
"P000359",23,2036-05-23
"P000359",18,2039-02-24
"P000359",9,2048-03-30
"P000359",35,2048-10-18
"P000360",11,2025-04-23
"P000360",47,2045-07-30
"P000361",14,1975-03-11
"P000361",17,1977-10-13
"P000361",65,1979-03-30
"P000361",62,2008-06-03
"P000361",6,2008-10-27
"P000361",34,2008-12-28
"P000362",62,1988-10-02
"P000362",2,1989-05-10
"P000362",1,1990-07-17
"P000362",28,1997-12-09
"P000362",42,2022-07-04
"P000363",43,2025-08-03
"P000363",11,2026-02-25
"P000363",26,2044-03-30
"P000364",23,1994-01-06
"P000364",62,1994-06-27
"P000364",29,1994-08-18
"P000364",14,1995-07-07
"P000364",55,1999-01-14
"P000364",41,2002-09-07
"P000365",2,2008-07-20
"P000366",1,1981-01-08
"P000366",32,1986-04-16
"P000366",55,1993-09-22
"P000366",6,1993-10-20
"P000366",43,1995-01-09
"P000367",14,2016-04-13
"P000367",14,2017-11-17
"P000367",28,2021-04-30
"P000367",23,2033-01-18
"P000367",6,2036-09-06
"P000367",54,2044-09-16
"P000367",23,2044-10-22
"P000367",67,2045-05-24
"P000367",39,2045-08-24
"P000367",56,2045-09-07
"P000367",14,2047-01-21
"P000368",4,2005-01-24
"P000369",14,1995-03-31
"P000369",13,1995-11-18
"P000369",41,1997-01-02
"P000369",1,2000-07-29
"P000369",12,2001-03-01
"P000370",32,1964-05-29
"P000370",27,1964-11-16
"P000370",62,1966-06-09
"P000370",54,1968-10-09
"P000370",37,1969-01-05
"P000370",50,1971-08-17
"P000370",54,1971-12-06
"P000370",33,1972-08-30
"P000370",53,1973-11-05
"P000370",51,1977-03-28
"P000370",2,1987-04-16
"P000370",52,1994-11-17
"P000371",4,1982-03-07
"P000371",42,1998-03-05
"P000371",58,2008-07-23
"P000371",64,2011-03-17
"P000372",64,1982-08-17
"P000372",25,1983-04-16
"P000372",33,1985-10-02
"P000372",23,1992-07-06
"P000372",7,1992-12-16
"P000372",28,1993-04-23
"P000372",29,1994-12-07
"P000372",52,1998-03-12
"P000372",14,2000-08-28
"P000372",11,2001-03-17
"P000372",9,2001-10-14
"P000372",53,2003-06-02
"P000373",47,1975-04-29
"P000373",28,1995-02-08
"P000373",4,2002-02-08
"P000373",4,2008-07-29
"P000373",44,2010-10-30
"P000373",55,2012-08-31
"P000373",39,2013-03-18
"P000374",6,1985-07-02
"P000374",1,1986-07-02
"P000374",26,1988-01-08
"P000374",39,1988-01-20
"P000375",21,2013-06-21
"P000375",52,2016-02-14
"P000376",28,1961-09-21
"P000376",8,1966-07-28
"P000376",20,1974-02-27
"P000376",24,1980-02-07
"P000376",54,1999-12-02
"P000377",61,1967-05-03
"P000377",28,1967-11-13
"P000377",62,1969-11-09
"P000377",62,1970-02-04
"P000377",14,1973-09-07
"P000377",11,1973-09-26
"P000378",16,2001-03-23
"P000378",14,2003-06-12
"P000379",18,1975-06-19
"P000380",47,1971-01-21
"P000380",37,1972-09-08
"P000380",23,1973-03-16
"P000380",21,1975-03-25
"P000380",15,1992-07-31
"P000380",28,1995-10-12
"P000380",1,1996-07-10
"P000380",8,2004-07-05
"P000381",43,2016-08-24
"P000381",60,2018-01-01
"P000381",30,2026-07-05
"P000381",53,2027-03-11
"P000381",50,2028-08-26
"P000381",18,2042-09-24
"P000381",24,2047-02-24
"P000381",20,2050-02-02
"P000381",14,2050-06-10
"P000382",2,1993-06-01
"P000382",67,2001-06-13
"P000382",50,2015-11-03
"P000382",43,2020-12-26
"P000382",58,2028-07-24
"P000383",20,1999-06-11
"P000383",43,2000-09-17
"P000383",5,2004-09-01
"P000383",14,2008-12-08
"P000383",14,2009-01-29
"P000383",25,2029-06-06
"P000384",28,2009-11-25
"P000384",52,2010-12-24
"P000385",6,1991-01-13
"P000385",2,1996-03-14
"P000385",20,1997-01-16
"P000385",50,1999-03-05
"P000385",36,1999-11-21
"P000385",4,2005-06-25
"P000385",54,2017-06-23
"P000385",50,2018-10-28
"P000387",11,2017-01-21
"P000387",62,2020-10-04
"P000387",6,2022-01-23
"P000387",2,2026-03-12
"P000387",2,2039-12-25
"P000387",4,2042-07-02
"P000388",35,1998-08-30
"P000388",21,2000-01-11
"P000388",31,2001-09-19
"P000388",14,2002-11-22
"P000388",54,2009-09-26
"P000388",18,2010-08-04
"P000388",3,2012-04-19
"P000388",18,2033-04-09
"P000388",4,2033-08-01
"P000389",25,1998-05-01
"P000389",44,2013-11-21
"P000389",42,2015-08-11
"P000390",8,1998-12-17
"P000390",28,2001-04-23
"P000390",8,2018-01-16
"P000391",21,1986-02-23
"P000391",41,2010-07-24
"P000391",34,2012-02-27
"P000391",32,2012-03-12
"P000392",28,2002-01-13
"P000392",18,2012-10-17
"P000392",3,2012-12-09
"P000392",52,2014-09-22
"P000393",64,2003-08-15
"P000393",23,2008-04-20
"P000393",15,2013-02-08
"P000393",4,2021-12-25
"P000393",8,2025-07-26
"P000393",18,2033-08-30
"P000394",1,2020-06-24
"P000394",2,2033-11-06
"P000394",52,2052-03-26
"P000394",23,2053-07-22
"P000395",52,2024-09-29
"P000396",27,1999-06-22
"P000396",15,2004-01-01
"P000396",13,2008-08-18
"P000396",31,2009-01-25
"P000396",1,2009-06-22
"P000396",3,2009-10-30
"P000396",22,2012-12-22
"P000396",4,2013-11-18
"P000396",27,2018-01-31
"P000396",65,2019-04-22
"P000396",42,2031-12-24
"P000396",14,2036-09-17
"P000396",25,2037-10-29
"P000397",28,2018-04-29
"P000397",24,2027-08-10
"P000397",43,2034-03-31
"P000397",1,2039-07-02
"P000398",30,1988-01-07
"P000398",3,2000-05-26
"P000398",24,2001-10-18
"P000398",10,2002-10-30
"P000398",24,2003-07-31
"P000399",24,2014-08-09
"P000399",67,2014-12-01
"P000399",26,2020-01-20
"P000399",65,2021-01-08
"P000399",34,2021-09-27
"P000399",53,2022-01-22
"P000399",28,2026-09-25
"P000399",43,2028-09-27
"P000399",43,2029-07-12
"P000399",14,2031-12-05
"P000399",20,2032-11-22
"P000400",7,1970-03-12
"P000400",28,1971-03-22
"P000400",1,1971-10-09
"P000400",12,1973-01-17
"P000400",23,1979-03-20
"P000400",5,1982-05-04
"P000401",17,1987-12-04
"P000401",14,1992-12-28
"P000401",11,2019-06-17
"P000402",28,2009-08-22
"P000402",21,2032-08-26
"P000402",14,2033-03-16
"P000402",8,2034-10-27
"P000402",14,2034-10-28
"P000402",8,2035-04-01
"P000402",16,2035-06-22
"P000402",31,2035-09-14
"P000402",3,2037-03-30
"P000402",1,2038-11-15
"P000403",55,1994-06-05
"P000403",3,2015-05-26
"P000403",6,2020-09-02
"P000403",14,2021-07-30
"P000403",57,2024-09-04
"P000404",23,2013-01-01
"P000404",27,2013-11-19
"P000404",6,2020-03-03
"P000404",44,2021-04-18
"P000404",55,2027-04-04
"P000404",46,2028-04-19
"P000404",18,2035-11-03
"P000405",55,2027-01-22
"P000405",41,2027-10-05
"P000405",15,2029-05-19
"P000405",66,2029-07-18
"P000405",34,2030-04-16
"P000405",55,2030-06-08
"P000405",12,2033-05-04
"P000405",41,2034-06-23
"P000405",7,2035-10-31
"P000405",23,2038-01-29
"P000405",54,2038-02-12
"P000405",59,2044-08-03
"P000406",12,1969-02-06
"P000406",49,1978-10-18
"P000406",52,1980-06-19
"P000406",58,1982-01-15
"P000406",38,1983-01-12
"P000406",65,1983-04-05
"P000406",20,1993-03-14
"P000406",55,1998-07-09
"P000406",28,1999-10-23
"P000407",3,1999-04-23
"P000407",15,2001-01-24
"P000407",10,2008-04-12
"P000407",50,2009-03-27
"P000407",62,2018-02-18
"P000408",6,1995-07-26
"P000408",23,2008-02-08
"P000409",32,2002-02-18
"P000409",24,2006-09-12
"P000410",21,2009-06-02
"P000410",44,2010-05-15
"P000411",50,1991-11-26
"P000411",9,1993-03-25
"P000411",1,2005-10-15
"P000411",27,2007-09-19
"P000411",62,2007-11-05
"P000412",16,2017-03-13
"P000413",14,2020-10-10
"P000413",9,2021-08-07
"P000413",40,2023-04-08
"P000414",12,1984-10-30
"P000414",4,1989-10-31
"P000414",14,1989-12-03
"P000414",58,1990-11-14
"P000414",6,2016-10-09
"P000415",54,1978-05-01
"P000415",54,1979-05-14
"P000416",1,1979-08-15
"P000416",62,1988-06-12
"P000416",43,1988-11-12
"P000416",43,2005-12-11
"P000417",25,1981-08-20
"P000418",28,2013-12-27
"P000418",15,2018-05-08
"P000418",13,2018-07-16
"P000418",4,2038-03-18
"P000418",67,2039-02-25
"P000418",27,2046-07-06
"P000418",43,2047-06-19
"P000419",28,2000-01-05
"P000419",16,2005-12-07
"P000419",23,2006-11-27
"P000419",26,2009-03-11
"P000419",3,2014-11-07
"P000419",42,2020-02-27
"P000419",30,2021-07-25
"P000419",43,2029-07-08
"P000419",7,2030-11-05
"P000419",28,2032-02-28
"P000419",14,2034-10-03
"P000420",53,2018-10-15
"P000420",55,2030-04-19
"P000420",14,2036-05-20
"P000420",21,2039-04-10
"P000420",52,2046-02-04
"P000421",12,2014-09-08
"P000421",42,2016-10-21
"P000421",15,2017-02-24
"P000421",8,2020-12-14
"P000421",40,2022-02-05
"P000421",35,2022-03-22
"P000421",60,2022-09-06
"P000421",53,2032-06-10
"P000421",4,2033-11-30
"P000421",1,2037-12-22
"P000421",54,2042-03-27
"P000422",6,1998-10-11
"P000422",49,2003-05-28
"P000422",55,2032-03-20
"P000423",5,2005-01-03
"P000423",1,2009-07-18
"P000423",52,2017-10-21
"P000423",1,2018-05-07
"P000423",13,2026-08-15
"P000423",18,2029-08-15
"P000423",1,2033-02-12
"P000423",47,2038-05-23
"P000423",16,2039-08-14
"P000423",67,2040-06-24
"P000424",3,1976-06-09
"P000424",28,1980-02-28
"P000424",2,1992-02-12
"P000424",27,1999-11-18
"P000424",55,2002-07-03
"P000424",3,2005-10-23
"P000425",47,1994-12-18
"P000425",66,1995-08-24
"P000425",45,1997-07-02
"P000425",60,1997-08-02
"P000425",39,1997-10-24
"P000425",60,2000-04-28
"P000425",38,2016-09-29
"P000425",14,2024-08-01
"P000425",13,2024-12-03
"P000425",58,2026-03-16
"P000425",16,2027-12-08
"P000426",52,1999-11-25
"P000426",24,2005-10-22
"P000426",42,2007-08-06
"P000426",6,2033-08-28
"P000426",1,2034-11-06
"P000427",1,1992-01-30
"P000427",60,2000-03-04
"P000427",28,2002-03-20
"P000427",28,2013-10-25
"P000427",1,2014-12-25
"P000428",27,2014-01-14
"P000428",6,2017-09-27
"P000428",21,2022-01-06
"P000428",28,2028-07-08
"P000428",11,2036-04-14
"P000429",24,1997-08-07
"P000429",61,2002-05-25
"P000429",6,2008-01-19
"P000429",48,2014-09-11
"P000429",44,2014-09-11
"P000429",26,2015-05-13
"P000430",55,2008-01-12
"P000430",3,2009-05-26
"P000430",30,2011-05-11
"P000430",42,2017-08-19
"P000430",36,2021-03-02
"P000430",55,2026-06-01
"P000430",12,2028-11-28
"P000431",6,1989-04-19
"P000431",49,2008-10-08
"P000431",4,2009-12-22
"P000431",52,2015-11-14
"P000431",54,2017-02-24
"P000431",55,2017-05-31
"P000431",46,2018-11-15
"P000431",42,2023-06-06
"P000432",28,2005-02-13
"P000432",8,2009-08-15
"P000432",2,2022-03-30
"P000432",25,2032-04-03
"P000433",2,1982-10-07
"P000433",8,1983-11-15
"P000433",55,1985-11-17
"P000433",19,1986-02-23
"P000433",6,1987-05-11
"P000433",21,1988-05-13
"P000433",12,1989-10-28
"P000434",6,1987-03-28
"P000434",44,1988-05-04
"P000434",2,1991-03-20
"P000434",2,1998-03-19
"P000434",7,2001-01-21
"P000434",6,2008-01-04
"P000434",28,2010-12-02
"P000434",18,2012-02-12
"P000434",61,2013-05-01
"P000434",10,2013-07-25
"P000434",43,2016-08-03
"P000435",27,1985-07-08
"P000435",14,1987-02-25
"P000435",48,2000-11-28
"P000436",2,1984-02-21
"P000436",67,2003-07-13
"P000436",4,2007-10-31
"P000437",8,2021-08-20
"P000437",5,2045-07-16
"P000438",6,1971-10-31
"P000438",43,1974-12-20
"P000438",14,1976-05-09
"P000438",41,1978-02-06
"P000438",13,1980-03-06
"P000438",3,2004-06-29
"P000438",18,2005-11-18
"P000439",5,1988-08-04
"P000439",32,1988-09-24
"P000439",10,1989-09-12
"P000439",44,1989-12-14
"P000439",60,1989-12-29
"P000439",38,1990-07-18
"P000439",42,1991-10-24
"P000439",18,1993-06-26
"P000439",10,1994-04-19
"P000439",19,1995-08-30
"P000439",24,2008-12-24
"P000439",23,2015-09-25
"P000439",28,2016-10-11
"P000439",28,2019-11-03
"P000439",30,2022-06-21
"P000439",55,2026-07-31
"P000440",43,1985-09-14
"P000440",2,1990-10-23
"P000440",33,1991-01-08
"P000440",16,1995-01-04
"P000441",1,1977-09-20
"P000441",41,1994-12-17
"P000441",57,2000-04-23
"P000442",47,1976-08-22
"P000442",59,1977-09-05
"P000442",59,1978-03-22
"P000442",60,1978-12-17
"P000442",13,1981-08-23
"P000442",15,1985-10-14
"P000442",28,1994-10-22
"P000442",55,1997-01-23
"P000442",11,1998-11-02
"P000442",49,1999-03-21
"P000442",2,1999-06-19
"P000442",21,2000-01-17
"P000443",14,2016-01-23
"P000443",28,2016-11-28
"P000443",53,2025-08-18
"P000443",26,2026-10-18
"P000443",3,2027-06-11
"P000443",53,2027-07-06
"P000443",49,2027-11-19
"P000443",10,2028-01-31
"P000443",35,2029-03-25
"P000443",35,2029-09-14
"P000444",6,2022-02-04
"P000444",60,2035-01-09
"P000444",39,2036-08-31
"P000444",62,2038-04-17
"P000445",18,2009-03-20
"P000445",12,2012-07-13
"P000445",25,2023-10-03
"P000445",27,2026-01-19
"P000445",62,2032-06-04
"P000445",6,2034-12-14
"P000446",28,2021-05-20
"P000446",27,2024-05-16
"P000446",41,2029-04-20
"P000447",24,2024-12-07
"P000447",49,2038-06-08
"P000447",35,2038-08-22
"P000447",54,2040-01-09
"P000447",1,2041-05-31
"P000447",38,2047-02-16
"P000448",62,2024-12-07
"P000448",61,2026-03-30
"P000448",23,2027-05-23
"P000448",36,2031-04-27
"P000448",12,2032-05-29
"P000448",55,2032-08-02
"P000448",3,2033-04-18
"P000448",24,2050-11-09
"P000448",28,2055-04-08
"P000449",1,1976-04-06
"P000449",12,1987-12-29
"P000449",2,2004-12-22
"P000450",7,1992-04-25
"P000451",43,2027-04-02
"P000452",16,2024-05-05
"P000452",1,2024-10-29
"P000452",56,2024-11-10
"P000452",64,2027-03-02
"P000452",24,2028-02-28
"P000452",11,2028-12-21
"P000452",28,2039-07-29
"P000453",6,1979-04-12
"P000453",15,1980-03-18
"P000453",1,1980-08-22
"P000453",3,1985-02-25
"P000453",15,1998-08-28
"P000453",62,2000-02-10
"P000453",55,2000-07-14
"P000453",7,2004-06-01
"P000453",49,2011-01-19
"P000453",14,2014-04-26
"P000454",52,2026-01-26
"P000454",65,2026-06-19
"P000454",12,2039-01-09
"P000454",4,2039-08-09
"P000454",56,2044-12-22
"P000454",14,2048-04-06
"P000454",21,2050-11-10
"P000455",55,1981-11-14
"P000455",28,1982-08-14
"P000455",23,2003-07-24
"P000455",14,2015-07-04
"P000455",13,2015-09-06
"P000455",21,2016-11-12
"P000456",6,1988-06-11
"P000456",23,1988-09-23
"P000456",4,1988-11-07
"P000456",32,1994-05-23
"P000457",15,2011-10-05
"P000457",13,2012-01-11
"P000457",60,2012-09-07
"P000457",13,2013-02-19
"P000457",18,2013-09-22
"P000457",4,2018-03-07
"P000457",6,2023-01-20
"P000457",44,2026-03-18
"P000457",38,2026-07-31
"P000457",14,2026-12-21
"P000457",31,2034-04-30
"P000457",53,2045-06-22
"P000457",65,2046-01-27
"P000457",34,2046-06-25
"P000457",43,2046-09-26
"P000457",43,2048-05-25
"P000458",12,1983-12-20
"P000458",43,1990-01-11
"P000458",22,1991-06-01
"P000458",50,1993-01-03
"P000458",55,1994-03-14
"P000458",24,1994-10-17
"P000458",27,1995-09-06
"P000458",43,1995-10-22
"P000458",12,2009-11-27
"P000458",6,2014-12-28
"P000458",60,2015-10-07
"P000460",2,1980-01-14
"P000460",54,1998-04-14
"P000460",46,1998-12-15
"P000460",13,2000-03-07
"P000460",1,2001-02-10
"P000461",55,1992-05-03
"P000461",2,1992-05-07
"P000461",46,1992-05-10
"P000461",55,1993-04-20
"P000461",2,1993-05-11
"P000461",34,1995-02-19
"P000461",61,2020-08-18
"P000462",14,2010-07-25
"P000462",53,2021-07-17
"P000462",30,2026-10-09
"P000462",6,2036-06-06
"P000463",24,2027-05-02
"P000463",28,2029-12-19
"P000463",40,2030-12-21
"P000463",52,2039-03-03
"P000463",60,2040-02-19
"P000463",60,2043-05-10
"P000464",2,1975-10-16
"P000464",43,1976-05-24
"P000464",13,1978-01-29
"P000464",4,1985-04-17
"P000464",43,2002-01-31
"P000465",14,2017-11-05
"P000465",13,2018-09-25
"P000465",41,2019-05-25
"P000465",66,2022-03-06
"P000465",2,2022-11-10
"P000465",23,2029-07-31
"P000465",3,2034-05-27
"P000465",26,2038-01-08
"P000465",55,2043-04-10
"P000466",40,2028-09-01
"P000466",63,2035-07-17
"P000466",18,2036-03-02
"P000467",61,2007-07-29
"P000467",63,2008-02-11
"P000467",30,2010-02-25
"P000467",30,2010-11-13
"P000467",59,2012-08-09
"P000467",3,2013-03-05
"P000467",14,2015-05-13
"P000467",9,2016-08-23
"P000467",35,2018-08-26
"P000468",44,2020-02-19
"P000468",55,2022-08-23
"P000468",61,2024-11-19
"P000468",61,2030-10-09
"P000468",28,2052-01-24
"P000468",39,2052-12-23
"P000469",37,2008-01-20
"P000469",40,2009-04-14
"P000469",33,2009-09-04
"P000469",63,2009-12-03
"P000469",1,2019-07-18
"P000469",12,2024-01-18
"P000469",42,2028-11-18
"P000469",2,2030-01-28
"P000470",12,1986-03-01
"P000470",53,1988-06-21
"P000470",61,1989-07-06
"P000470",58,1990-03-22
"P000470",11,1990-04-24
"P000470",18,1990-05-12
"P000470",55,1990-06-06
"P000470",49,1991-05-14
"P000470",35,1991-12-30
"P000470",61,1992-05-25
"P000470",35,1993-05-25
"P000470",27,1998-05-12
"P000470",1,1998-12-23
"P000470",52,2006-10-28
"P000470",31,2009-10-20
"P000470",55,2011-09-04
"P000470",26,2014-01-22
"P000470",24,2015-01-29
"P000470",19,2015-10-26
"P000471",11,2022-06-27
"P000471",15,2028-09-01
"P000471",31,2031-09-29
"P000472",19,2004-01-10
"P000472",27,2005-04-20
"P000472",30,2007-10-19
"P000472",40,2008-03-28
"P000473",11,2020-03-23
"P000473",44,2021-07-24
"P000473",24,2023-02-22
"P000473",49,2023-07-07
"P000473",49,2024-02-03
"P000473",30,2024-08-09
"P000473",54,2024-10-01
"P000473",33,2025-01-22
"P000473",2,2025-01-29
"P000473",26,2025-08-08
"P000473",54,2026-01-19
"P000473",28,2030-01-31
"P000473",2,2042-11-15
"P000474",21,1980-06-14
"P000474",8,1996-09-01
"P000475",4,1964-03-31
"P000475",28,1964-05-03
"P000475",32,1965-09-15
"P000475",26,1967-03-10
"P000475",66,1968-04-13
"P000475",11,1980-11-27
"P000475",7,1981-12-13
"P000475",2,1984-11-21
"P000475",2,1985-07-08
"P000475",27,1987-01-12
"P000475",12,1988-04-07
"P000475",38,1996-05-20
"P000476",55,2008-06-22
"P000476",6,2008-06-23
"P000476",27,2017-09-06
"P000476",64,2020-04-19
"P000476",26,2020-10-03
"P000476",23,2034-09-15
"P000477",14,1987-12-30
"P000477",9,1989-08-14
"P000477",14,2004-10-13
"P000477",52,2015-03-28
"P000478",20,2019-05-04
"P000478",21,2024-12-17
"P000478",24,2026-03-02
"P000478",41,2028-11-19
"P000478",43,2029-01-21
"P000478",13,2030-11-30
"P000478",58,2034-07-17
"P000478",26,2036-02-29
"P000478",25,2036-06-19
"P000478",27,2036-11-09
"P000478",30,2041-01-22
"P000478",10,2041-06-14
"P000478",23,2042-06-15
"P000479",36,2009-03-20
"P000479",5,2016-12-16
"P000479",4,2029-05-12
"P000479",8,2031-01-02
"P000479",60,2040-07-06
"P000479",38,2041-01-29
"P000479",1,2047-05-24
"P000480",4,2022-03-05
"P000480",26,2026-08-03
"P000480",16,2029-10-08
"P000481",50,1989-02-24
"P000481",3,2005-06-27
"P000481",1,2008-04-22
"P000482",28,1979-02-05
"P000482",2,1986-12-07
"P000482",34,1987-10-09
"P000482",43,1991-12-11
"P000482",55,2012-07-16
"P000483",2,2023-03-26
"P000484",61,2025-05-26
"P000484",34,2026-01-18
"P000484",34,2026-03-05
"P000484",19,2027-03-03
"P000484",44,2028-02-25
"P000484",3,2028-03-02
"P000484",44,2029-11-27
"P000484",62,2030-08-05
"P000484",3,2035-02-16
"P000484",2,2036-03-21
"P000484",10,2036-06-09
"P000484",49,2037-03-09
"P000484",44,2038-03-13
"P000485",49,1990-09-01
"P000485",4,1990-09-14
"P000485",14,1995-09-07
"P000485",4,2011-03-16
"P000485",12,2022-06-04
"P000486",62,1970-11-22
"P000486",5,1972-05-12
"P000486",7,1975-09-23
"P000486",57,1976-01-31
"P000486",26,1976-08-17
"P000486",11,1977-03-13
"P000486",17,1979-03-18
"P000486",4,1980-04-24
"P000486",43,1981-11-14
"P000486",55,1985-08-16
"P000486",46,1985-11-23
"P000486",15,1986-08-22
"P000486",55,1988-12-03
"P000486",1,1989-10-13
"P000486",53,1994-01-03
"P000487",44,2007-07-23
"P000487",24,2007-10-03
"P000487",17,2010-01-24
"P000487",21,2011-09-13
"P000487",26,2014-06-22
"P000487",3,2015-11-29
"P000488",6,2003-04-24
"P000488",12,2007-11-13
"P000488",1,2017-03-12
"P000488",12,2021-05-04
"P000488",4,2033-03-25
"P000488",46,2034-10-14
"P000488",15,2037-08-22
"P000488",13,2038-08-17
"P000489",2,2015-07-23
"P000489",18,2033-06-27
"P000489",17,2036-08-21
"P000489",63,2036-09-08
"P000489",64,2038-05-26
"P000489",4,2039-12-10
"P000490",63,1981-01-24
"P000490",35,1982-07-22
"P000490",35,1983-02-18
"P000490",30,1983-06-20
"P000490",54,1985-09-02
"P000490",46,1985-10-09
"P000490",46,1990-03-04
"P000490",13,1992-08-08
"P000490",18,2006-04-19
"P000490",6,2006-05-20
"P000490",60,2006-06-08
"P000490",39,2006-06-15
"P000490",3,2007-01-19
"P000491",1,1962-03-18
"P000491",2,1988-04-29
"P000491",1,1989-08-28
"P000491",44,1996-01-16
"P000491",12,1997-10-14
"P000491",3,2000-08-03
"P000492",40,1971-10-17
"P000492",7,1978-12-23
"P000492",52,1984-10-12
"P000492",28,1990-07-30
"P000492",16,1991-07-23
"P000492",30,1991-09-07
"P000492",4,1992-02-05
"P000493",56,2006-10-26
"P000493",28,2013-08-12
"P000493",24,2016-07-08
"P000493",15,2037-12-11
"P000494",29,2012-12-04
"P000494",52,2014-04-16
"P000494",55,2015-02-24
"P000494",11,2017-09-29
"P000494",28,2031-12-27
"P000495",11,1989-06-27
"P000495",57,1999-07-14
"P000495",51,2000-01-15
"P000495",43,2011-01-11
"P000496",5,1972-09-17
"P000496",16,1977-08-18
"P000496",14,1979-05-30
"P000496",1,1984-12-31
"P000496",55,1997-12-07
"P000496",5,1999-10-28
"P000496",54,2000-06-17
"P000496",43,2002-02-18
"P000496",3,2007-12-05
"P000496",61,2008-08-30
"P000496",15,2011-02-24
"P000497",25,1970-12-23
"P000497",1,1972-12-26
"P000497",14,1978-08-18
"P000497",27,2005-02-22
"P000500",28,1980-11-13
"P000500",1,1996-11-18
"P000500",40,2000-04-05
"P000500",47,2000-12-30
"P000501",14,1994-04-28
"P000501",2,2003-02-26
"P000501",24,2003-05-21
"P000501",1,2011-02-01
"P000501",12,2011-06-26
"P000502",8,2033-08-08
"P000502",49,2035-09-10
"P000502",6,2038-12-23
"P000502",21,2041-01-12
"P000502",12,2041-01-28
"P000502",52,2041-08-02
"P000502",44,2047-10-14
"P000503",40,1980-11-25
"P000503",21,1982-07-07
"P000503",16,1993-04-01
"P000503",21,2016-06-18
"P000503",12,2017-02-18
"P000504",28,2016-05-30
"P000504",61,2023-07-10
"P000504",16,2033-03-17
"P000504",18,2033-03-21
"P000504",4,2033-11-29
"P000504",32,2033-12-18
"P000504",2,2036-02-19
"P000505",15,1999-06-06
"P000505",3,2005-01-20
"P000505",26,2012-07-31
"P000505",21,2019-05-27
"P000505",23,2025-03-01
"P000505",17,2029-05-10
"P000506",6,1975-08-27
"P000506",28,1978-05-26
"P000506",14,1979-01-20
"P000506",41,1979-08-15
"P000506",6,1979-12-07
"P000506",2,1980-01-10
"P000506",1,1980-10-29
"P000506",3,1985-09-25
"P000506",6,1989-10-21
"P000506",4,1990-10-25
"P000506",24,2002-02-18
"P000507",52,1994-01-10
"P000507",7,1997-09-13
"P000507",3,2005-09-18
"P000507",4,2006-01-29
"P000507",39,2006-06-13
"P000507",56,2007-07-23
"P000508",27,2019-07-28
"P000509",10,2003-04-14
"P000509",28,2006-02-22
"P000509",62,2008-01-12
"P000509",55,2009-05-24
"P000509",12,2010-02-24
"P000509",64,2011-05-28
"P000509",18,2039-03-17
"P000509",15,2041-04-04
"P000510",61,2012-02-09
"P000510",26,2014-01-23
"P000510",53,2014-02-13
"P000510",45,2014-08-07
"P000510",52,2017-07-15
"P000510",2,2038-04-07
"P000510",33,2038-04-25
"P000511",11,2010-05-29
"P000511",21,2010-06-08
"P000511",30,2023-11-03
"P000511",3,2024-03-19
"P000511",5,2025-05-13
"P000511",24,2028-09-23
"P000511",28,2032-08-24
"P000511",11,2045-07-19
"P000512",11,2028-05-27
"P000512",23,2028-06-20
"P000512",27,2029-04-20
"P000512",40,2030-03-16
"P000512",62,2031-05-14
"P000512",4,2050-07-06
"P000512",1,2051-10-06
"P000513",52,2010-04-19
"P000513",42,2015-12-27
"P000513",1,2020-01-22
"P000513",12,2020-06-26
"P000513",63,2021-04-10
"P000513",27,2028-05-21
"P000513",14,2028-10-04
"P000514",41,2043-12-16
"P000515",4,2005-07-22
"P000515",4,2005-11-03
"P000515",61,2015-02-10
"P000515",52,2020-09-04
"P000516",4,2002-01-30
"P000516",53,2004-12-18
"P000516",32,2005-04-03
"P000516",49,2005-12-24
"P000516",50,2006-01-21
"P000516",10,2006-03-17
"P000516",4,2007-05-07
"P000516",54,2010-02-21
"P000516",35,2013-04-17
"P000516",64,2016-09-27
"P000517",2,2011-11-03
"P000517",60,2017-08-26
"P000517",3,2020-10-09
"P000517",28,2041-08-01
"P000517",1,2041-08-16
"P000517",8,2045-03-19
"P000518",11,1966-04-07
"P000518",16,1970-12-03
"P000518",56,1972-08-16
"P000518",55,1973-10-22
"P000518",2,1998-11-29
"P000519",14,1977-10-21
"P000519",26,1993-03-28
"P000520",16,1973-12-14
"P000520",44,1978-02-02
"P000520",12,1978-05-17
"P000520",38,1979-07-27
"P000520",4,1981-08-04
"P000520",30,1982-03-12
"P000520",28,1982-04-15
"P000520",19,1983-07-22
"P000520",30,1983-09-03
"P000520",5,1983-11-23
"P000520",32,1984-02-11
"P000520",18,1997-04-13
"P000520",6,2007-05-18
"P000521",3,1998-04-09
"P000521",6,2005-01-23
"P000522",53,2022-03-05
"P000522",1,2036-09-14
"P000522",53,2040-07-31
"P000522",45,2040-10-18
"P000522",40,2041-05-29
"P000522",23,2049-07-03
"P000523",61,1973-04-27
"P000523",61,1980-11-03
"P000523",4,1993-09-05
"P000523",67,1999-06-02
"P000523",3,2000-05-16
"P000524",48,1994-08-23
"P000524",43,1997-11-05
"P000524",62,2009-02-20
"P000524",43,2010-07-08
"P000525",17,2016-09-12
"P000525",31,2017-04-04
"P000525",60,2021-07-15
"P000525",14,2051-08-15
"P000526",50,2011-04-06
"P000526",55,2017-01-05
"P000526",65,2017-08-23
"P000526",28,2024-04-17
"P000526",8,2025-07-05
"P000527",28,1982-01-16
"P000527",1,1983-12-04
"P000527",67,2015-05-26
"P000527",39,2016-02-22
"P000527",41,2017-03-20
"P000528",48,2029-10-18
"P000528",6,2034-09-10
"P000528",27,2035-04-01
"P000528",26,2035-12-26
"P000528",40,2037-11-16
"P000528",42,2039-03-01
"P000528",64,2039-11-01
"P000528",11,2047-08-20
"P000529",20,2000-02-22
"P000529",48,2007-09-29
"P000529",7,2008-09-20
"P000529",5,2014-08-14
"P000529",16,2014-12-05
"P000529",64,2016-06-01
"P000529",40,2018-06-25
"P000529",14,2023-09-28
"P000529",29,2024-08-23
"P000529",66,2025-04-16
"P000529",18,2031-10-10
"P000530",52,1975-03-12
"P000530",44,1992-05-09
"P000530",38,1992-08-29
"P000530",27,1995-04-15
"P000530",26,1996-07-02
"P000530",2,2009-01-26
"P000530",21,2009-05-24
"P000531",58,2001-06-05
"P000531",3,2004-04-07
"P000531",59,2009-09-12
"P000531",6,2012-07-19
"P000531",61,2014-03-30
"P000532",62,1998-09-25
"P000532",14,2001-04-16
"P000533",26,2018-08-02
"P000533",25,2019-04-05
"P000533",33,2020-12-22
"P000533",62,2022-06-21
"P000533",26,2024-06-18
"P000533",42,2040-07-19
"P000533",28,2042-02-03
"P000533",32,2044-03-12
"P000533",48,2044-10-29
"P000534",23,2006-08-11
"P000534",34,2014-02-12
"P000534",40,2014-03-04
"P000534",32,2015-12-22
"P000534",36,2016-05-14
"P000534",19,2017-07-27
"P000534",55,2020-01-05
"P000534",46,2021-05-18
"P000534",8,2023-04-01
"P000535",6,2029-10-14
"P000535",15,2033-05-16
"P000535",62,2033-09-01
"P000535",64,2033-09-05
"P000535",54,2034-05-31
"P000535",41,2040-11-24
"P000535",47,2040-12-01
"P000536",6,2019-12-18
"P000536",52,2036-08-03
"P000536",15,2039-12-26
"P000536",52,2042-01-14
"P000536",6,2045-03-09
"P000536",41,2045-06-29
"P000536",54,2046-07-31
"P000536",41,2048-02-19
"P000537",7,1992-02-20
"P000537",55,2000-04-10
"P000538",55,2005-02-13
"P000538",1,2015-11-22
"P000538",38,2019-08-16
"P000538",54,2019-11-25
"P000538",2,2020-04-06
"P000538",18,2020-10-19
"P000538",18,2027-10-06
"P000538",21,2034-03-10
"P000538",14,2034-10-29
"P000538",25,2034-12-22
"P000539",27,2005-02-07
"P000539",16,2008-08-16
"P000539",4,2010-03-02
"P000539",8,2010-05-26
"P000539",8,2014-03-07
"P000539",49,2014-10-01
"P000539",24,2023-01-06
"P000539",43,2031-03-10
"P000539",14,2031-03-25
"P000540",50,1990-04-17
"P000540",3,1990-12-28
"P000540",53,1993-02-20
"P000540",36,1993-10-06
"P000540",42,1995-06-21
"P000540",48,2011-01-05
"P000540",42,2011-12-08
"P000540",21,2017-01-05
"P000540",17,2020-08-14
"P000541",47,1975-05-02
"P000541",21,1976-10-03
"P000541",4,1977-01-22
"P000541",40,1977-11-26
"P000541",16,1978-11-25
"P000541",4,1980-08-03
"P000541",28,1982-09-29
"P000541",40,1982-11-30
"P000541",63,1983-03-29
"P000541",1,1983-09-14
"P000541",63,1983-10-11
"P000541",14,1984-03-22
"P000541",30,1985-04-18
"P000541",63,1987-06-24
"P000541",3,1988-05-23
"P000541",53,2008-10-31
"P000542",6,1980-11-08
"P000542",34,1980-12-16
"P000542",55,1982-09-27
"P000542",1,1999-04-06
"P000543",58,1996-07-04
"P000543",10,1999-06-01
"P000543",28,1999-10-18
"P000543",62,2006-07-31
"P000545",7,2011-04-20
"P000545",60,2023-09-21
"P000546",28,1983-04-27
"P000546",15,2007-08-04
"P000546",42,2008-04-26
"P000547",5,2013-09-12
"P000547",23,2014-08-19
"P000547",28,2038-04-20
"P000547",52,2043-05-19
"P000548",24,1990-04-29
"P000548",63,2007-04-21
"P000548",33,2010-12-26
"P000549",11,1997-05-12
"P000549",21,2018-04-19
"P000549",6,2018-09-07
"P000549",4,2025-08-07
"P000550",3,1976-01-05
"P000550",67,1980-02-05
"P000550",57,2012-03-26
"P000551",26,2000-02-07
"P000551",3,2000-07-10
"P000551",65,2000-10-14
"P000551",30,2000-11-04
"P000551",3,2001-05-03
"P000551",59,2001-11-23
"P000551",8,2003-10-23
"P000551",53,2006-12-19
"P000551",14,2012-01-10
"P000551",26,2015-09-30
"P000551",28,2025-02-01
"P000551",5,2029-04-12
"P000551",5,2029-07-29
"P000551",15,2029-09-12
"P000551",18,2029-10-25
"P000551",4,2030-12-08
"P000551",6,2031-01-03
"P000551",4,2031-01-21
"P000551",7,2031-07-06
"P000551",66,2031-10-10
"P000551",29,2032-02-08
"P000551",41,2033-04-09
"P000552",4,2010-09-05
"P000552",42,2011-11-14
"P000553",60,1982-09-06
"P000553",39,1995-01-18
"P000553",15,1997-01-16
"P000554",24,2036-03-17
"P000554",6,2037-11-27
"P000555",14,1966-10-12
"P000555",18,1977-11-25
"P000555",23,1981-12-14
"P000555",10,1982-10-20
"P000555",39,1983-03-18
"P000555",49,1985-04-14
"P000555",3,1985-10-13
"P000555",54,1987-03-12
"P000555",23,1994-01-25
"P000556",42,2004-06-02
"P000556",60,2004-12-16
"P000556",49,2006-01-24
"P000556",43,2012-10-13
"P000556",28,2016-06-26
"P000557",23,1986-01-28
"P000557",9,1988-01-03
"P000557",23,1996-08-25
"P000557",6,1997-02-09
"P000557",13,2006-02-17
"P000558",58,2007-09-03
"P000558",38,2009-08-12
"P000558",2,2040-03-24
"P000559",14,2005-03-06
"P000559",55,2009-07-04
"P000559",28,2009-07-31
"P000559",30,2019-02-19
"P000560",60,1963-01-01
"P000560",16,1965-07-10
"P000560",20,1966-10-12
"P000560",56,1967-03-17
"P000560",49,1968-08-02
"P000560",44,1974-08-11
"P000560",27,1979-09-29
"P000560",6,1986-09-18
"P000560",44,1986-10-06
"P000560",5,2000-01-24
"P000560",49,2000-05-30
"P000561",41,1984-03-13
"P000561",55,1997-08-05
"P000561",59,1999-06-08
"P000561",49,1999-08-14
"P000561",41,2000-09-30
"P000561",6,2002-05-02
"P000561",38,2002-09-05
"P000561",43,2017-01-27
"P000561",57,2018-11-20
"P000563",62,2009-08-25
"P000563",64,2011-02-23
"P000563",1,2013-10-20
"P000563",21,2017-09-23
"P000563",6,2019-11-20
"P000563",57,2026-05-17
"P000563",26,2029-11-04
"P000563",65,2034-03-05
"P000563",16,2038-07-04
"P000564",28,1979-02-13
"P000564",1,1982-10-17
"P000564",5,1984-10-11
"P000564",1,1987-07-10
"P000564",27,1994-01-07
"P000564",16,2008-04-25
"P000564",26,2008-08-13
"P000565",34,1981-12-17
"P000565",9,1983-05-26
"P000565",6,1991-09-01
"P000565",3,1993-12-14
"P000565",9,1999-11-11
"P000565",18,2005-10-19
"P000566",47,2011-04-20
"P000566",3,2011-04-20
"P000566",8,2012-03-21
"P000566",54,2013-11-05
"P000566",43,2016-11-05
"P000566",25,2021-05-28
"P000566",30,2021-08-15
"P000566",36,2024-08-13
"P000566",10,2032-09-20
"P000567",27,2024-09-28
"P000568",67,1977-10-16
"P000568",43,1981-04-28
"P000568",52,1981-05-01
"P000568",27,1982-04-24
"P000568",30,1984-12-31
"P000568",18,1986-03-25
"P000568",62,2006-05-02
"P000569",11,1978-04-10
"P000569",1,1979-09-08
"P000569",53,1983-08-11
"P000569",6,1985-07-17
"P000569",65,1988-03-04
"P000569",44,1988-04-15
"P000569",26,1989-09-29
"P000569",18,1995-03-04
"P000569",2,1995-10-02
"P000569",66,1996-05-24
"P000569",25,1996-12-07
"P000569",36,1997-02-04
"P000569",3,1997-08-28
"P000569",28,1997-12-16
"P000569",35,1998-12-22
"P000569",19,1999-03-25
"P000569",31,2002-02-02
"P000569",24,2007-01-12
"P000569",1,2010-04-05
"P000569",63,2013-08-24
"P000570",3,2001-12-09
"P000570",28,2002-11-08
"P000570",24,2005-05-31
"P000571",67,2012-06-06
"P000571",43,2014-03-12
"P000571",61,2031-03-28
"P000571",3,2034-03-29
"P000572",27,2021-08-16
"P000572",40,2027-10-31
"P000572",4,2029-03-09
"P000572",8,2034-12-29
"P000572",44,2039-04-03
"P000572",57,2039-08-20
"P000572",54,2043-03-26
"P000572",22,2045-11-29
"P000572",52,2046-04-17
"P000572",15,2046-04-18
"P000573",43,2007-10-09
"P000573",27,2014-01-02
"P000574",23,1966-08-01
"P000574",61,1981-01-16
"P000574",61,1987-09-11
"P000575",47,1981-06-15
"P000575",8,1982-04-21
"P000575",2,2012-02-19
"P000575",24,2012-08-16
"P000576",28,2004-02-18
"P000576",21,2007-12-01
"P000577",28,2000-02-01
"P000577",12,2002-10-30
"P000577",3,2013-10-21
"P000577",42,2014-10-17
"P000578",23,1970-08-12
"P000578",28,1972-10-19
"P000578",40,1973-01-22
"P000578",9,1976-02-08
"P000578",40,1976-12-14
"P000578",8,1980-07-05
"P000578",55,1993-04-10
"P000578",39,1995-10-19
"P000578",11,1996-07-05
"P000578",26,1997-12-05
"P000578",40,2000-03-09
"P000579",28,1982-11-05
"P000579",55,1983-12-18
"P000579",11,1984-10-18
"P000579",19,1985-05-13
"P000579",50,1995-03-23
"P000579",29,2002-10-15
"P000579",30,2003-06-11
"P000579",55,2006-01-18
"P000580",55,1980-01-20
"P000580",62,1985-10-23
"P000580",6,1986-09-06
"P000580",55,1988-04-03
"P000580",4,1998-12-24
"P000580",14,1999-02-21
"P000580",14,2002-10-14
"P000581",56,2002-09-24
"P000581",49,2006-02-11
"P000581",7,2028-07-05
"P000582",13,2016-09-27
"P000582",28,2018-11-23
"P000582",43,2022-03-06
"P000582",21,2023-11-05
"P000582",3,2026-04-11
"P000583",21,2028-11-17
"P000583",66,2029-12-16
"P000584",11,2005-11-29
"P000584",55,2020-03-22
"P000585",2,2019-11-19
"P000585",52,2035-05-08
"P000586",27,1994-03-05
"P000586",38,1994-07-05
"P000586",4,1998-06-30
"P000586",28,1999-02-19
"P000586",55,2001-05-14
"P000586",43,2002-10-06
"P000586",63,2003-05-20
"P000586",20,2005-04-10
"P000586",28,2010-03-18
"P000586",8,2013-07-31
"P000586",14,2015-07-18
"P000586",9,2016-04-09
"P000586",63,2017-09-07
"P000586",36,2018-11-23
"P000586",28,2023-06-02
"P000586",30,2024-04-17
"P000586",55,2024-05-06
"P000586",59,2024-12-30
"P000586",59,2024-12-30
"P000586",23,2025-10-18
"P000587",3,1999-09-12
"P000587",24,1999-12-17
"P000587",28,2014-01-31
"P000588",14,1976-02-22
"P000588",13,1976-10-09
"P000588",14,1984-11-29
"P000588",18,1987-04-10
"P000588",10,1989-02-04
"P000588",63,1991-10-03
"P000589",43,1987-10-22
"P000589",41,1991-07-14
"P000589",15,1998-10-25
"P000590",1,2012-10-14
"P000590",4,2029-03-18
"P000590",14,2030-05-07
"P000590",66,2031-05-19
"P000590",33,2032-06-19
"P000590",40,2033-11-11
"P000591",3,2008-01-26
"P000591",39,2017-03-07
"P000591",15,2025-11-16
"P000591",52,2034-08-26
"P000591",57,2040-12-05
"P000592",52,1980-04-16
"P000592",61,1983-08-25
"P000592",19,1984-11-27
"P000592",44,1987-02-08
"P000592",65,1999-12-06
"P000592",47,2003-03-04
"P000592",47,2007-04-02
"P000593",14,1975-09-09
"P000593",20,1994-11-02
"P000594",14,1969-06-12
"P000594",23,1976-10-03
"P000594",36,1977-06-25
"P000594",6,1988-05-30
"P000594",44,1988-09-22
"P000594",4,1989-08-29
"P000594",40,1990-02-14
"P000594",64,1998-01-27
"P000595",4,1981-09-01
"P000595",8,1982-11-30
"P000595",61,1986-07-08
"P000595",1,1997-07-05
"P000595",28,2005-07-22
"P000596",50,1967-05-16
"P000596",28,1972-04-30
"P000596",13,1980-03-01
"P000597",39,2014-07-26
"P000597",8,2031-03-08
"P000597",67,2042-06-15
"P000598",2,1977-05-25
"P000598",23,1994-05-13
"P000598",60,2000-11-03
"P000598",9,2008-11-01
"P000599",61,1986-08-21
"P000599",34,1987-02-27
"P000599",15,2001-02-05
"P000599",23,2005-11-22
"P000599",29,2006-07-05
"P000599",41,2007-03-02
"P000599",20,2008-08-11
"P000599",43,2013-05-19
"P000600",52,1995-12-29
"P000600",6,1998-04-06
"P000600",24,2000-11-07
"P000600",17,2003-08-12
"P000600",28,2007-05-12
"P000600",30,2007-09-17
"P000600",18,2018-01-12
"P000600",66,2018-11-27
"P000601",2,2004-12-25
"P000601",7,2005-08-19
"P000601",64,2005-09-09
"P000601",57,2023-02-01
"P000601",35,2028-07-14
"P000601",35,2029-01-19
"P000601",24,2030-07-19
"P000602",49,2008-05-22
"P000602",4,2008-07-21
"P000602",67,2008-09-22
"P000602",61,2008-12-14
"P000602",53,2010-05-10
"P000602",31,2013-06-02
"P000602",12,2017-11-10
"P000602",35,2026-04-01
"P000602",18,2038-07-27
"P000602",53,2039-09-19
"P000602",40,2046-06-07
"P000603",29,1996-02-07
"P000603",41,2031-10-01
"P000604",37,1999-10-03
"P000604",52,2009-06-06
"P000604",52,2011-08-13
"P000604",34,2013-03-12
"P000605",55,2012-01-25
"P000605",14,2013-12-19
"P000605",9,2015-05-02
"P000605",11,2020-10-09
"P000605",55,2033-01-07
"P000605",11,2040-12-30
"P000605",52,2041-09-25
"P000606",34,1985-07-02
"P000606",6,1998-12-04
"P000606",4,2000-11-07
"P000606",8,2002-05-31
"P000607",3,1979-09-22
"P000607",23,1980-06-13
"P000607",49,1999-06-05
"P000607",11,2000-11-25
"P000607",2,2002-04-15
"P000607",8,2008-08-02
"P000607",38,2017-06-24
"P000608",16,2014-03-30
"P000608",57,2015-01-29
"P000608",39,2016-03-05
"P000608",11,2017-03-03
"P000608",4,2047-11-23
"P000608",66,2050-06-10
"P000608",22,2050-12-13
"P000608",41,2051-02-22
"P000609",48,1966-03-15
"P000609",12,1966-06-08
"P000609",52,1972-07-21
"P000609",62,1981-11-23
"P000609",7,1983-03-26
"P000609",64,1985-01-30
"P000609",1,1990-12-04
"P000610",3,1972-10-04
"P000610",55,2011-03-09
"P000611",27,1984-07-27
"P000611",30,1986-01-07
"P000611",7,1986-05-10
"P000611",55,1988-08-22
"P000611",39,1990-03-21
"P000611",1,2002-04-30
"P000611",10,2003-03-21
"P000611",28,2005-01-23
"P000611",11,2008-08-02
"P000611",12,2009-03-24
"P000611",4,2014-12-10
"P000612",8,1981-05-08
"P000612",6,1985-08-30
"P000612",44,1987-09-02
"P000612",25,2001-07-04
"P000613",52,1986-03-15
"P000613",28,2007-11-03
"P000614",27,2005-06-06
"P000614",38,2005-12-29
"P000614",13,2006-08-26
"P000614",38,2007-09-27
"P000614",24,2009-03-10
"P000614",15,2023-07-22
"P000615",18,1965-01-28
"P000615",7,2003-07-01
"P000616",15,1982-09-13
"P000616",2,1985-01-29
"P000616",50,1986-03-20
"P000616",9,1986-03-20
"P000616",54,1988-05-14
"P000616",23,1993-04-21
"P000616",17,2002-03-20
"P000616",1,2005-06-16
"P000616",52,2015-09-03
"P000617",65,1980-10-04
"P000617",43,1999-03-20
"P000617",6,2004-03-24
"P000617",65,2005-06-14
"P000617",23,2017-02-12
"P000618",24,1995-12-03
"P000618",47,1997-04-01
"P000618",67,1997-08-29
"P000618",39,1998-06-09
"P000618",17,2000-02-11
"P000618",6,2004-09-01
"P000618",14,2004-10-10
"P000618",43,2022-06-20
"P000619",28,1975-10-17
"P000619",2,1977-12-10
"P000619",53,1981-08-19
"P000619",28,1983-12-01
"P000619",26,1992-11-03
"P000619",53,2002-12-25
"P000619",23,2003-02-21
"P000620",14,2010-07-07
"P000620",27,2011-04-06
"P000620",28,2026-01-15
"P000620",12,2032-02-21
"P000620",49,2045-10-07
"P000621",27,2017-05-21
"P000621",27,2022-04-11
"P000621",30,2023-02-21
"P000621",27,2023-03-07
"P000621",42,2023-04-16
"P000621",30,2023-07-13
"P000621",27,2023-10-31
"P000621",40,2024-04-02
"P000621",63,2024-09-17
"P000621",19,2026-07-15
"P000621",15,2028-04-26
"P000621",18,2029-11-29
"P000621",18,2029-12-29
"P000621",18,2031-02-25
"P000621",6,2031-03-05
"P000621",34,2031-12-01
"P000621",61,2031-12-31
"P000622",24,1987-08-08
"P000622",63,2004-06-12
"P000623",15,2020-03-14
"P000623",19,2052-03-02
"P000624",55,1982-10-19
"P000624",1,1985-08-21
"P000624",44,1988-03-01
"P000624",4,1988-10-23
"P000624",32,1991-03-29
"P000624",26,1991-09-06
"P000624",10,1995-03-18
"P000624",32,1996-06-21
"P000624",60,1996-12-12
"P000624",28,2007-07-22
"P000624",62,2008-04-03
"P000624",2,2009-09-05
"P000624",51,2010-03-11
"P000624",23,2014-10-17
"P000625",25,1992-07-06
"P000625",40,1995-06-06
"P000625",28,1998-02-15
"P000625",27,1998-08-22
"P000625",1,2020-08-01
"P000625",31,2028-05-10
"P000626",28,1998-11-10
"P000626",1,1999-04-06
"P000626",58,2008-08-25
"P000626",12,2011-06-28
"P000626",28,2016-04-30
"P000626",27,2029-03-14
"P000627",27,1969-03-31
"P000627",26,1969-06-14
"P000627",7,1992-02-25
"P000627",13,1992-05-25
"P000627",2,1996-09-16
"P000628",47,1973-07-30
"P000628",46,1975-06-17
"P000629",13,1976-10-25
"P000629",4,1976-10-31
"P000629",65,1977-10-27
"P000629",52,1984-10-12
"P000629",1,1996-02-19
"P000629",1,2008-05-07
"P000630",7,2007-04-18
"P000630",57,2009-10-13
"P000630",41,2010-11-08
"P000630",4,2015-12-04
"P000630",32,2024-06-29
"P000631",43,2001-04-08
"P000631",28,2010-08-10
"P000631",38,2011-02-04
"P000631",24,2014-04-30
"P000632",6,2014-09-07
"P000632",44,2016-08-03
"P000632",24,2019-07-26
"P000632",1,2019-12-08
"P000632",7,2029-11-08
"P000632",28,2030-03-18
"P000632",40,2030-04-09
"P000632",28,2034-02-12
"P000632",28,2038-06-17
"P000632",39,2043-08-08
"P000632",57,2044-04-08
"P000632",35,2045-07-18
"P000632",24,2050-08-15
"P000633",57,1974-04-12
"P000633",52,1976-10-31
"P000633",9,1977-08-12
"P000633",28,1984-01-15
"P000633",50,1989-02-04
"P000633",24,1989-11-19
"P000633",49,1990-03-06
"P000633",64,1990-06-02
"P000633",22,1991-07-30
"P000633",12,1993-11-17
"P000633",30,1994-04-17
"P000633",10,1994-10-19
"P000633",6,1999-06-02
"P000633",17,2001-07-31
"P000633",49,2004-10-09
"P000633",30,2005-11-03
"P000633",53,2006-02-22
"P000633",53,2006-03-23
"P000633",11,2009-09-01
"P000633",19,2010-04-10
"P000633",58,2011-01-14
"P000633",1,2011-12-27
"P000634",3,1962-10-10
"P000634",54,1966-02-02
"P000634",28,1973-06-06
"P000634",3,1981-07-19
"P000634",28,1992-03-12
"P000634",21,1999-07-24
"P000635",24,2004-03-11
"P000635",23,2004-10-18
"P000635",36,2025-07-25
"P000635",4,2028-06-16
"P000635",57,2029-12-01
"P000635",46,2031-11-01
"P000635",59,2033-04-13
"P000635",42,2037-04-09
"P000636",62,2033-07-30
"P000636",55,2034-11-14
"P000636",17,2034-12-08
"P000636",30,2036-03-18
"P000637",30,2005-01-28
"P000637",63,2021-01-14
"P000637",30,2023-06-21
"P000637",4,2034-03-27
"P000637",28,2041-04-05
"P000638",49,2011-11-13
"P000638",2,2026-11-13
"P000638",27,2040-07-20
"P000638",4,2043-06-09
"P000638",67,2044-10-23
"P000639",43,1995-11-19
"P000639",48,2001-08-04
"P000640",6,2008-05-05
"P000640",55,2008-12-04
"P000640",2,2010-11-22
"P000640",49,2014-07-05
"P000640",3,2015-06-19
"P000640",28,2027-01-24
"P000641",62,1976-04-09
"P000641",18,1994-11-09
"P000642",28,2012-04-25
"P000642",61,2013-01-30
"P000642",56,2019-08-11
"P000642",55,2038-02-16
"P000642",8,2040-04-09
"P000642",18,2049-10-22
"P000643",14,1968-08-31
"P000643",49,1981-03-16
"P000643",14,1984-04-06
"P000644",2,2006-09-11
"P000644",55,2017-07-04
"P000644",12,2019-02-08
"P000644",52,2019-02-27
"P000644",23,2042-09-26
"P000644",36,2044-01-29
"P000644",3,2044-12-24
"P000645",6,2015-10-13
"P000646",47,1998-09-04
"P000646",18,2012-07-06
"P000646",1,2015-03-13
"P000646",13,2018-10-27
"P000647",7,1994-07-15
"P000647",42,1996-07-26
"P000647",66,1998-03-09
"P000648",21,2010-07-22
"P000649",24,2000-04-09
"P000649",13,2008-08-17
"P000649",14,2025-01-05
"P000649",1,2029-05-12
"P000650",13,1986-03-17
"P000650",60,1994-07-01
"P000650",38,1994-10-19
"P000650",28,1995-08-04
"P000650",20,2008-09-11
"P000651",15,1982-12-28
"P000651",24,1983-04-18
"P000651",32,1984-07-05
"P000651",4,1987-05-15
"P000651",55,1991-10-19
"P000651",49,2007-01-12
"P000651",47,2015-05-14
"P000652",27,2011-03-29
"P000652",27,2011-04-04
"P000652",38,2011-08-02
"P000653",21,1969-01-26
"P000653",11,2000-07-24
"P000653",19,2002-01-04
"P000654",28,1967-02-22
"P000654",55,1979-02-09
"P000654",37,1984-11-03
"P000654",47,1985-11-10
"P000654",52,1990-02-22
"P000654",55,1991-08-08
"P000654",2,1991-10-29
"P000654",25,1998-12-24
"P000655",11,1976-06-03
"P000655",61,1978-03-30
"P000655",55,1978-04-17
"P000655",55,1988-10-29
"P000655",13,1995-04-09
"P000655",21,1995-06-06
"P000655",53,1996-07-30
"P000655",13,1998-06-02
"P000655",2,2012-07-06
"P000655",28,2014-03-15
"P000656",23,2000-11-05
"P000656",67,2003-02-09
"P000656",28,2009-10-16
"P000656",42,2015-11-08
"P000656",6,2018-05-04
"P000656",4,2026-07-13
"P000656",62,2028-09-10
"P000656",64,2029-08-13
"P000656",6,2031-08-20
"P000656",41,2031-08-27
"P000656",60,2032-05-07
"P000657",28,2006-09-23
"P000657",2,2007-01-05
"P000657",12,2036-04-25
"P000657",1,2044-06-09
"P000658",40,2044-12-08
"P000659",12,2034-02-04
"P000659",63,2036-06-19
"P000659",25,2037-09-25
"P000659",4,2045-06-26
"P000660",26,2004-06-01
"P000660",24,2005-07-12
"P000660",38,2007-03-28
"P000661",36,1998-05-23
"P000661",8,2003-11-21
"P000661",47,2003-11-24
"P000661",38,2004-12-06
"P000662",21,2003-07-12
"P000662",41,2007-07-30
"P000662",11,2014-12-20
"P000663",15,1992-12-17
"P000663",61,1996-01-29
"P000663",48,1996-10-02
"P000663",38,1998-06-29
"P000663",3,2008-01-12
"P000663",19,2010-08-16
"P000663",24,2018-01-12
"P000664",18,1972-11-04
"P000664",41,1975-04-04
"P000664",30,1980-04-12
"P000664",14,1984-02-15
"P000664",58,1984-12-16
"P000664",23,1985-02-02
"P000664",37,1985-09-18
"P000665",8,1993-09-12
"P000665",50,1997-06-16
"P000665",60,1998-01-08
"P000666",2,1989-03-07
"P000666",42,1997-04-30
"P000666",3,2005-09-25
"P000666",30,2006-01-24
"P000666",57,2009-07-27
"P000666",2,2010-01-16
"P000666",50,2010-02-01
"P000666",39,2010-09-06
"P000666",40,2011-01-09
"P000666",43,2011-01-28
"P000666",36,2011-08-30
"P000667",47,1997-10-07
"P000667",28,1999-02-25
"P000667",25,2008-09-27
"P000667",25,2009-09-18
"P000667",8,2017-03-21
"P000667",1,2018-03-21
"P000668",43,1963-03-05
"P000668",35,1965-10-07
"P000668",6,1974-01-23
"P000668",41,1979-07-14
"P000668",6,1979-09-22
"P000668",52,1980-06-28
"P000668",41,1982-07-05
"P000668",6,1983-04-23
"P000668",30,1998-08-12
"P000669",12,2014-09-13
"P000669",27,2016-01-01
"P000669",3,2016-11-30
"P000669",30,2017-06-29
"P000669",23,2020-01-15
"P000669",14,2020-06-11
"P000669",60,2030-02-23
"P000669",43,2033-03-06
"P000670",6,1999-10-01
"P000670",65,2000-08-12
"P000670",43,2003-09-05
"P000670",4,2004-06-26
"P000670",64,2008-04-19
"P000670",14,2010-02-26
"P000670",23,2021-03-16
"P000670",62,2028-01-18
"P000671",49,1987-11-01
"P000671",7,1994-08-31
"P000671",2,1998-04-06
"P000671",24,2023-08-16
"P000672",55,1993-11-17
"P000672",39,1996-04-13
"P000673",44,1984-11-12
"P000673",61,1986-07-27
"P000673",43,1990-08-04
"P000673",10,1991-09-27
"P000673",55,2007-01-05
"P000673",12,2007-07-28
"P000673",11,2013-11-07
"P000674",49,2013-08-10
"P000674",18,2029-11-04
"P000674",18,2030-02-17
"P000674",53,2038-08-24
"P000675",61,1996-07-04
"P000675",53,1998-07-11
"P000675",2,2015-04-02
"P000675",21,2028-09-04
"P000676",49,2048-04-04
"P000677",11,1992-11-01
"P000677",49,2004-03-10
"P000677",2,2004-12-09
"P000677",24,2019-02-01
"P000678",28,2015-02-11
"P000678",54,2019-09-23
"P000678",5,2025-08-05
"P000678",24,2051-02-15
"P000678",15,2051-09-07
"P000678",60,2052-08-16
"P000679",27,1989-07-22
"P000679",54,1991-07-10
"P000679",20,1999-04-23
"P000679",11,1999-04-25
"P000679",40,1999-09-05
"P000679",5,1999-10-14
"P000679",4,2000-12-03
"P000679",32,2001-08-04
"P000679",28,2002-10-05
"P000680",2,1983-12-20
"P000680",65,1989-08-31
"P000680",2,1990-05-25
"P000680",28,2004-04-04
"P000680",11,2004-08-10
"P000680",24,2006-04-06
"P000680",62,2010-01-21
"P000680",46,2010-07-26
"P000681",19,1990-10-08
"P000681",66,1996-04-15
"P000681",33,1996-08-26
"P000681",53,1998-05-26
"P000681",60,1998-10-03
"P000681",58,1999-08-19
"P000681",37,2001-03-03
"P000681",25,2019-09-21
"P000682",52,1982-11-17
"P000682",54,1999-08-04
"P000682",40,2000-06-27
"P000683",30,1987-10-23
"P000683",14,1994-08-01
"P000683",62,2000-05-01
"P000683",55,2000-09-20
"P000684",4,2012-07-11
"P000684",7,2013-03-18
"P000684",58,2013-09-03
"P000684",26,2029-11-23
"P000684",18,2030-08-26
"P000684",50,2033-12-28
"P000684",66,2037-09-16
"P000685",8,1990-04-21
"P000685",42,1990-05-23
"P000685",11,2002-11-12
"P000685",19,2004-04-03
"P000685",8,2008-08-07
"P000685",31,2008-10-11
"P000685",62,2009-01-04
"P000685",14,2009-08-09
"P000686",1,1986-05-09
"P000686",28,1988-05-09
"P000686",28,1992-09-29
"P000686",5,2002-12-07
"P000686",15,2005-09-28
"P000686",11,2008-04-14
"P000686",31,2009-04-24
"P000686",3,2009-10-02
"P000686",15,2017-03-19
"P000686",3,2021-02-01
"P000687",49,1999-07-01
"P000687",22,2000-04-13
"P000687",54,2000-06-06
"P000687",7,2010-02-25
"P000687",28,2017-04-14
"P000687",2,2017-12-19
"P000687",44,2025-09-23
"P000687",49,2026-11-12
"P000688",47,2027-05-26
"P000688",2,2033-05-18
"P000688",1,2040-08-02
"P000689",56,1973-04-13
"P000689",8,1973-09-03
"P000689",32,1973-09-20
"P000689",50,1973-10-12
"P000689",23,1975-12-31
"P000689",12,1976-09-08
"P000689",43,1978-03-29
"P000689",4,1979-11-10
"P000689",26,1982-04-28
"P000690",26,1998-11-03
"P000690",16,1999-09-22
"P000690",67,2002-05-22
"P000690",39,2002-11-01
"P000690",42,2003-08-26
"P000690",1,2013-06-15
"P000690",1,2016-03-19
"P000690",52,2017-01-12
"P000691",6,1991-02-12
"P000691",26,1997-01-18
"P000691",25,2002-02-03
"P000691",3,2013-12-01
"P000691",15,2020-06-25
"P000692",47,2015-08-15
"P000692",52,2024-09-14
"P000692",8,2033-10-24
"P000693",45,1995-04-28
"P000693",4,1995-08-20
"P000693",52,2010-08-25
"P000693",56,2013-07-11
"P000693",16,2018-01-24
"P000694",49,2049-01-25
"P000694",38,2051-11-08
"P000694",52,2052-12-27
"P000695",3,2026-10-21
"P000695",3,2043-12-06
"P000696",58,1980-07-22
"P000696",52,1984-02-14
"P000697",13,2000-05-31
"P000697",26,2008-06-08
"P000697",6,2011-04-19
"P000697",15,2011-07-19
"P000697",15,2011-12-12
"P000697",60,2012-02-21
"P000697",44,2012-02-24
"P000697",24,2012-03-20
"P000697",58,2013-02-07
"P000697",12,2013-10-06
"P000697",24,2024-04-16
"P000697",28,2027-05-15
"P000697",12,2028-10-19
"P000697",4,2028-10-27
"P000697",66,2030-05-25
"P000698",52,2007-08-24
"P000698",17,2012-11-08
"P000698",28,2018-10-18
"P000698",1,2018-12-17
"P000698",18,2019-10-10
"P000698",32,2023-04-02
"P000699",52,1986-04-19
"P000699",4,2003-04-21
"P000699",41,2006-05-26
"P000699",3,2022-03-13
"P000699",55,2023-04-04
"P000701",11,1962-07-05
"P000701",36,1963-01-13
"P000701",18,1967-10-23
"P000701",66,1970-02-26
"P000701",4,1984-10-03
"P000701",64,1986-03-20
"P000702",53,2007-09-04
"P000702",49,2008-08-04
"P000702",4,2010-03-11
"P000702",52,2010-06-15
"P000702",1,2011-01-24
"P000702",21,2011-12-06
"P000702",1,2015-07-28
"P000702",13,2017-04-25
"P000702",21,2024-11-02
"P000702",6,2025-07-25
"P000703",61,1973-01-19
"P000703",50,2001-06-06
"P000703",29,2003-02-21
"P000703",34,2004-01-14
"P000704",44,2001-06-05
"P000704",22,2021-09-07
"P000704",50,2022-02-18
"P000704",16,2022-08-07
"P000704",48,2023-11-19
"P000704",23,2024-10-10
"P000704",9,2028-10-17
"P000704",54,2032-11-06
"P000704",28,2037-09-01
"P000705",53,1981-06-18
"P000705",4,1995-12-24
"P000706",55,1968-06-02
"P000706",28,1970-10-07
"P000706",1,1971-11-20
"P000706",13,1975-11-18
"P000706",4,1977-05-25
"P000706",32,1978-07-18
"P000706",8,1991-04-19
"P000706",26,2005-08-29
"P000707",28,1981-03-23
"P000707",1,1993-09-13
"P000707",39,1994-04-25
"P000707",63,1995-01-03
"P000707",28,1996-02-21
"P000707",14,1996-09-27
"P000707",47,1997-08-02
"P000707",63,1997-09-04
"P000707",3,2004-12-15
"P000707",59,2006-10-07
"P000708",2,1994-08-25
"P000708",39,1994-12-23
"P000708",1,1998-06-03
"P000708",8,1998-07-07
"P000708",8,1999-03-09
"P000708",58,2000-08-25
"P000708",61,2002-05-26
"P000708",58,2003-02-21
"P000708",48,2004-05-10
"P000708",17,2006-05-22
"P000708",62,2008-11-15
"P000708",14,2012-01-11
"P000708",53,2023-01-08
"P000708",47,2026-12-21
"P000708",49,2030-05-07
"P000708",23,2030-05-10
"P000708",67,2030-09-07
"P000709",28,1978-09-18
"P000709",65,1980-01-11
"P000709",6,1981-12-19
"P000709",60,1990-04-10
"P000709",21,2001-09-20
"P000709",31,2002-02-16
"P000709",21,2002-07-12
"P000709",57,2006-02-03
"P000709",42,2006-04-15
"P000709",61,2010-03-04
"P000709",14,2012-09-29
"P000710",14,1969-07-12
"P000710",1,1972-04-19
"P000710",21,1978-08-21
"P000710",28,1994-04-14
"P000711",52,1968-03-29
"P000711",3,1978-10-26
"P000711",65,1981-03-09
"P000711",28,2000-06-12
"P000712",8,2004-08-12
"P000712",43,2009-07-14
"P000712",21,2009-11-24
"P000712",1,2009-12-02
"P000712",23,2041-02-27
"P000713",23,1963-02-02
"P000713",43,1989-06-04
"P000713",21,1999-08-21
"P000713",6,2002-02-02
"P000714",1,1984-11-08
"P000714",2,1985-12-17
"P000714",1,1986-11-14
"P000714",2,1995-07-01
"P000714",2,2009-05-31
"P000714",55,2017-06-21
"P000714",2,2017-09-12
"P000714",2,2018-08-17
"P000714",24,2020-09-25
"P000715",60,1981-06-18
"P000715",28,1993-11-10
"P000715",52,1994-10-06
"P000715",27,2007-11-30
"P000715",62,2008-08-23
"P000716",21,1977-08-01
"P000716",5,1979-02-09
"P000716",10,1985-03-11
"P000716",6,1993-01-30
"P000716",8,1993-11-12
"P000716",13,2000-11-26
"P000716",1,2001-06-26
"P000716",14,2006-05-17
"P000717",55,1980-05-17
"P000717",18,1982-04-19
"P000717",55,1984-06-12
"P000717",42,1985-04-30
"P000717",42,1986-04-01
"P000717",17,1987-01-05
"P000717",49,1987-11-10
"P000717",2,1991-04-15
"P000717",22,1994-11-27
"P000717",7,1995-07-25
"P000717",6,2003-02-04
"P000718",20,1974-02-27
"P000718",23,1974-03-30
"P000718",28,1998-06-24
"P000718",62,1999-04-10
"P000719",18,1968-11-23
"P000719",23,1974-02-12
"P000719",9,1974-11-25
"P000719",15,1983-12-04
"P000719",1,1989-11-15
"P000719",8,1990-04-04
"P000719",1,1999-05-05
"P000720",1,1993-11-04
"P000720",1,2021-12-15
"P000721",11,2019-01-20
"P000721",61,2039-09-16
"P000722",28,1970-04-20
"P000722",11,1971-07-02
"P000722",5,1982-02-07
"P000722",39,1983-01-28
"P000722",39,1983-02-09
"P000722",4,1984-12-08
"P000722",14,1985-05-16
"P000722",41,1985-12-06
"P000722",65,1989-01-25
"P000722",34,1990-01-28
"P000722",34,1990-12-12
"P000722",16,2001-09-10
"P000723",2,1977-03-05
"P000723",45,1977-09-11
"P000723",12,1978-01-09
"P000723",8,1991-05-27
"P000723",14,1992-12-14
"P000723",9,1997-10-14
"P000723",54,2002-07-23
"P000724",3,1984-02-01
"P000726",21,1991-12-29
"P000726",1,1993-04-24
"P000726",26,1999-08-31
"P000726",30,2000-08-31
"P000726",28,2015-02-08
"P000726",20,2018-08-23
"P000726",31,2021-12-20
"P000727",1,1973-06-29
"P000727",23,1995-04-12
"P000727",28,2002-10-08
"P000727",34,2004-01-28
"P000727",1,2008-05-31
"P000728",3,2024-08-12
"P000728",8,2035-12-09
"P000728",61,2046-08-04
"P000728",55,2051-10-12
"P000729",5,1984-08-07
"P000729",53,1992-08-13
"P000729",26,1994-10-10
"P000729",23,2002-04-29
"P000729",1,2007-05-10
"P000729",6,2013-01-12
"P000729",55,2014-10-01
"P000730",28,2012-06-29
"P000730",53,2023-02-08
"P000730",61,2038-08-14
"P000730",54,2042-12-28
"P000730",37,2043-03-12
"P000730",4,2044-01-17
"P000731",3,2040-08-14
"P000731",28,2040-12-12
"P000731",12,2042-02-12
"P000732",28,1969-03-14
"P000732",12,1977-04-29
"P000732",49,1979-04-14
"P000732",14,1980-04-30
"P000732",47,1982-03-12
"P000732",10,1994-05-24
"P000732",19,1995-06-08
"P000732",28,2002-06-02
"P000732",44,2003-01-06
"P000732",10,2005-05-19
"P000732",27,2007-01-10
"P000733",50,1984-01-23
"P000733",6,1989-07-17
"P000733",42,1992-04-13
"P000733",7,2001-02-09
"P000733",28,2010-04-13
"P000733",16,2012-01-11
"P000734",52,1997-06-08
"P000734",48,2002-12-03
"P000734",62,2008-08-28
"P000734",12,2025-05-26
"P000734",4,2025-10-13
"P000735",24,2011-12-24
"P000735",4,2028-04-03
"P000735",28,2039-10-26
"P000735",15,2051-01-01
"P000736",24,1995-07-09
"P000736",28,1995-08-03
"P000736",30,1996-03-10
"P000736",18,2000-01-03
"P000736",15,2000-10-02
"P000736",40,2012-05-21
"P000736",4,2017-05-31
"P000736",55,2025-06-17
"P000736",23,2032-03-12
"P000737",24,1973-11-03
"P000737",44,1999-09-10
"P000737",2,2005-04-10
"P000737",3,2007-10-27
"P000738",11,1969-01-30
"P000738",3,1971-07-30
"P000738",27,1972-04-30
"P000738",24,1973-12-19
"P000738",2,1974-12-22
"P000738",4,1976-02-14
"P000738",4,1978-03-08
"P000738",58,1978-10-07
"P000738",18,1980-01-09
"P000738",28,1980-06-17
"P000738",14,1984-07-01
"P000738",3,1994-10-31
"P000738",2,1996-01-27
"P000739",27,2018-08-25
"P000739",26,2021-10-06
"P000739",38,2024-07-09
"P000739",49,2024-09-05
"P000739",35,2025-05-14
"P000739",34,2025-08-03
"P000739",12,2032-05-01
"P000739",65,2035-10-30
"P000739",34,2035-12-16
"P000739",1,2036-11-19
"P000740",49,2000-07-27
"P000740",7,2004-01-08
"P000740",52,2014-07-18
"P000740",11,2015-09-16
"P000740",15,2016-02-07
"P000740",2,2022-11-08
"P000740",41,2031-10-03
"P000741",30,2021-11-27
"P000741",1,2022-03-08
"P000742",26,1986-04-06
"P000742",21,1993-07-15
"P000742",17,1996-11-01
"P000742",43,2003-01-28
"P000742",38,2004-04-18
"P000743",43,1991-01-05
"P000743",41,1992-01-01
"P000743",44,1993-03-09
"P000743",54,1999-05-21
"P000744",23,2020-04-21
"P000744",4,2025-07-14
"P000744",58,2027-08-10
"P000745",24,2017-10-19
"P000745",9,2019-04-28
"P000745",58,2039-06-28
"P000745",11,2043-06-04
"P000745",28,2047-12-01
"P000746",25,2009-06-25
"P000747",60,2006-03-27
"P000747",1,2012-05-24
"P000747",63,2039-09-22
"P000748",15,2021-10-20
"P000748",60,2023-06-30
"P000748",2,2036-09-22
"P000748",33,2044-12-06
"P000748",40,2045-10-20
"P000748",40,2046-03-10
"P000748",62,2049-06-17
"P000749",10,1970-09-11
"P000749",62,1978-05-24
"P000749",26,1979-07-15
"P000749",23,1994-01-28
"P000750",1,1992-04-17
"P000750",28,1992-06-29
"P000750",21,2021-01-03
"P000750",31,2022-08-27
"P000750",4,2023-12-27
"P000751",21,2041-04-04
"P000751",14,2043-12-22
"P000752",3,2023-11-14
"P000752",49,2024-02-11
"P000752",25,2024-03-23
"P000752",1,2027-12-15
"P000752",26,2029-08-09
"P000752",13,2031-05-06
"P000752",52,2034-05-07
"P000752",28,2039-09-05
"P000752",27,2047-03-14
"P000752",26,2048-08-28
"P000752",30,2049-08-26
"P000752",10,2051-01-06
"P000753",19,1982-05-06
"P000753",15,1982-09-10
"P000753",2,1994-02-10
"P000753",15,1994-12-17
"P000753",2,2007-12-31
"P000753",25,2010-11-26
"P000753",56,2011-07-16
"P000753",11,2012-03-22
"P000753",37,2017-01-29
"P000753",47,2018-02-09
"P000753",57,2019-12-14
"P000754",1,1989-03-16
"P000754",1,1995-04-28
"P000754",11,1999-09-02
"P000754",58,2002-10-05
"P000754",12,2005-12-26
"P000754",6,2007-11-01
"P000754",43,2010-04-04
"P000755",6,1995-12-21
"P000755",61,1999-05-30
"P000756",38,1976-11-15
"P000756",26,1984-02-28
"P000756",15,1985-09-01
"P000756",32,1989-02-23
"P000756",2,1997-09-17
"P000757",11,1978-08-03
"P000757",1,1979-02-10
"P000757",26,1991-08-02
"P000757",47,2002-08-10
"P000757",47,2003-04-30
"P000758",17,1976-12-28
"P000758",31,1979-08-22
"P000758",2,1982-02-09
"P000758",2,1982-07-11
"P000758",42,1984-01-21
"P000759",50,1986-08-31
"P000759",48,1986-09-20
"P000759",42,1986-10-10
"P000759",4,1989-05-05
"P000759",51,2000-05-23
"P000759",7,2007-12-27
"P000759",18,2009-01-07
"P000759",61,2009-03-26
"P000759",12,2012-02-23
"P000760",14,1996-10-18
"P000760",60,2005-05-11
"P000761",18,1999-02-16
"P000761",10,1999-07-20
"P000761",18,2000-03-19
"P000761",66,2002-03-28
"P000761",6,2002-12-26
"P000761",55,2020-04-03
"P000761",52,2021-01-26
"P000762",2,1967-10-13
"P000762",60,1969-01-14
"P000762",52,1969-04-20
"P000762",6,1969-07-02
"P000762",55,1970-05-26
"P000762",23,1970-08-08
"P000762",60,1970-10-13
"P000762",24,1977-04-01
"P000762",56,1985-01-28
"P000762",16,1997-06-08
"P000762",9,1998-06-22
"P000763",14,1985-04-09
"P000763",6,2005-05-15
"P000763",44,2007-01-03
"P000763",2,2011-10-03
"P000763",55,2014-08-05
"P000763",3,2022-01-30
"P000763",49,2022-02-04
"P000763",8,2023-02-25
"P000764",49,1984-11-21
"P000764",3,2011-09-16
"P000764",61,2011-11-30
"P000764",52,2013-12-31
"P000764",8,2015-06-07
"P000764",15,2017-04-05
"P000764",60,2019-06-10
"P000765",28,1971-10-21
"P000765",1,1974-12-18
"P000765",6,1988-09-25
"P000765",4,1992-10-05
"P000765",27,1999-08-17
"P000765",11,2004-12-19
"P000765",62,2005-04-02
"P000765",19,2006-02-23
"P000765",51,2006-05-13
"P000765",41,2007-04-22
"P000766",42,1985-09-20
"P000766",4,1987-03-30
"P000766",60,2003-01-20
"P000766",18,2003-01-20
"P000766",39,2009-02-23
"P000766",19,2010-10-06
"P000767",14,1967-11-20
"P000767",49,1975-08-18
"P000767",52,1980-09-11
"P000767",2,1984-04-07
"P000767",6,1986-05-09
"P000767",26,1988-05-30
"P000767",26,2000-08-20
"P000768",55,2009-11-03
"P000768",6,2015-10-18
"P000768",25,2024-05-26
"P000768",8,2026-10-16
"P000768",14,2036-04-14
"P000769",4,2021-12-07
"P000769",23,2035-01-06
"P000770",4,2004-01-18
"P000770",18,2005-07-21
"P000770",40,2007-10-27
"P000770",24,2015-08-20
"P000770",23,2022-01-30
"P000771",6,1967-10-13
"P000771",41,1972-01-15
"P000771",6,1973-05-02
"P000771",13,1979-06-08
"P000771",16,1985-05-14
"P000771",55,1986-01-13
"P000771",15,1986-04-06
"P000771",33,1986-07-13
"P000771",34,1987-09-23
"P000771",19,1988-01-01
"P000771",55,1990-03-14
"P000772",16,2015-10-19
"P000772",18,2049-04-06
"P000772",41,2050-01-31
"P000772",10,2051-03-09
"P000772",58,2051-03-23
"P000772",3,2051-08-07
"P000772",28,2052-07-16
"P000772",58,2054-12-12
"P000773",30,1985-09-23
"P000773",3,1988-09-21
"P000773",1,1990-11-04
"P000773",8,1997-02-04
"P000773",40,2004-05-01
"P000774",1,2024-11-09
"P000774",26,2034-10-10
"P000774",30,2035-12-11
"P000774",66,2036-07-15
"P000774",36,2037-04-28
"P000774",61,2044-06-17
"P000775",26,2018-05-03
"P000775",28,2023-08-26
"P000775",28,2023-10-29
"P000775",16,2024-03-29
"P000775",62,2030-05-07
"P000775",60,2034-06-19
"P000776",56,2023-03-16
"P000776",28,2028-03-30
"P000776",30,2028-10-03
"P000776",30,2028-11-07
"P000776",40,2033-10-09
"P000776",26,2041-11-08
"P000776",13,2042-01-17
"P000776",13,2043-01-01
"P000776",16,2053-05-03
"P000777",21,2009-05-04
"P000777",6,2036-08-10
"P000778",56,1995-08-14
"P000778",27,1995-09-25
"P000778",49,1996-06-12
"P000778",16,1997-07-07
"P000778",15,1998-01-27
"P000778",57,1998-12-02
"P000778",26,2000-05-26
"P000778",9,2000-11-07
"P000778",15,2001-07-20
"P000778",28,2004-10-08
"P000778",54,2005-07-24
"P000778",24,2005-09-29
"P000778",47,2012-06-02
"P000778",45,2013-07-08
"P000778",3,2015-01-07
"P000779",26,1998-12-26
"P000779",11,2013-07-21
"P000779",3,2015-01-21
"P000780",10,2003-03-05
"P000780",28,2011-05-17
"P000780",14,2013-06-09
"P000780",28,2026-07-02
"P000780",58,2031-05-06
"P000780",41,2035-01-18
"P000781",60,2017-10-02
"P000781",57,2023-09-14
"P000781",15,2028-10-19
"P000781",31,2028-10-24
"P000781",46,2041-09-06
"P000781",21,2041-11-25
"P000781",21,2042-04-25
"P000781",21,2044-04-13
"P000781",31,2044-08-09
"P000782",6,2017-03-12
"P000782",4,2020-03-02
"P000782",53,2023-08-29
"P000782",11,2024-02-06
"P000783",1,2000-05-29
"P000783",63,2002-01-17
"P000783",14,2003-03-16
"P000784",53,2004-05-10
"P000784",3,2010-01-27
"P000784",26,2014-01-23
"P000784",13,2015-07-26
"P000785",57,2014-01-21
"P000785",35,2014-05-15
"P000785",14,2018-05-04
"P000785",50,2029-05-31
"P000786",8,2000-05-24
"P000786",43,2013-11-05
"P000786",25,2016-01-28
"P000786",26,2017-09-09
"P000786",30,2018-02-12
"P000786",10,2018-05-01
"P000786",30,2020-12-20
"P000786",26,2021-06-07
"P000786",18,2022-04-17
"P000786",66,2022-07-02
"P000786",44,2026-07-01
"P000786",3,2026-09-12
"P000787",55,1994-07-04
"P000787",28,2002-04-13
"P000787",14,2003-10-06
"P000787",18,2003-11-20
"P000787",1,2004-08-21
"P000787",12,2005-07-30
"P000787",31,2009-12-17
"P000787",43,2021-04-29
"P000788",14,1999-10-30
"P000788",15,2005-05-13
"P000788",27,2006-11-20
"P000788",24,2013-12-01
"P000788",11,2030-10-28
"P000788",55,2032-03-30
"P000789",23,1997-03-11
"P000789",37,1998-06-05
"P000789",23,1998-10-20
"P000789",66,1998-12-06
"P000789",61,2016-01-12
"P000789",61,2028-01-16
"P000789",43,2028-06-24
"P000789",52,2029-04-11
"P000789",43,2030-02-22
"P000790",37,1979-04-09
"P000790",14,1990-07-06
"P000790",23,1994-07-18
"P000790",23,1999-03-17
"P000790",56,2016-06-24
"P000791",37,2014-04-18
"P000791",33,2015-02-10
"P000791",23,2015-08-15
"P000791",44,2016-10-06
"P000791",61,2019-10-28
"P000791",53,2019-11-13
"P000791",65,2020-03-08
"P000791",6,2023-03-31
"P000791",28,2036-03-11
"P000791",61,2045-10-17
"P000791",32,2047-01-03
"P000791",42,2047-01-14
"P000791",41,2049-01-01
"P000791",55,2049-09-29
"P000792",23,2029-01-03
"P000792",52,2039-09-08
"P000794",2,2004-09-17
"P000794",14,2008-08-08
"P000795",4,2018-08-07
"P000795",4,2026-11-29
"P000795",26,2028-12-24
"P000795",13,2044-06-20
"P000796",27,2010-05-19
"P000796",15,2013-04-17
"P000796",30,2014-06-06
"P000796",10,2015-08-14
"P000796",40,2017-03-08
"P000796",28,2017-06-24
"P000796",44,2034-01-11
"P000796",56,2038-08-20
"P000796",17,2038-11-17
"P000796",62,2039-11-07
"P000796",26,2040-07-31
"P000796",10,2041-03-30
"P000796",46,2041-05-07
"P000796",16,2041-09-28
"P000797",48,2019-03-13
"P000797",53,2038-11-29
"P000797",57,2041-03-17
"P000798",67,1995-04-23
"P000798",11,1997-04-17
"P000798",6,2019-10-05
"P000798",26,2024-07-30
"P000798",3,2025-01-11
"P000799",43,1968-05-09
"P000799",38,1977-04-21
"P000799",24,1978-11-25
"P000800",6,1992-11-21
"P000801",27,2000-04-12
"P000801",3,2002-07-30
"P000801",4,2007-09-24
"P000801",2,2014-04-16
"P000801",21,2018-10-26
"P000801",36,2022-10-18
"P000801",67,2025-10-21
"P000801",54,2029-07-28
"P000801",41,2030-07-20
"P000801",27,2031-10-29
"P000802",1,1971-02-18
"P000802",62,1972-08-03
"P000802",55,1982-04-19
"P000802",28,1999-02-26
"P000803",6,1983-11-04
"P000803",9,1990-05-28
"P000803",63,1990-06-13
"P000803",55,2008-10-22
"P000804",28,2004-02-13
"P000804",12,2004-04-25
"P000804",13,2017-09-02
"P000804",27,2039-01-18
"P000805",28,2002-04-24
"P000805",43,2012-05-19
"P000805",8,2025-01-30
"P000806",26,1968-08-18
"P000806",21,1980-11-06
"P000806",2,1995-03-26
"P000807",30,1967-01-01
"P000807",12,1967-01-19
"P000808",4,2006-09-16
"P000808",58,2008-04-19
"P000808",6,2017-03-06
"P000808",23,2017-10-29
"P000808",1,2018-11-03
"P000808",14,2021-12-16
"P000808",9,2022-06-17
"P000808",6,2022-06-27
"P000808",14,2026-07-10
"P000808",25,2034-06-24
"P000808",50,2035-01-02
"P000808",41,2035-11-25
"P000809",14,2014-02-16
"P000809",2,2015-05-11
"P000809",50,2016-03-27
"P000809",44,2017-05-24
"P000809",57,2017-07-20
"P000809",21,2028-10-21
"P000810",18,1990-01-05
"P000810",12,1994-08-17
"P000810",27,1996-03-13
"P000810",55,2003-04-14
"P000810",18,2005-03-03
"P000810",66,2005-03-03
"P000810",22,2006-11-12
"P000811",19,1976-01-06
"P000811",24,1978-03-10
"P000811",3,1987-04-30
"P000811",15,1998-07-13
"P000812",63,2015-07-09
"P000812",34,2015-10-15
"P000812",25,2019-11-01
"P000812",56,2025-11-22
"P000812",8,2029-11-05
"P000812",28,2031-01-27
"P000813",60,1973-10-11
"P000813",6,1973-10-20
"P000813",18,1981-09-13
"P000813",44,1995-10-25
"P000813",30,2000-05-03
"P000814",23,1980-02-26
"P000814",28,1980-11-27
"P000814",15,1987-06-19
"P000814",18,1998-01-29
"P000814",2,1999-03-18
"P000814",24,2000-03-03
"P000815",3,1975-11-01
"P000816",50,1977-10-02
"P000816",54,1985-10-15
"P000816",47,1997-04-26
"P000817",28,1967-10-09
"P000817",62,1968-10-22
"P000817",55,1974-09-16
"P000817",4,1994-09-12
"P000817",56,1999-04-01
"P000817",1,2002-08-28
"P000818",49,2001-04-13
"P000818",35,2002-03-20
"P000818",31,2002-12-18
"P000818",4,2003-12-25
"P000818",27,2006-06-10
"P000818",55,2008-04-14
"P000818",43,2009-04-10
"P000818",38,2010-03-17
"P000818",49,2011-11-03
"P000818",45,2012-04-28
"P000818",55,2015-06-05
"P000818",22,2019-01-03
"P000819",5,2012-10-22
"P000819",47,2013-12-12
"P000819",54,2014-09-15
"P000819",50,2015-11-29
"P000819",48,2017-11-10
"P000819",5,2019-07-31
"P000819",17,2020-01-10
"P000819",57,2021-04-10
"P000819",42,2027-05-29
"P000819",55,2028-03-28
"P000820",9,1982-07-01
"P000820",21,1995-08-28
"P000820",27,2001-01-25
"P000820",42,2001-08-10
"P000820",62,2003-10-26
"P000820",6,2005-02-13
"P000820",28,2013-06-27
"P000821",4,2002-10-27
"P000821",28,2005-04-14
"P000821",19,2026-01-07
"P000822",4,1965-03-23
"P000822",2,1965-10-07
"P000822",7,1966-09-01
"P000822",29,1986-12-04
"P000823",54,1982-06-22
"P000823",27,1988-10-15
"P000823",4,2012-06-26
"P000823",66,2013-04-02
"P000824",49,1995-03-22
"P000824",30,1996-04-08
"P000824",34,1999-07-16
"P000824",61,2009-11-12
"P000824",14,2011-01-19
"P000824",60,2022-09-15
"P000824",58,2022-12-26
"P000824",49,2024-05-02
"P000825",43,1986-10-21
"P000825",1,1989-10-01
"P000825",27,1993-10-02
"P000825",20,1999-02-22
"P000825",38,2001-04-11
"P000826",49,1996-05-11
"P000826",52,2004-12-21
"P000827",1,1998-08-30
"P000827",19,2004-05-04
"P000828",50,1978-08-29
"P000828",55,1983-12-21
"P000828",27,1990-04-05
"P000828",64,1990-10-18
"P000829",15,2011-05-18
"P000829",4,2011-09-26
"P000829",32,2011-10-23
"P000829",8,2019-08-08
"P000829",42,2020-05-29
"P000829",39,2029-05-11
"P000829",14,2040-01-09
"P000830",15,1965-09-06
"P000830",2,1995-03-14
"P000830",15,2000-04-03
"P000831",53,1992-01-18
"P000831",12,1992-05-22
"P000831",61,1998-02-14
"P000831",23,2005-09-09
"P000831",61,2007-02-22
"P000832",6,2002-04-16
"P000832",14,2003-02-27
"P000832",27,2003-05-10
"P000832",28,2010-03-09
"P000832",18,2018-03-09
"P000832",2,2023-06-13
"P000832",3,2024-05-03
"P000832",9,2024-09-20
"P000832",15,2031-07-21
"P000832",28,2035-11-10
"P000832",30,2039-06-22
"P000832",62,2039-06-29
"P000832",59,2040-01-18
"P000832",3,2040-08-31
"P000832",55,2041-03-19
"P000833",21,1997-11-29
"P000833",14,2008-12-05
"P000833",12,2013-10-03
"P000833",13,2021-09-01
"P000833",4,2022-03-19
"P000833",28,2030-05-14
"P000833",15,2031-12-19
"P000833",54,2032-12-26
"P000833",46,2033-05-12
"P000834",57,2000-02-28
"P000834",27,2006-12-13
"P000834",21,2010-11-01
"P000834",21,2011-04-13
"P000834",24,2022-05-30
"P000834",1,2027-01-21
"P000835",7,2025-10-05
"P000836",37,1969-08-05
"P000836",28,1980-04-30
"P000836",18,1990-08-31
"P000836",28,2002-07-15
"P000836",11,2005-02-07
"P000837",18,1988-02-20
"P000838",39,1981-08-14
"P000838",11,1993-09-03
"P000838",55,1994-12-03
"P000838",4,2001-02-13
"P000838",5,2003-04-28
"P000839",26,1992-02-10
"P000839",24,1992-07-17
"P000839",66,1994-09-29
"P000839",30,1995-05-08
"P000839",34,1997-11-21
"P000839",63,2000-03-01
"P000839",19,2001-07-29
"P000839",60,2004-02-28
"P000839",28,2005-07-23
"P000839",27,2006-03-17
"P000839",52,2012-01-06
"P000839",28,2013-07-09
"P000839",30,2014-05-17
"P000839",24,2015-03-15
"P000839",5,2021-12-24
"P000839",54,2022-03-29
"P000840",1,1984-05-21
"P000841",15,1988-02-13
"P000842",37,1992-02-29
"P000842",27,2002-03-05
"P000842",50,2002-09-14
"P000842",52,2006-07-31
"P000842",14,2010-12-02
"P000842",47,2011-08-21
"P000842",47,2013-02-08
"P000842",15,2017-09-12
"P000842",40,2020-10-21
"P000842",24,2021-04-22
"P000842",4,2029-08-16
"P000843",43,2014-09-28
"P000843",55,2016-03-03
"P000843",49,2021-08-23
"P000843",23,2031-05-22
"P000843",17,2035-10-20
"P000843",64,2037-02-08
"P000843",6,2038-03-31
"P000843",27,2049-08-04
"P000844",10,1974-05-23
"P000844",60,1975-02-21
"P000844",39,1979-10-28
"P000844",28,1993-04-16
"P000844",53,1998-11-04
"P000845",41,1999-11-16
"P000845",66,2000-03-23
"P000845",55,2000-10-16
"P000845",2,2001-06-17
"P000845",14,2016-07-12
"P000845",19,2021-02-04
"P000845",6,2033-06-13
"P000846",3,2003-11-06
"P000846",1,2013-09-13
"P000846",54,2020-11-11
"P000847",1,2013-03-16
"P000847",13,2013-08-23
"P000847",62,2017-02-16
"P000847",24,2027-08-13
"P000847",28,2038-09-07
"P000848",24,1990-01-16
"P000848",44,1995-06-15
"P000848",8,1996-02-02
"P000848",38,1996-09-04
"P000848",45,1997-08-13
"P000848",4,1997-10-26
"P000848",46,1998-11-20
"P000848",8,1998-11-20
"P000848",66,2003-04-19
"P000848",33,2003-07-01
"P000848",8,2004-03-08
"P000848",28,2005-03-03
"P000848",26,2010-02-03
"P000848",1,2010-12-13
"P000848",8,2012-09-01
"P000848",3,2012-11-08
"P000848",1,2013-08-16
"P000849",3,2010-12-26
"P000849",63,2021-08-12
"P000850",49,1975-06-08
"P000850",6,1977-07-08
"P000850",41,1982-03-26
"P000850",23,1982-11-06
"P000850",41,1983-12-08
"P000850",8,1992-05-25
"P000850",23,1999-01-11
"P000850",29,1999-09-10
"P000851",58,1988-02-24
"P000851",18,1988-06-05
"P000851",9,1989-02-03
"P000851",31,2000-07-04
"P000851",41,2002-07-30
"P000851",1,2006-08-09
"P000852",52,2012-10-22
"P000852",5,2038-03-05
"P000852",7,2043-02-02
"P000852",50,2050-01-09
"P000852",24,2050-08-29
"P000852",17,2050-09-13
"P000853",21,2023-08-07
"P000853",7,2027-11-05
"P000854",23,1988-04-08
"P000854",27,1988-08-04
"P000854",52,1993-05-30
"P000854",30,1994-11-08
"P000855",26,1990-09-21
"P000855",26,2013-01-30
"P000855",66,2013-03-14
"P000856",42,1988-06-30
"P000856",41,2008-08-23
"P000857",62,1984-12-25
"P000857",1,1985-05-23
"P000857",39,1988-08-31
"P000857",56,1990-08-04
"P000857",17,2001-09-01
"P000857",12,2006-09-24
"P000857",16,2006-10-14
"P000857",62,2007-07-31
"P000857",35,2015-11-04
"P000857",24,2016-12-24
"P000858",50,1973-12-19
"P000858",66,1974-02-04
"P000858",28,1978-12-28
"P000858",5,1980-06-09
"P000858",15,1981-07-25
"P000858",60,1982-12-27
"P000858",28,1985-12-22
"P000858",57,1986-04-28
"P000858",26,1986-08-18
"P000858",15,1987-02-15
"P000858",4,1988-04-23
"P000858",53,1988-05-30
"P000858",46,1988-10-16
"P000858",52,1989-12-30
"P000858",47,1993-05-18
"P000858",24,1996-05-09
"P000858",18,1998-05-13
"P000858",3,1999-01-22
"P000858",38,2001-08-08
"P000858",63,2007-08-03
"P000859",52,1998-10-18
"P000859",27,2008-02-23
"P000859",27,2014-08-17
"P000860",3,2016-11-27
"P000860",39,2017-11-24
"P000860",37,2021-04-17
"P000860",29,2021-06-03
"P000860",19,2034-01-03
"P000860",6,2038-09-13
"P000861",3,2028-08-13
"P000861",30,2038-01-04
"P000861",3,2039-02-25
"P000861",27,2041-06-20
"P000861",42,2042-02-12
"P000861",32,2042-12-25
"P000862",31,1996-11-06
"P000862",23,2012-01-16
"P000862",35,2014-10-30
"P000862",54,2014-11-30
"P000862",50,2016-04-24
"P000862",40,2016-06-22
"P000862",24,2016-11-12
"P000862",29,2028-02-08
"P000863",30,1980-09-11
"P000863",28,1989-08-02
"P000864",44,2017-01-19
"P000864",12,2018-07-09
"P000864",41,2019-06-26
"P000864",4,2023-08-03
"P000864",16,2028-07-19
"P000864",57,2030-04-21
"P000864",52,2031-05-21
"P000864",3,2051-07-28
"P000864",39,2052-08-12
"P000864",56,2053-07-17
"P000865",40,1969-10-01
"P000865",49,1970-11-28
"P000865",11,1972-10-31
"P000865",4,1985-09-17
"P000865",21,2000-05-30
"P000866",1,1981-06-17
"P000866",2,1988-08-20
"P000866",50,1990-02-26
"P000866",43,1990-08-26
"P000866",6,1993-01-23
"P000866",28,2004-07-13
"P000866",1,2006-04-12
"P000867",23,1985-03-16
"P000867",2,1987-08-25
"P000867",14,1989-02-20
"P000867",11,1993-03-24
"P000867",65,1999-08-27
"P000868",61,1966-06-22
"P000868",53,1967-04-14
"P000868",42,1967-11-25
"P000868",48,1971-02-12
"P000868",25,1976-05-01
"P000868",12,1976-06-25
"P000868",28,1980-05-18
"P000869",66,2007-03-06
"P000870",2,2015-01-17
"P000870",28,2018-08-06
"P000870",12,2020-08-28
"P000870",62,2027-11-29
"P000870",2,2034-10-14
"P000870",33,2034-11-08
"P000870",28,2035-08-26
"P000870",17,2041-09-06
"P000871",53,2001-03-04
"P000871",53,2002-11-04
"P000871",7,2007-03-09
"P000871",7,2008-02-12
"P000871",27,2027-06-25
"P000872",55,1978-05-10
"P000872",18,1980-10-07
"P000872",2,1985-02-12
"P000872",2,1995-01-23
"P000872",6,2005-12-06
"P000872",2,2007-05-26
"P000873",30,1981-08-26
"P000873",17,1985-02-15
"P000873",30,1992-07-13
"P000873",30,1992-08-20
"P000873",31,1997-09-03
"P000873",62,1999-09-28
"P000873",12,2000-06-08
"P000873",26,2004-11-30
"P000873",33,2006-09-04
"P000873",24,2006-10-15
"P000873",6,2007-06-16
"P000873",23,2015-06-10
"P000873",37,2016-01-06
"P000873",40,2016-01-24
"P000873",24,2016-10-07
"P000873",14,2017-09-03
"P000874",53,1986-09-30
"P000874",53,1994-02-02
"P000874",50,1995-01-09
"P000874",13,2011-03-13
"P000874",27,2015-08-28
"P000875",15,1999-03-08
"P000875",55,1999-08-07
"P000875",3,2009-02-12
"P000875",23,2011-05-05
"P000875",2,2017-06-24
"P000875",43,2024-04-14
"P000876",12,2003-08-25
"P000876",2,2005-09-09
"P000876",52,2025-10-04
"P000876",57,2033-02-02
"P000876",35,2037-03-24
"P000877",21,2006-01-13
"P000877",55,2017-02-21
"P000877",28,2017-03-29
"P000877",27,2025-11-09
"P000877",3,2026-10-25
"P000877",59,2028-02-10
"P000877",21,2032-08-23
"P000877",52,2033-08-11
"P000878",3,1989-05-16
"P000878",27,1992-04-01
"P000878",1,1999-04-19
"P000878",1,2006-04-18
"P000878",36,2016-02-28
"P000878",61,2016-07-11
"P000878",15,2018-03-31
"P000879",25,2018-10-08
"P000879",52,2019-05-22
"P000880",47,2017-12-06
"P000880",53,2036-06-05
"P000880",49,2036-06-18
"P000881",28,1991-07-15
"P000881",28,1992-09-11
"P000881",12,1993-04-12
"P000881",4,1993-07-22
"P000882",15,2012-04-09
"P000882",62,2013-11-19
"P000882",55,2016-09-19
"P000882",44,2035-07-23
"P000882",49,2036-04-18
"P000882",61,2036-08-15
"P000882",30,2041-03-12
"P000882",62,2041-12-24
"P000882",51,2044-02-06
"P000882",6,2044-06-12
"P000882",4,2046-06-17
"P000883",14,2000-02-20
"P000883",13,2002-08-29
"P000883",13,2003-06-02
"P000883",11,2013-07-24
"P000883",26,2014-08-03
"P000883",11,2015-08-29
"P000883",18,2023-11-11
"P000883",19,2030-04-16
"P000883",24,2031-03-24
"P000883",6,2032-10-04
"P000884",23,2027-09-24
"P000885",52,1972-12-21
"P000885",27,1973-08-31
"P000885",3,1974-05-19
"P000885",17,1975-03-18
"P000885",6,1977-02-25
"P000885",33,1979-08-14
"P000885",26,1986-10-17
"P000885",13,1987-04-18
"P000885",21,1987-04-24
"P000885",21,1989-09-05
"P000885",2,1992-08-02
"P000885",67,1993-07-31
"P000886",4,1993-01-01
"P000886",30,1999-07-07
"P000886",2,2001-01-29
"P000887",18,1979-11-30
"P000887",15,1980-11-01
"P000887",66,1981-12-03
"P000887",44,1982-04-20
"P000887",42,1986-06-15
"P000887",41,1999-06-18
"P000887",48,2000-06-08
"P000887",43,2001-07-23
"P000888",61,1981-05-30
"P000888",28,1985-05-06
"P000888",6,1986-08-20
"P000888",34,1987-04-18
"P000888",14,1989-08-13
"P000888",55,1990-04-26
"P000888",52,1990-06-13
"P000888",55,1990-09-07
"P000888",11,1994-05-12
"P000888",28,1994-06-13
"P000889",10,1977-05-19
"P000889",1,1996-11-25
"P000889",7,2002-09-09
"P000889",23,2006-04-01
"P000890",55,1996-05-16
"P000890",49,2023-05-05
"P000891",1,1982-02-08
"P000891",13,1984-06-17
"P000891",7,1985-09-30
"P000891",21,1986-11-28
"P000891",4,1988-03-24
"P000891",22,1988-03-30
"P000891",6,1995-01-27
"P000891",41,1995-05-14
"P000891",54,1995-12-15
"P000891",55,1996-12-12
"P000891",39,1997-05-02
"P000891",4,2007-02-08
"P000891",18,2008-04-08
"P000891",63,2017-03-21
"P000891",30,2017-05-18
"P000891",49,2017-08-24
"P000891",2,2017-12-28
"P000892",2,1981-09-01
"P000892",20,1988-07-11
"P000892",1,1991-08-12
"P000892",13,2000-08-06
"P000893",1,1994-11-14
"P000893",47,2000-02-02
"P000894",23,1983-09-17
"P000894",25,1993-07-30
"P000894",60,1998-06-24
"P000895",44,2004-06-04
"P000895",35,2034-03-12
"P000895",64,2034-05-15
"P000896",23,1990-09-23
"P000896",4,1998-12-12
"P000896",27,2013-09-17
"P000896",26,2013-11-06
"P000896",14,2020-03-13
"P000897",52,1983-07-17
"P000897",13,1985-01-18
"P000897",4,1992-05-06
"P000897",4,1999-03-31
"P000897",8,1999-04-30
"P000897",2,2002-06-10
"P000897",24,2004-06-12
"P000898",56,2022-09-05
"P000898",23,2026-09-17
"P000898",23,2029-03-18
"P000898",29,2031-03-06
"P000899",53,2019-09-18
"P000899",40,2019-11-18
"P000900",20,2021-04-03
"P000901",14,2018-07-24
"P000901",58,2019-09-23
"P000901",4,2020-04-20
"P000902",25,1979-12-23
"P000902",60,1984-01-24
"P000902",36,1984-09-05
"P000902",62,1984-12-05
"P000902",64,1986-02-12
"P000902",2,1986-05-10
"P000903",27,1990-03-24
"P000903",8,1990-08-28
"P000903",67,1997-04-06
"P000903",4,1998-09-15
"P000903",3,2003-12-07
"P000903",14,2013-11-04
"P000903",28,2015-02-06
"P000904",28,2036-09-07
"P000904",1,2043-09-09
"P000904",8,2048-01-11
"P000905",43,1976-04-20
"P000905",42,1991-03-18
"P000905",44,1997-08-28
"P000905",28,2002-06-25
"P000906",44,2012-07-06
"P000906",15,2028-01-19
"P000906",55,2028-03-16
"P000906",2,2029-04-16
"P000906",52,2031-09-20
"P000906",19,2032-07-10
"P000907",1,1984-09-03
"P000907",25,1994-02-26
"P000907",65,1996-06-24
"P000907",4,1996-09-05
"P000907",60,1997-04-01
"P000907",31,1997-06-25
"P000907",64,1997-08-14
"P000907",8,1997-08-20
"P000907",14,1998-01-23
"P000907",3,1998-11-15
"P000907",53,2001-01-08
"P000907",8,2002-05-12
"P000907",14,2010-12-08
"P000907",23,2013-01-27
"P000908",9,1980-08-07
"P000908",67,1986-12-17
"P000908",24,1991-04-19
"P000908",49,2005-02-21
"P000909",24,1964-06-28
"P000909",23,1973-07-14
"P000909",23,1989-04-20
"P000909",8,1992-11-28
"P000910",16,1972-11-10
"P000910",55,1985-03-30
"P000910",12,1986-04-22
"P000910",4,1987-07-11
"P000910",30,1991-06-23
"P000911",6,1979-09-15
"P000911",23,1984-09-08
"P000911",27,1986-07-14
"P000911",4,1987-03-12
"P000911",3,1990-08-21
"P000911",23,2006-03-24
"P000911",36,2006-11-19
"P000911",6,2007-01-26
"P000911",60,2008-07-14
"P000911",60,2009-02-24
"P000912",8,2005-07-07
"P000912",61,2025-02-25
"P000912",55,2026-03-19
"P000912",22,2026-07-29
"P000913",27,1970-11-22
"P000913",40,1971-02-05
"P000913",52,1976-02-15
"P000913",8,1980-08-29
"P000913",63,1988-10-09
"P000913",15,1989-09-08
"P000913",15,1990-01-15
"P000913",12,1990-09-16
"P000913",23,1992-12-28
"P000913",52,1997-04-19
"P000914",2,1966-11-13
"P000914",23,1973-03-30
"P000914",67,1974-03-05
"P000914",39,1976-02-23
"P000914",62,1976-06-06
"P000914",6,1976-12-13
"P000914",41,1976-12-14
"P000914",54,1977-01-19
"P000914",15,1977-02-16
"P000914",60,1977-04-09
"P000914",41,1977-05-26
"P000914",6,1979-08-08
"P000914",34,1980-05-14
"P000914",63,1981-06-27
"P000914",34,1983-06-05
"P000915",28,1965-01-22
"P000915",44,1967-03-02
"P000915",62,1973-05-11
"P000915",55,1981-06-10
"P000915",59,1981-11-04
"P000915",6,1983-01-08
"P000915",34,1983-07-22
"P000915",46,1983-08-11
"P000915",8,1985-06-03
"P000916",13,2000-11-14
"P000916",13,2011-05-19
"P000916",25,2015-05-31
"P000916",13,2017-09-28
"P000916",50,2020-02-26
"P000916",6,2029-03-02
"P000916",40,2030-11-19
"P000916",44,2032-03-31
"P000916",63,2032-04-22
"P000917",3,1998-12-20
"P000917",27,2002-05-01
"P000917",27,2002-09-30
"P000917",62,2004-05-14
"P000917",24,2005-02-19
"P000918",23,1976-10-03
"P000918",18,1981-06-17
"P000918",14,1984-06-29
"P000918",53,1989-09-29
"P000918",53,1989-12-29
"P000918",60,1999-08-28
"P000918",18,2001-09-13
"P000918",55,2004-06-30
"P000918",55,2013-08-27
"P000919",47,1988-08-06
"P000919",46,1990-04-10
"P000919",63,1991-04-21
"P000919",26,1997-04-20
"P000920",49,1980-03-15
"P000920",53,1991-12-10
"P000920",47,2001-03-13
"P000920",14,2004-02-22
"P000921",43,1973-01-22
"P000921",52,1975-08-08
"P000922",52,1964-06-21
"P000922",1,1973-07-11
"P000922",12,1974-12-11
"P000922",61,1981-01-08
"P000922",58,1982-09-21
"P000922",5,1984-08-11
"P000922",9,1987-01-04
"P000922",52,1998-01-17
"P000922",19,1998-12-26
"P000922",28,1999-05-08
"P000923",64,1977-08-02
"P000923",55,1982-09-05
"P000923",21,1995-04-17
"P000923",14,2002-03-26
"P000924",18,2019-02-02
"P000924",3,2020-04-09
"P000925",52,1981-04-04
"P000925",54,1989-12-05
"P000925",59,1991-04-12
"P000925",63,1991-08-06
"P000925",3,1991-08-30
"P000925",33,1993-02-11
"P000926",6,2017-02-05
"P000926",54,2022-09-08
"P000926",26,2024-09-10
"P000926",8,2025-10-24
"P000927",25,2015-07-01
"P000927",14,2027-06-28
"P000928",41,1987-01-07
"P000928",11,1987-02-28
"P000928",17,2010-09-27
"P000928",16,2012-05-05
"P000928",12,2016-09-11
"P000929",31,2009-08-28
"P000929",3,2010-03-09
"P000929",25,2035-10-27
"P000929",57,2038-09-20
"P000929",15,2039-04-21
"P000929",31,2040-01-01
"P000929",54,2041-06-03
"P000930",2,2006-11-27
"P000930",21,2012-02-01
"P000930",28,2012-10-01
"P000930",14,2018-03-06
"P000930",47,2018-04-19
"P000931",40,2030-08-17
"P000931",47,2035-10-23
"P000932",1,1989-10-27
"P000932",23,1990-03-31
"P000933",66,2000-01-13
"P000933",42,2000-05-08
"P000933",15,2001-10-06
"P000933",43,2005-06-06
"P000933",50,2013-10-09
"P000933",24,2023-08-24
"P000933",35,2023-10-18
"P000934",18,2011-08-26
"P000934",28,2025-02-09
"P000935",25,2018-03-13
"P000935",33,2021-12-14
"P000935",26,2023-04-21
"P000935",66,2026-02-16
"P000935",60,2026-03-18
"P000935",1,2027-06-25
"P000935",21,2027-09-27
"P000935",38,2027-12-08
"P000936",53,1982-01-13
"P000936",65,1985-12-14
"P000937",4,2013-08-15
"P000937",8,2024-02-10
"P000937",26,2027-07-05
"P000937",66,2028-04-21
"P000937",2,2028-09-29
"P000937",20,2034-09-26
"P000938",48,1982-09-15
"P000938",26,1998-07-01
"P000939",27,1993-06-29
"P000939",51,2020-01-09
"P000940",2,1961-05-20
"P000940",27,1976-06-20
"P000940",3,1979-04-12
"P000940",15,1979-07-08
"P000940",4,1980-03-11
"P000940",23,1987-09-17
"P000940",25,1994-11-10
"P000940",27,1996-12-22
"P000940",26,1997-03-16
"P000941",4,2015-12-13
"P000941",55,2034-12-11
"P000941",13,2035-03-13
"P000941",28,2037-07-08
"P000941",16,2037-07-10
"P000941",15,2037-11-27
"P000941",13,2039-12-08
"P000941",21,2040-01-27
"P000942",2,1972-05-27
"P000942",18,1975-12-03
"P000942",21,1976-05-26
"P000942",61,1977-05-03
"P000942",6,1978-03-10
"P000942",27,1979-08-21
"P000942",27,1981-01-09
"P000942",65,1981-03-12
"P000942",26,1986-04-30
"P000942",13,1987-04-03
"P000942",28,1997-04-24
"P000942",11,1997-06-02
"P000942",8,1997-11-17
"P000942",36,1999-07-09
"P000942",4,2000-07-04
"P000942",38,2000-11-18
"P000942",54,2001-04-13
"P000943",2,1993-09-23
"P000943",55,2003-07-29
"P000943",27,2004-08-13
"P000943",62,2007-03-05
"P000943",5,2010-02-08
"P000943",55,2018-10-12
"P000943",12,2019-08-04
"P000944",16,2019-08-08
"P000944",39,2019-11-09
"P000944",44,2030-02-13
"P000944",15,2033-04-01
"P000945",2,2010-11-24
"P000945",6,2017-10-01
"P000945",55,2025-04-13
"P000945",3,2029-03-26
"P000945",4,2032-03-14
"P000945",1,2033-02-16
"P000945",8,2036-09-30
"P000945",57,2038-05-30
"P000945",50,2045-12-29
"P000946",48,1988-08-13
"P000946",42,1990-04-27
"P000946",15,1997-06-05
"P000946",1,2009-12-12
"P000946",57,2015-11-20
"P000947",67,1990-07-02
"P000947",5,1994-08-02
"P000947",5,1998-03-04
"P000947",15,1998-06-15
"P000948",28,2013-09-22
"P000948",22,2021-08-20
"P000948",5,2021-10-14
"P000948",62,2034-03-10
"P000949",8,2005-11-10
"P000949",21,2008-11-04
"P000949",12,2025-06-15
"P000949",17,2037-10-30
"P000950",40,2009-06-19
"P000950",10,2017-04-20
"P000950",60,2019-06-22
"P000950",39,2021-01-14
"P000950",53,2025-10-01
"P000950",55,2025-11-18
"P000951",49,2022-04-26
"P000951",3,2024-08-10
"P000951",53,2030-04-03
"P000951",12,2031-03-01
"P000951",44,2031-09-10
"P000951",42,2032-05-09
"P000952",36,1980-12-21
"P000952",23,1996-02-05
"P000952",47,1998-02-12
"P000952",7,2012-07-10
"P000953",41,1993-08-12
"P000953",4,2004-10-09
"P000953",14,2006-04-29
"P000953",12,2006-10-27
"P000953",5,2026-02-18
"P000953",23,2030-11-25
"P000953",9,2030-11-27
"P000954",11,1989-08-28
"P000954",15,1990-04-11
"P000954",7,1993-03-09
"P000954",23,2014-01-13
"P000954",2,2018-08-06
"P000954",30,2020-01-10
"P000955",6,1962-07-26
"P000955",30,1967-12-01
"P000955",52,1973-12-16
"P000955",4,1974-11-06
"P000956",11,2026-01-04
"P000956",61,2038-12-15
"P000956",58,2040-02-11
"P000956",39,2045-01-31
"P000957",26,1988-02-04
"P000957",13,1989-12-05
"P000957",26,1994-09-04
"P000957",28,2000-07-12
"P000957",63,2006-11-02
"P000957",34,2009-11-02
"P000957",18,2018-01-27
"P000957",61,2018-08-02
"P000957",48,2019-01-25
"P000957",5,2024-07-25
"P000958",27,1993-03-31
"P000958",23,1997-04-26
"P000958",18,2001-01-20
"P000958",3,2019-12-22
"P000958",1,2020-02-14
"P000959",2,2005-02-18
"P000959",55,2013-03-25
"P000959",53,2024-12-03
"P000959",42,2026-10-04
"P000959",66,2029-02-16
"P000959",10,2037-02-11
"P000959",28,2037-10-17
"P000960",28,1970-05-14
"P000960",31,1986-09-17
"P000960",42,1987-01-17
"P000960",41,1987-03-22
"P000960",7,1988-08-08
"P000960",28,1989-01-15
"P000960",62,1990-06-21
"P000960",55,2002-01-08
"P000961",54,2009-11-29
"P000961",60,2013-10-14
"P000961",39,2021-09-25
"P000962",11,1988-04-30
"P000962",25,1988-10-01
"P000962",15,1997-10-02
"P000962",3,2007-03-02
"P000962",4,2013-11-23
"P000963",42,2010-05-10
"P000963",15,2017-09-21
"P000963",60,2025-04-27
"P000963",11,2037-02-12
"P000963",11,2045-01-29
"P000964",28,2017-08-24
"P000964",24,2023-07-05
"P000964",57,2024-09-06
"P000964",52,2032-08-25
"P000964",23,2035-02-28
"P000964",14,2050-06-28
"P000964",52,2052-04-15
"P000964",55,2053-07-19
"P000965",15,2012-01-30
"P000965",14,2012-09-16
"P000965",12,2013-08-31
"P000965",32,2019-08-23
"P000965",2,2032-03-28
"P000966",28,2002-12-02
"P000966",31,2009-05-23
"P000966",40,2029-01-21
"P000966",23,2029-06-03
"P000967",55,1988-01-17
"P000968",18,1995-01-26
"P000968",61,1995-07-03
"P000968",15,2000-09-25
"P000968",27,2007-11-17
"P000969",1,1978-09-17
"P000969",32,1986-04-07
"P000969",25,1997-12-29
"P000969",56,2010-01-03
"P000970",55,1968-07-20
"P000970",37,1975-01-03
"P000970",28,1979-04-15
"P000970",28,1989-10-03
"P000970",57,1996-03-15
"P000971",21,2003-12-04
"P000971",12,2005-10-07
"P000971",1,2007-05-05
"P000972",49,2013-03-27
"P000972",13,2027-07-18
"P000972",13,2028-06-03
"P000972",61,2043-12-19
"P000973",17,1990-03-25
"P000973",50,1997-07-28
"P000973",3,2004-01-24
"P000973",65,2015-06-23
"P000973",60,2015-10-05
"P000973",24,2015-12-13
"P000973",13,2018-06-05
"P000973",28,2018-11-26
"P000973",14,2023-02-26
"P000973",2,2026-08-10
"P000973",41,2027-09-05
"P000974",23,2000-07-16
"P000974",29,2001-05-12
"P000974",28,2002-10-04
"P000974",61,2003-01-11
"P000974",25,2014-05-12
"P000974",11,2035-11-29
"P000975",55,2009-10-01
"P000975",41,2010-02-07
"P000975",2,2019-03-11
"P000975",28,2043-12-11
"P000976",4,2012-09-07
"P000976",29,2015-08-08
"P000977",50,1973-04-14
"P000977",63,1978-07-18
"P000977",25,1981-12-25
"P000977",52,1983-12-05
"P000977",19,1990-05-18
"P000977",28,1991-07-25
"P000977",30,1993-04-30
"P000977",40,1993-08-07
"P000977",24,1995-06-25
"P000977",28,2000-12-19
"P000978",11,2006-04-13
"P000978",14,2020-05-20
"P000980",3,2009-09-19
"P000980",4,2013-05-29
"P000980",17,2019-06-27
"P000980",23,2037-12-07
"P000980",36,2038-05-20
"P000980",2,2039-08-28
"P000980",55,2046-04-11
"P000981",28,2029-12-08
"P000981",16,2030-02-05
"P000981",18,2049-01-07
"P000982",57,1996-10-20
"P000982",52,1997-07-26
"P000982",35,1999-05-08
"P000983",50,2001-05-02
"P000983",23,2006-10-24
"P000983",6,2031-10-31
"P000983",21,2032-06-10
"P000984",38,1989-10-14
"P000984",1,1990-02-19
"P000984",2,2006-11-26
"P000985",27,2010-08-01
"P000985",52,2017-05-12
"P000986",47,2009-02-14
"P000986",50,2014-12-22
"P000986",21,2023-03-14
"P000986",12,2030-08-31
"P000986",39,2032-05-16
"P000987",28,2003-02-11
"P000987",27,2003-11-20
"P000988",2,1990-05-25
"P000988",52,1994-08-26
"P000988",11,2005-05-02
"P000989",17,1989-10-15
"P000989",50,2005-12-03
"P000989",66,2006-07-01
"P000989",1,2006-09-06
"P000989",54,2007-01-05
"P000989",37,2007-12-13
"P000990",61,1995-08-27
"P000990",50,2001-06-09
"P000990",36,2007-07-10
"P000990",3,2007-10-19
"P000991",60,2005-03-13
"P000991",18,2006-07-04
"P000991",28,2007-09-06
"P000991",4,2007-09-25
"P000992",26,1985-02-20
"P000992",24,1986-01-29
"P000992",54,1988-02-05
"P000992",12,1988-08-16
"P000992",63,1991-02-08
"P000992",14,1991-12-14
"P000992",2,1992-08-01
"P000992",41,1992-11-02
"P000992",5,1999-10-29
"P000992",30,2003-02-06
"P000992",6,2007-02-07
"P000992",8,2010-05-05
"P000993",43,1996-11-12
"P000993",6,2026-05-11
"P000994",3,2007-06-06
"P000994",1,2007-07-31
"P000994",49,2018-09-10
"P000994",28,2025-06-22
"P000995",27,2002-02-13
"P000995",3,2002-07-15
"P000995",59,2004-07-16
"P000995",27,2005-10-23
"P000995",1,2009-10-15
"P000995",20,2018-09-04
"P000995",4,2020-08-08
"P000995",52,2022-02-15
"P000995",1,2029-12-11
"P000996",18,2015-06-03
"P000996",9,2015-10-05
"P000997",12,1987-06-03
"P000997",3,1987-06-20
"P000997",1,1987-12-05
"P000997",35,1987-12-27
"P000997",49,1988-05-18
"P000997",4,1993-02-27
"P000997",61,1997-05-31
"P000997",28,1997-06-24
"P000997",3,2001-06-25
"P000997",50,2011-04-01
"P000997",12,2012-06-14
"P000997",11,2015-05-26
"P000997",65,2022-11-23
"P000998",55,1980-03-30
"P000998",4,1980-09-08
"P000998",28,1992-03-15
"P000999",8,1995-01-01
"P000999",61,2000-04-25
"P000999",3,2014-08-11
"P000999",14,2020-07-26
"P000999",11,2023-06-07
"P001000",24,1998-10-13
"P001000",26,2000-05-11
"P001000",15,2003-10-09
"P001000",28,2018-08-31
"P001000",60,2033-09-23
"P001001",44,1985-12-08
"P001001",12,1985-12-22
"P001001",30,1986-04-29
"P001001",50,2000-03-28
"P001002",37,1962-12-04
"P001002",21,1969-11-19
"P001002",67,1970-07-27
"P001002",52,1975-01-06
"P001002",19,1979-09-27
"P001002",52,1984-03-16
"P001002",52,1991-01-20
"P001003",3,1988-12-12
"P001003",49,1996-12-15
"P001004",7,1973-10-15
"P001004",1,1989-05-27
"P001004",57,1992-05-18
"P001004",57,1992-06-12
"P001004",28,2001-10-03
"P001004",12,2003-01-23
"P001004",3,2007-03-14
"P001004",49,2007-09-08
"P001004",39,2008-05-08
"P001004",30,2009-01-04
"P001004",30,2009-08-24
"P001004",62,2010-04-25
"P001005",12,1993-08-22
"P001005",27,2009-09-26
"P001005",62,2013-03-06
"P001005",14,2019-09-18
"P001005",9,2021-09-18
"P001005",9,2021-09-27
"P001005",54,2022-02-18
"P001006",49,1998-09-29
"P001006",50,2000-11-29
"P001006",28,2010-12-31
"P001006",1,2011-08-09
"P001006",42,2022-10-04
"P001006",8,2032-08-01
"P001007",35,2019-10-06
"P001007",11,2044-03-26
"P001008",28,1965-08-04
"P001008",23,1979-05-22
"P001008",28,1979-08-16
"P001008",40,1983-05-19
"P001008",40,2000-06-24
"P001009",4,1964-04-07
"P001009",64,1964-06-28
"P001009",58,1964-07-08
"P001009",25,1966-04-07
"P001009",2,1989-08-09
"P001010",15,2015-08-11
"P001010",67,2021-02-06
"P001010",6,2033-05-25
"P001010",1,2036-07-28
"P001011",55,2008-02-06
"P001011",48,2009-04-04
"P001011",49,2025-10-30
"P001011",24,2028-12-10
"P001011",25,2029-09-15
"P001011",35,2034-08-07
"P001012",28,2022-10-16
"P001012",37,2031-06-10
"P001012",37,2031-06-19
"P001012",2,2031-08-31
"P001012",4,2032-02-19
"P001012",4,2032-07-18
"P001013",27,2006-09-14
"P001013",3,2014-10-03
"P001013",47,2031-08-03
"P001014",26,2022-01-08
"P001014",33,2023-04-06
"P001014",14,2025-10-09
"P001014",44,2026-04-12
"P001014",26,2027-08-02
"P001014",4,2053-02-17
"P001015",6,1962-06-09
"P001015",33,1964-01-05
"P001015",57,1967-04-18
"P001015",43,1968-08-04
"P001015",28,1972-05-20
"P001015",14,1972-06-06
"P001015",42,1974-04-19
"P001015",3,1998-07-01
"P001016",8,2024-05-26
"P001016",34,2033-07-21
"P001016",34,2033-11-10
"P001016",63,2035-05-04
"P001016",42,2035-08-19
"P001017",57,1992-08-14
"P001017",8,2002-01-11
"P001017",54,2002-03-12
"P001017",5,2010-08-06
"P001017",24,2015-06-11
"P001017",17,2021-04-01
"P001017",27,2028-01-31
"P001017",28,2028-06-27
"P001018",23,1989-07-03
"P001018",54,1990-02-17
"P001018",41,2005-05-06
"P001018",30,2005-11-02
"P001018",34,2006-07-08
"P001018",9,2006-08-14
"P001018",8,2007-02-01
"P001018",15,2007-04-06
"P001018",61,2007-07-02
"P001018",53,2009-01-18
"P001018",62,2009-05-24
"P001018",62,2010-01-03
"P001018",7,2011-01-04
"P001018",17,2011-04-25
"P001018",43,2012-02-26
"P001018",63,2012-09-22
"P001018",14,2017-07-05
"P001019",2,1975-06-10
"P001019",53,1982-12-10
"P001019",11,1983-12-09
"P001019",27,1984-12-21
"P001019",4,1985-02-12
"P001019",26,1987-01-27
"P001019",46,1987-05-02
"P001019",55,1988-06-25
"P001019",21,1989-03-17
"P001019",53,1990-07-04
"P001019",18,1991-02-02
"P001019",12,1991-03-31
"P001019",61,1991-08-31
"P001019",30,1991-12-01
"P001019",22,1993-06-14
"P001019",53,1999-04-01
"P001019",50,2006-06-06
"P001019",29,2010-10-29
"P001020",40,2002-06-11
"P001020",55,2004-11-28
"P001020",48,2008-08-06
"P001020",40,2009-01-19
"P001020",43,2010-01-20
"P001020",7,2012-01-31
"P001021",30,2021-09-02
"P001021",40,2022-02-02
"P001021",30,2022-09-23
"P001021",2,2022-12-21
"P001021",3,2023-03-18
"P001021",9,2023-11-02
"P001022",15,2000-03-18
"P001022",23,2004-03-07
"P001022",3,2024-01-14
"P001022",55,2030-02-21
"P001022",12,2030-06-23
"P001023",8,1991-02-11
"P001023",62,1998-01-27
"P001023",35,2005-02-28
"P001023",30,2011-11-08
"P001023",14,2015-06-19
"P001024",40,2031-10-07
"P001024",24,2033-10-30
"P001024",57,2039-05-29
"P001024",25,2039-11-02
"P001025",15,1975-02-12
"P001025",54,1976-04-15
"P001025",31,1977-09-09
"P001025",55,1979-10-07
"P001025",17,1996-06-09
"P001025",18,1998-01-19
"P001025",61,2001-03-17
"P001026",8,1974-11-28
"P001026",12,1979-02-27
"P001026",5,1984-10-29
"P001027",7,1998-11-22
"P001027",3,2003-01-25
"P001027",30,2003-04-23
"P001027",3,2014-08-03
"P001028",53,1993-04-17
"P001028",22,1995-09-06
"P001028",45,1996-01-25
"P001028",54,1998-03-14
"P001028",56,2020-11-21
"P001029",28,2011-08-06
"P001029",10,2016-10-16
"P001029",38,2025-11-08
"P001029",28,2034-05-25
"P001030",18,2033-09-23
"P001030",4,2043-12-19
"P001031",21,1978-11-17
"P001031",56,1982-12-14
"P001031",44,1988-09-23
"P001032",28,2005-12-11
"P001032",61,2012-03-09
"P001032",43,2013-10-25
"P001032",9,2017-11-27
"P001032",28,2018-06-29
"P001032",40,2018-11-12
"P001032",40,2019-09-13
"P001032",24,2027-10-01
"P001032",18,2029-02-28
"P001032",46,2029-12-06
"P001032",40,2030-09-25
"P001032",26,2042-02-09
"P001033",17,1989-04-01
"P001033",28,1999-03-12
"P001033",21,2010-02-03
"P001033",1,2017-03-14
"P001034",21,1972-06-27
"P001034",23,1991-08-05
"P001034",27,1999-04-04
"P001034",1,2002-08-21
"P001034",39,2002-12-05
"P001034",58,2004-03-06
"P001034",28,2004-05-04
"P001034",52,2007-01-25
"P001035",40,2009-10-10
"P001035",2,2012-04-12
"P001035",60,2014-09-17
"P001035",11,2019-07-09
"P001036",22,1990-11-14
"P001036",16,1995-11-30
"P001037",44,1993-04-04
"P001037",38,1997-08-29
"P001037",24,2000-10-28
"P001037",44,2001-09-25
"P001037",49,2012-03-05
"P001037",22,2018-02-27
"P001038",17,1980-09-20
"P001039",17,2020-06-28
"P001039",6,2026-05-22
"P001039",44,2028-01-14
"P001039",4,2028-08-01
"P001039",52,2032-03-06
"P001039",13,2038-11-25
"P001039",21,2041-07-03
"P001039",21,2041-10-27
"P001039",44,2042-07-11
"P001039",33,2042-12-04
"P001039",44,2043-06-25
"P001040",25,2010-04-07
"P001040",15,2011-07-02
"P001040",62,2020-11-27
"P001040",40,2024-06-02
"P001040",51,2024-08-15
"P001040",22,2034-07-07
"P001040",24,2049-04-19
"P001041",24,1969-11-13
"P001041",2,1974-06-21
"P001041",8,1975-01-09
"P001041",49,1978-05-25
"P001041",27,1987-01-23
"P001041",6,1988-05-10
"P001041",65,1988-10-24
"P001041",10,1993-10-08
"P001041",38,1994-05-06
"P001041",15,1997-10-28
"P001041",13,1998-06-17
"P001041",61,1998-09-22
"P001041",29,2007-07-13
"P001042",36,1975-06-30
"P001042",14,1992-01-09
"P001042",9,1992-07-28
"P001042",36,1993-11-05
"P001042",7,1996-04-28
"P001042",1,1998-12-27
"P001042",24,2005-05-06
"P001043",3,2013-12-07
"P001043",1,2017-01-13
"P001043",8,2029-07-22
"P001043",1,2030-01-19
"P001043",30,2031-01-30
"P001043",28,2037-03-27
"P001043",13,2045-07-23
"P001044",26,1986-03-10
"P001044",49,2011-03-26
"P001044",4,2012-09-24
"P001044",14,2013-09-10
"P001045",16,2013-04-16
"P001045",54,2022-06-13
"P001045",2,2023-06-30
"P001045",4,2035-06-13
"P001045",40,2046-01-04
"P001046",5,1978-06-09
"P001046",37,1978-08-19
"P001046",47,1979-02-15
"P001046",29,2001-10-30
"P001046",43,2016-06-27
"P001047",53,2030-06-09
"P001047",63,2031-05-03
"P001047",4,2043-02-16
"P001048",48,2000-09-15
"P001048",57,2009-07-11
"P001048",11,2011-08-10
"P001048",49,2013-07-11
"P001048",4,2014-04-28
"P001048",14,2015-05-04
"P001048",58,2015-06-01
"P001048",16,2015-10-06
"P001048",33,2017-06-27
"P001048",25,2018-01-21
"P001048",56,2018-08-21
"P001048",50,2023-01-01
"P001048",28,2024-11-15
"P001048",61,2026-05-04
"P001049",50,2019-01-06
"P001049",54,2029-05-03
"P001049",17,2036-01-22
"P001049",65,2038-06-19
"P001049",18,2038-06-28
"P001049",60,2041-06-05
"P001049",5,2050-12-26
"P001049",64,2051-09-10
"P001050",17,2015-01-02
"P001050",28,2018-09-18
"P001050",11,2028-04-19
"P001051",52,1985-02-25
"P001051",21,1986-11-08
"P001051",48,1996-03-16
"P001051",43,1996-04-12
"P001051",3,1997-04-14
"P001051",62,1997-08-19
"P001051",3,2001-10-01
"P001051",4,2014-06-10
"P001052",28,1998-08-28
"P001052",5,2006-11-14
"P001052",23,2011-08-21
"P001052",14,2015-04-11
"P001052",18,2015-04-25
"P001052",58,2016-03-21
"P001052",67,2017-04-04
"P001052",28,2020-06-20
"P001052",39,2021-05-29
"P001052",3,2022-09-04
"P001052",11,2024-07-01
"P001052",26,2024-08-08
"P001052",15,2025-04-14
"P001052",34,2025-11-25
"P001052",11,2026-09-26
"P001052",32,2027-04-02
"P001052",1,2028-03-13
"P001053",2,2002-05-12
"P001053",8,2003-09-17
"P001053",2,2003-12-13
"P001053",21,2016-03-22
"P001054",4,1996-09-14
"P001054",50,1997-10-21
"P001054",24,1999-07-09
"P001054",20,2010-04-23
"P001054",5,2010-09-11
"P001054",32,2011-01-06
"P001054",54,2011-08-28
"P001054",23,2028-01-21
"P001055",27,2029-10-10
"P001055",24,2030-05-10
"P001055",17,2030-08-20
"P001055",17,2031-09-26
"P001055",4,2032-02-24
"P001055",10,2033-07-05
"P001055",53,2034-12-31
"P001055",26,2053-06-22
"P001056",28,2008-05-14
"P001056",52,2018-04-17
"P001056",24,2020-06-18
"P001056",17,2020-11-04
"P001056",43,2031-12-02
"P001056",2,2039-11-10
"P001057",53,2009-12-20
"P001057",61,2020-08-11
"P001057",18,2036-02-12
"P001057",15,2036-12-31
"P001058",21,1978-05-08
"P001058",11,1979-06-12
"P001058",28,1988-04-15
"P001058",30,1988-10-29
"P001058",35,1989-01-09
"P001058",30,1989-07-12
"P001058",55,1991-12-04
"P001058",53,1993-03-20
"P001058",21,1993-10-05
"P001058",27,1994-07-15
"P001058",40,1995-06-17
"P001058",19,1995-10-04
"P001058",19,1996-08-02
"P001058",19,1997-03-19
"P001058",24,1997-06-17
"P001059",23,2000-04-02
"P001059",14,2010-10-04
"P001059",62,2016-11-13
"P001059",6,2019-07-19
"P001059",49,2020-04-15
"P001059",2,2020-10-12
"P001059",28,2025-05-08
"P001059",1,2027-07-16
"P001059",1,2028-12-07
"P001059",44,2029-10-05
"P001059",39,2030-11-16
"P001059",52,2032-03-28
"P001060",62,1983-06-22
"P001060",15,1986-09-09
"P001060",23,1988-02-20
"P001060",3,1990-09-18
"P001060",1,1992-06-10
"P001060",52,2000-06-20
"P001060",8,2005-10-24
"P001060",41,2007-01-15
"P001060",66,2007-02-20
"P001060",10,2014-09-10
"P001061",2,2017-12-07
"P001061",47,2018-12-15
"P001061",25,2019-03-03
"P001061",2,2020-04-03
"P001061",1,2020-10-10
"P001061",2,2037-03-29
"P001061",58,2043-01-30
"P001061",35,2045-05-22
"P001061",64,2046-10-20
"P001061",35,2049-08-27
"P001061",24,2050-08-21
"P001062",55,2010-08-14
"P001062",46,2013-10-19
"P001062",37,2025-09-07
"P001062",36,2032-10-08
"P001063",53,1979-12-13
"P001063",50,1992-10-18
"P001063",11,1996-05-30
"P001063",2,2010-11-09
"P001063",3,2011-08-31
"P001064",1,1972-03-27
"P001065",62,1984-03-22
"P001065",17,1984-04-04
"P001065",56,1988-01-21
"P001065",12,1992-01-19
"P001065",67,1996-10-21
"P001065",28,2007-12-31
"P001065",35,2009-04-03
"P001066",42,2022-03-31
"P001066",8,2025-06-03
"P001066",62,2027-04-07
"P001066",55,2028-12-18
"P001066",56,2029-11-19
"P001066",28,2045-08-11
"P001066",62,2045-12-24
"P001066",6,2050-06-21
"P001067",1,1977-06-20
"P001067",28,1979-02-15
"P001067",54,1988-08-04
"P001067",16,1993-02-21
"P001067",16,2011-02-02
"P001068",3,2034-03-29
"P001068",27,2035-07-16
"P001069",5,2019-03-05
"P001069",18,2038-11-22
"P001070",6,1966-04-09
"P001070",37,1979-12-04
"P001070",24,1996-12-31
"P001070",11,2001-05-17
"P001070",6,2002-05-26
"P001071",5,2005-08-23
"P001071",36,2006-11-19
"P001071",58,2007-07-12
"P001071",1,2008-05-29
"P001073",3,2006-10-29
"P001073",21,2009-01-04
"P001073",14,2012-06-12
"P001073",4,2022-09-08
"P001073",23,2035-06-22
"P001074",1,1997-07-26
"P001074",21,2004-05-22
"P001074",2,2008-05-01
"P001074",7,2008-12-05
"P001074",43,2010-07-04
"P001075",45,1976-08-28
"P001075",67,1977-04-08
"P001075",56,1990-11-01
"P001075",27,1991-05-19
"P001075",3,1992-01-11
"P001076",39,1994-01-12
"P001076",14,2001-09-06
"P001076",14,2002-02-02
"P001076",28,2006-09-14
"P001076",21,2008-07-18
"P001077",49,2046-10-19
"P001077",4,2047-02-24
"P001077",26,2051-08-16
"P001077",64,2052-03-09
"P001078",32,2000-08-07
"P001078",52,2001-06-08
"P001078",27,2004-12-20
"P001078",65,2006-05-14
"P001078",54,2012-08-10
"P001078",12,2013-11-22
"P001078",55,2015-07-10
"P001078",23,2028-05-06
"P001079",24,1971-01-03
"P001079",5,1976-04-04
"P001079",1,1986-12-09
"P001079",11,2007-04-17
"P001080",53,1995-11-03
"P001080",43,1996-06-29
"P001080",47,2002-05-09
"P001080",1,2005-05-18
"P001080",11,2005-06-02
"P001080",7,2025-10-17
"P001081",42,1962-10-12
"P001081",6,1974-03-13
"P001081",17,1983-05-20
"P001081",7,1983-10-06
"P001081",13,1997-04-09
"P001081",4,1997-10-20
"P001082",60,2010-05-25
"P001082",38,2011-08-21
"P001082",28,2031-09-08
"P001083",9,2004-07-02
"P001083",52,2009-06-09
"P001083",34,2011-03-20
"P001083",6,2013-01-22
"P001084",55,2019-08-19
"P001084",11,2020-03-15
"P001084",11,2020-07-31
"P001084",19,2022-04-01
"P001085",16,1996-06-02
"P001085",25,1997-09-29
"P001086",28,2013-04-11
"P001086",25,2033-04-10
"P001087",8,2011-11-14
"P001087",28,2025-07-23
"P001088",60,2024-03-22
"P001088",31,2024-05-26
"P001089",23,2014-06-07
"P001089",11,2025-04-28
"P001089",1,2026-04-29
"P001089",39,2026-05-17
"P001089",39,2027-07-17
"P001089",15,2031-05-06
"P001089",13,2035-10-04
"P001089",62,2038-11-06
"P001089",36,2048-04-29
"P001089",24,2051-09-08
"P001089",55,2052-11-19
"P001089",18,2053-04-14
"P001090",12,1993-08-17
"P001090",31,1998-07-03
"P001091",47,1976-08-18
"P001091",56,1977-04-03
"P001091",3,1983-06-02
"P001091",2,1993-05-29
"P001091",2,2000-02-25
"P001091",2,2000-08-06
"P001091",24,2001-04-14
"P001092",28,2017-07-09
"P001092",43,2018-12-09
"P001092",52,2020-12-04
"P001092",13,2021-04-23
"P001092",6,2029-02-07
"P001092",1,2029-09-14
"P001092",1,2030-11-14
"P001092",21,2031-01-24
"P001092",12,2031-10-23
"P001092",23,2039-03-03
"P001092",2,2044-03-08
"P001093",57,1969-08-26
"P001093",42,1971-01-05
"P001093",55,1976-03-27
"P001093",10,1986-01-02
"P001093",18,1994-11-28
"P001093",60,1995-09-25
"P001093",25,1995-09-28
"P001093",35,1999-01-12
"P001094",26,1994-12-19
"P001094",57,1995-07-30
"P001094",26,1996-08-25
"P001094",49,2008-01-24
"P001094",2,2019-03-25
"P001095",14,1991-05-31
"P001095",62,1992-12-11
"P001095",2,2003-05-09
"P001095",6,2003-12-15
"P001095",28,2006-03-01
"P001095",2,2006-06-24
"P001095",30,2006-07-19
"P001095",4,2010-08-17
"P001096",54,2010-08-04
"P001096",15,2019-04-07
"P001096",3,2023-12-01
"P001096",38,2024-06-17
"P001096",27,2027-05-17
"P001096",2,2027-09-18
"P001096",3,2028-04-23
"P001096",13,2034-02-10
"P001096",65,2034-05-12
"P001096",52,2035-05-29
"P001096",50,2035-09-28
"P001097",2,2022-09-08
"P001097",62,2043-01-10
"P001097",17,2043-05-15
"P001097",64,2043-10-12
"P001097",3,2044-03-09
"P001097",15,2044-05-10
"P001097",27,2044-11-17
"P001097",62,2048-05-31
"P001097",12,2050-01-09
"P001097",27,2051-09-21
"P001098",1,2007-07-21
"P001098",18,2008-06-11
"P001098",27,2012-07-28
"P001098",39,2019-10-08
"P001098",28,2037-02-19
"P001099",15,2041-01-19
"P001099",4,2047-03-26
"P001099",41,2050-09-05
"P001099",20,2051-12-28
"P001100",50,1974-02-05
"P001100",53,1983-06-29
"P001100",16,1984-06-17
"P001100",52,1985-10-10
"P001100",50,1986-06-11
"P001100",6,1986-10-18
"P001100",9,1987-08-26
"P001100",36,1989-01-15
"P001100",60,1989-06-08
"P001100",9,1991-12-16
"P001100",12,1994-01-16
"P001100",4,1995-05-09
"P001100",40,2001-02-02
"P001100",63,2005-02-17
"P001101",11,2011-11-24
"P001101",28,2015-07-12
"P001101",58,2028-12-22
"P001101",3,2029-05-29
"P001101",6,2030-09-17
"P001101",1,2031-03-08
"P001101",55,2031-10-22
"P001102",1,2007-05-02
"P001102",66,2011-07-18
"P001102",53,2016-08-15
"P001102",16,2027-10-27
"P001102",1,2028-01-11
"P001102",3,2028-11-11
"P001102",49,2029-11-07
"P001102",12,2031-11-08
"P001102",12,2032-05-14
"P001102",14,2044-01-23
"P001103",62,1977-11-26
"P001103",29,2010-02-24
"P001103",40,2014-04-05
"P001104",27,1987-05-02
"P001104",64,1987-07-05
"P001104",27,1987-10-21
"P001104",30,1988-06-09
"P001104",40,1990-07-13
"P001104",11,1994-01-08
"P001104",15,1994-07-29
"P001104",49,1995-11-03
"P001104",35,1996-11-27
"P001104",28,2006-03-21
"P001104",24,2008-10-29
"P001104",7,2012-03-15
"P001104",8,2013-08-13
"P001105",28,1998-05-05
"P001106",2,1995-11-12
"P001106",27,2003-06-15
"P001106",53,2008-10-22
"P001106",42,2010-04-20
"P001106",49,2011-05-22
"P001106",58,2015-04-12
"P001106",4,2018-12-03
"P001106",1,2023-03-27
"P001106",27,2024-08-13
"P001106",62,2026-01-24
"P001106",26,2027-07-02
"P001106",18,2029-01-16
"P001107",25,2007-01-24
"P001107",1,2007-10-25
"P001107",52,2008-03-08
"P001107",56,2008-04-28
"P001107",21,2020-12-30
"P001108",28,1998-09-01
"P001108",1,1999-01-03
"P001108",15,2000-07-16
"P001108",28,2000-10-13
"P001108",16,2007-06-06
"P001108",17,2017-02-25
"P001108",67,2017-10-08
"P001108",32,2018-08-04
"P001108",60,2024-07-21
"P001109",43,1978-07-26
"P001109",26,1979-12-31
"P001109",44,1981-07-04
"P001109",22,1982-05-31
"P001109",16,2000-11-25
"P001110",6,1989-01-30
"P001110",47,1990-09-29
"P001110",28,1999-12-08
"P001110",44,2007-08-13
"P001110",33,2009-04-01
"P001110",44,2010-03-23
"P001110",18,2013-09-02
"P001110",21,2014-01-06
"P001110",67,2014-09-06
"P001110",12,2015-11-29
"P001110",19,2016-08-02
"P001110",15,2016-08-07
"P001110",31,2017-06-22
"P001110",56,2017-06-29
"P001110",3,2017-11-18
"P001110",66,2017-11-18
"P001111",55,1985-11-29
"P001111",49,1986-07-07
"P001111",53,1997-10-19
"P001112",3,2015-03-18
"P001112",14,2043-05-30
"P001113",43,2004-06-11
"P001113",25,2011-03-23
"P001113",23,2023-12-12
"P001113",9,2024-11-25
"P001113",6,2026-03-06
"P001113",44,2027-05-29
"P001113",6,2028-11-26
"P001113",26,2036-11-01
"P001113",52,2038-02-22
"P001113",11,2038-09-25
"P001114",27,1992-03-01
"P001114",38,1992-11-05
"P001114",23,2013-01-09
"P001115",44,1978-02-05
"P001115",3,1986-08-01
"P001115",54,1986-10-04
"P001115",39,1987-01-08
"P001115",46,1987-03-04
"P001115",46,1987-06-04
"P001115",21,1988-12-02
"P001115",12,1989-01-30
"P001115",38,2001-10-20
"P001115",1,2008-10-24
"P001116",44,2025-05-29
"P001117",18,1981-02-25
"P001117",27,1981-11-15
"P001117",4,1988-03-11
"P001117",58,1988-06-20
"P001117",8,1989-10-22
"P001117",10,1996-01-01
"P001117",12,1997-03-14
"P001117",5,1998-08-15
"P001117",1,2005-06-10
"P001117",27,2009-08-12
"P001118",12,2000-03-23
"P001118",28,2006-11-11
"P001118",49,2018-06-17
"P001118",65,2024-01-13
"P001119",21,1997-09-18
"P001119",28,2009-06-05
"P001119",40,2011-08-09
"P001119",28,2016-07-22
"P001119",25,2032-01-08
"P001120",18,2003-11-06
"P001120",3,2012-04-24
"P001120",44,2013-05-24
"P001121",28,2000-02-24
"P001121",61,2003-11-11
"P001121",6,2011-12-13
"P001121",27,2027-10-30
"P001122",28,1980-01-16
"P001122",4,1980-02-11
"P001122",39,1980-08-01
"P001122",58,1983-03-07
"P001122",23,1992-08-21
"P001122",36,1993-03-01
"P001122",24,1993-06-02
"P001122",28,2006-08-31
"P001122",14,2011-03-21
"P001123",8,2000-12-06
"P001123",18,2001-02-21
"P001123",2,2002-04-02
"P001123",3,2003-11-06
"P001123",4,2003-11-28
"P001123",46,2004-05-02
"P001123",15,2005-04-10
"P001123",53,2010-08-01
"P001123",51,2011-04-01
"P001123",2,2012-05-02
"P001123",2,2013-03-08
"P001123",33,2014-08-14
"P001123",21,2014-08-28
"P001123",12,2015-08-07
"P001123",3,2016-06-11
"P001123",49,2017-06-23
"P001123",27,2031-07-08
"P001124",2,1971-04-02
"P001124",18,1974-08-20
"P001124",1,1975-02-24
"P001124",2,1975-04-10
"P001124",28,1975-12-25
"P001124",15,1978-02-09
"P001124",31,1981-08-08
"P001124",66,1982-09-24
"P001124",36,1985-05-12
"P001124",62,1986-10-25
"P001125",21,1989-07-04
"P001125",24,2003-05-07
"P001126",18,1977-12-23
"P001126",41,1978-05-21
"P001126",55,1980-01-03
"P001126",6,1997-11-02
"P001127",19,2012-02-01
"P001127",40,2015-08-29
"P001127",37,2019-08-01
"P001127",41,2020-12-21
"P001127",11,2022-04-14
"P001127",23,2026-12-15
"P001127",39,2027-05-05
"P001127",26,2031-06-14
"P001127",49,2034-08-24
"P001128",11,1984-08-25
"P001128",21,1997-09-30
"P001128",11,2001-07-06
"P001128",36,2002-12-31
"P001128",3,2005-10-31
"P001128",53,2010-04-24
"P001128",27,2021-05-11
"P001128",62,2022-11-15
"P001128",49,2024-06-14
"P001129",3,2003-02-26
"P001129",1,2008-02-23
"P001130",19,1992-12-14
"P001130",9,2001-04-16
"P001130",4,2006-03-03
"P001130",24,2017-09-22
"P001130",47,2019-04-08
"P001130",45,2020-05-04
"P001130",26,2022-05-16
"P001131",55,2003-10-16
"P001131",65,2006-03-28
"P001131",62,2006-07-25
"P001131",11,2008-02-12
"P001131",32,2008-05-08
"P001131",26,2008-06-28
"P001131",42,2009-10-15
"P001131",30,2010-04-22
"P001131",30,2011-03-16
"P001131",3,2011-06-23
"P001131",26,2013-07-18
"P001131",18,2018-04-14
"P001131",54,2019-01-29
"P001131",1,2021-07-08
"P001131",30,2032-11-14
"P001131",23,2033-07-09
"P001131",40,2033-11-29
"P001132",23,2000-03-15
"P001132",32,2013-08-30
"P001132",18,2016-01-02
"P001132",53,2017-12-26
"P001132",7,2031-12-06
"P001133",24,2014-06-16
"P001133",3,2014-07-13
"P001133",24,2016-10-22
"P001133",26,2033-02-07
"P001134",57,1988-03-01
"P001134",36,1988-08-14
"P001134",21,1997-11-04
"P001134",31,1999-01-18
"P001134",27,2002-12-09
"P001134",43,2016-05-23
"P001134",1,2017-11-29
"P001134",23,2024-04-26
"P001134",54,2027-07-12
"P001135",6,1966-09-28
"P001135",66,1970-04-14
"P001135",67,1976-11-04
"P001135",55,1980-04-19
"P001135",28,1987-08-23
"P001135",11,1988-04-16
"P001135",37,1988-05-14
"P001135",28,1993-12-27
"P001135",16,1994-08-31
"P001135",15,1996-03-03
"P001136",62,2013-12-18
"P001136",64,2015-08-04
"P001136",24,2017-03-20
"P001136",4,2018-01-10
"P001136",53,2018-09-04
"P001136",18,2021-11-04
"P001136",2,2023-10-22
"P001136",53,2026-03-09
"P001136",2,2031-01-17
"P001136",28,2031-09-29
"P001136",30,2032-03-24
"P001136",12,2033-04-24
"P001136",52,2033-06-04
"P001137",35,1963-06-09
"P001137",52,1978-07-01
"P001137",37,1987-12-16
"P001137",35,1989-08-23
"P001137",64,1989-09-19
"P001137",14,1990-12-26
"P001137",30,1993-12-15
"P001138",55,2007-01-21
"P001138",11,2007-05-14
"P001138",15,2007-06-04
"P001138",54,2007-10-21
"P001138",11,2008-09-04
"P001138",25,2009-02-18
"P001138",18,2009-12-08
"P001138",15,2010-01-01
"P001138",54,2010-01-23
"P001138",54,2011-03-28
"P001138",46,2012-03-24
"P001138",27,2019-01-01
"P001138",53,2039-09-17
"P001139",1,2011-12-16
"P001139",12,2013-10-10
"P001139",23,2016-08-11
"P001139",36,2023-08-07
"P001140",28,1987-10-15
"P001140",16,1988-05-20
"P001140",17,1988-06-28
"P001140",2,2010-06-30
"P001140",61,2010-11-05
"P001140",41,2015-09-20
"P001140",6,2017-02-22
"P001141",26,1981-06-15
"P001141",47,1983-10-07
"P001141",57,1991-10-03
"P001141",20,2007-05-07
"P001142",27,1996-07-22
"P001142",13,2008-03-30
"P001142",22,2009-04-09
"P001142",13,2010-01-17
"P001142",25,2014-11-04
"P001143",23,2014-03-13
"P001144",4,1985-11-08
"P001144",3,2000-08-03
"P001144",28,2009-04-04
"P001145",27,1997-02-26
"P001146",49,1993-04-09
"P001146",7,2012-01-19
"P001146",39,2014-08-10
"P001146",34,2015-12-26
"P001147",2,2000-04-21
"P001147",57,2004-04-27
"P001147",18,2007-03-09
"P001147",67,2017-07-23
"P001147",13,2020-06-26
"P001147",28,2030-02-09
"P001148",28,2022-06-05
"P001148",30,2031-11-28
"P001148",24,2032-09-03
"P001149",18,1984-02-26
"P001149",46,1985-02-24
"P001149",1,1993-11-14
"P001149",13,1995-03-03
"P001149",39,1996-05-10
"P001149",52,2015-04-27
"P001149",4,2015-09-04
"P001150",52,1998-03-25
"P001150",5,2005-08-19
"P001150",60,2020-03-22
"P001150",35,2022-02-19
"P001151",23,1979-07-10
"P001151",29,1980-06-23
"P001151",2,1982-10-13
"P001151",11,1988-01-11
"P001152",1,2009-06-04
"P001152",52,2009-11-09
"P001152",4,2024-05-01
"P001152",3,2028-06-05
"P001152",28,2028-11-13
"P001152",1,2029-06-13
"P001152",26,2032-11-17
"P001152",12,2037-11-11
"P001152",6,2046-04-23
"P001153",15,2030-10-13
"P001153",55,2034-12-13
"P001153",18,2034-12-18
"P001153",41,2035-01-14
"P001153",55,2036-04-09
"P001153",55,2038-05-23
"P001153",12,2040-02-09
"P001153",28,2042-06-05
"P001154",36,1994-01-02
"P001154",1,1995-05-02
"P001154",43,2004-01-20
"P001154",35,2011-05-11
"P001154",50,2014-09-17
"P001154",24,2016-01-22
"P001154",52,2018-08-22
"P001154",8,2023-09-26
"P001155",28,1994-12-24
"P001155",45,1995-10-09
"P001155",62,1997-04-18
"P001155",61,1997-10-12
"P001155",4,1999-10-10
"P001155",20,2002-04-29
"P001155",22,2003-12-18
"P001155",42,2030-12-06
"P001156",6,2001-10-07
"P001156",21,2027-01-10
"P001157",31,1971-02-20
"P001157",30,1976-03-22
"P001157",47,1993-10-14
"P001157",14,1995-04-12
"P001157",41,1996-08-26
"P001157",30,2005-01-02
"P001158",26,1978-12-03
"P001158",54,1995-03-10
"P001158",31,1995-12-26
"P001158",8,1996-01-10
"P001158",5,2001-03-17
"P001159",3,2017-11-18
"P001160",18,2005-10-05
"P001160",3,2020-04-16
"P001160",15,2026-06-29
"P001161",24,1975-12-07
"P001161",3,1976-03-26
"P001161",1,1977-05-11
"P001161",63,1977-10-20
"P001161",19,1978-09-29
"P001161",28,1980-02-13
"P001161",25,1980-11-16
"P001161",12,1981-02-28
"P001161",3,1981-06-25
"P001161",1,1981-12-11
"P001161",27,1982-04-13
"P001161",19,1982-07-16
"P001161",1,1985-12-07
"P001161",63,1986-01-04
"P001161",42,1989-01-29
"P001161",28,1991-12-02
"P001161",16,1993-11-10
"P001161",6,1994-08-18
"P001161",33,1995-03-18
"P001161",3,1995-08-23
"P001161",28,1996-09-17
"P001161",13,1997-05-19
"P001161",58,2002-04-15
"P001162",3,1980-10-25
"P001162",6,1981-01-24
"P001162",28,1983-07-15
"P001162",19,1986-02-02
"P001162",5,1986-02-16
"P001162",1,1988-05-11
"P001162",25,1991-10-08
"P001162",27,1992-12-25
"P001162",65,1993-06-11
"P001162",64,1998-03-14
"P001162",22,2001-08-01
"P001162",10,2001-12-19
"P001162",62,2003-03-08
"P001162",26,2003-07-25
"P001162",66,2004-10-05
"P001162",9,2007-12-16
"P001163",21,1975-10-29
"P001163",44,1976-01-30
"P001163",23,1976-03-20
"P001163",34,1978-12-31
"P001163",40,1979-11-26
"P001163",43,1984-08-28
"P001163",24,1988-09-01
"P001163",63,1997-11-11
"P001164",40,1998-11-25
"P001164",10,1999-04-08
"P001164",61,2004-12-07
"P001164",21,2015-11-28
"P001164",30,2016-07-18
"P001164",21,2016-08-28
"P001164",53,2017-12-05
"P001164",11,2022-08-19
"P001165",49,1987-04-25
"P001165",28,2023-08-25
"P001166",18,1982-07-26
"P001166",6,1985-02-17
"P001166",14,1987-09-13
"P001166",39,1987-12-27
"P001166",35,1988-09-07
"P001166",66,1990-02-24
"P001166",41,1992-03-29
"P001166",6,1992-07-06
"P001166",55,1993-05-03
"P001166",59,1993-11-09
"P001166",43,2007-08-01
"P001167",21,2012-11-27
"P001167",14,2013-03-08
"P001167",12,2015-06-16
"P001167",22,2025-11-21
"P001167",27,2030-08-25
"P001168",3,2002-02-23
"P001168",24,2015-07-03
"P001169",14,2016-12-16
"P001170",65,2020-03-16
"P001170",58,2021-04-09
"P001170",6,2031-04-09
"P001171",4,2020-02-27
"P001171",4,2020-07-26
"P001172",11,1975-04-21
"P001172",27,1975-05-31
"P001172",42,1975-12-31
"P001172",28,1980-07-23
"P001172",3,1994-01-07
"P001172",30,1994-07-11
"P001172",49,1994-12-05
"P001172",27,1995-01-08
"P001172",2,1995-08-04
"P001172",2,2001-08-01
"P001172",14,2003-12-14
"P001173",30,2009-02-16
"P001173",1,2016-12-18
"P001173",1,2018-08-27
"P001173",52,2023-03-14
"P001173",12,2025-04-06
"P001173",28,2037-09-06
"P001173",2,2044-09-13
"P001173",50,2044-12-19
"P001174",24,1985-11-29
"P001174",23,1986-02-13
"P001174",10,1988-05-15
"P001174",62,1988-10-17
"P001174",23,1991-03-03
"P001174",23,1991-05-19
"P001174",54,1991-08-06
"P001174",3,1991-09-30
"P001174",29,1992-11-26
"P001174",66,1994-01-10
"P001174",26,1995-08-24
"P001174",28,2004-01-23
"P001174",9,2008-02-01
"P001174",53,2011-03-04
"P001174",12,2012-12-30
"P001174",63,2012-12-31
"P001174",34,2021-05-13
"P001174",23,2023-03-30
"P001174",37,2023-11-20
"P001175",15,2004-04-07
"P001176",4,1967-01-25
"P001176",11,1981-12-15
"P001177",62,1992-10-28
"P001177",27,2011-08-04
"P001177",28,2015-06-25
"P001177",26,2019-10-09
"P001177",33,2020-01-21
"P001177",4,2022-01-18
"P001178",63,1970-07-10
"P001178",5,1990-11-30
"P001178",13,1992-06-22
"P001178",21,1992-11-21
"P001178",27,1993-02-04
"P001178",65,1993-02-19
"P001178",42,1994-06-17
"P001178",34,1994-12-21
"P001178",14,1997-02-24
"P001178",7,2001-05-06
"P001179",4,1976-10-01
"P001179",14,1980-06-20
"P001179",7,1981-07-13
"P001179",13,1991-03-25
"P001179",55,2002-05-08
"P001179",40,2006-12-07
"P001180",6,1990-03-17
"P001180",1,1990-04-28
"P001180",63,1997-03-28
"P001180",42,1999-09-16
"P001180",23,2005-01-13
"P001180",29,2006-05-11
"P001180",54,2006-07-28
"P001180",46,2007-12-22
"P001181",16,1982-06-09
"P001181",15,1985-03-13
"P001181",18,1987-04-03
"P001181",25,1992-10-19
"P001181",46,1993-01-02
"P001181",23,1993-05-26
"P001181",14,1997-07-22
"P001182",26,1995-07-10
"P001182",52,1997-01-09
"P001182",28,1998-04-23
"P001182",27,2015-04-02
"P001182",3,2015-08-24
"P001182",3,2023-08-13
"P001183",6,1990-11-06
"P001183",4,1991-09-22
"P001183",14,1993-01-05
"P001183",54,1996-08-11
"P001183",6,1996-10-01
"P001183",31,1997-08-19
"P001184",14,1990-01-12
"P001184",55,2010-08-03
"P001185",43,1969-12-08
"P001185",13,1970-11-03
"P001185",15,1977-08-11
"P001185",52,1983-12-25
"P001185",3,1991-01-02
"P001185",28,2000-03-08
"P001185",12,2000-07-11
"P001185",62,2001-12-14
"P001185",61,2003-01-06
"P001185",23,2003-09-07
"P001185",35,2004-11-19
"P001186",44,1996-05-14
"P001186",24,1997-01-05
"P001186",37,2002-05-29
"P001186",33,2003-02-13
"P001186",50,2003-09-23
"P001186",62,2003-12-30
"P001186",36,2005-03-03
"P001186",14,2006-03-12
"P001187",41,2002-03-08
"P001187",57,2006-07-30
"P001187",1,2008-09-17
"P001187",55,2009-05-10
"P001187",13,2011-02-09
"P001188",62,1977-05-09
"P001188",23,1977-10-06
"P001188",6,1978-01-13
"P001188",28,1992-08-19
"P001189",28,2005-07-15
"P001189",11,2027-06-14
"P001189",17,2028-11-17
"P001190",62,1976-06-24
"P001190",15,1982-11-23
"P001190",13,1983-01-10
"P001190",62,1984-03-31
"P001190",6,1984-05-18
"P001190",55,1985-05-02
"P001190",4,1998-03-02
"P001191",44,2014-04-05
"P001191",33,2014-08-29
"P001191",8,2016-12-25
"P001191",5,2026-10-09
"P001191",52,2027-04-26
"P001191",47,2029-03-17
"P001191",3,2030-06-06
"P001191",19,2032-01-17
"P001191",23,2033-07-11
"P001191",9,2034-08-18
"P001191",26,2034-11-22
"P001192",63,2012-12-08
"P001192",42,2012-12-16
"P001192",28,2020-03-30
"P001192",42,2028-06-15
"P001193",14,1969-10-27
"P001193",41,1970-07-18
"P001193",8,1984-02-22
"P001193",3,1993-11-04
"P001193",41,1994-12-25
"P001194",1,1986-08-25
"P001194",49,1989-11-01
"P001194",3,1991-12-28
"P001194",27,2017-02-25
"P001194",23,2018-10-06
"P001195",37,2004-11-14
"P001195",66,2005-04-24
"P001195",42,2021-02-04
"P001195",11,2032-06-18
"P001195",15,2033-01-07
"P001195",1,2033-04-01
"P001195",62,2034-09-14
"P001195",2,2037-03-22
"P001196",65,2043-03-20
"P001196",60,2043-11-23
"P001196",24,2045-09-20
"P001196",59,2053-01-02
"P001196",47,2053-05-07
"P001196",14,2053-08-24
"P001196",28,2055-09-18
"P001197",13,1974-05-22
"P001197",55,2000-01-15
"P001198",14,2011-06-27
"P001198",11,2013-04-02
"P001198",14,2019-10-04
"P001199",4,2035-09-15
"P001199",8,2036-04-08
"P001200",42,2049-04-10
"P001200",28,2050-04-22
"P001201",11,1988-06-22
"P001201",28,1994-02-28
"P001201",30,1996-08-04
"P001202",20,1965-06-17
"P001202",5,1965-08-10
"P001202",18,1971-09-08
"P001202",28,1972-05-24
"P001202",3,1996-12-18
"P001203",27,2003-06-30
"P001203",36,2019-10-24
"P001203",41,2033-12-15
"P001203",48,2034-05-25
"P001204",52,1996-05-23
"P001204",55,1997-05-23
"P001204",34,1997-11-04
"P001204",43,1998-02-19
"P001204",14,2006-01-16
"P001204",28,2009-01-01
"P001204",30,2009-02-05
"P001204",30,2010-03-15
"P001204",60,2020-05-24
"P001205",1,1969-08-31
"P001205",12,1970-06-17
"P001205",52,1987-03-11
"P001205",53,1993-05-01
"P001205",27,1995-05-12
"P001205",65,1995-10-16
"P001205",55,1998-06-17
"P001205",18,1999-02-02
"P001205",19,2001-09-01
"P001205",1,2005-12-13
"P001206",16,2012-01-09
"P001206",33,2012-07-14
"P001206",43,2031-06-04
"P001206",21,2031-11-14
"P001206",6,2032-04-25
"P001207",3,2024-10-28
"P001207",28,2051-11-21
"P001208",53,2036-04-09
"P001208",27,2037-08-23
"P001208",61,2043-03-09
"P001208",37,2049-07-05
"P001208",40,2049-10-02
"P001209",43,1999-11-05
"P001209",10,2001-07-16
"P001209",28,2002-05-12
"P001209",14,2005-07-17
"P001209",17,2012-03-20
"P001210",32,1991-04-06
"P001210",50,2009-07-21
"P001210",50,2012-01-08
"P001210",26,2013-02-09
"P001210",28,2017-11-17
"P001211",17,1966-08-11
"P001211",2,1968-09-29
"P001211",52,1971-03-25
"P001211",57,1976-04-11
"P001211",5,1979-03-13
"P001211",21,1985-07-01
"P001211",47,1990-07-30
"P001211",23,1995-12-19
"P001211",3,1997-09-13
"P001211",39,1998-04-02
"P001211",26,1999-09-06
"P001211",64,2000-06-25
"P001211",33,2001-01-25
"P001212",42,2002-03-29
"P001212",3,2007-11-10
"P001212",35,2010-05-31
"P001212",10,2014-08-07
"P001212",8,2019-04-10
"P001212",54,2020-03-03
"P001212",21,2027-04-11
"P001212",5,2039-02-15
"P001213",55,1987-10-20
"P001213",12,1989-06-04
"P001213",4,1996-07-06
"P001213",28,1998-01-12
"P001213",14,1998-03-01
"P001213",40,1998-04-14
"P001213",40,2000-03-11
"P001213",28,2004-10-16
"P001213",25,2009-04-01
"P001213",4,2013-02-24
"P001213",15,2013-06-27
"P001213",55,2013-08-23
"P001213",32,2014-05-13
"P001213",8,2015-05-18
"P001213",25,2015-12-25
"P001213",60,2018-12-31
"P001213",58,2020-01-31
"P001213",34,2021-07-02
"P001213",44,2021-09-20
"P001213",12,2021-10-03
"P001213",9,2021-11-14
"P001214",11,2006-05-21
"P001215",49,1979-09-05
"P001215",4,1981-03-11
"P001215",43,2002-09-04
"P001215",43,2002-11-18
"P001215",25,2007-06-04
"P001215",27,2007-08-15
"P001215",27,2010-02-05
"P001215",52,2010-08-26
"P001215",62,2018-02-23
"P001216",28,1983-03-16
"P001216",54,1983-05-22
"P001216",28,1991-12-31
"P001216",56,1992-09-21
"P001216",39,1994-10-11
"P001216",21,2000-12-29
"P001217",25,2000-11-08
"P001217",23,2005-05-11
"P001217",27,2007-08-04
"P001217",27,2008-06-19
"P001217",40,2023-02-17
"P001217",18,2025-02-21
"P001218",40,1963-07-31
"P001218",32,1964-12-06
"P001218",25,1966-01-06
"P001218",34,1968-10-23
"P001218",11,1968-12-05
"P001218",24,1971-12-31
"P001218",28,1973-03-18
"P001218",30,1981-07-25
"P001218",16,1982-06-08
"P001218",14,1982-08-02
"P001218",15,1985-04-21
"P001218",21,1997-09-07
"P001219",62,1997-05-11
"P001219",52,1998-02-20
"P001219",2,1998-02-22
"P001219",43,2004-03-29
"P001219",37,2004-07-31
"P001219",62,2009-05-27
"P001219",6,2011-01-29
"P001219",53,2013-07-17
"P001219",49,2013-12-10
"P001219",28,2025-02-09
"P001219",1,2027-05-28
"P001219",39,2030-01-13
"P001220",55,2029-12-25
"P001220",23,2034-11-24
"P001220",4,2047-12-29
"P001220",14,2048-04-29
"P001221",14,1989-01-09
"P001221",13,1989-12-05
"P001221",65,1994-10-24
"P001221",13,1995-10-10
"P001221",58,1995-11-13
"P001221",4,1997-12-20
"P001221",61,1999-03-22
"P001221",8,2002-11-15
"P001221",21,2004-01-18
"P001221",56,2018-07-30
"P001221",2,2019-03-08
"P001222",52,1986-06-08
"P001222",61,1993-06-02
"P001222",16,2001-04-12
"P001222",28,2002-06-05
"P001222",10,2009-04-16
"P001223",30,1965-11-07
"P001223",38,1965-11-27
"P001223",60,1982-09-29
"P001223",62,1985-10-14
"P001224",38,2016-10-11
"P001224",8,2027-07-22
"P001224",29,2037-03-30
"P001224",26,2053-04-20
"P001225",30,2000-06-10
"P001225",34,2002-11-14
"P001225",2,2004-05-26
"P001225",50,2005-08-11
"P001225",5,2014-11-05
"P001225",26,2015-01-15
"P001225",4,2023-12-14
"P001225",2,2025-08-25
"P001225",7,2026-10-09
"P001225",53,2030-10-21
"P001226",8,2007-01-18
"P001226",30,2024-08-12
"P001226",24,2025-11-04
"P001226",41,2026-12-04
"P001226",7,2027-08-20
"P001226",11,2029-04-08
"P001226",52,2037-05-10
"P001226",44,2042-11-12
"P001227",65,2000-10-26
"P001227",1,2005-02-04
"P001227",4,2017-03-02
"P001227",53,2032-09-16
"P001227",51,2036-01-11
"P001228",3,2018-07-15
"P001228",43,2024-02-15
"P001228",8,2032-01-17
"P001228",22,2037-03-03
"P001228",50,2038-08-07
"P001228",66,2038-11-21
"P001228",1,2039-03-01
"P001228",44,2043-02-23
"P001229",43,2002-11-22
"P001229",35,2005-09-17
"P001229",1,2022-01-11
"P001229",23,2023-05-09
"P001229",4,2031-04-06
"P001229",3,2036-11-07
"P001229",1,2037-12-30
"P001230",62,2009-03-10
"P001230",28,2012-07-17
"P001230",14,2012-11-05
"P001231",44,2028-02-10
"P001231",11,2036-09-18
"P001231",49,2036-12-01
"P001231",28,2038-08-01
"P001231",16,2038-09-12
"P001232",4,2032-07-16
"P001233",55,1994-04-01
"P001233",28,1994-08-26
"P001233",4,1994-12-22
"P001233",12,1996-07-03
"P001233",16,2000-06-19
"P001233",21,2001-03-13
"P001233",15,2003-09-01
"P001234",21,1998-12-11
"P001234",7,2006-07-03
"P001235",3,1983-10-12
"P001235",11,1994-11-05
"P001235",14,1997-11-13
"P001235",3,2005-04-07
"P001236",36,1995-02-11
"P001237",58,2000-10-16
"P001237",28,2000-12-28
"P001237",55,2004-01-02
"P001237",49,2005-11-29
"P001237",22,2007-09-01
"P001237",28,2017-02-25
"P001237",5,2029-03-25
"P001239",28,1993-02-01
"P001239",4,1993-09-24
"P001239",6,2009-06-12
"P001240",63,2008-12-06
"P001240",12,2025-05-11
"P001240",30,2028-09-19
"P001240",21,2032-09-19
"P001241",1,1963-09-01
"P001241",28,1989-08-18
"P001241",60,1991-07-25
"P001242",23,2014-01-07
"P001242",25,2036-05-19
"P001242",62,2037-04-12
"P001242",14,2043-04-28
"P001243",18,1976-10-31
"P001243",55,1987-03-25
"P001243",49,1990-08-29
"P001243",35,1992-05-01
"P001243",28,1997-08-08
"P001243",30,1999-01-27
"P001243",4,2007-09-17
"P001244",49,2008-08-17
"P001244",23,2021-03-18
"P001244",28,2029-12-15
"P001244",40,2031-10-02
"P001244",24,2032-06-02
"P001245",14,2017-05-23
"P001245",25,2019-06-11
"P001245",48,2020-07-16
"P001245",12,2020-11-29
"P001245",5,2024-10-16
"P001245",3,2025-01-22
"P001245",1,2027-07-25
"P001245",27,2035-03-10
"P001245",27,2043-02-05
"P001245",24,2044-07-05
"P001246",3,2029-09-14
"P001246",1,2044-07-06
"P001247",43,1990-05-17
"P001247",13,1993-01-31
"P001247",25,1996-08-26
"P001248",12,1997-03-15
"P001248",57,1999-08-07
"P001249",24,2002-12-03
"P001249",27,2014-07-28
"P001249",64,2015-02-09
"P001249",35,2016-09-21
"P001249",35,2016-11-26
"P001249",27,2017-09-26
"P001249",62,2019-10-16
"P001249",63,2022-03-26
"P001250",4,1984-10-15
"P001250",40,1987-09-01
"P001250",52,1987-11-25
"P001250",24,1989-01-08
"P001250",18,2006-07-10
"P001250",3,2015-10-10
"P001251",23,2000-03-11
"P001251",9,2000-03-30
"P001251",28,2000-07-10
"P001251",40,2001-11-22
"P001251",30,2002-08-20
"P001251",34,2004-03-04
"P001251",12,2005-02-11
"P001251",6,2010-01-16
"P001251",63,2029-06-20
"P001251",15,2030-01-17
"P001251",3,2030-07-19
"P001251",39,2031-06-21
"P001251",11,2036-11-13
"P001251",40,2037-03-21
"P001252",27,1976-01-30
"P001252",55,1979-07-07
"P001252",17,1981-06-27
"P001252",65,1982-12-09
"P001252",44,1987-06-25
"P001252",28,1995-07-12
"P001252",55,2004-01-26
"P001252",6,2005-09-21
"P001252",2,2006-03-13
"P001252",4,2007-07-15
"P001252",24,2008-03-14
"P001252",17,2011-08-05
"P001252",3,2011-11-30
"P001252",16,2012-03-19
"P001252",58,2015-02-22
"P001253",26,2006-03-03
"P001253",24,2007-03-01
"P001253",28,2011-06-17
"P001253",8,2012-06-01
"P001253",8,2014-03-18
"P001254",23,1978-05-24
"P001255",9,2009-03-16
"P001255",19,2019-08-04
"P001255",40,2028-09-28
"P001255",2,2031-04-14
"P001255",7,2032-11-16
"P001255",28,2033-06-30
"P001255",57,2034-11-26
"P001255",27,2036-12-14
"P001256",8,1990-11-12
"P001256",4,1991-06-29
"P001256",32,1995-02-25
"P001256",14,2000-09-21
"P001256",32,2001-08-14
"P001256",2,2001-08-28
"P001257",2,1970-03-14
"P001257",55,1972-10-12
"P001257",19,1972-12-09
"P001257",12,1975-09-13
"P001257",13,1988-02-18
"P001257",26,1989-06-10
"P001257",66,1990-02-09
"P001257",4,1990-11-11
"P001257",21,1998-01-27
"P001258",4,1984-09-05
"P001258",49,1989-11-28
"P001258",30,1990-06-03
"P001258",30,1990-07-14
"P001258",14,1991-10-19
"P001258",28,2001-11-15
"P001258",30,2002-02-27
"P001258",14,2003-06-14
"P001258",28,2013-03-10
"P001258",16,2013-07-10
"P001258",15,2014-06-28
"P001258",14,2016-03-30
"P001258",27,2021-05-11
"P001259",52,2024-02-11
"P001259",27,2030-01-31
"P001259",8,2036-12-26
"P001259",21,2050-08-25
"P001260",15,1977-07-04
"P001260",43,1986-04-24
"P001260",43,1988-04-25
"P001260",25,1992-04-16
"P001260",27,1993-01-12
"P001261",15,1980-12-03
"P001261",54,1991-01-08
"P001261",11,1999-04-01
"P001261",37,1999-07-11
"P001262",67,1996-04-10
"P001262",63,2004-10-24
"P001263",8,2011-07-06
"P001263",24,2017-11-15
"P001264",54,2019-02-15
"P001264",54,2022-01-30
"P001264",20,2026-07-27
"P001264",28,2039-04-19
"P001265",32,2021-07-23
"P001265",15,2040-04-12
"P001265",11,2050-07-25
"P001266",50,2012-11-01
"P001266",50,2013-04-19
"P001266",36,2015-04-08
"P001266",65,2025-02-10
"P001266",28,2031-05-07
"P001266",14,2036-06-16
"P001266",2,2037-08-23
"P001266",3,2040-10-03
"P001266",49,2041-08-08
"P001267",1,2013-02-04
"P001267",13,2041-09-05
"P001268",29,1997-09-08
"P001268",52,2013-08-29
"P001268",24,2017-07-17
"P001268",14,2019-03-19
"P001268",42,2031-05-31
"P001268",7,2035-01-29
"P001269",1,2031-05-30
"P001269",55,2051-10-01
"P001270",6,2001-09-09
"P001270",1,2001-10-02
"P001270",11,2002-12-11
"P001271",16,1977-11-11
"P001271",4,1999-08-31
"P001271",30,2003-10-30
"P001271",26,2005-01-09
"P001271",28,2005-03-21
"P001272",63,2009-01-21
"P001272",52,2016-05-26
"P001272",23,2016-07-09
"P001272",39,2017-12-17
"P001272",34,2018-06-17
"P001272",27,2019-01-17
"P001272",27,2023-07-14
"P001272",6,2033-01-23
"P001272",28,2037-03-31
"P001272",8,2042-05-01
"P001273",18,1979-09-25
"P001273",7,1980-04-13
"P001273",61,1981-11-01
"P001273",29,1982-01-06
"P001273",3,1992-10-21
"P001273",39,1994-06-13
"P001273",32,2000-04-07
"P001273",23,2007-02-24
"P001273",3,2015-06-24
"P001274",27,1991-03-07
"P001274",67,2003-12-06
"P001274",28,2003-12-19
"P001274",57,2028-11-06
"P001275",23,2021-09-02
"P001275",28,2032-01-03
"P001275",17,2032-07-21
"P001275",4,2033-04-10
"P001276",18,2024-03-26
"P001276",53,2026-12-13
"P001276",42,2029-06-12
"P001276",8,2034-10-16
"P001276",8,2043-11-10
"P001276",28,2044-03-24
"P001277",1,1996-07-21
"P001278",4,2007-06-15
"P001278",11,2010-03-14
"P001278",56,2014-08-05
"P001278",21,2020-06-04
"P001278",1,2027-09-29
"P001278",6,2029-12-10
"P001279",55,2021-02-19
"P001279",21,2027-08-16
"P001279",1,2031-10-02
"P001279",21,2031-11-06
"P001279",3,2032-10-22
"P001279",12,2033-11-23
"P001279",27,2034-11-24
"P001279",38,2036-03-29
"P001279",44,2036-06-17
"P001280",23,1978-08-25
"P001280",1,1987-05-17
"P001280",12,1989-12-05
"P001281",54,2004-05-10
"P001281",1,2012-04-12
"P001281",28,2021-01-07
"P001281",23,2029-07-20
"P001281",25,2029-07-25
"P001281",1,2032-11-18
"P001282",17,1975-06-25
"P001282",44,1977-09-05
"P001282",65,1978-02-07
"P001282",5,1990-06-03
"P001282",16,1996-04-06
"P001282",3,1998-07-18
"P001282",52,2003-06-22
"P001283",28,2025-05-24
"P001284",26,2032-11-22
"P001284",52,2035-12-11
"P001284",30,2039-10-05
"P001284",18,2041-03-26
"P001284",6,2043-02-11
"P001285",47,2021-04-05
"P001285",28,2031-03-06
"P001285",1,2034-03-07
"P001286",7,2013-06-27
"P001286",52,2015-09-16
"P001286",4,2040-05-17
"P001287",27,1978-05-25
"P001287",49,2008-06-19
"P001288",27,1986-12-13
"P001288",52,1987-04-05
"P001288",49,2002-04-07
"P001288",11,2002-12-05
"P001288",30,2003-09-12
"P001288",53,2006-08-10
"P001288",4,2009-07-15
"P001289",21,1985-04-20
"P001289",28,1993-02-15
"P001289",3,1995-04-24
"P001289",52,1996-02-03
"P001289",31,2005-02-19
"P001290",30,2001-06-20
"P001290",24,2001-12-06
"P001290",3,2002-09-09
"P001290",42,2014-10-24
"P001290",58,2020-10-17
"P001291",11,1977-02-16
"P001291",53,2007-09-22
"P001292",28,1993-03-10
"P001292",18,2009-05-30
"P001292",28,2011-08-09
"P001292",39,2015-03-16
"P001292",47,2025-07-07
"P001292",46,2026-03-24
"P001293",40,1999-08-19
"P001293",28,2002-10-20
"P001293",3,2006-09-09
"P001293",31,2023-09-28
"P001293",61,2034-09-18
"P001294",61,2006-04-17
"P001294",22,2015-12-23
"P001294",3,2036-07-28
"P001295",55,1967-12-21
"P001295",34,1968-12-19
"P001295",23,1990-01-17
"P001296",1,1972-07-25
"P001296",25,1986-04-29
"P001296",11,1987-05-09
"P001296",10,1994-02-21
"P001296",28,1994-11-02
"P001296",7,1999-08-21
"P001297",27,2019-03-08
"P001297",65,2020-06-28
"P001297",17,2035-01-07
"P001297",48,2036-03-01
"P001297",49,2041-06-29
"P001297",27,2048-03-25
"P001297",3,2048-09-17
"P001298",14,1992-02-15
"P001298",11,2007-04-26
"P001298",14,2008-01-14
"P001298",4,2011-06-14
"P001298",26,2018-04-08
"P001298",6,2018-07-04
"P001298",1,2019-09-25
"P001299",57,2020-09-16
"P001299",1,2023-02-01
"P001299",27,2026-08-17
"P001299",62,2028-09-26
"P001299",43,2033-05-14
"P001299",43,2035-07-20
"P001299",13,2036-03-17
"P001299",53,2037-09-10
"P001299",4,2037-12-12
"P001299",20,2038-06-08
"P001299",2,2042-03-28
"P001299",43,2045-04-17
"P001300",34,1971-02-02
"P001300",5,1977-06-01
"P001301",54,2012-09-03
"P001301",37,2014-01-01
"P001301",2,2014-07-11
"P001302",39,2038-05-19
"P001303",4,1993-12-24
"P001303",14,1994-06-15
"P001303",15,1995-05-28
"P001303",53,2011-06-14
"P001303",11,2013-11-15
"P001304",26,1994-08-20
"P001304",44,2004-01-06
"P001304",49,2010-12-22
"P001304",2,2013-04-20
"P001304",2,2013-09-01
"P001304",27,2013-12-06
"P001304",7,2014-04-20
"P001304",28,2014-05-12
"P001304",2,2014-11-30
"P001305",46,2012-03-08
"P001305",62,2012-09-05
"P001305",7,2027-04-14
"P001305",18,2033-11-27
"P001305",1,2035-02-19
"P001305",21,2036-05-06
"P001305",27,2040-02-09
"P001305",14,2042-05-13
"P001306",18,2003-06-24
"P001306",28,2004-08-11
"P001306",26,2012-05-06
"P001306",30,2017-06-20
"P001306",34,2017-06-29
"P001306",11,2025-05-19
"P001306",58,2026-11-28
"P001306",18,2037-03-29
"P001306",60,2037-09-06
"P001307",17,1982-05-23
"P001307",4,1985-03-03
"P001307",24,1997-10-21
"P001307",41,1998-08-24
"P001307",16,1999-10-26
"P001308",4,2001-04-11
"P001308",61,2014-10-30
"P001308",1,2030-01-02
"P001309",26,1981-02-06
"P001310",37,2038-01-12
"P001310",57,2047-04-09
"P001311",8,2013-06-14
"P001311",14,2014-05-16
"P001311",41,2016-08-28
"P001311",40,2017-09-03
"P001311",25,2018-12-23
"P001311",1,2022-02-14
"P001312",49,2018-06-15
"P001312",64,2020-10-09
"P001312",35,2021-05-09
"P001312",44,2021-07-10
"P001312",31,2022-07-17
"P001312",49,2046-08-18
"P001312",61,2047-03-02
"P001313",41,1989-07-08
"P001313",2,1991-10-31
"P001313",11,2003-02-13
"P001313",28,2003-09-08
"P001313",67,2010-04-21
"P001313",41,2010-07-11
"P001313",67,2011-01-21
"P001313",41,2012-09-29
"P001313",7,2012-11-04
"P001313",53,2022-02-09
"P001313",16,2022-06-11
"P001313",55,2026-04-10
"P001314",8,2021-07-20
"P001314",54,2030-03-05
"P001314",31,2030-08-10
"P001314",50,2031-05-25
"P001314",8,2034-08-16
"P001314",31,2037-10-08
"P001314",11,2047-12-05
"P001314",28,2049-01-26
"P001315",17,1985-08-21
"P001315",31,1987-01-22
"P001315",25,2000-05-27
"P001315",44,2010-09-05
"P001315",3,2016-04-13
"P001316",27,2005-05-01
"P001316",27,2007-01-22
"P001316",24,2010-01-30
"P001317",23,1970-03-19
"P001317",27,1983-03-07
"P001317",54,2000-12-29
"P001317",2,2002-01-29
"P001318",65,1965-05-05
"P001318",7,1985-08-02
"P001318",2,1995-10-09
"P001318",24,1997-07-26
"P001318",28,1998-12-02
"P001319",29,2001-02-13
"P001319",3,2017-07-28
"P001319",14,2019-06-09
"P001319",23,2019-12-31
"P001319",58,2021-03-06
"P001319",1,2022-02-24
"P001319",24,2023-08-07
"P001319",10,2023-11-09
"P001319",3,2024-11-24
"P001319",4,2025-09-09
"P001319",46,2029-06-22
"P001319",13,2031-09-24
"P001320",16,1987-09-30
"P001320",8,1989-03-17
"P001320",50,1995-09-13
"P001320",48,1996-05-24
"P001320",28,1997-11-07
"P001320",12,1998-04-01
"P001320",1,2002-11-22
"P001320",7,2009-06-01
"P001321",28,2013-09-18
"P001321",3,2026-07-05
"P001322",2,2036-11-14
"P001322",11,2038-12-19
"P001322",43,2051-02-03
"P001322",61,2053-11-03
"P001323",58,1964-10-11
"P001323",41,1965-08-10
"P001323",28,1965-10-17
"P001323",41,1968-04-30
"P001323",61,1971-04-04
"P001323",6,1992-11-25
"P001323",14,1993-07-22
"P001325",43,1985-02-22
"P001325",26,1992-09-28
"P001325",15,1995-05-08
"P001325",55,2018-02-19
"P001325",39,2019-06-12
"P001325",19,2020-01-08
"P001326",55,2028-01-12
"P001326",6,2041-11-14
"P001326",40,2042-04-17
"P001327",61,2002-10-29
"P001327",55,2011-02-10
"P001327",2,2011-07-11
"P001327",11,2012-12-23
"P001327",61,2015-06-03
"P001327",31,2019-08-02
"P001328",1,2001-09-19
"P001328",27,2003-08-09
"P001328",55,2025-09-04
"P001328",52,2027-03-07
"P001328",55,2028-04-05
"P001328",47,2030-05-09
"P001329",8,2018-02-08
"P001329",52,2018-10-27
"P001329",54,2019-07-26
"P001329",28,2020-04-27
"P001329",23,2030-10-21
"P001330",44,2014-12-29
"P001330",26,2021-10-29
"P001330",30,2021-11-25
"P001330",15,2022-06-15
"P001330",21,2034-12-15
"P001330",11,2035-04-27
"P001330",26,2038-03-15
"P001330",33,2039-04-12
"P001330",6,2041-05-06
"P001330",34,2042-08-20
"P001330",61,2042-10-10
"P001330",15,2043-01-04
"P001331",11,1965-11-05
"P001331",8,1971-04-23
"P001331",13,1973-07-01
"P001331",55,1980-10-07
"P001331",13,1980-11-05
"P001331",3,1987-06-01
"P001331",3,1990-06-24
"P001331",39,1991-07-03
"P001331",2,1997-11-17
"P001332",28,1985-01-19
"P001332",28,1995-06-12
"P001333",6,1981-05-05
"P001333",4,1981-06-21
"P001333",64,1981-12-05
"P001333",55,1983-01-23
"P001333",49,1984-01-22
"P001333",25,1988-08-07
"P001333",55,1995-03-17
"P001333",39,1995-03-25
"P001333",12,1995-09-27
"P001333",15,2009-09-02
"P001333",43,2012-08-03
"P001334",4,1983-01-17
"P001334",24,1988-11-22
"P001335",42,1965-03-27
"P001335",12,1967-05-21
"P001335",30,1972-02-14
"P001335",28,1973-11-17
"P001335",37,1983-02-06
"P001335",65,1985-05-16
"P001336",2,2012-02-09
"P001336",13,2012-07-11
"P001336",51,2013-08-13
"P001336",52,2032-03-06
"P001336",18,2042-02-21
"P001336",26,2045-06-01
"P001336",40,2050-12-15
"P001337",28,1991-03-12
"P001337",4,2010-06-22
"P001337",53,2010-09-17
"P001337",6,2013-09-08
"P001337",45,2013-11-08
"P001338",52,1980-02-03
"P001338",52,1994-07-20
"P001338",12,1995-12-31
"P001338",52,1998-03-07
"P001338",28,1998-10-02
"P001338",27,2003-01-14
"P001338",6,2009-02-04
"P001338",4,2009-07-11
"P001338",4,2009-09-20
"P001338",53,2009-11-30
"P001338",37,2016-11-03
"P001339",14,2006-09-16
"P001339",28,2007-05-03
"P001339",62,2008-10-28
"P001339",2,2009-08-08
"P001339",43,2012-05-21
"P001339",16,2015-08-15
"P001339",23,2018-11-19
"P001339",6,2023-10-31
"P001339",14,2028-02-03
"P001341",52,1999-12-23
"P001341",47,2001-06-09
"P001341",4,2004-02-24
"P001341",2,2023-04-14
"P001342",15,1983-01-01
"P001342",58,1984-01-01
"P001342",7,1995-05-06
"P001342",23,1997-01-13
"P001343",14,1963-12-05
"P001343",61,1981-11-27
"P001343",15,1982-09-08
"P001343",28,1989-07-06
"P001343",12,1991-11-04
"P001343",2,1994-01-03
"P001343",57,1996-11-07
"P001344",8,2014-04-02
"P001344",43,2029-10-17
"P001344",14,2030-08-20
"P001344",40,2037-09-14
"P001345",2,1993-05-27
"P001345",33,1994-07-17
"P001345",33,1995-01-11
"P001345",40,1998-04-09
"P001345",63,1998-08-07
"P001345",18,2004-03-13
"P001345",66,2011-12-21
"P001345",2,2017-11-21
"P001345",7,2018-04-21
"P001345",18,2018-10-13
"P001345",12,2019-05-10
"P001346",28,1989-10-23
"P001346",3,1998-05-21
"P001346",54,2013-03-01
"P001347",10,2017-10-27
"P001347",38,2018-05-04
"P001347",65,2027-06-02
"P001347",18,2028-10-15
"P001347",28,2037-02-17
"P001347",4,2040-04-13
"P001347",26,2043-05-29
"P001348",8,2024-09-06
"P001348",1,2029-11-22
"P001348",4,2045-08-28
"P001348",64,2046-03-06
"P001349",19,1970-11-15
"P001350",7,1979-03-10
"P001350",29,1980-05-23
"P001350",49,1981-02-03
"P001350",35,1981-08-19
"P001350",62,2008-08-23
"P001351",11,1972-04-07
"P001351",52,1977-10-01
"P001351",4,2004-06-25
"P001352",14,2000-10-31
"P001352",58,2001-06-26
"P001352",25,2002-10-06
"P001352",28,2002-11-26
"P001352",13,2028-07-12
"P001353",26,1985-08-23
"P001353",47,1999-05-17
"P001353",4,1999-10-22
"P001354",8,2000-09-07
"P001354",4,2010-02-10
"P001354",47,2029-06-25
"P001355",8,1976-01-28
"P001355",65,1989-03-07
"P001355",19,2004-12-18
"P001356",28,1966-02-26
"P001356",57,1974-07-04
"P001356",16,1997-07-20
"P001357",58,2006-07-10
"P001357",44,2016-08-27
"P001357",62,2020-09-23
"P001357",12,2034-02-06
"P001357",14,2035-03-13
"P001357",10,2037-10-17
"P001358",6,1971-07-11
"P001358",10,2004-12-21
"P001359",52,1986-09-24
"P001359",8,1990-01-23
"P001359",17,1995-04-10
"P001359",6,2016-01-07
"P001359",60,2021-11-01
"P001360",4,1968-05-23
"P001360",1,1968-09-27
"P001360",67,1969-10-16
"P001360",58,1972-06-17
"P001360",3,1997-03-07
"P001360",52,2004-10-30
"P001360",28,2004-12-27
"P001361",60,1983-07-30
"P001361",9,1983-08-06
"P001361",2,1984-03-25
"P001361",6,2003-04-11
"P001361",27,2003-12-20
"P001361",60,2004-03-07
"P001361",20,2010-07-11
"P001361",1,2014-06-17
"P001362",24,1964-06-14
"P001362",1,1966-04-04
"P001362",17,1966-06-26
"P001362",26,1999-03-16
"P001362",64,2002-03-24
"P001363",48,2009-06-20
"P001363",21,2032-05-19
"P001363",14,2043-06-13
"P001363",9,2044-02-09
"P001364",49,2013-01-28
"P001364",1,2019-02-19
"P001364",13,2019-03-27
"P001364",55,2027-03-01
"P001364",27,2028-06-03
"P001364",10,2038-09-16
"P001365",52,1970-11-05
"P001365",18,1975-09-20
"P001365",53,1997-02-07
"P001365",1,2002-04-20
"P001366",28,1974-03-01
"P001366",27,1974-11-16
"P001366",7,1979-03-16
"P001366",54,1982-06-29
"P001366",28,1994-08-09
"P001366",16,1995-06-25
"P001366",3,1995-07-21
"P001366",4,2009-05-08
"P001366",21,2009-11-18
"P001366",40,2010-06-13
"P001366",12,2012-10-27
"P001367",3,1987-08-04
"P001367",39,1992-08-10
"P001367",10,1993-02-25
"P001367",55,2004-01-03
"P001367",12,2007-11-06
"P001367",4,2007-12-19
"P001367",58,2008-12-11
"P001367",43,2011-05-02
"P001367",26,2013-01-01
"P001367",25,2013-06-02
"P001367",27,2014-11-13
"P001368",23,1988-04-25
"P001368",13,1996-01-18
"P001368",25,2003-07-28
"P001368",48,2004-08-28
"P001369",1,1998-11-27
"P001369",55,2002-12-20
"P001369",27,2004-02-16
"P001369",3,2023-05-02
"P001369",1,2025-05-04
"P001369",3,2031-07-12
"P001370",53,2019-03-25
"P001370",14,2020-04-09
"P001370",42,2022-05-20
"P001370",55,2023-09-20
"P001371",30,2027-10-27
"P001371",62,2029-07-02
"P001371",64,2029-08-03
"P001371",55,2029-09-01
"P001371",23,2030-03-25
"P001371",4,2031-02-25
"P001372",4,1980-07-26
"P001372",28,1989-01-12
"P001372",36,1999-11-29
"P001372",11,2000-05-30
"P001372",25,2002-02-10
"P001372",28,2006-01-15
"P001372",11,2007-03-15
"P001372",30,2007-04-29
"P001372",21,2008-06-29
"P001373",17,1994-05-11
"P001373",21,1994-12-04
"P001373",12,1998-04-10
"P001373",7,2021-06-06
"P001373",7,2022-05-08
"P001373",57,2023-01-25
"P001373",15,2026-05-20
"P001374",23,1991-10-02
"P001374",3,2009-03-08
"P001374",12,2009-07-23
"P001374",18,2011-01-02
"P001375",30,2028-12-21
"P001375",23,2032-03-28
"P001375",6,2045-03-24
"P001375",1,2045-05-21
"P001376",23,2015-09-16
"P001376",52,2025-10-10
"P001376",24,2026-05-14
"P001376",17,2027-12-12
"P001376",28,2032-11-29
"P001376",19,2033-01-13
"P001376",28,2034-09-29
"P001376",1,2038-05-26
"P001377",28,2011-10-15
"P001377",25,2014-08-29
"P001377",62,2015-01-28
"P001377",61,2015-06-30
"P001377",55,2017-04-02
"P001378",3,1985-12-20
"P001378",30,1988-09-04
"P001378",62,1992-02-17
"P001378",46,1992-11-03
"P001378",21,1994-04-26
"P001378",23,2011-01-08
"P001378",56,2013-04-25
"P001378",35,2013-10-16
"P001378",14,2016-01-17
"P001378",27,2016-10-26
"P001379",6,1986-03-20
"P001379",23,1988-07-17
"P001379",9,1989-04-28
"P001379",1,1995-12-03
"P001380",2,2016-03-07
"P001380",2,2018-04-20
"P001380",12,2023-12-19
"P001380",26,2025-07-31
"P001380",49,2039-07-19
"P001381",18,1981-10-24
"P001381",4,1982-10-05
"P001381",32,1983-06-05
"P001381",61,1985-09-06
"P001381",32,1985-09-28
"P001381",4,1990-08-08
"P001381",32,1992-02-25
"P001381",14,2012-03-03
"P001382",41,1965-07-04
"P001382",27,1977-09-24
"P001382",29,1987-07-08
"P001382",41,1997-12-21
"P001382",3,2001-03-13
"P001382",14,2003-11-23
"P001383",12,1990-08-02
"P001383",27,1995-06-05
"P001383",62,1995-10-17
"P001383",21,1997-03-16
"P001383",52,2007-01-15
"P001383",41,2007-08-20
"P001383",23,2013-12-17
"P001383",34,2016-05-25
"P001383",25,2016-10-18
"P001383",30,2016-11-18
"P001383",49,2017-09-22
"P001383",52,2020-01-23
"P001384",31,2008-05-24
"P001384",1,2018-05-08
"P001384",61,2023-05-06
"P001384",48,2024-01-10
"P001384",17,2024-09-04
"P001384",26,2043-01-23
"P001385",39,2018-08-30
"P001385",39,2023-12-16
"P001385",7,2025-06-09
"P001385",12,2029-03-04
"P001385",4,2033-08-09
"P001385",3,2044-05-19
"P001385",27,2049-01-14
"P001385",1,2049-01-25
"P001385",11,2054-05-14
"P001385",36,2055-11-06
"P001386",55,2011-03-31
"P001386",49,2011-06-12
"P001386",23,2027-10-10
"P001387",24,2013-05-19
"P001387",27,2018-11-21
"P001388",4,1994-03-13
"P001388",55,1994-10-18
"P001388",66,1995-01-17
"P001388",11,1995-11-12
"P001388",26,1999-05-22
"P001388",28,2009-06-26
"P001389",24,2010-01-09
"P001389",1,2013-09-08
"P001389",55,2022-08-17
"P001389",11,2022-11-13
"P001389",8,2025-01-15
"P001389",18,2029-11-14
"P001389",18,2030-05-27
"P001389",3,2042-07-16
"P001390",52,1989-07-10
"P001390",55,1990-06-03
"P001390",28,2003-08-10
"P001390",18,2004-08-03
"P001391",24,2024-05-14
"P001391",6,2032-04-13
"P001391",1,2032-06-15
"P001391",33,2034-02-24
"P001391",62,2049-02-21
"P001391",23,2050-03-14
"P001391",19,2051-10-22
"P001391",28,2052-05-26
"P001392",11,1991-02-10
"P001392",1,1998-06-17
"P001392",28,2008-01-05
"P001392",39,2008-09-25
"P001392",2,2022-08-05
"P001393",55,2005-02-16
"P001393",11,2005-09-09
"P001393",19,2005-10-28
"P001393",31,2019-01-09
"P001393",20,2025-06-13
"P001394",4,2005-04-15
"P001394",8,2006-02-11
"P001394",8,2008-08-31
"P001394",54,2010-03-22
"P001394",49,2013-06-10
"P001394",28,2020-03-21
"P001394",12,2020-04-17
"P001394",53,2022-09-03
"P001394",4,2039-08-09
"P001395",61,2024-06-18
"P001395",52,2031-09-12
"P001396",18,2001-08-06
"P001396",18,2002-05-20
"P001396",4,2003-08-22
"P001396",61,2015-09-23
"P001396",26,2019-10-19
"P001396",49,2020-02-10
"P001396",12,2023-05-29
"P001396",1,2028-05-29
"P001397",5,2005-03-09
"P001397",36,2005-04-16
"P001397",38,2005-10-09
"P001397",47,2005-11-29
"P001397",7,2007-06-15
"P001397",54,2007-12-13
"P001398",3,1971-11-05
"P001398",27,1972-04-28
"P001398",28,1999-01-27
"P001398",28,2003-11-04
"P001399",28,2024-05-21
"P001400",14,1981-03-13
"P001400",58,1983-06-20
"P001400",52,1996-08-17
"P001400",27,1997-05-24
"P001401",55,1974-01-26
"P001401",43,1980-04-08
"P001401",60,1987-06-18
"P001401",49,1991-04-02
"P001401",4,2000-07-10
"P001402",18,1994-02-26
"P001402",6,2014-08-02
"P001402",57,2020-09-11
"P001402",11,2022-10-08
"P001402",40,2022-10-18
"P001402",23,2023-06-19
"P001402",53,2023-12-04
"P001403",18,2004-04-29
"P001404",1,1997-04-01
"P001404",1,1998-01-10
"P001405",3,2014-04-01
"P001405",3,2016-07-13
"P001405",52,2017-09-25
"P001405",21,2020-12-27
"P001405",23,2037-06-19
"P001406",53,2005-12-12
"P001406",27,2007-04-16
"P001406",28,2012-03-15
"P001406",40,2014-02-26
"P001407",52,1971-01-20
"P001407",47,1972-01-29
"P001407",64,1973-06-16
"P001407",3,1983-10-18
"P001407",36,1988-11-14
"P001407",55,1990-07-22
"P001407",3,1990-08-16
"P001407",39,1991-01-13
"P001407",59,1993-01-20
"P001407",22,1994-09-17
"P001408",21,1971-06-08
"P001408",62,1978-02-25
"P001408",20,1986-11-15
"P001408",60,1989-06-24
"P001408",51,1995-07-06
"P001408",53,2000-04-05
"P001409",67,1998-09-28
"P001409",3,2000-10-03
"P001409",30,2002-01-15
"P001409",1,2013-11-04
"P001409",55,2024-04-05
"P001409",62,2033-04-06
"P001410",52,2004-09-17
"P001410",7,2005-02-05
"P001410",25,2011-08-16
"P001410",52,2021-10-25
"P001410",65,2022-02-26
"P001410",18,2023-03-02
"P001411",57,2019-10-03
"P001411",3,2023-01-29
"P001411",30,2023-04-22
"P001412",4,2023-04-26
"P001412",23,2028-12-11
"P001412",13,2030-03-16
"P001412",23,2032-04-18
"P001412",25,2032-09-11
"P001413",43,2019-06-11
"P001413",12,2021-02-11
"P001414",43,2014-03-04
"P001414",26,2014-05-07
"P001414",20,2015-01-03
"P001414",52,2016-01-20
"P001414",11,2017-06-22
"P001414",1,2029-07-24
"P001414",6,2034-01-04
"P001414",40,2045-01-15
"P001414",63,2046-04-08
"P001414",55,2050-02-04
"P001415",52,1991-09-30
"P001415",47,1998-04-16
"P001416",17,1988-04-06
"P001416",5,1990-10-08
"P001416",54,1991-09-18
"P001416",36,2018-03-08
"P001416",2,2021-01-04
"P001417",63,2013-09-29
"P001417",6,2013-12-22
"P001417",52,2016-01-09
"P001417",47,2016-10-17
"P001417",55,2016-11-19
"P001417",31,2017-08-26
"P001417",23,2026-04-28
"P001418",3,2016-06-12
"P001418",39,2017-01-31
"P001418",60,2022-03-13
"P001418",18,2024-03-12
"P001418",14,2038-03-11
"P001418",58,2039-06-08
"P001418",28,2041-07-06
"P001418",12,2041-07-30
"P001418",12,2041-09-29
"P001418",15,2043-09-07
"P001418",3,2043-11-23
"P001419",37,1973-05-03
"P001419",3,1975-03-28
"P001419",50,1976-10-11
"P001419",54,1978-12-07
"P001419",39,1980-08-27
"P001419",62,1987-01-28
"P001419",42,1994-04-30
"P001419",11,1999-03-16
"P001420",2,2023-04-03
"P001420",23,2034-09-02
"P001420",61,2035-06-26
"P001420",14,2044-03-08
"P001420",63,2044-03-23
"P001420",3,2046-06-01
"P001420",1,2046-06-22
"P001421",52,1993-08-27
"P001421",65,2002-10-28
"P001421",55,2009-11-17
"P001422",29,1989-10-12
"P001422",61,1990-05-17
"P001422",8,1991-01-10
"P001422",34,1991-09-24
"P001422",9,1997-03-04
"P001422",40,1997-09-25
"P001422",47,2020-07-31
"P001423",25,1992-12-03
"P001423",28,1996-10-18
"P001423",41,1997-02-17
"P001423",23,1998-05-20
"P001423",12,2002-07-08
"P001424",16,2009-11-07
"P001424",14,2023-08-23
"P001424",28,2027-09-20
"P001424",63,2032-09-03
"P001424",19,2032-09-08
"P001424",63,2032-10-11
"P001424",34,2038-07-21
"P001424",14,2044-06-02
"P001425",56,1996-06-30
"P001425",42,1997-08-21
"P001425",30,2002-12-04
"P001425",10,2025-10-30
"P001426",1,1992-07-26
"P001426",13,1993-05-22
"P001426",4,1997-03-13
"P001426",57,1997-08-15
"P001426",7,2000-05-30
"P001427",60,2004-11-26
"P001427",18,2005-04-28
"P001427",39,2005-07-20
"P001427",63,2013-12-08
"P001427",25,2015-02-27
"P001427",30,2015-08-25
"P001427",26,2016-04-16
"P001427",13,2023-02-24
"P001427",53,2024-06-21
"P001427",4,2024-10-19
"P001427",51,2024-12-04
"P001427",30,2025-12-11
"P001427",53,2026-03-21
"P001427",28,2029-02-28
"P001428",8,2025-10-25
"P001428",61,2033-02-24
"P001428",58,2034-04-12
"P001428",27,2036-06-20
"P001429",15,1997-10-25
"P001429",3,2002-12-22
"P001430",3,1974-01-19
"P001430",18,1985-04-10
"P001430",9,1996-02-25
"P001430",55,1997-10-09
"P001431",44,2017-07-28
"P001431",22,2019-05-09
"P001431",28,2024-11-15
"P001431",16,2024-12-24
"P001431",33,2027-01-13
"P001431",6,2029-04-16
"P001431",62,2041-12-25
"P001431",12,2042-08-22
"P001431",46,2043-07-01
"P001432",42,2035-04-19
"P001432",50,2039-06-04
"P001432",2,2045-02-12
"P001433",55,1992-10-24
"P001433",46,1993-09-29
"P001433",8,1995-12-10
"P001433",7,2007-07-05
"P001433",16,2009-04-13
"P001433",7,2015-03-05
"P001433",15,2029-03-07
"P001434",4,1978-08-25
"P001434",53,1990-11-18
"P001434",43,2005-06-19
"P001434",8,2007-07-26
"P001435",61,2007-12-19
"P001436",26,2013-07-09
"P001436",27,2019-10-31
"P001436",62,2019-11-24
"P001436",55,2048-01-20
"P001437",65,2000-04-25
"P001437",52,2011-05-16
"P001437",26,2012-05-13
"P001438",14,1993-12-25
"P001438",8,1994-12-10
"P001438",62,2001-03-09
"P001438",18,2002-01-15
"P001438",55,2002-04-29
"P001438",4,2003-07-31
"P001438",58,2004-02-12
"P001438",10,2004-03-27
"P001438",32,2005-08-16
"P001438",3,2017-11-22
"P001439",47,1984-11-05
"P001439",18,1996-02-25
"P001440",3,2010-09-11
"P001440",49,2011-05-29
"P001440",25,2016-03-20
"P001440",33,2016-08-30
"P001440",14,2036-08-21
"P001441",53,2015-04-03
"P001441",30,2020-05-20
"P001441",35,2020-08-25
"P001441",34,2021-10-23
"P001441",25,2027-04-18
"P001441",27,2035-02-09
"P001441",1,2036-08-01
"P001441",65,2037-01-08
"P001441",28,2049-08-31
"P001442",63,1984-12-08
"P001442",42,1986-01-24
"P001442",61,1989-02-14
"P001442",23,2000-06-22
"P001442",25,2006-05-22
"P001442",1,2008-07-04
"P001442",13,2014-10-09
"P001442",21,2015-03-02
"P001443",15,1972-08-24
"P001443",30,1984-11-10
"P001443",23,1986-08-10
"P001443",29,1987-07-09
"P001443",1,1988-06-02
"P001443",6,1995-11-14
"P001443",14,1996-11-24
"P001443",13,1997-11-01
"P001443",9,1998-07-02
"P001443",8,2000-08-29
"P001444",18,2014-03-15
"P001444",41,2020-01-30
"P001444",6,2020-05-07
"P001444",4,2020-05-29
"P001444",43,2023-04-01
"P001444",6,2023-05-22
"P001444",27,2025-07-15
"P001444",23,2032-04-26
"P001444",37,2032-09-07
"P001444",50,2033-06-12
"P001444",11,2034-05-01
"P001444",11,2035-09-07
"P001444",1,2039-04-06
"P001444",9,2044-08-21
"P001444",26,2044-12-09
"P001445",15,1965-03-15
"P001445",2,1971-12-11
"P001445",15,1975-06-07
"P001445",11,1976-01-20
"P001445",55,1977-05-21
"P001445",6,1979-04-11
"P001445",3,1979-08-03
"P001445",39,1979-12-25
"P001445",4,1980-05-10
"P001445",15,1997-09-27
"P001446",21,1998-03-24
"P001446",31,2000-08-29
"P001446",28,2001-11-08
"P001446",14,2008-03-25
"P001446",52,2018-05-31
"P001446",9,2026-07-27
"P001447",26,1984-01-19
"P001447",52,1991-05-13
"P001447",47,1991-08-02
"P001447",60,2006-03-26
"P001447",7,2010-10-25
"P001448",25,2030-05-15
"P001448",23,2031-06-18
"P001448",67,2032-01-27
"P001448",16,2032-02-21
"P001448",28,2039-11-20
"P001448",8,2044-04-24
"P001448",8,2044-12-29
"P001449",14,2008-12-04
"P001449",25,2031-07-14
"P001449",23,2031-07-30
"P001449",28,2036-01-14
"P001450",26,2011-05-01
"P001450",25,2029-06-21
"P001451",61,1983-12-25
"P001451",3,1988-02-23
"P001451",52,1989-11-01
"P001451",42,1990-01-28
"P001451",38,1994-06-07
"P001451",5,1995-09-29
"P001451",16,1997-05-12
"P001451",23,1999-08-10
"P001451",47,2015-12-15
"P001452",30,1986-12-16
"P001452",28,1987-01-20
"P001452",52,2005-12-09
"P001452",25,2008-09-03
"P001452",33,2011-07-15
"P001452",35,2014-02-15
"P001453",2,1965-08-08
"P001453",2,1965-12-24
"P001453",38,1970-01-31
"P001453",1,1985-08-10
"P001453",43,1992-04-06
"P001454",1,2010-09-17
"P001454",4,2012-01-06
"P001455",17,2010-09-25
"P001455",41,2011-01-09
"P001455",34,2013-05-27
"P001455",11,2024-03-22
"P001455",27,2034-09-02
"P001456",1,2022-10-21
"P001456",11,2025-11-06
"P001456",5,2035-10-11
"P001456",62,2051-07-30
"P001457",42,2007-06-24
"P001457",27,2036-04-21
"P001458",61,1983-08-19
"P001458",53,1987-08-10
"P001458",61,1991-03-10
"P001458",34,1991-12-01
"P001458",27,1997-08-06
"P001458",64,1999-02-07
"P001458",23,2000-04-17
"P001458",29,2001-12-09
"P001458",3,2016-06-28
"P001458",27,2021-06-06
"P001459",61,1997-04-22
"P001459",53,1998-01-22
"P001459",51,1998-06-13
"P001459",65,1999-11-21
"P001459",23,2020-07-15
"P001459",2,2032-01-02
"P001460",6,1997-02-21
"P001460",22,2001-12-30
"P001460",1,2015-09-27
"P001460",39,2016-08-20
"P001460",61,2017-04-30
"P001461",30,1991-04-21
"P001461",3,1992-02-02
"P001461",39,1992-09-25
"P001461",56,1994-06-30
"P001461",23,1994-11-13
"P001461",27,2000-01-06
"P001462",61,2028-12-05
"P001462",53,2035-09-15
"P001462",23,2047-04-27
"P001462",6,2048-05-03
"P001462",37,2048-11-25
"P001462",55,2049-02-04
"P001462",42,2049-11-08
"P001463",13,2021-02-05
"P001463",4,2023-07-16
"P001463",54,2027-05-15
"P001463",2,2038-05-06
"P001463",53,2038-08-13
"P001463",65,2039-03-15
"P001464",25,2006-12-14
"P001465",8,1999-07-01
"P001465",3,2001-04-01
"P001465",14,2009-09-12
"P001465",62,2022-08-25
"P001466",26,1967-07-23
"P001466",2,1977-04-17
"P001466",28,1987-08-23
"P001466",1,1994-12-01
"P001466",27,1996-12-30
"P001466",64,1997-06-26
"P001466",21,2000-03-01
"P001467",12,2010-04-12
"P001467",40,2020-11-01
"P001467",17,2023-02-08
"P001467",13,2023-09-19
"P001467",13,2024-09-05
"P001467",4,2025-10-19
"P001467",28,2028-07-03
"P001467",23,2033-09-26
"P001468",24,1976-05-14
"P001468",53,1979-02-12
"P001468",50,1979-09-25
"P001468",62,1980-06-11
"P001468",66,1980-07-26
"P001468",27,1992-05-02
"P001468",49,1996-01-27
"P001468",21,2008-11-10
"P001468",21,2009-12-21
"P001469",53,1994-08-06
"P001469",28,2008-02-23
"P001470",42,1990-10-12
"P001470",49,1994-03-27
"P001470",37,1996-08-09
"P001470",21,1997-07-20
"P001470",28,2009-06-27
"P001471",40,1967-03-28
"P001471",18,1967-11-10
"P001471",66,1968-01-25
"P001471",44,1969-02-02
"P001471",12,1971-05-06
"P001471",24,1976-08-09
"P001471",5,1980-02-10
"P001471",41,1988-01-27
"P001471",36,1989-06-22
"P001471",3,1990-05-09
"P001471",53,1992-12-14
"P001471",3,2004-02-15
"P001472",3,1974-10-17
"P001472",14,1975-05-05
"P001472",62,1975-11-13
"P001472",28,1978-06-09
"P001472",39,1981-04-09
"P001472",4,2005-04-20
"P001472",46,2006-04-20
"P001472",1,2009-09-27
"P001473",55,2000-03-31
"P001473",1,2005-11-27
"P001473",20,2015-12-31
"P001473",53,2024-06-15
"P001473",66,2031-10-02
"P001473",24,2033-09-21
"P001473",49,2034-01-25
"P001473",55,2035-08-17
"P001473",3,2035-12-16
"P001474",28,2011-01-22
"P001474",1,2030-12-28
"P001475",11,1978-04-26
"P001475",27,1988-04-08
"P001475",23,1988-07-12
"P001475",1,2000-05-05
"P001475",21,2001-01-14
"P001475",21,2002-04-13
"P001475",12,2002-06-22
"P001476",47,1995-02-24
"P001476",48,1997-04-07
"P001476",49,2001-05-10
"P001476",2,2009-08-07
"P001476",28,2009-10-28
"P001476",30,2010-03-31
"P001476",12,2017-08-31
"P001476",3,2020-09-07
"P001477",30,2011-08-26
"P001477",34,2012-04-04
"P001477",35,2013-09-07
"P001477",8,2022-05-20
"P001477",19,2025-01-30
"P001477",11,2025-05-17
"P001477",56,2026-07-22
"P001477",60,2036-06-06
"P001478",28,2010-05-14
"P001478",16,2010-06-18
"P001478",1,2034-01-18
"P001479",11,1980-12-22
"P001479",26,1983-06-30
"P001479",49,1991-11-04
"P001479",67,2013-06-05
"P001479",12,2013-08-08
"P001480",11,2010-03-07
"P001480",36,2012-03-07
"P001481",15,1986-09-27
"P001481",62,2001-03-24
"P001481",64,2001-11-03
"P001481",27,2007-08-21
"P001481",21,2022-02-01
"P001481",27,2024-05-09
"P001482",34,2003-04-01
"P001482",23,2004-09-20
"P001482",65,2029-11-12
"P001482",2,2036-06-12
"P001482",2,2036-07-06
"P001482",61,2038-09-21
"P001483",5,1965-10-16
"P001483",55,1977-01-29
"P001483",1,1981-09-26
"P001483",1,1998-05-05
"P001484",3,1991-01-16
"P001484",21,1992-01-10
"P001484",35,1992-11-08
"P001484",62,1993-08-29
"P001484",4,1994-07-08
"P001484",23,2003-10-02
"P001484",39,2005-06-11
"P001484",67,2012-10-05
"P001484",47,2017-08-04
"P001485",50,2009-07-24
"P001485",54,2011-01-21
"P001485",50,2014-02-17
"P001485",12,2037-08-23
"P001486",54,2018-03-26
"P001486",8,2024-02-10
"P001486",28,2024-06-08
"P001486",12,2026-01-23
"P001486",62,2033-06-26
"P001487",14,1969-10-03
"P001487",4,1970-10-01
"P001487",58,1972-02-29
"P001487",66,1972-03-03
"P001487",34,1973-04-18
"P001487",26,1995-05-19
"P001487",44,1996-04-26
"P001487",52,2000-11-08
"P001488",1,2035-11-03
"P001488",58,2045-06-27
"P001489",14,2018-09-14
"P001489",41,2019-02-18
"P001489",1,2036-09-11
"P001489",4,2039-07-29
"P001489",21,2045-05-08
"P001490",30,2017-08-14
"P001490",4,2017-08-15
"P001490",43,2026-12-20
"P001490",35,2028-04-07
"P001491",60,2004-01-21
"P001491",55,2008-09-09
"P001491",1,2009-03-03
"P001491",46,2011-03-28
"P001491",1,2011-07-27
"P001491",42,2027-12-12
"P001491",27,2034-04-12
"P001491",55,2034-05-05
"P001492",27,1983-07-05
"P001492",28,1999-10-04
"P001492",28,2000-04-19
"P001492",44,2012-09-19
"P001493",21,1978-03-13
"P001493",20,1983-12-25
"P001493",14,1985-10-18
"P001493",11,1987-05-17
"P001493",55,1989-02-05
"P001493",37,1990-07-16
"P001493",11,1992-01-14
"P001493",26,1992-09-21
"P001493",30,1993-04-04
"P001494",6,2007-04-26
"P001494",26,2014-02-07
"P001494",65,2015-07-28
"P001494",25,2025-10-14
"P001495",21,1978-07-15
"P001495",44,1979-08-27
"P001495",26,1982-04-16
"P001495",4,1985-11-24
"P001495",7,1985-11-30
"P001495",67,1986-05-17
"P001495",1,1991-02-11
"P001495",61,2001-12-11
"P001496",23,1982-07-02
"P001496",32,1983-03-15
"P001496",9,1983-04-21
"P001497",62,2002-05-28
"P001497",51,2004-01-17
"P001497",4,2006-02-17
"P001497",16,2006-03-08
"P001497",3,2011-01-13
"P001497",39,2016-10-26
"P001497",3,2025-09-11
"P001498",27,1977-04-18
"P001498",40,1999-06-01
"P001498",35,2000-09-18
"P001499",15,2006-05-27
"P001500",18,1995-06-16
"P001500",61,1997-09-14
"P001500",17,2005-09-09
"P001500",43,2015-03-05
"P001500",26,2015-07-04
"P001500",13,2016-09-05
"P001500",62,2018-02-04
"P001500",17,2018-08-12
"P001500",31,2018-09-14
"P001500",64,2019-02-27
"P001500",1,2022-12-20
"P001500",11,2028-01-18
"P001500",55,2028-09-30
"P001500",30,2029-07-13
"P001500",49,2029-12-23
"P001502",7,1999-04-01
"P001502",57,2000-01-25
"P001502",29,2000-08-22
"P001502",53,2000-11-08
"P001502",53,2001-04-11
"P001502",26,2001-07-25
"P001502",20,2001-12-30
"P001502",65,2002-01-31
"P001502",15,2002-04-25
"P001502",57,2004-03-20
"P001502",51,2005-09-14
"P001502",15,2008-03-02
"P001502",18,2019-01-28
"P001503",53,2010-01-01
"P001503",50,2013-05-05
"P001503",29,2014-03-30
"P001503",8,2017-12-31
"P001503",55,2026-11-20
"P001503",28,2037-05-23
"P001504",60,2017-01-26
"P001504",38,2018-01-05
"P001504",55,2040-11-11
"P001504",23,2045-02-01
"P001505",55,1972-04-27
"P001505",4,1972-10-20
"P001505",11,1974-01-30
"P001505",18,1994-08-26
"P001505",28,2007-03-11
"P001505",16,2008-07-01
"P001505",14,2009-02-20
"P001505",12,2011-01-26
"P001507",6,1984-08-10
"P001507",13,1990-04-08
"P001507",29,1997-11-15
"P001507",11,1998-04-28
"P001507",30,1999-12-14
"P001507",28,2000-01-23
"P001507",10,2001-04-29
"P001507",52,2010-07-15
"P001508",55,2008-08-17
"P001508",40,2009-12-08
"P001508",43,2010-02-13
"P001509",60,2021-09-26
"P001509",62,2034-05-28
"P001509",14,2035-07-31
"P001509",55,2039-11-30
"P001510",57,2011-05-22
"P001510",3,2012-06-30
"P001510",27,2012-12-13
"P001510",49,2016-10-10
"P001511",13,2049-03-19
"P001511",7,2049-08-06
"P001512",47,1960-10-20
"P001512",45,1963-12-15
"P001512",5,1972-11-27
"P001512",36,1973-01-23
"P001512",55,1976-11-17
"P001512",3,1980-06-21
"P001512",26,1987-07-23
"P001512",4,1987-11-27
"P001512",52,1988-01-10
"P001512",52,1988-09-11
"P001512",58,1989-12-24
"P001512",6,1999-02-16
"P001513",28,1989-08-20
"P001513",35,1992-09-15
"P001513",11,1995-02-10
"P001513",15,1996-02-02
"P001514",2,2000-11-20
"P001514",2,2003-04-02
"P001514",24,2004-11-15
"P001514",52,2012-07-11
"P001514",60,2023-07-24
"P001514",55,2028-10-17
"P001514",1,2030-08-20
"P001515",27,2012-06-23
"P001515",65,2012-07-15
"P001515",52,2028-07-08
"P001515",28,2030-02-23
"P001515",8,2030-05-04
"P001515",16,2033-03-30
"P001515",40,2033-09-09
"P001515",23,2033-10-11
"P001516",8,1982-04-28
"P001516",8,1983-10-31
"P001516",1,1988-01-25
"P001516",32,2001-09-08
"P001516",62,2006-01-23
"P001516",7,2007-07-26
"P001516",4,2008-05-09
"P001516",23,2012-09-30
"P001517",61,2013-06-22
"P001517",48,2019-02-05
"P001517",43,2029-07-07
"P001518",1,1969-04-08
"P001518",53,1973-05-15
"P001518",25,1979-01-15
"P001518",1,1982-06-14
"P001518",30,1990-09-22
"P001518",59,1999-08-10
"P001519",14,1990-01-23
"P001519",27,1990-10-28
"P001519",52,1993-12-31
"P001519",4,1995-07-16
"P001519",32,1996-05-12
"P001519",58,1996-10-16
"P001519",28,2000-01-15
"P001519",8,2007-02-26
"P001519",49,2023-10-14
"P001520",57,1974-06-11
"P001520",41,1979-01-21
"P001520",49,1983-01-08
"P001520",58,1985-05-14
"P001520",23,1991-05-09
"P001520",4,1994-05-09
"P001520",46,1996-05-08
"P001521",61,1983-05-29
"P001521",33,1983-11-21
"P001521",21,1987-07-24
"P001521",21,1989-10-14
"P001521",47,1990-08-06
"P001521",24,2003-12-27
"P001521",2,2011-05-28
"P001522",53,1988-03-10
"P001522",28,1989-10-01
"P001522",18,2005-01-03
"P001522",41,2009-08-23
"P001523",36,2002-02-14
"P001523",15,2015-04-07
"P001523",2,2030-04-21
"P001524",4,1997-12-24
"P001524",6,2015-06-13
"P001524",6,2022-02-05
"P001525",52,2000-09-11
"P001525",27,2001-04-24
"P001525",19,2007-07-08
"P001525",5,2008-05-28
"P001525",28,2010-03-03
"P001525",25,2015-06-28
"P001525",24,2015-11-25
"P001525",41,2021-11-02
"P001525",14,2026-10-31
"P001526",28,2009-12-30
"P001526",14,2010-10-13
"P001526",30,2014-06-21
"P001526",40,2014-11-23
"P001526",32,2015-09-24
"P001526",62,2027-01-16
"P001526",28,2041-05-22
"P001526",40,2041-08-09
"P001526",6,2045-10-04
"P001526",1,2045-10-08
"P001526",65,2046-07-26
"P001527",14,2014-08-29
"P001527",56,2015-03-03
"P001527",24,2030-09-01
"P001527",8,2035-10-12
"P001527",58,2037-01-21
"P001527",43,2039-07-25
"P001527",10,2041-01-09
"P001527",28,2047-01-23
"P001528",17,2012-01-20
"P001528",41,2020-02-22
"P001528",66,2020-08-10
"P001528",54,2030-06-27
"P001528",6,2032-04-08
"P001528",2,2037-05-21
"P001528",43,2040-07-24
"P001528",14,2042-09-14
"P001528",3,2043-06-06
"P001529",55,1982-12-21
"P001529",67,2003-01-29
"P001529",14,2005-05-19
"P001529",13,2009-07-20
"P001530",14,2005-05-27
"P001530",14,2011-08-14
"P001530",13,2018-12-16
"P001530",27,2019-08-17
"P001530",39,2025-08-14
"P001530",38,2029-10-01
"P001530",5,2030-03-08
"P001530",7,2031-03-19
"P001530",39,2031-11-10
"P001531",43,2011-10-06
"P001531",18,2012-03-09
"P001531",43,2012-12-09
"P001531",22,2015-08-02
"P001531",17,2015-10-20
"P001531",64,2016-04-13
"P001531",21,2017-09-17
"P001531",11,2017-10-06
"P001531",9,2023-01-21
"P001532",25,2011-04-04
"P001532",57,2017-11-29
"P001532",4,2020-02-03
"P001532",4,2021-12-24
"P001532",58,2026-07-07
"P001532",61,2028-03-26
"P001533",54,2009-01-01
"P001533",37,2011-03-13
"P001533",1,2013-08-02
"P001533",15,2015-11-05
"P001533",6,2023-02-23
"P001533",44,2027-01-06
"P001533",27,2035-12-24
"P001533",23,2039-03-05
"P001533",21,2040-10-31
"P001534",21,1997-11-19
"P001535",4,2040-02-14
"P001535",14,2043-04-01
"P001535",62,2045-01-05
"P001536",28,1995-02-10
"P001536",6,1997-12-06
"P001536",8,2003-01-13
"P001536",65,2021-04-06
"P001536",55,2024-10-24
"P001536",34,2025-04-02
"P001536",11,2028-01-12
"P001536",1,2033-03-07
"P001537",7,2010-06-23
"P001537",24,2010-08-08
"P001538",52,1997-09-02
"P001538",36,2013-05-17
"P001538",28,2014-06-01
"P001538",11,2020-03-15
"P001538",56,2025-10-28
"P001539",8,2024-03-10
"P001540",29,1981-11-10
"P001540",41,1983-01-19
"P001540",31,1983-05-23
"P001540",30,1984-05-20
"P001540",3,1984-10-29
"P001540",66,1984-11-03
"P001540",34,1985-10-07
"P001540",22,1985-11-19
"P001540",3,1987-07-03
"P001540",35,1993-08-01
"P001540",34,1994-03-14
"P001540",35,1994-10-28
"P001540",34,1998-02-25
"P001540",1,2000-03-17
"P001540",6,2000-07-15
"P001540",44,2001-02-18
"P001540",12,2002-10-25
"P001540",4,2014-01-15
"P001540",8,2015-09-16
"P001540",24,2017-10-13
"P001541",40,1995-06-21
"P001541",32,1996-10-12
"P001541",61,2000-10-05
"P001541",2,2014-08-04
"P001541",62,2019-07-30
"P001541",28,2023-10-01
"P001542",18,1995-04-28
"P001542",61,1996-11-04
"P001542",52,1999-12-14
"P001542",28,2008-11-14
"P001542",39,2009-06-17
"P001542",58,2010-07-27
"P001542",6,2010-10-30
"P001542",28,2020-11-08
"P001542",3,2022-12-02
"P001543",27,2029-05-29
"P001543",1,2029-12-14
"P001543",18,2031-08-08
"P001543",1,2032-02-06
"P001543",4,2033-08-25
"P001543",61,2036-09-19
"P001543",8,2039-11-08
"P001543",25,2047-08-13
"P001544",2,1996-05-12
"P001544",60,2012-10-28
"P001544",14,2017-04-21
"P001544",23,2024-06-19
"P001545",55,2029-07-25
"P001545",11,2050-04-12
"P001545",58,2050-07-31
"P001545",19,2050-11-07
"P001545",30,2050-12-02
"P001545",40,2051-09-08
"P001547",1,2017-11-28
"P001547",27,2023-06-29
"P001547",12,2048-01-26
"P001548",54,1974-07-02
"P001548",52,1975-08-03
"P001548",9,1979-01-23
"P001548",4,1983-10-07
"P001548",13,1984-01-28
"P001548",13,1985-09-13
"P001548",49,1998-06-18
"P001548",18,2008-02-25
"P001548",3,2009-03-20
"P001549",27,2004-04-24
"P001549",32,2006-07-10
"P001549",18,2008-02-04
"P001549",43,2011-06-30
"P001549",35,2012-08-05
"P001550",16,1979-12-04
"P001550",55,1990-07-29
"P001550",3,1997-10-26
"P001551",1,2016-10-25
"P001552",1,2002-04-02
"P001552",39,2002-04-24
"P001552",51,2003-04-08
"P001552",14,2004-07-20
"P001552",1,2014-02-16
"P001552",4,2031-12-18
"P001553",22,2015-09-30
"P001553",45,2016-03-07
"P001553",52,2025-09-17
"P001553",7,2031-05-28
"P001553",24,2035-03-06
"P001553",24,2041-04-26
"P001553",49,2049-01-01
"P001554",28,1985-04-24
"P001554",2,1993-08-13
"P001554",55,2007-11-05
"P001555",2,1986-03-30
"P001555",55,1995-07-15
"P001555",49,2002-05-10
"P001555",1,2011-09-07
"P001555",1,2012-02-18
"P001555",14,2013-04-08
"P001555",12,2017-04-29
"P001555",64,2017-12-27
"P001555",3,2019-08-26
"P001555",28,2020-05-22
"P001555",1,2021-01-26
"P001556",7,1992-01-21
"P001556",6,1995-02-07
"P001557",25,1983-04-08
"P001557",62,1984-12-24
"P001557",23,1985-07-02
"P001557",24,2001-07-06
"P001557",52,2002-01-17
"P001558",61,1982-03-16
"P001558",1,1985-08-12
"P001558",2,1988-01-09
"P001558",2,1989-09-19
"P001559",14,1972-08-18
"P001559",41,1974-02-26
"P001559",2,1980-01-16
"P001559",28,1986-01-20
"P001559",61,1991-12-15
"P001559",62,2002-07-18
"P001560",6,1994-10-19
"P001560",18,2006-08-13
"P001561",22,2035-06-21
"P001562",24,1984-04-13
"P001562",57,1986-07-10
"P001562",6,2004-08-05
"P001562",25,2011-06-14
"P001563",6,1978-09-03
"P001563",7,1987-08-07
"P001563",64,1988-04-18
"P001563",61,1991-11-16
"P001563",1,1993-04-28
"P001563",13,1997-02-17
"P001563",4,1997-11-01
"P001563",4,1999-06-11
"P001563",62,2001-01-17
"P001563",4,2014-03-15
"P001563",8,2015-06-14
"P001564",31,1997-04-15
"P001564",42,1997-05-29
"P001564",57,1997-10-13
"P001564",42,1998-01-30
"P001564",40,1999-12-10
"P001564",35,2001-06-29
"P001564",64,2002-08-04
"P001564",60,2008-12-03
"P001564",24,2009-03-12
"P001564",6,2016-05-27
"P001564",41,2016-07-26
"P001564",41,2018-03-06
"P001564",52,2024-12-07
"P001565",11,1979-04-30
"P001565",37,1980-12-05
"P001565",1,1982-10-01
"P001565",28,1988-09-09
"P001565",1,1988-11-09
"P001565",55,2002-11-30
"P001565",46,2004-11-29
"P001565",46,2005-04-04
"P001565",15,2005-07-09
"P001565",8,2014-12-19
"P001565",8,2015-01-18
"P001566",24,2034-10-03
"P001566",1,2036-07-13
"P001567",28,2039-09-16
"P001567",28,2042-05-13
"P001568",55,2012-03-23
"P001568",8,2033-01-05
"P001568",49,2033-02-25
"P001568",16,2034-05-26
"P001568",33,2035-08-31
"P001568",53,2037-09-16
"P001568",30,2037-10-15
"P001568",40,2037-12-16
"P001568",61,2041-07-06
"P001569",54,2025-12-20
"P001570",24,1970-10-18
"P001570",37,1972-02-17
"P001570",47,1972-06-17
"P001570",29,1973-03-20
"P001570",1,1975-01-13
"P001570",43,1977-08-14
"P001570",1,1978-10-01
"P001570",28,1980-05-01
"P001570",12,1992-12-10
"P001570",4,1995-05-29
"P001571",27,1979-12-04
"P001571",27,1981-01-06
"P001571",3,1982-12-20
"P001571",61,1994-03-29
"P001571",18,1995-05-21
"P001571",24,1996-03-13
"P001571",15,2001-12-31
"P001571",50,2010-10-10
"P001571",61,2011-11-15
"P001571",28,2013-11-10
"P001571",32,2014-06-14
"P001572",2,1992-01-30
"P001572",2,1992-08-11
"P001572",50,1994-08-02
"P001572",1,2013-09-22
"P001572",1,2018-02-01
"P001572",4,2023-05-25
"P001572",21,2026-09-24
"P001573",11,1969-01-16
"P001573",3,1987-04-26
"P001574",26,1997-12-17
"P001574",52,1999-04-14
"P001574",52,1999-12-13
"P001574",19,2003-05-06
"P001574",27,2005-04-21
"P001574",4,2005-12-16
"P001574",53,2013-01-07
"P001574",51,2013-06-24
"P001574",10,2013-08-23
"P001574",42,2014-05-28
"P001574",38,2014-06-22
"P001574",38,2014-07-14
"P001574",53,2024-04-26
"P001575",48,2023-02-20
"P001575",1,2033-01-09
"P001576",13,1972-02-26
"P001576",27,1974-11-09
"P001576",50,1975-06-12
"P001576",65,1976-06-12
"P001576",16,1978-02-04
"P001576",3,1978-04-20
"P001576",53,1984-03-22
"P001576",53,1985-04-06
"P001576",49,1985-07-23
"P001576",48,1988-09-21
"P001577",40,1978-09-13
"P001577",30,1995-10-11
"P001578",52,2004-11-13
"P001578",1,2006-05-06
"P001579",53,1986-10-15
"P001579",28,1997-04-08
"P001579",6,2001-07-13
"P001579",1,2001-10-16
"P001579",25,2003-04-28
"P001579",33,2004-01-04
"P001579",12,2006-03-01
"P001579",17,2009-01-18
"P001579",10,2010-08-05
"P001579",60,2010-12-21
"P001579",62,2011-02-20
"P001579",18,2011-09-02
"P001579",41,2013-09-26
"P001580",28,2035-11-26
"P001581",50,2023-05-30
"P001581",36,2024-02-04
"P001581",50,2027-02-14
"P001581",19,2033-07-07
"P001581",21,2035-02-14
"P001581",55,2040-06-23
"P001581",14,2043-06-05
"P001581",41,2047-10-23
"P001582",28,2023-12-19
"P001582",21,2037-04-23
"P001582",8,2039-12-11
"P001582",14,2040-06-30
"P001583",30,2008-01-04
"P001583",23,2023-08-10
"P001583",18,2026-04-28
"P001583",9,2027-05-14
"P001583",1,2027-07-20
"P001583",14,2027-11-30
"P001583",6,2033-11-06
"P001584",8,2006-01-25
"P001584",6,2006-09-10
"P001584",28,2013-03-29
"P001584",21,2022-02-05
"P001584",44,2023-06-15
"P001584",21,2024-08-03
"P001584",31,2025-03-25
"P001584",62,2026-08-24
"P001584",17,2026-09-19
"P001584",12,2028-07-29
"P001584",62,2028-10-24
"P001584",3,2029-03-03
"P001584",30,2029-05-25
"P001584",27,2029-06-19
"P001584",55,2029-08-16
"P001584",64,2029-08-24
"P001584",3,2030-02-23
"P001584",19,2031-02-15
"P001584",28,2031-07-30
"P001584",5,2033-05-10
"P001584",25,2040-06-14
"P001585",26,2020-12-18
"P001585",3,2021-10-31
"P001585",35,2022-03-21
"P001585",35,2022-10-04
"P001585",23,2024-09-02
"P001585",30,2025-09-27
"P001585",54,2025-11-09
"P001585",21,2026-08-28
"P001585",40,2029-09-11
"P001585",28,2029-12-10
"P001585",40,2030-10-04
"P001586",16,2005-04-06
"P001586",14,2007-06-13
"P001586",28,2024-01-04
"P001586",16,2024-08-07
"P001587",4,2001-11-19
"P001587",14,2004-10-07
"P001587",2,2008-02-15
"P001587",62,2014-01-28
"P001587",24,2015-07-31
"P001587",28,2017-08-04
"P001587",53,2018-03-07
"P001587",53,2018-06-09
"P001587",42,2020-12-28
"P001587",18,2038-01-21
"P001587",7,2038-07-26
"P001588",4,1988-01-10
"P001588",61,2021-07-04
"P001589",49,1985-12-19
"P001589",10,1994-05-17
"P001590",24,1983-03-18
"P001590",49,1984-03-26
"P001590",18,1994-01-04
"P001590",49,1994-09-09
"P001591",1,1994-12-04
"P001591",1,2002-01-25
"P001592",16,1981-08-13
"P001592",14,1987-08-16
"P001592",13,1988-01-03
"P001592",38,1996-05-03
"P001592",9,1996-10-08
"P001593",11,2009-03-05
"P001593",35,2009-04-14
"P001594",52,2022-07-12
"P001595",3,2008-05-04
"P001595",1,2009-04-25
"P001595",56,2016-05-16
"P001595",65,2019-01-01
"P001595",1,2027-08-23
"P001596",30,1977-09-18
"P001596",23,1997-09-12
"P001597",25,1988-09-25
"P001597",8,1998-10-19
"P001598",53,2026-11-25
"P001598",3,2027-01-26
"P001598",42,2030-04-23
"P001599",42,2016-04-23
"P001599",4,2016-06-20
"P001599",32,2016-09-11
"P001599",67,2038-05-04
"P001599",67,2039-07-30
"P001599",13,2040-08-25
"P001600",27,1991-08-31
"P001600",42,1992-08-18
"P001600",50,1993-06-03
"P001600",32,1994-01-03
"P001600",27,1994-01-15
"P001600",14,1994-11-10
"P001600",3,1996-12-07
"P001600",47,1997-03-23
"P001600",14,1997-12-29
"P001601",26,2022-03-28
"P001601",15,2023-10-18
"P001602",54,2004-04-15
"P001602",54,2012-04-02
"P001602",27,2023-11-02
"P001602",27,2030-02-17
"P001603",56,2007-01-13
"P001603",1,2008-08-03
"P001603",4,2018-01-28
"P001603",58,2019-07-08
"P001603",8,2020-02-06
"P001603",41,2020-04-10
"P001603",23,2023-04-02
"P001604",62,1977-03-06
"P001604",17,1978-12-11
"P001604",39,1981-03-26
"P001604",39,1981-10-15
"P001604",62,1985-05-26
"P001604",12,1986-06-05
"P001604",8,1990-08-25
"P001605",25,1991-12-10
"P001605",43,1992-12-31
"P001605",26,2003-03-07
"P001605",56,2004-04-28
"P001605",1,2007-10-11
"P001605",21,2012-05-07
"P001606",11,1998-07-07
"P001606",27,2009-11-09
"P001606",25,2012-05-04
"P001606",7,2032-01-22
"P001606",39,2032-09-26
"P001607",8,1987-03-04
"P001607",26,2003-10-15
"P001607",52,2004-01-01
"P001607",55,2004-04-10
"P001607",12,2022-05-30
"P001608",28,2015-10-23
"P001608",1,2016-04-11
"P001608",12,2020-10-12
"P001608",61,2021-10-17
"P001608",37,2032-01-23
"P001608",49,2033-08-30
"P001608",52,2034-08-17
"P001608",65,2041-03-12
"P001610",15,2014-05-20
"P001610",1,2027-07-11
"P001610",23,2045-05-04
"P001610",29,2047-02-02
"P001611",49,1984-07-25
"P001611",9,1985-12-23
"P001611",27,1990-07-01
"P001611",49,2003-06-11
"P001611",4,2005-07-08
"P001611",23,2014-03-13
"P001612",28,1976-08-20
"P001612",62,1977-02-20
"P001612",22,1996-07-26
"P001612",45,1997-07-28
"P001612",35,2002-01-16
"P001613",29,1984-06-09
"P001613",2,1989-08-22
"P001613",33,1990-03-26
"P001613",42,1991-02-02
"P001613",33,1992-06-21
"P001613",40,1993-06-23
"P001613",19,1994-11-06
"P001613",27,2013-11-18
"P001614",7,1990-11-10
"P001614",6,1994-09-19
"P001614",27,1997-01-27
"P001616",18,1979-12-05
"P001616",8,1989-05-24
"P001616",54,1990-02-06
"P001616",14,1996-04-03
"P001616",44,2007-07-04
"P001616",38,2009-10-03
"P001616",62,2011-03-29
"P001616",6,2012-12-02
"P001617",39,2024-04-14
"P001617",51,2024-08-04
"P001617",41,2027-01-13
"P001617",8,2032-05-30
"P001618",14,1973-05-24
"P001618",11,1989-01-08
"P001618",15,1992-03-14
"P001618",44,2000-06-08
"P001619",49,1992-12-28
"P001619",16,1993-07-15
"P001619",2,1995-04-23
"P001619",26,2001-12-01
"P001619",26,2020-02-08
"P001619",2,2025-03-19
"P001619",55,2026-03-07
"P001619",2,2027-06-13
"P001619",43,2029-01-07
"P001620",47,1968-11-23
"P001620",30,1975-03-11
"P001620",28,1994-05-21
"P001620",28,1999-01-21
"P001621",49,2016-03-07
"P001621",30,2016-04-13
"P001621",22,2016-07-15
"P001621",28,2023-05-25
"P001621",52,2025-04-07
"P001621",6,2032-01-20
"P001621",65,2032-03-21
"P001621",65,2033-05-24
"P001621",6,2033-11-19
"P001621",36,2047-07-08
"P001621",30,2049-11-28
"P001621",28,2051-02-10
"P001622",7,1971-09-01
"P001622",50,1996-01-09
"P001622",9,1997-09-22
"P001622",4,2007-05-01
"P001623",42,1989-03-18
"P001623",66,1990-10-10
"P001623",36,1990-12-04
"P001623",1,1991-11-03
"P001623",3,1991-11-23
"P001623",63,1998-11-18
"P001623",32,2017-10-11
"P001623",26,2023-06-10
"P001623",16,2025-02-22
"P001624",12,2003-07-31
"P001624",57,2020-04-16
"P001624",26,2020-08-27
"P001624",51,2020-12-23
"P001625",14,2020-12-31
"P001625",2,2021-04-15
"P001625",2,2022-07-15
"P001625",23,2036-05-28
"P001625",3,2042-04-12
"P001625",39,2043-02-11
"P001625",36,2048-06-17
"P001626",40,2007-09-28
"P001626",4,2017-09-23
"P001627",7,2002-04-12
"P001627",56,2007-01-06
"P001627",13,2009-07-09
"P001627",60,2011-11-27
"P001627",39,2013-09-14
"P001627",2,2014-01-17
"P001627",3,2015-02-28
"P001627",25,2015-07-09
"P001627",49,2016-06-15
"P001627",23,2020-12-18
"P001628",17,1975-05-09
"P001628",67,1977-02-01
"P001628",10,1978-03-05
"P001628",55,1978-04-10
"P001628",42,1984-06-27
"P001628",1,1992-07-07
"P001628",4,2003-10-18
"P001628",14,2004-02-05
"P001629",52,2004-03-26
"P001629",13,2015-10-05
"P001629",14,2026-09-03
"P001629",39,2027-12-02
"P001629",3,2028-02-17
"P001630",61,2016-12-12
"P001630",55,2021-06-02
"P001630",39,2022-08-15
"P001630",49,2028-07-28
"P001630",24,2029-05-31
"P001630",63,2049-07-02
"P001631",1,1985-12-15
"P001631",3,2004-04-20
"P001631",4,2005-03-11
"P001631",1,2005-12-16
"P001631",32,2008-04-05
"P001632",50,2000-07-03
"P001632",47,2013-07-11
"P001632",48,2017-12-20
"P001633",55,1968-09-10
"P001633",61,1975-01-01
"P001633",53,1983-06-14
"P001633",28,1989-02-14
"P001633",40,1989-08-17
"P001633",27,1998-08-12
"P001633",24,1998-09-02
"P001633",35,1998-11-30
"P001633",53,2005-11-19
"P001634",43,2006-12-22
"P001634",3,2011-03-24
"P001634",3,2024-08-21
"P001634",1,2024-10-21
"P001634",13,2025-05-06
"P001634",35,2026-05-05
"P001634",12,2026-08-09
"P001634",64,2026-08-27
"P001634",22,2028-11-06
"P001634",13,2029-01-15
"P001635",2,2010-04-01
"P001635",6,2022-04-06
"P001635",4,2022-07-22
"P001635",1,2034-03-21
"P001635",52,2037-12-26
"P001635",19,2039-10-27
"P001635",39,2041-06-19
"P001635",11,2042-02-14
"P001635",30,2042-02-16
"P001635",3,2045-08-06
"P001636",24,1999-10-15
"P001636",15,2009-04-14
"P001636",62,2012-07-19
"P001637",66,2010-08-10
"P001637",41,2011-12-11
"P001637",41,2015-05-16
"P001637",40,2027-07-09
"P001637",4,2040-12-25
"P001638",6,1968-02-24
"P001638",26,1994-07-19
"P001638",66,1995-03-26
"P001639",8,1976-10-11
"P001639",16,1979-03-25
"P001639",39,1980-01-30
"P001639",63,2011-03-04
"P001640",49,2000-10-28
"P001640",27,2003-11-02
"P001640",3,2006-04-13
"P001640",11,2009-03-03
"P001640",30,2010-04-23
"P001641",21,1984-02-28
"P001641",47,1984-08-24
"P001641",5,1985-04-03
"P001641",66,1986-03-29
"P001641",31,1986-04-16
"P001641",56,1988-01-18
"P001641",49,1988-09-05
"P001641",14,1989-04-27
"P001641",37,1996-06-16
"P001641",65,1996-09-02
"P001641",40,1997-06-03
"P001641",19,1997-06-30
"P001642",53,2000-05-15
"P001642",26,2006-05-06
"P001642",25,2007-12-21
"P001642",5,2008-03-27
"P001642",11,2008-06-13
"P001642",53,2013-02-09
"P001642",28,2021-05-16
"P001642",62,2026-11-03
"P001642",54,2027-07-07
"P001642",2,2033-05-28
"P001642",50,2033-11-21
"P001642",62,2035-11-05
"P001642",54,2038-03-26
"P001642",25,2038-06-20
"P001642",59,2038-12-25
"P001643",28,1980-11-09
"P001643",28,1984-01-15
"P001643",53,1985-07-07
"P001643",65,1989-08-29
"P001643",53,1995-02-03
"P001643",2,2014-02-12
"P001644",23,2018-07-20
"P001644",21,2022-03-05
"P001644",14,2023-01-14
"P001644",28,2029-06-02
"P001644",18,2033-07-25
"P001644",1,2041-06-04
"P001645",39,1985-12-07
"P001645",14,1993-03-05
"P001645",41,1994-08-08
"P001645",40,1996-12-18
"P001645",60,2006-07-15
"P001646",53,2019-07-06
"P001646",47,2020-02-22
"P001646",25,2022-03-21
"P001646",47,2022-06-26
"P001646",21,2022-11-23
"P001647",14,1987-04-26
"P001647",41,2011-01-30
"P001647",28,2011-10-26
"P001647",4,2020-03-29
"P001648",55,2011-08-26
"P001648",49,2021-09-06
"P001648",5,2022-11-05
"P001648",2,2038-08-31
"P001649",34,2009-09-26
"P001649",6,2010-08-31
"P001649",9,2013-10-01
"P001649",2,2026-05-01
"P001649",7,2027-04-28
"P001650",21,2009-12-20
"P001650",52,2011-11-18
"P001650",41,2034-07-18
"P001651",27,1985-03-05
"P001651",56,2004-10-12
"P001651",49,2008-10-25
"P001651",51,2010-08-29
"P001652",3,2007-11-15
"P001652",27,2009-04-21
"P001652",16,2024-12-15
"P001652",4,2025-03-03
"P001652",57,2026-12-17
"P001652",25,2034-05-01
"P001653",16,1985-01-13
"P001653",22,1994-03-03
"P001653",57,1998-05-22
"P001653",54,2000-04-06
"P001653",12,2004-07-09
"P001653",31,2004-09-12
"P001653",31,2006-05-14
"P001654",52,1987-06-11
"P001654",39,2004-06-08
"P001655",49,1973-05-14
"P001655",24,1977-06-11
"P001655",27,1980-11-29
"P001655",25,1983-01-14
"P001655",30,1994-05-28
"P001655",52,2000-11-25
"P001656",30,1964-10-08
"P001656",3,1967-11-01
"P001656",27,1967-11-01
"P001656",52,1967-11-19
"P001656",39,1968-03-01
"P001656",23,1968-12-25
"P001656",36,1969-09-15
"P001656",15,1970-04-11
"P001656",39,1970-04-24
"P001657",14,1997-06-10
"P001657",63,2011-06-11
"P001657",30,2014-04-16
"P001658",14,1995-06-17
"P001658",41,2000-10-23
"P001658",34,2003-08-26
"P001658",2,2009-08-27
"P001658",3,2016-03-10
"P001659",14,1989-04-19
"P001659",11,1990-04-09
"P001659",25,1990-05-26
"P001659",37,1990-07-07
"P001659",19,1990-09-11
"P001659",21,1990-12-06
"P001659",50,1992-02-19
"P001659",41,1992-03-31
"P001659",15,1992-11-13
"P001659",27,1992-12-15
"P001659",66,1993-01-11
"P001659",44,1994-01-20
"P001659",15,2002-02-10
"P001660",28,1994-06-12
"P001660",16,1995-05-17
"P001660",24,1996-03-30
"P001660",61,2018-10-19
"P001660",58,2020-01-08
"P001660",28,2022-03-13
"P001661",54,1963-11-19
"P001661",14,1964-03-21
"P001661",2,1976-04-27
"P001661",27,1989-01-12
"P001661",4,1992-11-23
"P001661",27,1995-01-07
"P001661",23,1997-12-26
"P001662",28,1974-12-26
"P001662",62,1983-07-24
"P001662",18,1990-05-03
"P001662",54,1992-06-19
"P001662",17,1996-05-08
"P001662",23,1997-08-19
"P001662",23,2007-09-12
"P001663",3,2023-12-20
"P001663",18,2026-01-15
"P001664",28,1999-01-09
"P001664",28,2001-08-02
"P001664",6,2015-04-13
"P001664",7,2019-03-06
"P001664",58,2031-09-03
"P001665",44,1975-09-11
"P001665",24,1978-09-26
"P001665",17,1980-06-14
"P001665",47,1982-02-15
"P001665",10,1983-02-05
"P001665",47,1984-04-18
"P001665",66,1984-07-15
"P001665",38,1985-12-15
"P001665",41,1986-05-26
"P001665",20,1986-12-14
"P001665",48,1986-12-17
"P001665",42,1987-08-16
"P001665",15,1987-09-14
"P001665",57,1990-07-12
"P001665",12,1990-11-01
"P001665",12,2000-06-14
"P001666",1,1992-06-19
"P001666",28,1999-11-18
"P001666",12,2001-10-07
"P001666",12,2003-08-11
"P001666",3,2004-04-16
"P001666",30,2004-05-09
"P001666",59,2006-03-01
"P001666",53,2006-12-09
"P001666",27,2009-01-15
"P001666",3,2017-12-19
"P001666",60,2029-06-06
"P001667",61,1982-08-25
"P001667",28,1986-04-04
"P001667",40,1997-12-06
"P001667",63,2000-02-14
"P001667",25,2001-04-04
"P001667",43,2004-09-18
"P001667",1,2007-08-23
"P001667",6,2011-04-21
"P001667",4,2014-05-31
"P001668",52,1996-07-26
"P001668",65,2000-10-29
"P001668",9,2009-12-16
"P001668",23,2017-03-09
"P001668",36,2017-03-11
"P001668",47,2024-01-12
"P001669",58,1976-09-06
"P001669",64,1979-05-08
"P001669",30,2001-01-30
"P001669",65,2002-10-16
"P001669",11,2005-01-23
"P001669",52,2005-11-06
"P001669",55,2006-10-29
"P001670",61,1989-03-19
"P001670",25,1990-08-29
"P001670",25,1990-11-23
"P001670",30,1991-02-10
"P001670",62,1991-06-12
"P001670",23,1991-12-19
"P001670",28,1992-02-01
"P001670",4,1994-02-14
"P001670",49,1994-12-27
"P001670",16,1995-07-27
"P001670",56,1996-06-21
"P001670",28,1997-02-02
"P001670",54,2002-07-23
"P001670",55,2004-05-16
"P001670",12,2004-06-28
"P001670",3,2004-07-16
"P001671",28,1982-12-16
"P001671",10,1983-06-25
"P001671",23,1988-11-20
"P001671",13,1992-02-17
"P001671",4,1993-05-18
"P001671",67,1994-07-27
"P001671",2,1995-05-27
"P001671",55,1996-07-16
"P001671",11,1997-11-26
"P001671",36,1999-06-13
"P001671",11,2000-04-30
"P001671",62,2000-11-22
"P001671",62,2006-09-18
"P001671",23,2007-03-15
"P001671",46,2008-02-02
"P001671",51,2014-09-11
"P001671",9,2019-08-12
"P001672",26,1965-07-24
"P001672",14,1972-10-27
"P001672",41,1974-01-13
"P001672",7,1974-09-24
"P001672",23,1983-09-06
"P001672",25,1984-07-23
"P001673",61,1968-10-12
"P001674",1,2011-01-12
"P001674",24,2017-02-23
"P001674",26,2017-09-13
"P001674",20,2031-07-07
"P001674",63,2036-05-30
"P001675",6,2015-07-17
"P001675",4,2024-11-07
"P001675",8,2025-01-06
"P001675",67,2025-08-01
"P001675",7,2026-06-20
"P001675",12,2042-10-16
"P001675",56,2045-04-28
"P001676",28,1980-10-18
"P001676",12,1988-06-08
"P001676",4,1989-01-14
"P001676",8,1999-12-11
"P001677",31,2030-12-02
"P001677",31,2034-04-09
"P001677",63,2035-06-20
"P001677",28,2038-08-23
"P001677",57,2042-01-05
"P001677",28,2042-05-29
"P001677",42,2043-10-04
"P001677",52,2043-11-04
"P001677",60,2045-05-20
"P001678",14,2019-04-13
"P001678",13,2022-05-02
"P001678",53,2022-08-24
"P001678",26,2030-04-21
"P001679",23,2018-08-07
"P001679",11,2029-10-25
"P001679",1,2045-02-04
"P001680",11,1979-07-25
"P001680",28,1982-12-15
"P001680",62,1983-06-23
"P001680",17,1984-04-10
"P001680",40,1984-11-20
"P001680",60,1985-02-09
"P001680",43,1985-05-10
"P001680",62,1985-10-01
"P001680",9,1985-12-09
"P001680",30,1986-05-23
"P001680",15,1986-09-08
"P001680",31,1989-08-07
"P001680",51,1990-01-09
"P001680",30,1990-01-14
"P001680",24,1990-01-21
"P001680",10,1990-07-16
"P001680",11,1990-08-04
"P001680",58,1991-05-05
"P001680",60,2016-11-24
"P001680",39,2017-02-13
"P001681",7,1989-08-18
"P001681",41,2008-08-20
"P001681",15,2010-11-19
"P001681",60,2011-03-19
"P001681",3,2020-09-11
"P001681",37,2020-10-17
"P001681",23,2021-02-14
"P001681",41,2021-10-13
"P001682",6,1996-02-09
"P001682",14,1997-07-29
"P001683",3,2012-09-21
"P001683",55,2014-07-31
"P001683",62,2031-07-09
"P001683",28,2031-10-03
"P001684",18,1980-09-25
"P001684",55,1993-03-30
"P001684",3,1995-12-08
"P001684",28,1999-05-23
"P001684",16,1999-10-26
"P001684",62,2001-09-02
"P001685",2,1969-10-11
"P001685",52,1970-02-26
"P001685",14,1974-09-11
"P001685",21,1999-07-25
"P001686",14,1985-09-13
"P001687",23,2018-01-03
"P001687",6,2019-04-12
"P001687",52,2029-06-28
"P001688",5,1970-10-18
"P001688",28,2006-01-08
"P001689",12,2015-01-07
"P001689",64,2016-02-06
"P001689",7,2017-04-21
"P001689",27,2019-10-20
"P001689",27,2035-01-01
"P001689",24,2037-03-27
"P001690",53,2006-11-05
"P001690",51,2010-11-04
"P001690",47,2037-08-22
"P001690",44,2039-03-01
"P001690",3,2039-04-10
"P001690",27,2039-06-05
"P001690",57,2040-01-03
"P001690",14,2040-10-15
"P001690",2,2041-04-05
"P001691",28,1995-05-18
"P001691",40,1996-01-11
"P001691",53,2007-07-18
"P001692",60,1976-07-29
"P001692",58,1979-02-26
"P001692",19,1979-07-22
"P001692",28,1985-08-27
"P001693",4,1996-04-22
"P001693",54,1999-06-22
"P001693",18,2002-10-28
"P001693",31,2010-02-21
"P001693",24,2012-07-07
"P001694",14,1966-01-30
"P001694",23,1979-09-22
"P001694",29,1982-07-26
"P001694",16,1988-11-05
"P001695",63,2019-12-30
"P001695",52,2020-03-28
"P001695",25,2020-07-06
"P001695",47,2021-06-11
"P001695",28,2042-03-27
"P001696",6,2013-11-24
"P001696",1,2014-03-09
"P001696",28,2030-06-12
"P001696",30,2030-08-24
"P001696",8,2033-11-22
"P001696",52,2035-02-20
"P001696",14,2035-09-24
"P001696",9,2035-09-29
"P001696",23,2037-05-11
"P001696",37,2037-09-28
"P001696",23,2038-05-03
"P001697",23,1965-04-11
"P001698",28,1981-04-20
"P001698",52,1982-09-17
"P001698",1,1983-11-29
"P001698",65,1985-03-07
"P001698",58,1985-08-05
"P001698",19,1986-12-09
"P001698",6,1987-10-04
"P001698",27,1988-05-05
"P001698",34,1988-08-03
"P001698",65,1988-09-01
"P001698",56,1989-01-05
"P001698",61,1989-03-01
"P001698",23,1990-01-01
"P001698",62,1990-04-09
"P001698",34,1990-12-07
"P001698",22,1992-03-02
"P001698",6,1992-05-21
"P001698",28,1992-07-20
"P001698",27,1999-12-24
"P001699",14,2024-03-02
"P001699",28,2038-05-13
"P001699",16,2040-07-06
"P001699",67,2040-09-14
"P001699",40,2041-06-16
"P001699",13,2042-10-02
"P001699",18,2043-11-21
"P001699",3,2046-07-02
"P001699",27,2046-12-06
"P001699",60,2049-02-05
"P001699",55,2051-10-10
"P001700",54,1997-05-12
"P001700",18,2004-04-16
"P001700",7,2007-02-13
"P001700",52,2011-08-26
"P001700",55,2011-08-27
"P001700",49,2013-02-02
"P001700",1,2018-02-17
"P001700",35,2022-07-13
"P001701",31,1977-08-18
"P001701",31,1982-04-20
"P001701",3,1985-08-03
"P001701",49,1986-01-26
"P001701",3,1986-02-12
"P001701",57,1989-07-25
"P001701",8,2004-11-07
"P001701",52,2006-05-09
"P001701",60,2007-03-22
"P001701",52,2010-09-23
"P001703",18,2004-04-29
"P001703",23,2004-10-09
"P001703",1,2012-08-08
"P001703",26,2015-05-22
"P001704",13,1993-03-12
"P001704",42,2001-02-03
"P001704",32,2002-03-07
"P001704",11,2007-05-07
"P001705",47,2024-04-17
"P001705",3,2025-02-07
"P001705",53,2045-04-11
"P001706",4,2004-10-23
"P001706",61,2012-02-22
"P001706",15,2022-05-24
"P001707",27,1988-12-03
"P001707",52,1995-07-09
"P001707",2,1998-07-22
"P001707",24,1998-11-24
"P001707",28,2003-03-24
"P001707",8,2006-09-13
"P001707",28,2007-12-08
"P001707",28,2009-05-22
"P001707",5,2020-01-07
"P001708",53,2026-01-27
"P001709",14,1996-01-15
"P001709",60,2006-10-11
"P001709",58,2015-01-26
"P001710",32,2042-04-13
"P001711",5,2028-12-14
"P001711",11,2029-08-27
"P001711",55,2032-09-23
"P001711",1,2033-06-16
"P001712",54,2005-01-16
"P001712",55,2007-10-31
"P001712",46,2008-06-18
"P001712",3,2008-09-10
"P001712",26,2028-09-02
"P001712",30,2030-03-02
"P001713",57,1981-08-20
"P001713",14,1984-12-10
"P001713",65,1985-08-19
"P001713",17,1990-07-03
"P001713",23,1993-07-27
"P001714",55,2006-04-03
"P001714",34,2014-03-28
"P001714",61,2024-08-30
"P001714",32,2025-05-28
"P001714",24,2029-11-26
"P001714",18,2034-05-04
"P001714",55,2044-06-11
"P001715",28,2028-05-06
"P001716",20,1988-03-09
"P001716",5,1989-04-26
"P001716",7,1989-11-16
"P001716",55,2000-02-19
"P001716",3,2002-07-28
"P001716",49,2003-02-10
"P001716",52,2014-06-25
"P001716",18,2018-05-27
"P001717",6,1999-05-19
"P001717",6,2007-09-07
"P001717",55,2008-07-24
"P001717",27,2011-04-16
"P001717",4,2015-11-16
"P001718",52,1997-04-22
"P001718",23,2005-01-12
"P001718",28,2020-08-16
"P001718",30,2020-10-08
"P001718",3,2021-03-18
"P001719",14,2011-11-11
"P001719",66,2014-09-27
"P001719",41,2014-11-18
"P001719",60,2015-02-04
"P001719",2,2016-11-27
"P001719",4,2021-07-14
"P001719",43,2021-10-01
"P001719",62,2022-09-12
"P001719",20,2023-05-01
"P001719",43,2024-02-22
"P001719",1,2024-05-05
"P001719",6,2027-05-05
"P001719",27,2044-11-12
"P001719",49,2045-03-24
"P001720",28,1985-11-06
"P001720",1,1987-02-02
"P001720",5,1994-04-08
"P001720",39,1996-11-15
"P001720",2,2004-01-01
"P001720",50,2004-08-24
"P001720",24,2004-11-16
"P001720",9,2006-09-08
"P001720",10,2007-09-28
"P001720",27,2007-12-06
"P001720",27,2009-10-28
"P001720",58,2016-03-26
"P001720",60,2022-06-04
"P001721",57,1960-12-04
"P001721",26,1968-06-02
"P001721",27,1970-08-22
"P001721",16,1983-01-27
"P001721",54,1984-02-13
"P001721",39,1984-06-16
"P001721",52,1989-11-06
"P001721",15,1993-03-21
"P001721",63,1995-09-26
"P001721",25,1996-03-22
"P001721",19,1996-03-24
"P001721",42,1997-02-28
"P001721",66,1997-06-06
"P001721",1,1997-07-23
"P001721",41,1998-12-26
"P001722",49,2024-10-13
"P001722",13,2025-08-20
"P001722",55,2028-06-18
"P001722",2,2033-08-16
"P001722",28,2038-03-22
"P001722",49,2039-10-29
"P001722",16,2041-03-08
"P001722",63,2047-12-18
"P001723",62,1984-04-13
"P001723",14,1986-04-30
"P001723",2,1987-04-21
"P001723",60,1990-11-27
"P001723",24,1991-08-22
"P001723",55,1991-11-13
"P001723",55,1998-03-09
"P001723",12,1998-11-14
"P001723",22,2003-02-08
"P001723",3,2004-03-24
"P001723",12,2012-05-05
"P001723",30,2012-07-31
"P001724",44,1980-03-11
"P001724",21,1987-04-04
"P001724",3,2012-04-03
"P001724",60,2012-07-26
"P001725",1,1974-04-22
"P001725",28,1980-08-19
"P001725",62,1981-10-08
"P001726",27,2018-12-08
"P001726",52,2027-11-18
"P001726",35,2029-01-06
"P001726",42,2030-07-25
"P001727",23,1981-05-26
"P001727",43,2000-06-23
"P001727",14,2000-12-01
"P001727",6,2002-01-26
"P001727",62,2002-05-06
"P001727",34,2002-12-29
"P001727",9,2003-09-04
"P001727",61,2006-09-20
"P001727",58,2007-05-21
"P001727",58,2007-10-10
"P001727",32,2008-04-22
"P001727",62,2008-08-26
"P001727",14,2009-10-21
"P001727",32,2011-02-19
"P001727",24,2013-08-20
"P001727",48,2016-10-28
"P001727",67,2017-04-17
"P001727",25,2018-01-20
"P001728",61,2009-07-25
"P001728",1,2022-04-08
"P001728",6,2026-08-20
"P001728",1,2026-12-27
"P001729",49,1964-08-01
"P001729",56,1965-10-12
"P001729",55,1975-08-12
"P001729",41,1994-04-10
"P001729",34,1999-03-21
"P001730",28,2001-01-10
"P001730",42,2007-12-24
"P001730",12,2008-03-11
"P001730",28,2010-02-19
"P001731",62,2028-09-11
"P001732",2,1974-04-20
"P001732",33,1976-02-02
"P001732",23,1981-10-22
"P001732",29,1982-04-29
"P001732",37,1983-03-29
"P001733",43,1977-01-31
"P001733",53,1991-04-05
"P001733",2,2000-05-26
"P001733",33,2001-10-02
"P001733",48,2004-03-11
"P001733",52,2004-06-02
"P001733",28,2006-12-23
"P001733",1,2007-01-01
"P001733",8,2007-05-22
"P001734",28,2007-11-02
"P001734",30,2008-09-26
"P001734",63,2015-05-31
"P001734",53,2022-12-19
"P001734",45,2023-03-29
"P001734",55,2029-07-18
"P001734",6,2036-04-27
"P001736",28,2022-10-03
"P001736",18,2027-09-29
"P001736",4,2028-10-28
"P001736",1,2030-09-17
"P001736",1,2037-05-23
"P001736",61,2038-08-11
"P001737",14,1998-03-12
"P001737",9,2004-02-22
"P001737",63,2004-07-20
"P001737",42,2006-11-11
"P001737",21,2009-05-15
"P001737",2,2020-04-10
"P001738",23,1992-10-15
"P001738",60,1994-09-22
"P001738",55,2023-04-27
"P001739",18,1986-07-31
"P001739",9,1987-01-30
"P001739",6,1999-11-25
"P001740",23,1975-09-08
"P001740",12,1985-03-14
"P001740",28,1988-07-20
"P001740",14,1988-10-15
"P001740",2,2003-10-11
"P001741",56,2029-12-01
"P001741",1,2042-04-28
"P001741",39,2043-11-14
"P001741",11,2044-10-16
"P001741",4,2044-11-06
"P001741",6,2045-06-19
"P001741",2,2047-08-25
"P001742",15,2008-08-02
"P001742",15,2033-07-26
"P001742",2,2034-02-14
"P001743",52,2010-07-17
"P001743",57,2012-02-17
"P001743",43,2040-10-02
"P001744",24,1986-12-10
"P001744",2,2010-04-17
"P001744",33,2012-09-30
"P001744",4,2014-08-03
"P001745",62,2003-06-23
"P001745",27,2003-11-29
"P001745",3,2016-04-16
"P001745",49,2017-05-21
"P001745",54,2018-05-03
"P001746",67,1995-06-26
"P001746",8,2004-05-14
"P001746",21,2010-01-26
"P001746",57,2010-10-20
"P001747",50,2010-08-05
"P001747",11,2011-03-29
"P001747",1,2015-05-14
"P001748",16,2037-05-31
"P001749",1,1992-02-04
"P001749",57,2001-12-11
"P001749",15,2005-01-19
"P001749",1,2007-01-10
"P001749",8,2017-02-24
"P001749",4,2027-05-03
"P001750",2,1994-08-29
"P001750",28,1996-03-28
"P001750",7,1997-03-09
"P001750",4,2025-05-15
"P001750",52,2026-12-11
"P001750",26,2031-04-25
"P001751",23,2020-06-08
"P001751",14,2021-01-15
"P001751",14,2024-11-25
"P001752",23,1990-01-08
"P001752",6,1990-06-07
"P001752",43,2002-03-16
"P001752",61,2011-09-24
"P001752",30,2017-01-05
"P001752",52,2017-02-14
"P001752",31,2019-10-18
"P001752",63,2020-01-24
"P001753",52,1976-03-22
"P001753",55,2002-01-11
"P001753",19,2002-12-31
"P001754",54,1974-08-10
"P001754",4,1980-12-07
"P001754",66,1981-10-19
"P001754",14,1984-01-10
"P001754",11,1985-01-14
"P001754",4,1992-02-23
"P001754",58,1993-06-12
"P001754",18,1994-05-18
"P001754",43,1995-06-22
"P001754",7,2012-02-14
"P001755",18,1981-06-13
"P001755",3,1982-01-25
"P001755",23,1982-09-27
"P001755",50,1992-11-28
"P001755",28,2000-08-26
"P001755",1,2005-03-01
"P001755",23,2006-12-13
"P001756",50,1973-08-14
"P001756",53,1982-05-21
"P001756",16,1984-08-22
"P001756",5,1985-04-14
"P001756",54,1987-08-28
"P001756",54,1988-01-06
"P001756",47,1989-03-15
"P001756",1,1997-07-28
"P001756",3,2005-02-04
"P001756",1,2006-07-04
"P001757",23,1964-08-26
"P001757",6,1970-03-29
"P001757",4,1970-09-22
"P001757",23,1970-12-23
"P001757",34,1971-11-13
"P001757",3,1992-12-22
"P001757",28,2003-04-16
"P001758",51,2021-04-27
"P001758",28,2021-10-04
"P001758",39,2023-01-06
"P001759",6,2002-12-15
"P001759",39,2006-09-05
"P001759",15,2021-10-23
"P001759",54,2022-04-06
"P001760",16,2004-11-20
"P001760",35,2009-11-14
"P001760",7,2019-01-20
"P001760",14,2020-07-07
"P001760",24,2036-06-13
"P001761",1,1990-03-18
"P001761",2,1992-03-11
"P001761",34,1994-05-11
"P001761",1,1994-11-10
"P001761",20,2008-05-04
"P001761",26,2009-01-04
"P001761",5,2010-02-18
"P001762",1,1989-04-17
"P001762",28,1991-09-01
"P001762",14,1996-02-29
"P001762",2,1996-11-01
"P001762",22,1999-06-21
"P001763",55,2011-02-22
"P001763",65,2012-06-25
"P001763",14,2030-01-12
"P001763",62,2042-03-27
"P001763",6,2043-08-05
"P001763",27,2043-11-11
"P001763",60,2044-06-30
"P001763",38,2045-02-12
"P001764",2,1997-08-03
"P001764",1,2004-10-31
"P001764",23,2009-11-21
"P001764",14,2015-02-13
"P001764",25,2016-12-30
"P001764",62,2027-07-22
"P001764",46,2027-12-29
"P001764",17,2029-06-04
"P001765",11,1984-04-05
"P001765",32,1998-09-21
"P001765",48,1999-03-09
"P001765",12,1999-09-23
"P001765",67,2002-01-26
"P001765",64,2002-07-04
"P001766",23,1999-07-22
"P001767",28,1984-03-15
"P001767",50,2010-02-17
"P001768",6,2012-02-11
"P001768",18,2013-11-14
"P001768",3,2016-04-30
"P001768",52,2026-11-05
"P001768",26,2037-12-15
"P001768",4,2039-11-26
"P001768",24,2048-04-03
"P001769",24,1974-09-23
"P001769",63,1975-09-20
"P001769",34,1976-09-03
"P001769",31,1979-08-07
"P001769",17,1997-03-25
"P001769",16,1997-06-24
"P001769",14,1998-06-29
"P001769",41,1998-09-26
"P001769",31,1999-06-19
"P001769",20,2000-02-09
"P001770",14,2003-05-10
"P001770",44,2004-07-26
"P001770",9,2008-02-26
"P001770",63,2010-05-22
"P001770",44,2015-07-02
"P001770",14,2024-01-20
"P001771",20,2014-07-14
"P001771",27,2029-05-15
"P001771",43,2029-06-30
"P001771",13,2041-08-16
"P001772",28,1994-09-26
"P001772",52,1994-10-06
"P001772",57,2001-12-17
"P001772",42,2002-06-15
"P001772",51,2003-11-04
"P001773",43,1964-06-28
"P001773",4,1970-08-16
"P001773",3,1979-12-17
"P001773",1,1980-07-10
"P001773",2,1982-09-05
"P001773",44,1987-10-27
"P001773",38,1988-07-12
"P001773",12,1988-07-16
"P001773",15,1996-11-15
"P001773",15,1997-04-20
"P001774",41,1962-03-22
"P001774",65,1965-01-02
"P001774",6,1968-11-21
"P001774",35,1969-01-22
"P001774",35,1970-06-09
"P001774",14,1970-06-09
"P001774",34,1971-12-17
"P001774",4,1972-07-13
"P001774",10,1984-06-17
"P001774",12,1985-10-16
"P001775",1,1974-09-24
"P001775",27,2004-07-18
"P001776",55,2014-05-12
"P001776",39,2015-12-23
"P001776",23,2032-11-30
"P001776",62,2037-12-10
"P001776",23,2040-02-20
"P001777",42,2033-08-31
"P001777",24,2033-09-11
"P001778",2,2022-08-06
"P001778",6,2025-06-25
"P001778",28,2027-07-07
"P001778",14,2028-09-20
"P001778",1,2032-11-23
"P001778",55,2045-06-15
"P001779",11,1995-01-31
"P001779",55,2015-09-09
"P001780",49,2015-03-29
"P001780",48,2021-05-29
"P001780",58,2021-09-15
"P001781",7,2017-10-08
"P001781",54,2029-10-26
"P001782",53,1984-11-29
"P001783",21,2020-03-15
"P001783",4,2026-05-17
"P001783",46,2026-12-26
"P001784",53,2004-09-25
"P001784",61,2009-06-07
"P001784",43,2021-11-04
"P001786",3,2016-12-20
"P001786",6,2019-01-07
"P001786",2,2039-04-03
"P001786",2,2039-11-05
"P001786",11,2046-07-21
"P001786",28,2048-03-18
"P001786",1,2052-10-25
"P001787",27,1970-09-08
"P001787",11,1987-09-15
"P001787",4,1988-06-11
"P001787",43,2001-06-22
"P001787",14,2008-06-25
"P001788",1,2043-09-24
"P001789",4,1979-12-02
"P001789",21,1980-04-25
"P001789",54,1981-07-16
"P001789",2,1988-08-20
"P001789",55,1997-05-28
"P001789",55,2003-02-27
"P001789",27,2007-06-19
"P001789",27,2015-02-10
"P001790",23,1989-12-06
"P001790",43,1999-10-01
"P001790",53,2020-04-27
"P001791",27,1991-04-13
"P001791",14,1999-10-09
"P001791",9,2000-07-15
"P001792",30,1963-05-17
"P001792",18,1977-12-24
"P001792",63,1980-04-12
"P001792",19,1981-03-29
"P001792",12,1985-12-27
"P001792",44,1988-04-13
"P001792",15,1990-05-10
"P001792",27,1995-02-16
"P001793",54,1973-10-21
"P001793",6,1977-06-03
"P001793",28,1979-07-23
"P001793",62,1980-08-30
"P001793",51,1981-12-28
"P001793",37,1984-05-14
"P001793",8,1984-06-01
"P001793",21,1985-05-19
"P001793",31,1986-11-03
"P001793",38,2003-05-21
"P001794",53,2022-02-13
"P001794",50,2023-06-24
"P001794",36,2023-12-23
"P001794",62,2026-01-18
"P001794",9,2027-04-18
"P001794",6,2028-02-14
"P001794",43,2034-09-19
"P001794",25,2035-04-15
"P001794",4,2040-09-10
"P001794",8,2042-03-07
"P001794",8,2043-01-25
"P001795",3,2009-07-22
"P001795",23,2015-01-25
"P001795",65,2016-01-31
"P001795",2,2019-05-26
"P001796",55,2016-04-02
"P001796",6,2029-09-04
"P001796",34,2030-10-24
"P001796",23,2031-05-06
"P001796",44,2031-06-17
"P001796",67,2033-08-20
"P001797",11,2009-04-06
"P001797",4,2019-10-19
"P001798",27,1971-05-08
"P001798",24,1974-01-12
"P001798",23,1974-08-30
"P001798",62,1977-08-11
"P001798",23,1981-01-30
"P001798",17,1995-04-24
"P001798",10,1997-05-21
"P001798",9,2002-11-29
"P001799",28,1991-03-25
"P001799",1,1997-09-05
"P001799",55,1998-10-16
"P001799",28,2011-01-30
"P001799",15,2011-02-04
"P001800",4,1981-01-07
"P001800",62,1984-02-16
"P001800",12,1984-05-07
"P001800",49,2006-09-08
"P001800",4,2009-06-29
"P001801",4,1976-01-10
"P001801",37,1979-01-06
"P001801",40,1979-09-03
"P001801",6,1981-11-08
"P001801",4,1982-06-04
"P001801",27,1983-08-26
"P001801",28,1997-03-09
"P001802",55,2024-06-01
"P001803",21,1999-04-28
"P001803",36,2021-09-16
"P001804",3,2003-05-20
"P001804",47,2006-11-07
"P001804",1,2010-06-07
"P001805",5,2008-08-27
"P001805",11,2016-05-09
"P001805",52,2041-07-08
"P001806",23,2007-12-15
"P001806",2,2012-12-13
"P001806",16,2014-03-27
"P001806",40,2014-06-08
"P001807",28,1983-12-18
"P001807",55,1990-02-22
"P001808",14,1998-11-05
"P001809",55,2010-12-22
"P001810",4,1989-12-28
"P001810",64,1994-08-20
"P001810",52,1997-02-15
"P001810",5,2003-09-12
"P001810",47,2005-06-21
"P001810",46,2006-10-28
"P001810",1,2007-04-12
"P001810",50,2012-04-24
"P001811",12,2019-06-06
"P001811",27,2021-01-23
"P001811",6,2025-05-16
"P001811",21,2031-07-17
"P001811",8,2040-10-23
"P001811",24,2043-06-29
"P001812",24,2037-04-21
"P001813",28,1991-12-31
"P001813",28,1997-10-24
"P001813",10,1999-06-09
"P001813",43,2002-12-21
"P001813",6,2003-12-19
"P001813",62,2018-02-09
"P001813",43,2018-10-31
"P001813",6,2018-11-13
"P001813",33,2020-04-25
"P001814",1,2021-02-16
"P001814",12,2021-06-29
"P001814",55,2022-11-02
"P001815",30,1999-08-03
"P001815",10,1999-08-06
"P001815",42,2013-10-01
"P001815",50,2014-07-11
"P001816",48,1999-12-26
"P001816",7,2002-03-17
"P001816",43,2002-08-04
"P001817",52,1973-05-16
"P001817",18,1975-11-26
"P001817",47,1998-02-18
"P001818",44,2000-01-04
"P001818",11,2001-09-08
"P001818",4,2027-05-21
"P001819",28,2004-02-19
"P001819",11,2027-07-21
"P001820",7,2028-03-19
"P001820",28,2031-10-16
"P001820",23,2037-08-17
"P001821",15,2006-02-20
"P001821",23,2022-08-16
"P001822",55,1961-07-10
"P001822",19,1961-12-24
"P001822",11,1962-02-13
"P001822",28,1970-09-19
"P001822",55,1975-01-16
"P001822",52,1978-09-13
"P001822",12,1980-05-31
"P001822",47,1991-01-20
"P001822",14,1998-08-02
"P001822",25,1998-09-10
"P001822",65,2000-02-25
"P001823",28,1987-08-12
"P001823",30,1991-07-07
"P001823",41,1996-09-22
"P001823",20,1996-10-14
"P001823",11,1997-04-25
"P001823",49,1997-10-25
"P001823",35,1998-01-28
"P001823",20,2000-09-06
"P001823",4,2005-10-16
"P001824",14,2013-06-08
"P001824",9,2013-06-21
"P001824",13,2016-08-25
"P001824",4,2017-03-16
"P001824",2,2030-07-24
"P001824",50,2030-08-15
"P001824",6,2037-05-17
"P001824",24,2041-02-22
"P001825",23,1991-04-01
"P001825",2,2013-11-01
"P001825",5,2027-02-02
"P001825",38,2027-04-18
"P001825",30,2028-03-09
"P001826",24,1998-08-27
"P001826",44,1999-01-22
"P001826",33,1999-02-20
"P001827",25,2012-08-20
"P001827",62,2013-07-18
"P001827",44,2022-01-25
"P001827",28,2041-02-03
"P001827",62,2041-07-12
"P001828",23,2010-03-08
"P001828",23,2016-11-02
"P001828",14,2032-04-04
"P001828",21,2034-03-15
"P001829",42,1963-01-28
"P001829",27,1964-10-14
"P001829",65,1967-06-24
"P001829",10,1968-01-03
"P001829",28,1992-02-12
"P001829",23,1997-01-15
"P001829",24,1999-05-14
"P001829",1,2000-08-04
"P001830",7,2025-09-13
"P001830",57,2026-05-30
"P001830",39,2027-01-23
"P001830",39,2028-09-24
"P001830",2,2041-01-22
"P001830",21,2049-05-20
"P001831",4,2030-05-27
"P001831",64,2030-06-26
"P001831",58,2032-02-08
"P001831",26,2033-10-29
"P001831",53,2034-06-06
"P001831",42,2035-07-01
"P001831",10,2035-08-15
"P001831",49,2035-09-06
"P001831",24,2037-01-02
"P001831",57,2039-11-01
"P001831",42,2040-08-19
"P001831",42,2041-02-02
"P001832",14,2027-12-02
"P001833",61,2045-04-20
"P001833",34,2046-12-10
"P001834",28,2012-02-02
"P001834",11,2014-09-24
"P001835",26,1976-06-25
"P001835",14,1985-11-30
"P001835",55,1986-08-25
"P001835",3,1996-07-16
"P001835",11,1997-02-03
"P001835",15,1997-09-19
"P001835",2,2007-03-13
"P001835",43,2008-03-09
"P001835",18,2008-12-03
"P001836",4,1994-08-26
"P001836",53,1996-09-09
"P001836",53,1997-11-11
"P001836",49,2009-04-03
"P001836",2,2010-08-01
"P001836",50,2010-12-03
"P001837",6,1970-04-08
"P001837",52,1970-10-10
"P001837",6,2000-11-09
"P001838",43,2031-09-26
"P001838",6,2034-02-05
"P001838",14,2035-06-04
"P001838",27,2047-03-12
"P001838",63,2047-04-10
"P001838",64,2048-02-05
"P001839",56,1996-04-10
"P001839",50,1996-08-17
"P001839",36,1996-11-23
"P001839",47,1998-05-01
"P001839",8,1999-11-12
"P001839",8,2000-05-27
"P001839",55,2001-12-17
"P001839",14,2016-03-17
"P001839",58,2017-05-24
"P001839",9,2018-01-15
"P001839",55,2028-05-08
"P001839",11,2030-11-06
"P001839",26,2032-01-10
"P001840",21,1980-10-20
"P001840",6,1997-07-31
"P001840",14,1997-11-27
"P001840",9,2000-06-14
"P001840",15,2001-12-12
"P001840",4,2008-10-20
"P001840",56,2008-10-25
"P001840",7,2009-12-07
"P001840",64,2010-07-25
"P001841",21,1991-09-21
"P001841",49,1993-04-21
"P001841",1,2005-11-22
"P001841",63,2011-12-12
"P001841",18,2021-06-13
"P001842",26,1985-11-13
"P001842",42,1994-04-22
"P001842",55,1998-11-06
"P001842",12,2014-03-27
"P001842",24,2015-02-25
"P001842",61,2017-11-11
"P001843",5,1969-04-25
"P001843",28,1992-08-29
"P001843",44,2003-01-31
"P001844",50,1975-07-24
"P001844",67,1993-06-27
"P001844",10,1998-07-20
"P001844",13,2002-02-01
"P001845",47,1993-06-02
"P001845",7,1998-01-08
"P001845",55,1998-04-13
"P001845",53,2002-10-13
"P001845",45,2003-02-05
"P001845",27,2003-04-06
"P001845",1,2003-06-30
"P001845",49,2003-11-21
"P001845",53,2021-06-08
"P001846",16,2017-07-14
"P001846",33,2022-04-10
"P001846",10,2026-10-12
"P001846",6,2029-12-13
"P001846",19,2030-01-25
"P001846",12,2030-02-07
"P001846",4,2030-03-22
"P001846",24,2030-06-26
"P001847",1,1983-04-25
"P001847",14,1984-04-26
"P001847",30,1992-11-07
"P001847",30,1998-03-02
"P001847",43,1999-03-19
"P001847",30,2016-12-31
"P001847",8,2017-11-07
"P001848",2,1998-05-14
"P001848",36,2015-09-02
"P001848",61,2021-12-18
"P001849",25,1983-07-10
"P001849",11,1989-01-26
"P001849",1,1989-05-06
"P001849",35,1993-10-22
"P001849",6,2002-12-14
"P001849",6,2003-03-10
"P001849",50,2006-09-05
"P001849",3,2007-10-09
"P001849",48,2008-07-21
"P001850",4,1971-01-21
"P001850",43,1978-06-29
"P001850",1,1985-06-04
"P001850",28,1990-06-20
"P001850",52,1995-04-23
"P001850",25,1997-12-23
"P001850",41,1999-05-11
"P001851",53,1993-01-22
"P001851",15,2006-09-21
"P001851",58,2016-09-29
"P001852",39,1970-11-18
"P001852",37,1979-12-18
"P001852",23,1985-07-09
"P001852",31,1988-07-01
"P001852",28,1989-01-19
"P001853",27,2004-04-18
"P001853",42,2016-03-21
"P001853",62,2022-02-03
"P001853",63,2033-08-21
"P001853",19,2034-06-17
"P001853",26,2036-04-03
"P001854",23,2018-07-14
"P001854",2,2037-02-17
"P001855",28,1987-08-02
"P001856",53,1972-02-11
"P001856",45,1973-03-11
"P001856",20,1981-05-19
"P001856",27,2001-08-30
"P001856",64,2002-02-23
"P001856",3,2002-10-24
"P001856",49,2006-02-18
"P001856",35,2006-03-29
"P001857",61,1989-04-05
"P001857",25,2006-09-16
"P001857",19,2011-10-20
"P001858",42,2011-07-16
"P001858",3,2014-10-07
"P001858",2,2022-09-19
"P001858",24,2024-05-08
"P001858",4,2036-07-28
"P001858",46,2037-01-05
"P001858",59,2040-09-10
"P001859",3,2011-02-13
"P001859",37,2035-10-24
"P001859",43,2036-03-22
"P001859",21,2036-03-25
"P001860",6,2016-05-06
"P001860",52,2021-09-10
"P001860",28,2022-03-18
"P001860",15,2028-01-28
"P001860",16,2042-04-28
"P001861",28,1986-05-29
"P001861",14,2015-04-05
"P001862",52,2025-10-18
"P001862",8,2026-06-23
"P001862",28,2026-10-29
"P001863",25,2028-02-17
"P001863",3,2032-01-24
"P001863",5,2033-04-30
"P001863",54,2033-04-30
"P001863",11,2040-07-07
"P001863",27,2040-07-09
"P001864",65,1978-12-21
"P001864",35,1982-12-01
"P001864",11,1991-06-19
"P001864",14,1993-12-10
"P001864",41,1999-09-23
"P001865",28,2020-10-13
"P001865",30,2023-11-09
"P001865",55,2026-11-27
"P001865",38,2027-02-23
"P001865",14,2033-02-19
"P001865",49,2046-07-28
"P001866",23,1993-09-19
"P001866",6,1993-12-30
"P001866",4,1995-02-04
"P001866",37,1998-06-22
"P001866",66,2001-04-22
"P001866",3,2003-08-20
"P001866",55,2010-01-15
"P001866",41,2016-05-12
"P001866",15,2020-01-20
"P001867",49,2013-05-31
"P001867",26,2027-05-31
"P001867",8,2029-11-13
"P001867",25,2030-03-29
"P001868",6,2002-05-18
"P001868",4,2008-05-14
"P001868",46,2009-04-28
"P001868",8,2032-12-10
"P001868",43,2034-09-29
"P001869",1,2006-03-02
"P001869",28,2009-03-22
"P001869",40,2015-04-06
"P001869",14,2022-07-09
"P001869",49,2022-10-28
"P001869",39,2032-05-12
"P001870",61,2008-12-15
"P001870",22,2009-01-01
"P001870",58,2018-10-02
"P001870",34,2021-03-04
"P001870",55,2032-04-12
"P001870",59,2033-03-01
"P001870",53,2033-08-15
"P001871",52,1996-08-16
"P001871",21,2009-09-12
"P001871",50,2015-03-22
"P001871",24,2016-01-10
"P001871",28,2017-02-15
"P001871",10,2026-10-10
"P001872",56,1982-10-14
"P001872",57,1988-02-19
"P001872",14,1993-07-01
"P001872",49,1996-09-22
"P001872",43,2010-08-23
"P001872",2,2011-01-14
"P001873",48,1971-03-04
"P001873",43,1993-09-06
"P001873",14,1995-02-03
"P001873",6,1997-10-12
"P001873",14,1998-07-28
"P001873",23,2004-05-14
"P001873",30,2004-10-29
"P001873",62,2005-07-19
"P001873",24,2007-08-02
"P001873",40,2008-03-06
"P001873",35,2008-11-14
"P001874",41,1990-03-27
"P001874",34,1991-10-03
"P001874",34,1993-10-04
"P001874",2,2004-04-19
"P001875",44,1980-02-11
"P001875",52,1990-07-16
"P001875",48,1993-06-08
"P001875",17,1994-01-13
"P001875",7,1997-07-10
"P001875",23,2002-12-25
"P001875",48,2005-03-12
"P001875",67,2008-01-12
"P001875",11,2009-06-20
"P001875",15,2011-09-12
"P001875",62,2012-03-13
"P001876",29,2000-07-01
"P001876",27,2004-10-25
"P001876",30,2005-02-19
"P001877",27,2000-02-14
"P001877",3,2012-07-21
"P001877",40,2012-11-16
"P001877",56,2014-03-02
"P001877",27,2015-03-08
"P001877",28,2017-12-18
"P001877",14,2020-02-20
"P001877",58,2020-05-17
"P001877",10,2020-11-11
"P001877",61,2021-02-27
"P001877",19,2025-04-08
"P001877",8,2032-07-23
"P001878",3,1980-12-05
"P001878",55,1984-01-23
"P001878",8,1991-03-12
"P001878",23,2000-07-04
"P001878",4,2000-07-20
"P001878",7,2001-12-21
"P001878",14,2003-09-10
"P001879",23,1993-07-07
"P001880",3,1987-06-14
"P001880",4,1995-12-16
"P001880",27,2004-06-02
"P001880",29,2005-04-04
"P001880",28,2005-08-03
"P001880",52,2005-11-30
"P001880",1,2008-04-02
"P001880",23,2008-05-20
"P001880",6,2010-04-04
"P001880",14,2010-07-07
"P001880",6,2010-09-29
"P001880",60,2012-04-01
"P001880",36,2018-03-14
"P001880",57,2019-09-28
"P001881",49,2012-10-17
"P001881",50,2013-04-07
"P001881",16,2013-12-20
"P001881",40,2016-03-15
"P001881",35,2020-02-02
"P001881",60,2020-03-18
"P001881",64,2021-04-05
"P001881",64,2022-04-21
"P001881",24,2022-05-31
"P001881",38,2022-06-24
"P001881",25,2023-09-23
"P001881",7,2024-07-06
"P001881",30,2025-10-16
"P001881",28,2039-04-26
"P001881",14,2042-04-26
"P001881",17,2043-07-21
"P001881",1,2044-01-30
"P001881",2,2046-07-27
"P001881",28,2046-07-29
"P001881",13,2046-12-21
"P001882",40,2004-05-04
"P001882",52,2020-06-29
"P001882",27,2021-04-14
"P001882",39,2027-03-25
"P001882",8,2034-07-12
"P001882",52,2041-11-27
"P001882",6,2042-11-22
"P001883",31,2023-08-03
"P001884",1,1991-07-25
"P001885",12,1989-09-30
"P001885",8,1991-10-17
"P001885",18,1992-09-15
"P001886",14,1995-03-28
"P001886",23,2003-11-25
"P001886",52,2021-07-11
"P001887",53,2002-12-06
"P001887",61,2008-03-04
"P001887",21,2009-12-06
"P001887",61,2020-03-12
"P001887",12,2027-02-25
"P001888",55,1983-05-15
"P001888",12,1987-03-06
"P001888",18,2008-01-27
"P001888",21,2010-01-13
"P001888",53,2010-06-27
"P001888",14,2012-11-26
"P001889",28,1997-07-25
"P001889",4,2007-02-17
"P001889",2,2012-03-10
"P001889",19,2024-01-04
"P001889",23,2025-11-16
"P001889",14,2028-05-15
"P001889",47,2028-07-18
"P001890",22,1996-10-30
"P001891",27,1967-07-02
"P001891",41,1974-05-16
"P001891",6,1975-03-12
"P001891",6,1975-05-28
"P001891",41,1976-08-10
"P001891",44,1978-12-28
"P001891",2,1979-04-14
"P001891",50,1980-03-12
"P001891",33,1980-04-21
"P001891",42,1981-09-04
"P001891",66,1983-09-18
"P001891",7,1999-03-17
"P001891",55,2001-11-27
"P001892",16,2018-08-27
"P001892",23,2019-05-08
"P001892",4,2025-03-09
"P001892",23,2031-07-23
"P001892",8,2036-12-15
"P001892",30,2038-01-14
"P001893",42,1993-11-23
"P001893",6,2002-10-09
"P001894",4,2010-12-21
"P001894",5,2017-12-17
"P001894",38,2027-08-01
"P001894",15,2029-09-29
"P001894",7,2030-08-10
"P001895",11,1962-10-11
"P001895",49,1963-01-12
"P001895",26,1964-06-06
"P001895",55,1964-10-27
"P001895",49,1966-07-19
"P001895",1,1967-04-05
"P001895",39,1967-06-28
"P001895",49,1970-05-10
"P001895",12,1973-02-21
"P001895",52,1984-03-11
"P001895",11,2001-08-20
"P001896",4,1974-10-12
"P001896",11,1984-01-04
"P001896",37,1984-05-06
"P001896",6,1985-05-16
"P001897",53,2019-04-22
"P001897",28,2023-01-20
"P001897",11,2042-02-17
"P001898",18,1997-05-29
"P001899",16,2012-07-18
"P001899",6,2014-05-25
"P001899",24,2031-05-14
"P001899",27,2032-02-20
"P001899",28,2033-10-03
"P001899",1,2033-12-22
"P001899",52,2036-05-02
"P001899",4,2044-06-19
"P001899",56,2045-01-27
"P001900",55,2000-01-22
"P001900",65,2016-06-18
"P001900",25,2016-12-30
"P001900",18,2017-04-08
"P001900",63,2018-04-15
"P001900",7,2018-10-11
"P001900",64,2022-03-09
"P001900",62,2037-11-21
"P001901",66,1986-06-23
"P001901",4,1990-07-26
"P001901",17,2009-11-20
"P001901",65,2011-07-21
"P001901",16,2011-09-28
"P001901",67,2013-04-22
"P001902",26,2017-07-01
"P001902",21,2020-06-17
"P001902",47,2045-02-16
"P001903",42,1996-06-03
"P001903",30,1997-02-28
"P001903",40,1997-03-18
"P001903",25,2000-10-21
"P001904",6,1997-11-07
"P001904",3,2003-05-06
"P001904",3,2019-03-11
"P001904",53,2025-11-13
"P001905",17,2010-02-05
"P001905",54,2010-06-01
"P001905",10,2011-03-26
"P001905",13,2018-07-31
"P001905",65,2021-05-24
"P001905",19,2022-01-25
"P001905",23,2030-03-18
"P001905",6,2030-04-01
"P001906",14,2013-03-27
"P001907",24,1981-05-12
"P001907",27,1981-05-22
"P001907",54,1986-01-18
"P001907",36,1987-08-21
"P001907",30,1997-11-19
"P001907",11,2000-08-14
"P001907",34,2008-10-04
"P001908",23,2010-08-03
"P001908",41,2014-11-27
"P001908",11,2026-01-31
"P001908",36,2030-12-20
"P001908",43,2032-04-22
"P001908",35,2033-02-13
"P001908",19,2037-12-09
"P001909",28,2019-01-12
"P001909",52,2023-09-23
"P001909",8,2036-09-30
"P001909",30,2043-10-17
"P001910",41,1999-11-14
"P001911",26,1973-04-30
"P001911",16,1974-01-11
"P001911",3,1975-11-07
"P001911",1,1982-08-09
"P001911",66,1998-03-06
"P001912",24,1969-12-24
"P001912",42,1977-02-10
"P001912",15,1991-02-26
"P001912",2,2002-09-21
"P001913",42,2016-01-08
"P001913",27,2017-02-09
"P001913",49,2017-07-26
"P001913",2,2018-10-08
"P001913",50,2030-06-17
"P001913",17,2031-07-11
"P001913",64,2033-08-09
"P001913",25,2036-04-15
"P001913",23,2038-08-26
"P001913",57,2039-07-14
"P001913",39,2040-06-10
"P001913",9,2042-06-24
"P001913",2,2044-06-08
"P001913",30,2046-02-14
"P001914",44,2008-01-29
"P001915",4,1990-09-29
"P001915",58,1991-07-12
"P001915",34,1992-11-15
"P001915",32,1993-08-28
"P001915",32,1995-01-15
"P001915",26,1999-02-27
"P001915",66,2000-09-27
"P001915",36,2001-03-22
"P001915",28,2020-07-17
"P001915",10,2021-07-26
"P001915",28,2024-09-15
"P001915",28,2024-12-26
"P001916",63,1965-10-03
"P001916",3,1973-10-17
"P001916",28,1976-03-02
"P001916",11,1978-08-18
"P001916",11,1987-09-24
"P001916",37,1989-01-28
"P001916",55,1995-05-17
"P001916",28,1997-04-26
"P001916",12,1997-08-07
"P001917",25,1996-06-04
"P001917",49,2003-10-15
"P001917",28,2009-11-14
"P001917",2,2015-09-01
"P001917",33,2017-03-04
"P001917",15,2017-07-15
"P001917",33,2018-06-13
"P001917",39,2024-07-20
"P001917",34,2024-11-09
"P001918",3,1985-10-11
"P001918",2,1989-06-17
"P001918",24,1991-01-22
"P001918",49,1992-01-11
"P001918",1,1996-05-29
"P001918",7,2003-04-07
"P001918",29,2004-11-13
"P001919",27,1981-06-03
"P001919",2,1985-05-07
"P001919",48,1985-06-03
"P001919",12,1986-01-09
"P001919",20,1988-12-03
"P001919",14,2002-07-22
"P001920",43,2007-03-07
"P001920",18,2008-04-15
"P001920",21,2009-11-28
"P001920",12,2009-12-06
"P001920",14,2010-07-20
"P001920",52,2023-07-22
"P001921",44,1976-10-02
"P001921",61,1983-02-04
"P001922",8,1990-06-09
"P001922",6,1995-11-13
"P001922",4,2001-07-17
"P001922",4,2025-06-22
"P001922",66,2026-03-27
"P001923",24,1978-08-30
"P001923",6,1991-09-27
"P001923",4,2003-02-18
"P001923",58,2012-05-04
"P001923",11,2012-05-04
"P001924",1,2024-04-08
"P001924",63,2026-03-09
"P001924",12,2051-11-02
"P001925",54,1983-06-14
"P001925",18,1985-03-08
"P001925",41,1985-10-12
"P001925",55,1985-11-06
"P001925",14,1987-05-17
"P001925",31,1993-08-17
"P001925",23,2000-06-10
"P001926",44,1997-03-01
"P001927",58,2004-01-12
"P001927",65,2021-05-04
"P001927",19,2037-11-22
"P001927",25,2038-06-18
"P001928",5,2004-03-10
"P001928",43,2008-08-16
"P001929",54,2002-02-14
"P001929",49,2011-08-31
"P001929",5,2014-07-25
"P001929",43,2018-10-30
"P001929",6,2022-11-21
"P001929",1,2023-06-18
"P001930",18,2038-08-26
"P001930",57,2039-11-02
"P001931",4,2010-03-03
"P001931",19,2013-04-05
"P001931",6,2018-09-07
"P001931",25,2030-08-12
"P001932",35,1995-03-18
"P001932",6,2003-12-29
"P001932",47,2021-09-01
"P001933",16,2020-12-02
"P001933",15,2021-05-27
"P001933",39,2023-02-27
"P001933",19,2023-06-16
"P001933",2,2027-03-01
"P001933",2,2029-01-10
"P001933",3,2030-10-03
"P001934",62,1974-06-20
"P001934",13,2001-04-30
"P001934",4,2006-08-16
"P001935",55,1979-04-19
"P001935",3,1980-06-25
"P001935",11,1980-09-14
"P001935",3,1982-12-28
"P001935",39,1992-03-26
"P001935",27,2004-02-12
"P001935",61,2004-04-24
"P001935",33,2004-06-20
"P001935",48,2004-09-18
"P001935",53,2005-02-03
"P001935",28,2010-01-04
"P001935",39,2011-04-17
"P001936",28,1976-07-26
"P001936",1,1976-08-16
"P001936",49,1976-08-18
"P001936",2,1976-10-01
"P001936",64,1977-02-04
"P001936",24,1977-02-12
"P001936",14,1977-06-25
"P001936",50,1978-11-23
"P001936",10,1986-12-28
"P001936",12,1991-11-25
"P001936",23,1997-12-12
"P001937",1,2022-09-18
"P001937",6,2030-10-21
"P001937",23,2031-11-21
"P001937",60,2033-07-21
"P001937",12,2034-12-04
"P001937",7,2047-10-13
"P001937",57,2049-07-13
"P001938",23,1988-10-07
"P001938",1,1992-03-19
"P001938",9,2004-12-29
"P001938",25,2005-11-13
"P001938",11,2011-07-28
"P001938",6,2012-06-26
"P001938",3,2016-09-11
"P001938",44,2019-12-14
"P001939",10,2001-07-04
"P001939",52,2005-05-29
"P001939",1,2030-04-28
"P001940",6,1983-10-06
"P001940",14,1984-07-29
"P001940",47,1987-11-01
"P001940",1,1992-05-01
"P001941",36,2021-11-20
"P001941",15,2031-11-30
"P001941",1,2035-07-07
"P001941",60,2036-05-31
"P001941",67,2039-02-17
"P001941",29,2039-12-13
"P001942",50,1992-02-11
"P001942",3,1992-08-28
"P001942",2,1999-12-25
"P001942",34,2000-06-12
"P001942",54,2012-03-20
"P001943",62,1999-05-30
"P001943",44,2001-06-23
"P001943",14,2002-04-18
"P001943",3,2005-03-08
"P001943",4,2006-12-19
"P001943",14,2010-08-07
"P001943",13,2010-10-02
"P001943",32,2019-07-30
"P001943",3,2021-09-26
"P001944",4,2016-07-25
"P001944",26,2018-04-27
"P001944",66,2019-01-03
"P001944",28,2040-10-13
"P001944",28,2042-10-26
"P001944",30,2043-08-12
"P001944",55,2044-01-31
"P001945",3,1970-10-24
"P001945",3,1971-01-09
"P001945",35,1972-03-14
"P001945",40,1972-06-08
"P001945",29,1972-12-03
"P001945",61,1974-08-22
"P001945",35,1975-01-08
"P001945",40,1975-03-13
"P001945",47,1975-03-18
"P001945",64,1976-04-14
"P001945",45,1977-05-16
"P001945",35,1979-04-15
"P001945",2,1998-09-21
"P001946",27,1969-04-23
"P001946",3,1969-08-01
"P001946",35,1971-01-19
"P001946",28,1975-03-15
"P001946",1,1996-01-20
"P001947",17,2006-12-26
"P001947",65,2008-03-12
"P001947",2,2010-09-09
"P001947",18,2010-10-12
"P001947",50,2011-07-13
"P001947",7,2013-04-09
"P001947",4,2015-02-22
"P001947",17,2016-12-12
"P001947",27,2031-04-26
"P001947",65,2031-06-06
"P001947",58,2032-01-23
"P001948",57,2005-06-13
"P001948",61,2010-11-17
"P001948",61,2011-04-04
"P001948",22,2011-05-13
"P001948",57,2011-08-03
"P001948",33,2011-08-25
"P001948",42,2012-01-09
"P001948",11,2013-09-26
"P001948",36,2014-05-29
"P001948",24,2015-08-28
"P001948",57,2016-03-11
"P001948",30,2016-12-16
"P001948",35,2017-09-20
"P001950",1,2032-12-17
"P001950",12,2036-05-22
"P001950",14,2040-04-07
"P001950",55,2044-01-26
"P001950",2,2045-07-30
"P001950",50,2045-12-22
"P001950",41,2046-06-14
"P001950",34,2047-09-22
"P001951",15,2040-11-05
"P001951",15,2043-02-02
"P001951",31,2045-07-01
"P001952",44,2024-06-18
"P001952",14,2024-08-13
"P001952",26,2028-06-05
"P001952",10,2028-09-26
"P001952",16,2029-12-09
"P001952",57,2030-04-09
"P001952",44,2033-02-20
"P001952",28,2033-05-25
"P001953",5,1987-08-31
"P001953",28,2001-01-17
"P001953",14,2002-06-20
"P001954",41,1986-11-08
"P001954",15,1991-04-15
"P001954",16,1996-09-04
"P001954",24,2015-08-15
"P001954",1,2016-09-19
"P001955",1,2015-06-12
"P001955",28,2015-07-19
"P001955",30,2016-02-16
"P001955",3,2016-10-11
"P001955",62,2019-02-10
"P001955",46,2019-12-28
"P001955",55,2020-01-04
"P001955",8,2020-06-13
"P001955",31,2023-01-26
"P001955",41,2041-05-15
"P001955",6,2043-06-12
"P001955",18,2043-08-24
"P001956",12,1996-02-03
"P001956",43,1996-03-05
"P001956",52,2000-09-06
"P001957",14,1997-10-12
"P001957",9,1998-05-16
"P001957",49,1998-12-19
"P001957",1,1999-02-12
"P001957",58,1999-08-22
"P001957",61,2003-07-04
"P001957",3,2008-10-21
"P001957",30,2011-01-31
"P001958",23,1997-09-14
"P001958",2,1998-09-28
"P001958",14,2011-05-31
"P001960",8,2000-02-07
"P001960",16,2002-08-18
"P001960",4,2003-06-07
"P001960",65,2009-03-09
"P001960",52,2023-04-07
"P001960",4,2024-11-11
"P001960",46,2025-11-15
"P001960",23,2031-09-06
"P001961",28,1996-04-08
"P001961",18,2020-04-18
"P001961",10,2021-12-11
"P001962",7,1992-03-16
"P001962",62,2006-01-24
"P001962",6,2006-04-19
"P001962",61,2008-02-18
"P001962",11,2013-03-30
"P001963",62,1998-10-18
"P001963",51,1999-12-15
"P001964",4,2000-04-04
"P001964",9,2000-10-16
"P001964",15,2002-04-23
"P001964",44,2003-12-10
"P001965",43,2024-07-24
"P001965",28,2039-09-28
"P001966",23,2019-08-23
"P001966",2,2034-01-16
"P001966",10,2042-02-20
"P001967",27,1974-10-24
"P001967",18,1992-05-19
"P001967",2,1993-05-01
"P001968",11,2015-02-27
"P001968",36,2019-06-20
"P001968",26,2028-04-19
"P001968",21,2028-06-08
"P001968",21,2029-04-20
"P001968",13,2029-07-17
"P001968",2,2041-10-09
"P001968",14,2042-09-18
"P001969",12,2019-01-02
"P001969",21,2025-07-11
"P001969",35,2037-05-25
"P001969",14,2037-09-11
"P001969",9,2039-04-15
"P001969",24,2044-08-21
"P001969",49,2046-05-13
"P001969",42,2048-10-04
"P001970",49,2007-01-18
"P001970",47,2017-04-24
"P001970",45,2019-02-01
"P001970",28,2019-04-17
"P001970",25,2023-02-19
"P001970",16,2024-03-24
"P001970",28,2039-11-03
"P001971",4,2002-05-18
"P001971",58,2019-02-16
"P001971",63,2019-11-10
"P001971",38,2020-02-16
"P001971",25,2021-09-05
"P001971",49,2023-04-04
"P001971",56,2027-03-01
"P001971",1,2033-01-25
"P001972",25,1973-05-22
"P001972",40,1988-01-07
"P001972",44,1990-02-06
"P001972",12,1990-12-22
"P001972",27,1994-01-08
"P001972",24,1994-05-09
"P001973",1,1975-03-31
"P001973",60,1975-09-15
"P001973",24,1977-01-12
"P001973",12,1986-09-17
"P001973",4,1988-04-17
"P001973",46,1989-10-18
"P001973",8,1993-06-29
"P001973",56,2013-05-05
"P001974",30,1993-07-03
"P001974",3,2001-04-14
"P001974",39,2003-03-30
"P001974",27,2004-10-17
"P001975",43,1967-08-10
"P001975",52,1968-05-03
"P001975",42,1981-10-01
"P001975",30,2002-09-16
"P001976",44,2018-08-12
"P001977",49,1999-07-20
"P001977",53,2005-10-02
"P001977",27,2014-09-22
"P001977",26,2015-08-05
"P001977",38,2016-11-10
"P001977",56,2018-04-10
"P001978",61,1997-09-09
"P001978",8,1999-08-07
"P001978",54,2000-01-31
"P001978",8,2017-10-15
"P001978",28,2021-11-24
"P001979",4,2016-05-19
"P001979",8,2023-09-04
"P001979",26,2029-01-30
"P001979",64,2029-11-13
"P001980",6,1995-03-26
"P001980",1,1997-05-01
"P001980",25,2026-08-07
"P001981",41,2019-08-20
"P001981",13,2020-03-08
"P001981",2,2021-07-01
"P001981",62,2022-01-10
"P001981",49,2026-08-10
"P001981",22,2030-04-03
"P001981",17,2034-09-13
"P001981",8,2035-09-11
"P001981",8,2036-01-26
"P001981",9,2039-06-20
"P001982",35,1972-12-24
"P001982",18,1981-04-01
"P001982",30,1991-11-22
"P001982",2,1995-06-14
"P001982",25,2009-11-12
"P001983",28,1992-11-19
"P001983",10,1994-04-08
"P001983",41,2003-07-15
"P001984",26,1995-08-27
"P001984",28,1998-08-22
"P001984",40,1998-09-23
"P001984",47,1999-07-31
"P001984",66,2001-05-10
"P001984",3,2001-10-14
"P001984",11,2031-10-15
"P001985",58,2027-07-02
"P001985",53,2039-03-19
"P001986",6,2014-07-01
"P001986",23,2023-09-24
"P001986",66,2024-03-14
"P001986",25,2028-01-29
"P001986",21,2028-06-16
"P001986",7,2033-05-30
"P001987",21,2008-12-05
"P001987",52,2016-12-02
"P001987",1,2020-10-07
"P001987",52,2022-08-31
"P001987",55,2026-06-08
"P001987",2,2029-12-20
"P001987",47,2039-06-17
"P001987",15,2043-12-19
"P001987",18,2045-07-02
"P001987",18,2045-09-12
"P001987",7,2046-06-03
"P001987",13,2048-02-18
"P001988",11,1997-05-28
"P001988",42,1998-09-08
"P001988",18,2006-08-13
"P001989",22,1976-09-06
"P001989",47,1996-07-02
"P001989",55,2002-09-02
"P001990",3,1997-09-14
"P001990",52,2000-11-29
"P001990",54,2009-06-05
"P001991",18,2006-06-01
"P001991",38,2014-09-02
"P001991",56,2018-01-28
"P001992",50,2013-07-25
"P001992",16,2025-11-22
"P001992",41,2027-03-15
"P001992",9,2035-08-09
"P001992",7,2037-06-25
"P001992",47,2038-12-25
"P001992",14,2042-06-16
"P001993",23,1988-09-20
"P001993",1,1989-09-22
"P001993",8,1997-10-31
"P001994",24,2014-05-02
"P001994",6,2019-02-12
"P001994",11,2025-09-23
"P001994",49,2027-09-26
"P001994",54,2029-04-30
"P001994",21,2029-09-01
"P001994",62,2035-05-29
"P001994",23,2036-07-13
"P001994",67,2037-03-18
"P001994",39,2037-04-21
"P001994",11,2037-07-17
"P001994",43,2037-11-25
"P001994",2,2042-11-13
"P001995",21,2039-12-16
"P001995",1,2041-07-29
"P001995",1,2043-09-06
"P001995",53,2049-12-07
"P001995",16,2051-05-23
"P001996",40,1985-07-07
"P001996",6,1990-01-12
"P001996",26,1997-01-29
"P001996",2,2020-06-04
"P001996",33,2023-02-20
"P001997",28,1983-02-26
"P001997",4,1989-10-31
"P001997",28,1996-06-07
"P001997",1,2001-08-26
"P001997",14,2007-04-06
"P001998",38,2037-07-24
"P001998",4,2038-01-26
"P001998",25,2038-11-13
"P001998",3,2043-02-05
"P001998",23,2046-08-18
"P001999",14,1999-06-03
"P001999",43,2007-11-25
"P001999",6,2009-12-04
"P001999",60,2010-06-09
"P001999",23,2015-01-05
"P002000",65,2011-01-02
"P002000",18,2011-05-10
"P002000",2,2012-12-17
"P002000",18,2016-05-01
"P002000",56,2016-09-08
"P002000",10,2017-04-19
"P002000",61,2017-10-16
"P002000",10,2017-12-10
"P002000",11,2017-12-30
"P002000",33,2018-12-28
"P002000",53,2021-04-12
"P002000",55,2021-06-24
"P002000",6,2023-02-05
"P002000",63,2037-02-13
"P002000",25,2039-01-20
"P002000",27,2039-06-12
"P002001",12,1974-07-22
"P002001",30,1977-10-21
"P002001",28,1989-12-12
"P002001",56,1996-04-10
"P002001",2,1998-07-19
"P002002",52,1994-05-18
"P002002",5,2005-06-11
"P002002",14,2005-11-12
"P002003",18,1962-11-16
"P002003",26,1963-08-14
"P002003",22,1967-03-14
"P002004",2,1980-10-03
"P002004",24,1982-05-06
"P002004",43,1982-05-15
"P002004",13,1985-01-29
"P002004",55,2003-03-25
"P002004",39,2004-10-12
"P002005",27,2014-01-26
"P002006",2,1970-11-18
"P002006",3,1976-07-24
"P002006",30,2001-04-16
"P002006",6,2002-11-29
"P002006",23,2003-07-25
"P002007",18,1995-03-04
"P002007",18,1998-11-28
"P002007",53,2005-03-20
"P002007",50,2007-01-27
"P002007",4,2016-01-07
"P002007",20,2021-08-21
"P002008",6,1981-07-26
"P002008",14,1983-07-14
"P002008",47,1984-07-11
"P002008",60,1985-11-14
"P002008",18,1989-05-18
"P002009",14,2004-01-04
"P002009",6,2008-04-11
"P002010",43,1986-08-16
"P002010",43,1986-12-21
"P002010",52,1991-09-30
"P002010",23,1996-07-01
"P002010",6,2004-09-09
"P002010",14,2005-01-04
"P002010",47,2005-09-11
"P002010",49,2015-08-26
"P002011",21,1999-05-31
"P002011",55,2019-06-20
"P002011",6,2026-03-27
"P002011",10,2029-03-16
"P002012",61,2015-04-03
"P002012",15,2015-11-19
"P002013",53,1979-05-20
"P002013",7,1985-04-04
"P002013",28,1986-02-10
"P002014",39,2002-12-24
"P002014",55,2013-01-08
"P002014",26,2024-08-25
"P002015",1,2037-07-26
"P002015",52,2043-05-22
"P002015",55,2044-09-07
"P002015",28,2045-07-26
"P002015",49,2052-04-04
"P002016",23,2032-08-27
"P002016",40,2035-09-25
"P002016",20,2043-06-08
"P002016",26,2051-08-14
"P002017",47,2000-11-10
"P002017",24,2004-12-18
"P002017",44,2005-05-01
"P002017",62,2010-09-15
"P002017",15,2012-05-13
"P002017",11,2014-04-20
"P002018",12,1993-07-14
"P002019",4,2016-08-24
"P002019",18,2021-08-08
"P002019",32,2026-03-14
"P002020",38,1994-01-19
"P002020",18,2016-04-12
"P002020",52,2019-12-28
"P002020",47,2021-07-25
"P002020",3,2026-09-03
"P002020",28,2028-05-18
"P002021",1,1986-09-01
"P002021",54,2005-01-03
"P002022",15,2012-08-30
"P002022",60,2013-05-26
"P002022",9,2022-08-24
"P002022",1,2024-03-20
"P002022",48,2041-03-07
"P002022",48,2041-07-06
"P002023",14,1987-03-10
"P002023",34,1991-08-21
"P002023",28,1992-08-18
"P002023",1,1993-04-08
"P002023",28,1999-07-01
"P002023",65,2001-03-07
"P002023",25,2002-04-09
"P002023",58,2026-12-01
"P002024",43,2026-11-05
"P002024",15,2035-12-28
"P002024",12,2036-10-17
"P002024",18,2043-11-02
"P002024",18,2045-03-11
"P002024",10,2045-06-05
"P002025",4,2014-12-08
"P002025",46,2015-08-07
"P002025",30,2018-03-28
"P002025",61,2021-05-28
"P002026",55,1997-07-30
"P002026",6,2003-01-07
"P002026",55,2003-01-22
"P002026",52,2008-08-07
"P002026",37,2022-03-04
"P002026",61,2022-03-23
"P002027",27,2014-09-20
"P002027",65,2015-03-11
"P002027",23,2024-06-03
"P002028",6,1972-06-04
"P002028",27,1973-04-07
"P002028",21,1981-02-03
"P002028",63,1990-11-30
"P002028",26,1993-10-20
"P002028",52,1995-08-10
"P002028",28,1998-02-12
"P002028",62,1999-01-09
"P002028",23,1999-10-27
"P002029",6,1980-05-29
"P002029",27,1981-06-25
"P002029",26,1984-12-03
"P002029",14,1997-02-13
"P002029",28,1999-09-21
"P002029",8,2007-02-18
"P002029",27,2011-09-13
"P002030",15,1985-07-02
"P002030",26,2007-07-16
"P002031",30,2006-04-22
"P002031",34,2006-09-29
"P002031",41,2022-02-13
"P002031",6,2022-06-18
"P002031",34,2023-03-07
"P002031",24,2030-07-07
"P002031",21,2041-07-18
"P002032",23,1980-05-16
"P002032",32,1981-04-17
"P002032",61,1986-05-20
"P002032",56,1987-03-24
"P002032",35,1988-06-13
"P002032",24,1988-07-25
"P002032",25,2000-03-20
"P002032",11,2002-07-21
"P002032",38,2005-07-25
"P002033",61,2012-05-06
"P002033",6,2013-03-13
"P002033",62,2027-02-25
"P002033",13,2042-07-09
"P002033",12,2047-05-11
"P002033",5,2047-06-24
"P002034",10,2003-04-01
"P002034",14,2020-09-04
"P002035",31,1991-01-11
"P002035",63,1991-12-29
"P002035",63,1992-02-10
"P002035",34,1992-04-27
"P002035",44,1993-03-14
"P002035",34,1993-07-15
"P002035",32,1995-01-21
"P002035",18,1996-03-31
"P002035",11,1996-07-22
"P002035",8,1997-08-19
"P002035",15,2006-10-26
"P002035",2,2008-05-17
"P002036",26,1979-12-05
"P002036",2,1982-08-11
"P002036",50,1984-03-19
"P002036",24,1984-07-23
"P002036",24,1985-08-05
"P002036",17,1987-01-01
"P002036",2,1994-12-14
"P002036",44,1995-04-28
"P002036",61,1995-05-24
"P002036",24,1995-05-28
"P002036",57,1995-08-16
"P002036",26,1999-01-22
"P002036",24,2001-04-03
"P002036",14,2011-04-22
"P002036",58,2011-10-04
"P002036",28,2016-02-04
"P002037",55,2023-02-23
"P002037",3,2023-12-21
"P002037",49,2024-04-22
"P002037",61,2028-02-22
"P002037",4,2039-05-12
"P002037",14,2040-07-08
"P002037",44,2045-02-12
"P002037",2,2052-01-16
"P002038",47,2001-08-12
"P002038",3,2001-10-18
"P002038",30,2004-03-19
"P002038",23,2014-06-02
"P002038",62,2015-12-29
"P002038",64,2018-02-19
"P002038",48,2026-08-15
"P002038",18,2037-04-23
"P002039",30,2032-02-02
"P002039",34,2032-05-24
"P002040",43,1970-01-14
"P002040",6,1973-07-10
"P002040",4,1973-07-28
"P002040",61,1978-12-14
"P002040",26,1981-06-07
"P002040",1,1990-06-11
"P002040",57,1994-11-19
"P002040",2,1997-12-05
"P002040",50,1998-02-17
"P002041",61,1963-12-29
"P002041",2,1973-08-11
"P002041",50,1974-04-09
"P002041",67,1975-01-18
"P002041",52,1978-05-04
"P002041",15,1995-07-20
"P002042",2,2006-07-09
"P002042",40,2010-08-18
"P002042",20,2033-11-06
"P002042",18,2037-07-26
"P002043",2,2004-09-03
"P002043",62,2030-05-23
"P002044",57,2032-08-13
"P002044",52,2033-10-04
"P002045",23,1999-08-23
"P002045",55,2002-08-21
"P002046",28,1980-03-16
"P002046",18,1981-04-05
"P002046",2,1996-06-28
"P002046",61,2003-12-10
"P002047",18,2006-03-08
"P002047",38,2011-04-07
"P002047",27,2015-06-20
"P002047",2,2022-08-13
"P002047",23,2024-04-25
"P002047",11,2030-04-10
"P002048",3,1989-08-19
"P002048",30,1992-08-01
"P002048",65,1993-04-30
"P002049",27,2012-06-05
"P002050",28,1981-01-08
"P002050",30,1982-04-03
"P002050",14,1982-10-03
"P002050",53,1992-07-01
"P002050",22,2002-01-09
"P002050",18,2008-02-15
"P002050",3,2010-08-07
"P002051",28,1988-02-14
"P002051",38,1991-08-22
"P002051",3,1996-09-20
"P002051",55,2003-06-11
"P002052",47,2030-12-06
"P002053",66,2022-12-10
"P002053",61,2023-01-22
"P002053",53,2026-08-29
"P002053",45,2027-03-21
"P002053",49,2027-04-04
"P002054",16,2000-04-09
"P002054",54,2000-08-25
"P002054",28,2001-01-03
"P002054",6,2003-11-25
"P002054",28,2006-04-20
"P002054",62,2017-12-24
"P002054",17,2018-04-19
"P002054",65,2018-09-23
"P002054",3,2022-11-27
"P002054",64,2023-06-24
"P002054",53,2032-03-04
"P002054",30,2033-03-18
"P002055",50,1978-12-29
"P002055",11,2002-07-23
"P002056",5,2000-05-31
"P002057",41,2015-11-09
"P002057",2,2030-12-31
"P002058",15,2001-12-26
"P002058",55,2012-08-03
"P002058",28,2017-09-18
"P002059",2,2020-04-29
"P002059",33,2021-06-19
"P002059",42,2022-02-04
"P002059",6,2030-04-24
"P002059",2,2032-07-31
"P002059",23,2033-09-03
"P002059",67,2034-07-28
"P002059",6,2035-03-30
"P002059",44,2039-04-09
"P002059",13,2044-06-25
"P002060",4,2016-02-03
"P002062",24,1982-11-20
"P002062",3,1988-06-26
"P002062",27,1998-07-07
"P002063",3,1987-08-08
"P002063",55,2000-01-08
"P002063",18,2002-07-28
"P002063",6,2003-04-26
"P002063",8,2009-05-01
"P002064",14,1979-10-27
"P002064",4,1985-08-07
"P002064",32,1985-09-25
"P002064",50,2002-07-10
"P002064",24,2006-06-10
"P002065",28,1977-12-17
"P002065",49,1978-03-03
"P002065",43,1995-04-30
"P002066",52,2000-11-29
"P002066",3,2002-10-17
"P002066",8,2027-05-22
"P002066",4,2031-10-03
"P002066",44,2035-08-07
"P002066",24,2037-01-11
"P002067",7,1979-12-31
"P002067",13,1980-06-13
"P002067",22,1988-02-29
"P002067",8,1994-12-28
"P002068",18,2001-12-21
"P002068",6,2007-09-20
"P002068",44,2009-07-19
"P002068",27,2024-08-08
"P002068",1,2025-09-02
"P002069",14,1983-12-19
"P002069",52,1985-10-20
"P002069",55,1985-12-22
"P002069",50,1991-01-10
"P002069",52,2005-07-03
"P002069",1,2008-07-04
"P002069",55,2012-06-08
"P002069",26,2013-12-06
"P002070",23,2011-02-24
"P002070",7,2013-06-02
"P002070",36,2037-05-07
"P002070",22,2042-03-25
"P002070",62,2046-12-21
"P002072",1,1985-04-20
"P002072",6,1988-11-20
"P002072",1,2002-10-07
"P002072",12,2002-10-26
"P002072",28,2003-12-09
"P002072",39,2007-11-23
"P002072",35,2009-11-16
"P002073",1,1985-10-02
"P002073",63,1985-10-31
"P002073",23,1999-07-24
"P002073",23,2011-08-12
"P002074",38,1984-10-07
"P002074",13,1989-05-28
"P002074",3,1995-01-21
"P002074",4,1998-02-14
"P002074",14,2008-03-24
"P002074",1,2019-08-07
"P002074",49,2023-04-15
"P002075",26,1994-01-08
"P002075",60,2006-11-18
"P002075",1,2021-10-26
"P002076",28,2033-08-04
"P002076",56,2039-01-22
"P002076",47,2047-02-12
"P002076",42,2048-02-11
"P002076",30,2048-05-18
"P002076",32,2048-07-21
"P002077",50,1987-07-28
"P002077",28,2002-08-04
"P002077",1,2008-10-29
"P002078",25,1970-02-04
"P002078",33,1987-11-12
"P002078",4,1996-01-10
"P002079",4,2022-09-24
"P002079",15,2024-12-27
"P002079",21,2026-06-14
"P002079",4,2030-11-14
"P002080",56,1970-02-04
"P002080",28,1974-07-10
"P002080",10,1984-01-01
"P002080",21,1986-05-16
"P002080",40,1996-10-12
"P002080",63,1997-10-01
"P002081",61,1974-03-28
"P002081",40,1982-11-23
"P002081",24,1983-11-02
"P002081",4,1984-09-26
"P002081",58,1985-03-22
"P002081",26,1985-12-17
"P002081",23,1986-01-17
"P002081",42,2007-09-20
"P002082",8,1977-07-26
"P002082",42,1979-11-20
"P002082",31,1991-08-25
"P002082",44,1999-11-30
"P002083",24,1980-06-17
"P002083",60,1981-12-04
"P002083",64,1984-05-10
"P002083",18,2007-09-13
"P002084",60,1990-12-07
"P002084",37,1990-12-08
"P002084",64,1992-03-10
"P002084",52,1999-04-14
"P002084",17,2010-07-06
"P002084",23,2010-11-18
"P002084",6,2012-10-27
"P002085",28,1986-09-21
"P002085",53,2003-06-17
"P002085",45,2003-11-26
"P002085",66,2005-06-03
"P002085",26,2009-01-30
"P002085",62,2011-08-22
"P002085",12,2012-11-17
"P002085",65,2016-04-29
"P002086",26,2009-02-17
"P002086",14,2012-08-06
"P002086",23,2025-02-08
"P002086",61,2037-07-25
"P002086",47,2038-03-02
"P002086",52,2038-08-12
"P002087",55,1985-03-12
"P002087",46,1985-07-30
"P002087",50,1995-09-05
"P002087",3,2002-05-19
"P002088",18,1995-05-09
"P002088",16,1996-10-20
"P002088",1,1998-01-09
"P002089",21,2046-08-03
"P002090",8,2017-12-30
"P002090",28,2022-05-15
"P002090",4,2027-06-16
"P002090",7,2034-12-25
"P002091",3,1986-06-20
"P002091",2,1998-06-11
"P002092",31,1975-12-10
"P002092",27,1977-08-09
"P002092",41,1982-01-21
"P002092",3,1982-05-01
"P002092",15,1982-06-02
"P002092",30,1984-09-16
"P002092",2,1994-09-12
"P002092",55,1998-11-29
"P002092",41,1999-04-18
"P002092",19,2001-02-04
"P002092",28,2001-04-10
"P002092",10,2001-12-04
"P002092",43,2002-08-07
"P002092",5,2005-06-23
"P002092",32,2008-04-24
"P002092",48,2008-08-23
"P002093",52,1974-02-04
"P002093",61,1993-09-18
"P002093",41,1994-01-19
"P002093",13,1998-12-26
"P002093",65,1999-09-25
"P002094",61,2005-05-03
"P002094",15,2005-11-19
"P002094",51,2008-12-29
"P002094",43,2022-05-13
"P002094",5,2022-07-16
"P002094",16,2022-08-15
"P002094",28,2022-12-03
"P002094",15,2024-01-21
"P002094",32,2024-01-22
"P002094",55,2024-03-30
"P002094",16,2024-08-09
"P002094",59,2027-06-22
"P002095",14,1999-10-25
"P002095",18,2023-04-05
"P002096",23,2016-05-13
"P002096",24,2031-06-30
"P002096",2,2042-12-23
"P002097",60,2002-09-07
"P002097",1,2005-10-07
"P002097",28,2028-03-03
"P002098",26,1996-09-03
"P002098",37,2000-04-30
"P002098",47,2001-06-04
"P002099",12,2026-01-08
"P002099",27,2027-07-03
"P002099",15,2031-07-10
"P002099",62,2046-05-19
"P002099",1,2046-06-09
"P002100",67,1968-01-28
"P002100",4,1968-10-26
"P002100",6,1971-05-21
"P002100",4,1973-01-08
"P002100",53,1974-01-20
"P002101",4,2012-10-05
"P002102",26,1978-05-18
"P002102",2,1981-03-19
"P002102",6,1981-07-31
"P002102",27,2002-05-04
"P002102",30,2002-06-04
"P002103",3,2002-06-07
"P002103",1,2006-09-22
"P002103",21,2012-07-08
"P002104",10,1996-09-24
"P002104",22,1999-03-30
"P002104",6,2005-06-02
"P002104",63,2017-01-07
"P002104",2,2020-10-10
"P002104",14,2022-11-13
"P002104",11,2023-12-02
"P002104",6,2034-02-11
"P002105",60,1987-10-10
"P002105",18,1989-04-12
"P002105",52,2000-01-15
"P002105",19,2001-02-24
"P002105",27,2002-03-17
"P002105",37,2002-07-31
"P002105",29,2004-03-23
"P002105",42,2005-10-17
"P002105",27,2015-09-23
"P002106",27,2031-11-07
"P002106",2,2039-07-25
"P002106",43,2043-04-05
"P002106",28,2047-01-21
"P002106",1,2049-04-21
"P002106",39,2051-01-08
"P002106",15,2052-07-06
"P002106",60,2053-05-14
"P002107",9,1970-11-21
"P002107",6,1971-03-08
"P002107",27,1972-05-07
"P002107",4,1979-10-21
"P002107",44,1979-10-24
"P002107",4,1989-01-01
"P002107",18,1993-09-29
"P002107",18,1993-10-11
"P002107",61,1994-12-01
"P002107",9,1996-02-21
"P002108",54,1987-07-11
"P002108",50,1987-08-30
"P002108",53,1996-07-21
"P002108",19,2000-09-25
"P002108",8,2012-05-05
"P002108",2,2013-09-28
"P002108",53,2013-10-12
"P002108",24,2013-12-24
"P002108",57,2014-09-03
"P002108",65,2015-04-21
"P002108",49,2015-08-02
"P002108",10,2016-03-07
"P002108",54,2018-11-06
"P002108",27,2020-04-16
"P002109",1,2024-01-06
"P002109",54,2042-10-01
"P002110",2,2041-06-06
"P002111",1,2016-10-11
"P002111",23,2020-09-20
"P002111",11,2021-11-09
"P002111",37,2023-04-23
"P002111",50,2023-07-26
"P002111",2,2023-12-04
"P002111",18,2024-10-28
"P002111",12,2027-03-04
"P002111",3,2031-08-31
"P002111",59,2034-08-19
"P002111",11,2039-05-19
"P002111",52,2049-06-15
"P002111",55,2051-07-21
"P002112",4,2006-03-02
"P002112",14,2021-07-11
"P002112",24,2022-08-29
"P002113",28,1974-11-28
"P002113",53,1986-10-31
"P002113",17,1993-10-14
"P002113",67,1994-02-09
"P002113",29,1995-04-22
"P002113",62,1996-05-30
"P002114",18,1967-08-02
"P002114",29,1967-08-09
"P002114",15,1967-09-29
"P002114",55,1969-06-05
"P002114",23,1973-01-25
"P002114",18,1973-03-27
"P002114",6,1975-03-17
"P002114",2,1975-09-05
"P002114",4,1978-06-30
"P002114",53,1979-09-28
"P002114",63,1980-09-01
"P002114",50,1981-07-12
"P002114",59,1986-05-02
"P002114",4,1988-02-01
"P002114",32,1992-03-01
"P002115",49,1967-06-03
"P002115",16,1968-02-27
"P002115",2,1968-04-07
"P002115",14,1969-03-15
"P002115",53,1969-11-05
"P002115",20,1972-01-10
"P002116",52,2013-01-19
"P002116",14,2018-10-18
"P002116",1,2022-08-05
"P002117",4,1990-01-10
"P002117",1,2001-09-30
"P002118",47,2015-02-14
"P002118",23,2015-12-25
"P002118",1,2018-10-11
"P002118",13,2021-06-18
"P002118",13,2021-07-20
"P002118",38,2025-04-26
"P002118",2,2025-12-30
"P002118",55,2040-06-04
"P002119",8,2008-02-14
"P002119",1,2009-03-31
"P002119",21,2011-08-13
"P002119",16,2019-01-12
"P002120",1,2022-05-11
"P002120",1,2024-05-31
"P002120",4,2038-01-14
"P002120",17,2038-03-16
"P002120",27,2038-06-08
"P002120",39,2038-09-07
"P002120",28,2038-10-27
"P002120",66,2039-09-26
"P002120",32,2039-11-03
"P002120",66,2040-04-08
"P002120",44,2040-07-19
"P002120",3,2040-11-30
"P002120",2,2042-03-07
"P002120",43,2043-07-30
"P002120",54,2043-08-05
"P002120",54,2043-08-15
"P002120",52,2044-07-18
"P002120",53,2045-11-21
"P002120",55,2046-03-15
"P002120",11,2046-10-24
"P002121",3,2017-12-12
"P002121",62,2027-06-12
"P002121",65,2031-05-19
"P002121",5,2031-07-22
"P002121",8,2034-09-14
"P002123",28,2010-09-28
"P002123",28,2015-03-21
"P002123",4,2015-09-03
"P002123",3,2015-10-27
"P002123",50,2021-07-10
"P002123",17,2026-02-02
"P002123",46,2026-03-15
"P002123",1,2029-07-31
"P002123",26,2031-06-15
"P002123",66,2032-02-27
"P002124",17,1997-02-22
"P002124",8,2006-05-18
"P002124",61,2014-06-17
"P002124",37,2020-09-29
"P002124",33,2021-12-19
"P002124",32,2022-12-27
"P002124",2,2023-04-06
"P002124",35,2027-05-09
"P002124",64,2027-08-01
"P002125",6,1990-05-06
"P002125",43,2011-07-28
"P002125",14,2020-11-08
"P002125",3,2026-08-31
"P002125",59,2026-12-07
"P002126",62,1981-11-20
"P002126",42,1985-08-31
"P002126",47,1994-01-14
"P002126",12,1994-09-28
"P002126",8,1995-03-11
"P002126",56,1997-02-01
"P002126",26,2009-12-04
"P002127",4,1967-04-16
"P002127",8,1967-07-01
"P002127",23,1975-05-28
"P002127",29,1975-08-01
"P002127",44,1988-07-07
"P002127",6,1993-09-13
"P002127",3,1995-12-19
"P002127",1,1995-12-31
"P002127",1,2001-08-02
"P002128",14,1972-12-01
"P002128",23,1983-03-24
"P002128",39,1983-10-09
"P002128",28,1986-09-19
"P002128",24,1994-04-10
"P002128",28,1999-11-21
"P002128",12,2001-11-03
"P002128",52,2006-08-24
"P002129",34,1968-02-21
"P002129",32,1969-05-11
"P002129",62,1979-03-03
"P002129",47,1980-06-25
"P002129",20,1981-07-30
"P002129",27,1986-07-31
"P002129",12,1997-08-14
"P002129",30,1998-09-22
"P002129",40,2000-04-21
"P002130",56,1987-02-08
"P002130",1,1988-07-28
"P002130",42,2000-12-21
"P002130",6,2014-02-26
"P002130",14,2014-12-11
"P002130",30,2017-01-03
"P002130",34,2017-05-24
"P002130",49,2017-11-23
"P002130",16,2018-04-21
"P002131",3,1976-10-11
"P002131",52,1987-10-13
"P002131",27,1998-08-14
"P002132",62,2019-09-12
"P002132",43,2048-06-04
"P002133",5,1998-03-20
"P002133",48,2012-02-22
"P002133",7,2013-04-12
"P002133",13,2014-12-09
"P002133",7,2016-11-22
"P002133",13,2017-04-11
"P002134",55,1999-08-09
"P002134",43,2003-12-31
"P002134",23,2014-04-08
"P002134",29,2016-07-01
"P002134",13,2019-09-01
"P002134",1,2021-04-28
"P002134",24,2027-03-06
"P002134",47,2027-10-08
"P002134",35,2028-02-09
"P002135",55,1967-08-29
"P002135",1,1971-04-20
"P002135",2,1976-11-06
"P002135",32,1985-04-26
"P002136",61,1980-08-15
"P002136",32,1982-01-24
"P002136",42,1985-03-11
"P002136",41,1987-05-22
"P002136",23,1993-06-01
"P002136",3,1994-04-09
"P002136",39,1994-06-11
"P002136",1,2006-08-08
"P002136",37,2008-07-28
"P002136",44,2010-01-07
"P002137",27,2019-06-17
"P002138",28,1984-07-11
"P002138",1,1984-10-25
"P002138",10,1985-07-28
"P002138",12,1985-12-10
"P002138",28,1987-03-18
"P002138",41,1991-10-09
"P002138",1,1995-12-11
"P002138",24,1996-01-06
"P002138",13,1997-06-19
"P002138",28,2006-06-19
"P002138",6,2016-09-20
"P002139",19,2002-02-27
"P002139",15,2008-02-11
"P002139",1,2012-07-08
"P002139",13,2014-01-06
"P002140",27,1983-03-31
"P002140",27,1983-07-25
"P002140",26,1983-08-02
"P002140",26,2012-08-18
"P002140",1,2012-11-03
"P002141",52,1982-11-21
"P002141",18,2008-07-06
"P002141",66,2009-12-26
"P002141",42,2010-06-09
"P002141",36,2011-11-12
"P002142",21,1999-02-10
"P002142",14,2009-04-23
"P002142",18,2018-07-24
"P002142",8,2018-07-30
"P002144",46,1988-04-26
"P002144",61,1996-10-10
"P002144",22,1997-05-04
"P002144",28,2003-05-07
"P002144",62,2004-06-10
"P002144",51,2004-10-03
"P002144",28,2016-09-07
"P002144",15,2020-02-14
"P002145",1,1985-04-16
"P002145",40,1993-05-08
"P002145",24,1994-08-17
"P002145",35,1995-07-12
"P002145",24,1998-11-18
"P002145",11,2009-04-27
"P002145",6,2016-11-07
"P002146",24,1986-06-28
"P002146",6,1992-05-21
"P002146",16,1995-03-17
"P002146",9,1995-11-17
"P002146",63,1995-12-26
"P002146",49,1998-01-04
"P002146",61,2000-02-10
"P002146",28,2005-04-15
"P002146",27,2005-08-01
"P002146",54,2007-12-06
"P002146",12,2021-05-10
"P002147",32,1970-03-29
"P002147",26,1994-03-14
"P002148",22,2010-12-11
"P002148",22,2014-04-19
"P002148",1,2028-06-26
"P002148",44,2029-03-12
"P002148",57,2034-09-25
"P002148",12,2035-04-24
"P002148",54,2036-02-19
"P002148",3,2037-02-01
"P002148",16,2037-04-08
"P002149",50,1992-09-29
"P002149",12,1995-11-25
"P002149",31,1996-11-28
"P002149",6,1999-10-20
"P002150",50,1985-04-09
"P002150",48,1986-09-23
"P002150",23,1995-04-09
"P002150",25,1997-10-20
"P002150",28,2000-12-04
"P002150",16,2001-06-23
"P002150",47,2019-05-05
"P002150",43,2020-04-26
"P002150",14,2021-05-23
"P002152",47,2017-09-03
"P002152",56,2018-03-11
"P002152",46,2018-11-26
"P002153",52,2014-03-14
"P002153",1,2025-01-22
"P002153",14,2025-05-23
"P002153",18,2033-10-12
"P002153",53,2039-12-10
"P002153",65,2040-08-29
"P002153",27,2041-08-22
"P002153",40,2042-11-22
"P002154",55,1979-11-02
"P002154",46,1984-03-12
"P002154",6,1987-04-18
"P002154",34,1987-11-11
"P002154",21,1988-05-25
"P002154",40,1993-01-01
"P002154",20,2006-03-08
"P002154",27,2009-03-23
"P002155",2,2029-09-11
"P002155",33,2032-02-28
"P002155",21,2036-02-19
"P002156",1,2013-10-25
"P002156",26,2015-05-04
"P002156",2,2015-09-03
"P002156",34,2016-03-31
"P002156",41,2016-11-06
"P002156",6,2023-07-23
"P002156",1,2023-09-01
"P002156",55,2025-08-16
"P002156",61,2028-02-23
"P002157",34,2008-08-20
"P002157",6,2027-08-15
"P002158",2,1977-09-29
"P002158",1,1990-04-26
"P002158",39,1990-11-28
"P002158",34,1991-07-30
"P002158",56,1991-12-20
"P002158",13,1994-01-06
"P002158",21,1995-03-13
"P002159",62,2018-01-02
"P002159",2,2037-09-14
"P002159",23,2041-06-01
"P002159",55,2046-05-22
"P002160",43,2002-07-06
"P002160",2,2006-05-11
"P002160",34,2008-07-04
"P002160",61,2014-02-26
"P002161",27,1988-02-26
"P002161",40,2000-08-20
"P002161",24,2000-09-28
"P002161",11,2009-05-11
"P002161",1,2012-02-02
"P002161",1,2018-08-05
"P002161",53,2019-04-10
"P002161",44,2021-04-30
"P002162",49,1992-03-15
"P002162",54,1993-07-21
"P002162",22,1998-12-21
"P002163",30,1981-05-22
"P002163",58,1991-06-14
"P002163",28,2004-04-22
"P002163",27,2012-02-10
"P002164",55,2013-10-15
"P002164",52,2014-03-07
"P002164",30,2025-08-10
"P002164",50,2031-06-21
"P002165",62,1998-10-01
"P002165",51,1999-08-27
"P002165",52,2005-07-19
"P002165",57,2006-05-26
"P002165",3,2007-05-23
"P002165",18,2008-08-24
"P002165",28,2008-08-28
"P002165",1,2008-09-18
"P002165",28,2014-07-01
"P002165",2,2015-12-31
"P002165",21,2025-08-25
"P002165",28,2029-07-02
"P002165",14,2031-03-04
"P002165",3,2036-05-03
"P002166",4,2021-10-08
"P002167",18,1963-07-11
"P002168",8,2014-12-15
"P002168",52,2015-03-17
"P002168",2,2031-07-15
"P002168",61,2035-03-20
"P002168",58,2036-11-13
"P002168",18,2037-02-09
"P002168",40,2038-08-14
"P002168",38,2038-10-17
"P002168",24,2039-04-14
"P002168",49,2040-08-15
"P002168",60,2040-09-25
"P002168",37,2041-01-14
"P002168",60,2046-06-28
"P002169",41,1973-05-17
"P002169",12,1973-07-28
"P002169",13,1978-08-16
"P002169",8,1984-09-17
"P002169",2,1991-06-05
"P002169",6,1994-11-29
"P002169",33,1996-02-03
"P002169",65,1996-08-02
"P002169",23,1997-09-08
"P002169",61,1998-05-19
"P002169",36,1998-12-02
"P002169",43,1999-10-15
"P002169",6,2000-02-25
"P002170",12,1988-08-09
"P002170",23,2006-06-24
"P002170",58,2010-07-25
"P002171",21,2022-05-13
"P002171",10,2024-10-04
"P002171",28,2025-09-14
"P002171",28,2033-02-16
"P002171",3,2035-12-31
"P002171",27,2036-12-03
"P002171",30,2037-08-09
"P002171",2,2040-08-15
"P002171",3,2048-10-03
"P002171",27,2049-12-12
"P002171",30,2050-01-05
"P002171",64,2050-04-24
"P002171",53,2050-05-07
"P002171",27,2051-02-06
"P002171",53,2051-03-29
"P002172",26,2008-10-19
"P002172",43,2010-08-07
"P002173",21,1984-11-02
"P002173",62,2017-04-04
"P002174",25,1974-12-31
"P002174",19,1976-01-19
"P002174",20,1980-10-17
"P002174",1,1981-03-31
"P002174",5,1985-06-21
"P002174",25,1997-10-06
"P002175",14,2004-08-01
"P002175",28,2005-08-16
"P002175",18,2009-07-01
"P002175",12,2010-06-30
"P002175",31,2011-07-26
"P002175",28,2027-02-12
"P002175",18,2039-06-08
"P002176",37,2013-11-13
"P002176",8,2039-04-29
"P002176",14,2040-09-05
"P002176",41,2040-11-11
"P002177",54,1987-03-01
"P002177",49,1991-07-27
"P002178",43,1991-09-23
"P002178",25,1999-04-27
"P002178",2,2013-08-25
"P002178",62,2018-12-20
"P002178",24,2023-04-05
"P002178",48,2024-02-18
"P002179",10,2034-03-04
"P002180",15,2026-07-09
"P002180",6,2034-11-01
"P002180",57,2037-03-04
"P002180",1,2037-06-19
"P002180",8,2039-10-16
"P002180",49,2042-01-30
"P002180",35,2045-09-05
"P002181",10,1989-10-03
"P002181",12,1992-12-06
"P002181",39,2006-04-20
"P002181",14,2007-11-30
"P002181",7,2010-04-01
"P002181",24,2017-11-27
"P002182",4,2007-01-01
"P002183",54,2020-12-02
"P002183",54,2022-02-11
"P002183",26,2026-10-23
"P002183",3,2027-02-14
"P002183",39,2027-11-28
"P002183",8,2028-10-05
"P002183",12,2039-11-03
"P002183",28,2042-08-11
"P002183",5,2043-04-21
"P002183",16,2049-03-01
"P002184",8,1995-05-11
"P002184",8,1996-03-16
"P002184",52,2003-10-28
"P002184",55,2003-11-15
"P002184",28,2003-12-22
"P002184",11,2004-06-15
"P002184",30,2015-03-23
"P002184",23,2032-05-23
"P002185",2,2001-07-17
"P002185",44,2005-07-04
"P002185",6,2020-07-16
"P002185",1,2026-01-12
"P002185",52,2030-12-04
"P002185",28,2032-01-05
"P002185",21,2032-10-08
"P002186",55,2004-11-13
"P002186",55,2005-09-16
"P002186",27,2006-05-24
"P002186",3,2006-11-27
"P002186",62,2007-06-14
"P002186",23,2009-01-01
"P002187",44,1999-05-10
"P002187",18,2029-07-15
"P002187",14,2029-10-28
"P002188",21,1977-10-01
"P002188",44,1980-10-26
"P002188",24,1981-05-22
"P002188",14,1994-09-14
"P002188",23,1997-07-22
"P002188",49,1999-04-29
"P002188",2,1999-10-06
"P002188",2,2000-02-05
"P002188",7,2001-10-13
"P002189",12,2027-10-29
"P002189",27,2028-02-20
"P002189",27,2028-04-12
"P002189",64,2028-07-14
"P002189",5,2029-12-28
"P002189",22,2043-01-14
"P002189",3,2043-03-04
"P002189",59,2043-07-05
"P002189",53,2043-07-31
"P002189",39,2046-06-26
"P002189",9,2049-05-29
"P002190",24,2006-09-08
"P002190",28,2010-11-23
"P002190",25,2023-04-11
"P002190",62,2024-07-12
"P002190",6,2025-09-16
"P002190",17,2026-05-28
"P002190",21,2026-10-11
"P002190",40,2034-01-13
"P002191",26,1970-11-05
"P002191",62,1977-08-25
"P002191",25,1977-12-05
"P002191",62,1981-04-09
"P002191",6,1981-08-17
"P002191",49,1985-10-16
"P002191",35,1998-12-25
"P002191",64,2002-04-27
"P002192",21,2000-11-30
"P002192",67,2001-03-27
"P002192",14,2001-05-20
"P002192",20,2012-01-06
"P002192",42,2013-12-30
"P002192",27,2025-02-05
"P002192",25,2032-01-03
"P002193",23,2022-03-08
"P002193",9,2022-12-30
"P002193",2,2027-05-17
"P002193",28,2041-09-22
"P002193",41,2043-05-13
"P002193",55,2043-11-28
"P002193",2,2043-12-27
"P002194",47,2005-08-19
"P002194",51,2016-09-18
"P002194",17,2017-01-02
"P002194",42,2017-01-05
"P002194",11,2023-04-30
"P002194",58,2023-09-22
"P002194",1,2024-03-06
"P002194",64,2025-11-09
"P002194",28,2026-02-11
"P002194",39,2027-09-05
"P002194",19,2028-11-18
"P002194",35,2033-01-24
"P002195",15,1988-11-10
"P002195",18,1989-07-23
"P002195",10,1990-05-22
"P002195",58,1991-02-07
"P002195",2,1991-09-27
"P002195",34,1993-02-10
"P002195",10,1993-06-02
"P002196",14,1981-12-28
"P002196",1,2008-11-19
"P002196",39,2009-12-08
"P002196",54,2011-09-24
"P002198",28,2036-12-23
"P002198",12,2046-06-18
"P002198",62,2047-12-03
"P002198",2,2049-11-17
"P002198",21,2051-04-25
"P002199",24,2004-09-24
"P002199",16,2010-06-28
"P002200",14,2004-12-25
"P002200",11,2015-05-11
"P002200",26,2016-06-30
"P002201",14,1962-12-05
"P002201",2,1984-08-23
"P002202",23,1964-07-19
"P002202",9,1965-03-17
"P002202",14,1970-01-11
"P002202",2,1970-12-31
"P002202",8,1974-06-01
"P002202",54,1977-12-28
"P002202",29,1993-04-19
"P002202",61,1999-07-29
"P002202",14,2000-08-01
"P002203",31,2007-09-22
"P002203",54,2023-12-06
"P002203",54,2023-12-10
"P002203",15,2029-09-03
"P002203",13,2030-06-03
"P002204",3,2014-11-22
"P002204",20,2020-12-10
"P002204",23,2028-04-24
"P002205",13,1999-12-10
"P002205",28,2010-04-27
"P002205",39,2011-12-11
"P002205",43,2012-06-29
"P002205",57,2016-12-03
"P002205",11,2021-05-16
"P002205",19,2021-10-19
"P002206",57,1974-09-22
"P002206",52,1985-08-15
"P002206",2,1988-10-04
"P002206",34,1990-01-02
"P002206",2,1990-01-13
"P002206",52,1991-09-15
"P002206",14,1992-06-18
"P002206",58,1992-08-20
"P002206",8,2002-09-02
"P002206",3,2005-02-13
"P002207",16,2011-12-19
"P002207",52,2013-12-09
"P002207",49,2018-11-21
"P002207",25,2043-06-13
"P002207",24,2046-04-25
"P002208",27,2020-06-02
"P002208",18,2026-12-02
"P002208",61,2028-09-26
"P002208",10,2031-08-31
"P002208",30,2032-01-26
"P002208",38,2032-05-28
"P002208",60,2035-09-26
"P002208",50,2042-03-22
"P002208",62,2043-09-05
"P002208",18,2047-03-31
"P002209",28,1999-11-05
"P002209",14,1999-12-29
"P002209",6,2008-10-29
"P002209",52,2022-08-15
"P002209",12,2023-06-01
"P002210",27,1989-01-05
"P002210",35,2006-02-17
"P002210",1,2010-08-21
"P002210",63,2016-11-10
"P002210",34,2017-03-17
"P002211",52,2028-08-25
"P002212",28,1969-09-09
"P002212",34,2007-05-20
"P002213",41,2011-01-28
"P002213",48,2011-10-03
"P002213",53,2014-11-23
"P002213",11,2014-12-28
"P002213",40,2018-05-28
"P002213",28,2033-04-04
"P002213",56,2039-08-02
"P002214",2,1984-08-19
"P002214",10,1996-09-30
"P002214",6,1997-03-17
"P002214",19,1998-06-18
"P002214",15,1998-08-30
"P002214",44,1999-01-18
"P002214",12,1999-07-09
"P002214",27,2007-08-14
"P002214",52,2007-10-15
"P002214",47,2008-09-14
"P002214",2,2008-11-29
"P002214",2,2009-01-02
"P002214",2,2009-11-24
"P002216",27,1988-11-26
"P002216",62,1990-10-06
"P002216",27,2000-12-24
"P002216",22,2003-06-07
"P002216",14,2020-10-20
"P002217",14,2015-04-25
"P002217",23,2019-05-24
"P002217",28,2021-05-20
"P002217",12,2022-05-20
"P002217",62,2026-05-22
"P002217",43,2028-02-19
"P002217",52,2028-05-16
"P002217",6,2029-03-12
"P002217",60,2029-04-26
"P002217",52,2029-06-10
"P002217",6,2030-11-15
"P002218",6,2004-01-03
"P002218",23,2007-03-01
"P002218",6,2009-09-20
"P002218",33,2011-11-26
"P002218",50,2012-12-11
"P002218",3,2017-09-16
"P002218",7,2021-08-28
"P002219",61,1970-02-10
"P002219",21,1991-05-04
"P002219",3,1993-09-13
"P002219",26,2003-11-30
"P002219",30,2005-03-25
"P002219",67,2005-09-27
"P002219",53,2006-09-19
"P002220",21,2018-09-11
"P002220",26,2029-07-15
"P002220",1,2037-08-26
"P002220",23,2042-08-22
"P002221",19,2029-07-20
"P002221",15,2031-01-09
"P002221",13,2036-03-01
"P002221",47,2038-08-20
"P002221",21,2039-03-03
"P002221",57,2039-10-30
"P002221",11,2041-12-01
"P002221",1,2046-03-24
"P002221",10,2046-11-07
"P002221",22,2047-05-16
"P002222",62,2022-05-03
"P002222",23,2025-08-06
"P002223",39,2008-08-14
"P002223",26,2047-02-28
"P002223",64,2047-10-23
"P002224",6,2018-01-28
"P002224",62,2023-11-20
"P002224",2,2024-03-26
"P002225",57,1986-11-21
"P002225",14,1987-09-01
"P002226",67,1995-05-27
"P002226",42,2002-06-12
"P002226",55,2008-08-20
"P002226",2,2009-07-10
"P002227",57,2013-06-14
"P002227",62,2035-12-28
"P002227",17,2036-02-03
"P002227",1,2051-05-14
"P002228",1,1979-01-03
"P002228",2,2005-06-20
"P002228",4,2006-11-26
"P002228",2,2010-04-18
"P002228",50,2010-09-21
"P002228",27,2012-12-17
"P002229",28,1971-11-08
"P002229",2,1972-10-10
"P002229",28,1999-12-12
"P002230",14,2001-02-13
"P002230",18,2010-01-18
"P002230",23,2027-01-14
"P002231",23,2041-12-28
"P002231",36,2042-01-05
"P002231",54,2042-02-21
"P002231",2,2042-08-30
"P002231",59,2044-09-01
"P002231",47,2045-11-21
"P002232",40,1969-08-23
"P002232",19,1970-02-22
"P002232",63,1970-12-27
"P002232",23,1971-05-07
"P002232",63,1972-08-13
"P002232",52,1975-05-14
"P002232",23,1979-02-25
"P002232",5,1992-08-08
"P002233",28,1977-06-18
"P002233",28,1987-03-20
"P002233",8,1995-02-04
"P002234",50,1964-10-28
"P002234",35,1968-07-22
"P002234",24,1969-06-04
"P002234",24,1974-01-06
"P002234",11,1994-08-17
"P002234",6,1994-10-25
"P002235",54,1998-07-17
"P002235",27,2000-07-12
"P002235",3,2014-05-07
"P002236",35,1981-12-25
"P002236",31,1982-03-30
"P002236",1,1989-05-11
"P002236",14,1991-10-20
"P002236",28,1995-06-05
"P002236",52,1996-01-12
"P002236",28,1997-12-24
"P002236",30,1998-04-17
"P002236",12,1999-02-26
"P002236",24,1999-06-25
"P002236",41,1999-09-03
"P002236",54,2001-07-06
"P002236",46,2002-01-02
"P002236",18,2002-11-30
"P002236",31,2004-10-22
"P002237",49,2029-09-18
"P002237",35,2030-03-02
"P002237",35,2032-01-03
"P002238",31,1985-12-11
"P002238",61,1986-12-15
"P002238",5,1987-04-03
"P002238",14,1991-02-10
"P002238",54,1992-12-05
"P002238",3,2005-08-10
"P002238",52,2008-08-13
"P002239",53,2016-02-14
"P002239",32,2018-05-01
"P002239",61,2021-04-22
"P002239",28,2022-03-16
"P002239",62,2024-10-05
"P002239",26,2025-09-16
"P002239",13,2025-12-14
"P002239",21,2026-02-18
"P002239",52,2026-09-01
"P002239",6,2028-04-11
"P002239",5,2042-05-03
"P002239",54,2042-08-25
"P002239",65,2044-08-14
"P002239",7,2049-09-09
"P002239",28,2052-12-16
"P002240",63,2028-07-12
"P002240",34,2030-03-12
"P002240",14,2038-11-14
"P002240",41,2039-05-25
"P002241",23,1981-12-06
"P002241",29,1984-07-31
"P002241",28,1987-08-02
"P002241",4,1989-05-03
"P002241",23,1996-05-30
"P002241",6,2000-09-23
"P002241",1,2002-02-18
"P002241",23,2003-11-26
"P002242",17,1992-07-30
"P002242",24,2001-06-11
"P002242",36,2003-01-10
"P002242",67,2008-09-04
"P002242",29,2009-04-11
"P002242",13,2009-08-04
"P002242",23,2010-11-07
"P002242",23,2013-02-09
"P002242",36,2013-05-02
"P002243",55,2015-09-10
"P002243",27,2018-05-13
"P002243",28,2026-06-26
"P002243",24,2045-07-05
"P002243",28,2047-12-04
"P002244",62,2009-09-30
"P002244",63,2011-09-17
"P002244",51,2011-10-11
"P002244",23,2015-04-27
"P002244",62,2016-08-23
"P002244",55,2017-02-08
"P002244",7,2017-12-19
"P002244",39,2019-01-19
"P002245",50,1992-05-13
"P002245",49,2008-10-08
"P002245",16,2009-03-30
"P002245",28,2013-09-12
"P002245",53,2015-02-24
"P002245",28,2016-08-16
"P002245",40,2022-04-14
"P002246",4,1980-01-18
"P002246",32,1983-10-18
"P002246",23,1984-01-13
"P002246",62,1990-03-06
"P002246",6,1990-11-14
"P002246",4,2001-05-17
"P002246",67,2003-04-08
"P002246",38,2006-10-04
"P002246",58,2007-11-11
"P002247",43,1992-07-19
"P002247",11,2006-02-22
"P002247",6,2010-12-27
"P002248",53,2003-07-14
"P002248",25,2015-01-19
"P002248",41,2020-09-23
"P002248",3,2025-04-06
"P002248",4,2035-01-08
"P002249",60,1994-05-19
"P002249",38,1997-03-29
"P002249",18,1999-08-27
"P002249",1,2002-09-23
"P002249",2,2013-09-21
"P002249",15,2014-10-21
"P002249",31,2015-09-16
"P002250",6,2010-07-07
"P002250",60,2013-09-28
"P002250",64,2015-06-30
"P002250",22,2017-07-17
"P002250",28,2027-06-16
"P002250",17,2028-06-24
"P002250",42,2028-12-02
"P002250",39,2030-01-17
"P002251",14,2029-03-20
"P002251",25,2031-11-13
"P002251",11,2034-08-10
"P002251",19,2035-07-18
"P002251",5,2036-12-27
"P002251",43,2037-02-21
"P002251",12,2041-10-02
"P002252",6,2024-08-17
"P002252",6,2031-06-29
"P002252",12,2036-10-02
"P002253",44,1973-12-07
"P002253",44,1982-08-02
"P002253",3,1996-11-08
"P002253",28,1998-06-12
"P002254",3,2037-10-08
"P002254",39,2039-04-07
"P002255",28,1989-06-29
"P002255",41,1990-06-02
"P002255",18,1992-09-27
"P002255",2,1995-03-21
"P002255",47,1996-03-25
"P002255",43,1996-05-07
"P002255",35,1998-06-22
"P002255",6,2005-01-25
"P002255",36,2007-12-06
"P002256",2,1997-11-29
"P002256",33,1998-08-12
"P002256",2,1999-05-23
"P002256",2,1999-12-14
"P002256",3,2001-03-05
"P002256",52,2006-08-25
"P002256",4,2014-12-26
"P002256",15,2029-06-07
"P002256",42,2030-07-18
"P002257",52,1979-07-15
"P002257",26,1980-05-29
"P002257",65,1981-10-17
"P002257",6,1982-06-12
"P002257",61,1986-07-26
"P002257",35,1987-09-08
"P002257",61,1994-06-04
"P002257",18,2006-08-06
"P002258",14,2007-06-01
"P002258",61,2011-05-04
"P002258",23,2033-06-27
"P002258",61,2039-03-27
"P002258",4,2041-12-10
"P002258",32,2043-11-02
"P002259",11,1997-04-17
"P002260",55,2003-02-28
"P002260",30,2024-02-07
"P002261",4,2017-11-13
"P002261",5,2038-02-19
"P002261",47,2042-05-09
"P002262",1,2026-12-16
"P002263",53,1965-12-15
"P002263",36,1968-04-17
"P002263",24,1969-04-08
"P002263",21,1986-02-27
"P002263",28,1990-06-28
"P002263",63,1991-07-05
"P002264",2,2023-04-10
"P002264",1,2025-06-25
"P002264",28,2030-02-02
"P002264",61,2045-12-10
"P002265",25,1974-06-10
"P002265",28,1978-01-09
"P002265",6,1980-05-28
"P002265",55,1985-01-26
"P002265",1,1990-10-28
"P002265",28,1992-04-20
"P002265",6,1994-05-03
"P002265",26,2001-08-16
"P002265",65,2002-07-04
"P002265",14,2005-03-29
"P002265",27,2005-11-01
"P002266",28,2001-01-27
"P002266",43,2003-05-17
"P002266",21,2006-02-18
"P002266",27,2014-04-23
"P002266",65,2014-10-30
"P002266",2,2019-02-05
"P002266",61,2019-06-17
"P002266",23,2024-11-20
"P002266",1,2027-10-28
"P002267",52,1983-08-23
"P002267",65,1984-01-12
"P002267",5,1995-04-25
"P002267",15,1995-04-26
"P002267",52,1996-05-13
"P002267",19,1997-01-31
"P002267",44,1997-07-06
"P002267",22,1997-08-15
"P002267",15,1998-02-11
"P002267",66,1998-09-08
"P002267",21,2005-10-06
"P002267",55,2006-03-13
"P002267",11,2010-04-12
"P002267",18,2010-04-17
"P002267",66,2011-08-15
"P002267",14,2012-04-16
"P002267",13,2013-04-18
"P002267",15,2013-11-01
"P002267",1,2014-01-24
"P002267",63,2016-10-13
"P002267",34,2018-01-31
"P002267",8,2019-10-06
"P002268",25,2007-12-01
"P002268",19,2007-12-10
"P002268",55,2011-02-03
"P002268",49,2011-05-02
"P002268",4,2016-05-30
"P002268",28,2020-12-05
"P002268",21,2022-09-03
"P002268",12,2022-11-14
"P002268",16,2027-11-15
"P002268",3,2027-12-05
"P002268",11,2028-05-27
"P002268",4,2028-09-12
"P002268",49,2029-03-11
"P002268",16,2030-10-21
"P002268",43,2041-05-09
"P002268",44,2042-09-08
"P002269",10,1983-06-03
"P002270",49,2016-12-22
"P002270",30,2017-05-10
"P002270",22,2031-05-08
"P002270",52,2036-03-14
"P002270",47,2036-06-29
"P002270",14,2038-11-25
"P002270",28,2040-03-29
"P002270",39,2043-01-15
"P002271",10,2013-04-10
"P002271",19,2014-07-01
"P002271",52,2021-03-15
"P002271",23,2027-01-09
"P002271",3,2032-10-30
"P002271",6,2034-01-30
"P002271",23,2035-05-16
"P002271",27,2037-12-28
"P002271",24,2043-01-06
"P002272",14,2008-02-13
"P002272",9,2009-01-14
"P002272",13,2010-07-03
"P002272",4,2011-04-15
"P002272",53,2011-05-11
"P002272",5,2014-07-20
"P002272",38,2015-12-09
"P002273",21,2006-10-30
"P002273",4,2008-01-09
"P002273",46,2012-02-09
"P002273",55,2016-12-12
"P002273",46,2018-06-30
"P002273",13,2018-12-09
"P002273",12,2019-07-03
"P002273",65,2020-03-25
"P002273",21,2037-04-06
"P002274",4,1967-11-15
"P002274",55,1974-07-25
"P002274",11,1974-08-17
"P002274",44,1977-01-09
"P002274",15,1977-03-29
"P002274",12,1977-04-06
"P002274",4,1978-06-06
"P002274",49,1979-08-09
"P002274",50,1990-06-05
"P002274",1,1995-09-30
"P002275",25,2017-07-31
"P002275",3,2023-03-02
"P002275",2,2030-04-23
"P002275",28,2053-01-20
"P002276",2,2012-05-15
"P002276",3,2015-09-20
"P002276",1,2026-07-29
"P002277",57,1974-03-06
"P002277",23,1983-09-24
"P002277",47,1995-09-11
"P002277",10,1998-08-09
"P002277",60,2000-02-04
"P002278",11,1997-01-26
"P002278",55,2002-03-29
"P002278",12,2003-02-16
"P002278",56,2004-04-10
"P002278",27,2005-09-08
"P002279",34,1975-05-01
"P002279",28,1978-10-06
"P002279",65,1995-02-27
"P002279",60,1996-05-15
"P002280",47,2004-06-22
"P002280",32,2020-12-16
"P002280",11,2021-01-15
"P002280",42,2022-07-07
"P002280",49,2023-01-12
"P002280",1,2027-06-06
"P002280",63,2029-01-19
"P002281",26,2021-03-25
"P002281",24,2021-10-14
"P002281",35,2022-05-10
"P002281",13,2024-06-14
"P002281",28,2031-05-19
"P002281",18,2036-11-20
"P002282",26,1999-07-27
"P002282",18,2010-10-05
"P002282",28,2011-01-28
"P002282",28,2011-05-15
"P002282",5,2023-06-06
"P002282",2,2027-12-10
"P002282",36,2030-04-15
"P002282",40,2031-03-29
"P002282",27,2032-06-11
"P002283",3,2027-07-11
"P002283",47,2036-05-25
"P002284",25,2016-06-08
"P002284",18,2030-04-13
"P002284",2,2030-10-29
"P002285",14,1969-03-09
"P002285",41,1970-04-01
"P002285",43,1973-11-18
"P002285",25,1985-01-16
"P002285",21,2006-11-05
"P002285",43,2008-05-25
"P002286",49,1980-12-19
"P002286",4,1982-03-06
"P002286",7,1983-05-20
"P002286",30,1983-08-19
"P002286",18,1993-09-24
"P002287",18,2022-09-04
"P002287",2,2023-11-16
"P002287",2,2024-02-15
"P002287",7,2028-10-26
"P002288",27,1992-10-30
"P002288",8,1996-12-20
"P002288",27,2011-09-18
"P002288",47,2027-12-26
"P002289",21,1969-01-04
"P002289",47,1974-01-28
"P002289",2,1997-01-20
"P002289",3,1998-06-06
"P002290",6,1998-05-25
"P002290",60,1998-10-14
"P002290",65,1999-11-10
"P002290",1,2000-01-14
"P002291",25,2002-03-27
"P002291",41,2038-07-16
"P002291",7,2039-04-03
"P002291",33,2039-12-21
"P002292",18,2014-05-16
"P002292",28,2021-11-10
"P002292",7,2024-11-02
"P002292",8,2025-04-11
"P002292",61,2028-10-23
"P002292",54,2029-02-13
"P002292",28,2039-03-09
"P002293",2,2029-09-21
"P002293",2,2038-05-28
"P002293",24,2040-08-29
"P002293",3,2040-10-07
"P002293",4,2049-06-06
"P002294",28,2031-11-10
"P002294",3,2037-01-16
"P002294",27,2037-11-24
"P002294",39,2039-09-09
"P002295",17,2008-02-17
"P002295",64,2009-09-16
"P002295",28,2017-04-27
"P002296",56,1988-11-14
"P002296",9,1990-09-06
"P002297",49,2008-04-13
"P002297",52,2016-08-23
"P002297",27,2029-07-31
"P002297",25,2029-09-27
"P002298",52,1998-09-08
"P002298",28,2003-10-05
"P002298",30,2006-09-25
"P002298",3,2007-06-11
"P002298",27,2008-10-02
"P002298",34,2010-10-09
"P002298",2,2020-01-09
"P002298",13,2022-11-13
"P002299",23,2008-04-12
"P002299",6,2011-05-02
"P002299",1,2018-11-08
"P002299",50,2037-07-24
"P002300",7,1997-05-28
"P002300",50,2024-12-10
"P002300",6,2032-12-15
"P002301",55,1994-08-20
"P002301",27,1998-03-08
"P002301",27,1999-07-01
"P002301",23,2001-08-08
"P002301",37,2001-10-02
"P002301",18,2002-04-02
"P002301",12,2003-08-19
"P002301",63,2008-08-04
"P002301",61,2008-10-08
"P002301",4,2018-11-16
"P002301",29,2018-12-07
"P002301",66,2019-05-14
"P002302",61,2036-08-08
"P002302",26,2039-04-20
"P002302",21,2041-03-05
"P002302",5,2043-01-11
"P002303",44,2025-10-18
"P002303",54,2047-02-04
"P002303",42,2049-07-30
"P002304",23,1975-08-08
"P002304",2,1976-09-27
"P002304",27,1980-05-11
"P002305",4,1972-10-25
"P002305",60,1976-12-25
"P002305",26,1980-06-11
"P002305",62,1984-08-15
"P002305",40,1987-03-15
"P002305",35,1987-12-06
"P002305",19,1988-07-13
"P002305",21,1995-10-13
"P002305",47,1997-05-20
"P002305",28,2007-01-15
"P002306",3,2017-07-23
"P002307",36,2002-03-23
"P002307",12,2010-07-25
"P002307",30,2011-12-01
"P002307",3,2013-07-24
"P002307",59,2016-05-24
"P002307",4,2022-04-08
"P002307",14,2026-04-12
"P002307",2,2032-05-14
"P002307",28,2032-11-29
"P002308",50,1990-12-02
"P002308",29,1991-11-13
"P002308",55,2003-05-25
"P002308",34,2005-01-06
"P002308",19,2010-05-15
"P002308",28,2011-11-11
"P002309",3,1992-01-26
"P002309",58,2006-04-15
"P002309",28,2008-03-31
"P002309",30,2008-04-07
"P002309",30,2008-08-15
"P002309",61,2008-09-28
"P002309",28,2022-03-03
"P002310",11,1998-01-05
"P002310",28,2008-06-24
"P002311",17,2013-12-06
"P002311",4,2014-08-11
"P002311",39,2015-05-21
"P002311",6,2029-12-13
"P002311",65,2030-05-18
"P002311",60,2030-06-21
"P002311",60,2030-07-10
"P002311",53,2031-10-28
"P002311",50,2032-09-08
"P002312",8,2007-06-07
"P002312",52,2008-10-01
"P002312",8,2010-05-22
"P002312",28,2012-05-20
"P002312",4,2014-01-25
"P002312",67,2015-02-12
"P002312",44,2015-11-19
"P002312",22,2016-06-16
"P002312",39,2016-08-14
"P002312",28,2018-02-10
"P002312",2,2018-02-13
"P002312",62,2021-11-24
"P002312",6,2022-01-07
"P002312",35,2030-12-04
"P002312",43,2032-07-30
"P002312",60,2038-03-04
"P002313",15,2012-03-15
"P002313",24,2020-04-24
"P002313",58,2022-07-09
"P002313",21,2023-01-05
"P002313",2,2025-03-15
"P002313",2,2029-11-14
"P002313",28,2034-01-19
"P002313",52,2036-02-24
"P002313",4,2040-06-11
"P002313",64,2041-03-10
"P002313",67,2041-05-29
"P002313",27,2045-11-10
"P002314",30,1989-03-15
"P002314",3,1990-10-01
"P002314",39,1990-11-28
"P002314",44,1999-09-06
"P002314",36,2010-03-10
"P002314",8,2010-04-09
"P002314",2,2013-01-17
"P002314",27,2017-10-06
"P002314",1,2023-02-14
"P002315",24,2011-10-31
"P002315",16,2025-06-06
"P002315",40,2025-12-18
"P002315",13,2040-05-22
"P002315",25,2040-08-05
"P002316",17,2026-03-12
"P002316",2,2035-04-23
"P002316",2,2037-10-10
"P002317",55,2024-07-09
"P002317",52,2030-07-20
"P002317",53,2035-05-04
"P002317",67,2036-06-02
"P002317",54,2045-12-20
"P002318",36,1994-12-03
"P002318",57,2002-03-05
"P002319",12,2005-09-04
"P002319",4,2008-04-17
"P002319",50,2023-05-29
"P002319",62,2024-08-14
"P002319",26,2024-08-29
"P002319",50,2024-08-31
"P002319",3,2025-02-04
"P002319",24,2025-04-22
"P002319",55,2029-09-12
"P002319",12,2030-02-17
"P002319",12,2032-03-22
"P002319",11,2035-09-05
"P002320",6,2000-11-24
"P002320",61,2003-08-29
"P002320",27,2005-12-17
"P002320",15,2007-07-02
"P002320",53,2018-06-30
"P002320",65,2019-02-25
"P002320",41,2027-11-30
"P002321",1,1982-08-23
"P002321",2,1996-01-05
"P002321",41,2000-06-07
"P002322",40,1972-04-08
"P002322",47,1972-11-06
"P002322",63,1973-06-18
"P002322",11,2007-08-03
"P002322",49,2009-03-18
"P002322",2,2009-04-25
"P002322",50,2011-07-04
"P002323",1,2036-02-26
"P002323",12,2038-08-11
"P002323",60,2040-07-18
"P002324",11,1987-11-22
"P002324",27,2019-09-30
"P002324",23,2022-07-21
"P002325",44,1967-05-01
"P002325",11,1971-11-17
"P002325",62,1972-02-22
"P002325",6,1973-04-06
"P002325",18,1978-08-19
"P002325",12,1996-04-04
"P002325",8,1996-06-01
"P002325",4,1996-06-16
"P002326",23,2017-03-21
"P002326",37,2020-11-06
"P002326",1,2026-03-26
"P002326",3,2029-04-18
"P002326",57,2044-06-26
"P002326",8,2050-12-01
"P002326",3,2052-10-12
"P002326",67,2054-05-25
"P002327",2,2008-10-08
"P002328",43,1982-07-01
"P002328",65,1986-01-04
"P002328",58,1988-05-03
"P002328",48,1996-01-23
"P002328",17,1996-09-27
"P002328",7,1997-05-01
"P002328",27,1998-08-11
"P002328",24,2005-01-22
"P002328",26,2006-08-15
"P002328",28,2007-06-23
"P002328",14,2018-05-31
"P002329",9,1995-06-22
"P002329",4,1995-10-30
"P002329",44,2000-04-01
"P002329",2,2001-05-13
"P002329",14,2010-05-06
"P002329",6,2020-08-22
"P002329",8,2024-06-30
"P002330",27,2005-06-16
"P002330",14,2024-04-18
"P002330",14,2024-07-31
"P002330",47,2025-06-27
"P002330",58,2027-02-22
"P002330",61,2027-08-03
"P002331",6,2005-08-27
"P002331",60,2007-10-12
"P002331",6,2008-06-27
"P002331",43,2012-09-14
"P002331",57,2016-09-29
"P002331",13,2023-11-20
"P002331",22,2025-04-12
"P002331",10,2033-09-30
"P002331",30,2035-12-28
"P002331",24,2036-08-09
"P002332",41,2002-05-03
"P002332",28,2005-06-03
"P002332",4,2010-08-15
"P002332",58,2011-04-17
"P002332",28,2011-08-25
"P002333",52,1973-09-22
"P002333",20,1977-08-28
"P002333",49,1995-11-05
"P002333",4,1998-08-28
"P002333",67,1999-06-23
"P002334",11,2010-07-04
"P002334",19,2011-06-03
"P002334",55,2034-09-12
"P002334",2,2034-10-03
"P002334",8,2036-03-18
"P002334",43,2037-07-14
"P002334",14,2038-07-19
"P002334",41,2038-08-03
"P002334",43,2039-04-23
"P002335",58,1992-11-30
"P002335",12,2007-09-16
"P002335",23,2019-07-18
"P002337",18,2012-04-27
"P002337",50,2012-07-04
"P002337",4,2025-09-25
"P002337",26,2033-03-27
"P002338",1,1989-08-03
"P002338",32,2010-06-30
"P002339",28,1993-01-21
"P002339",25,2011-11-19
"P002339",57,2013-06-22
"P002339",52,2013-09-16
"P002339",57,2015-09-08
"P002339",35,2016-08-08
"P002339",24,2016-12-06
"P002339",62,2017-03-12
"P002339",2,2018-04-24
"P002339",28,2030-05-17
"P002340",38,2012-06-14
"P002340",8,2023-06-15
"P002340",67,2024-11-20
"P002340",18,2049-03-13
"P002341",6,1968-08-28
"P002341",21,1970-01-06
"P002341",1,1985-07-03
"P002341",2,1995-01-05
"P002341",2,1995-05-18
"P002341",43,1998-10-20
"P002341",4,2002-09-05
"P002341",7,2005-11-14
"P002341",6,2006-03-03
"P002341",55,2007-05-03
"P002342",11,1969-08-05
"P002343",25,2018-02-08
"P002343",14,2033-06-22
"P002343",28,2036-02-21
"P002343",25,2048-11-04
"P002343",67,2053-01-02
"P002343",2,2054-02-05
"P002344",24,2017-09-01
"P002345",3,1968-12-25
"P002345",62,1973-05-05
"P002345",28,1994-08-16
"P002346",14,1993-08-09
"P002346",57,2000-05-10
"P002346",8,2008-08-09
"P002346",42,2010-07-05
"P002346",15,2012-09-03
"P002346",4,2019-11-17
"P002346",7,2021-03-21
"P002346",14,2024-06-23
"P002348",4,2046-07-09
"P002348",19,2047-06-12
"P002348",8,2049-02-08
"P002348",44,2051-02-15
"P002348",54,2052-04-29
"P002349",28,1975-10-24
"P002349",15,1985-10-23
"P002349",52,1991-06-17
"P002349",21,1992-03-26
"P002349",28,1997-02-14
"P002350",47,1982-04-12
"P002350",17,1990-10-21
"P002350",10,1991-01-24
"P002350",31,1991-11-22
"P002350",21,1992-12-08
"P002350",15,1998-07-31
"P002350",54,1998-08-03
"P002350",17,2001-04-11
"P002351",7,1994-02-13
"P002351",14,1999-06-09
"P002351",3,2022-04-25
"P002352",21,2004-12-10
"P002352",26,2021-03-19
"P002352",3,2032-04-14
"P002352",58,2033-01-10
"P002353",18,2020-09-09
"P002353",21,2030-05-08
"P002353",67,2033-10-02
"P002353",39,2048-03-18
"P002353",51,2049-10-10
"P002354",35,1991-07-27
"P002354",5,2002-04-21
"P002354",52,2009-12-19
"P002354",47,2023-10-10
"P002355",30,1985-09-17
"P002355",23,1985-11-07
"P002355",9,1988-02-05
"P002356",28,1973-07-21
"P002356",18,1973-09-09
"P002356",12,1973-10-27
"P002356",22,1986-10-17
"P002356",25,1992-04-15
"P002357",11,2010-09-27
"P002357",40,2013-05-03
"P002357",10,2027-09-24
"P002358",55,1990-07-25
"P002358",49,2003-04-23
"P002359",23,2040-04-10
"P002359",9,2040-09-10
"P002359",50,2040-10-11
"P002359",36,2041-07-07
"P002360",52,1975-02-06
"P002360",1,1975-07-22
"P002360",2,1978-12-17
"P002360",61,1991-12-20
"P002360",12,1992-09-22
"P002360",30,1993-06-16
"P002360",15,1997-05-20
"P002361",42,1970-01-03
"P002361",55,1971-07-29
"P002361",39,1973-02-08
"P002361",24,1995-02-26
"P002362",8,1971-06-08
"P002362",3,1973-01-03
"P002362",53,1999-10-13
"P002362",11,2000-06-20
"P002362",26,2001-04-13
"P002362",13,2002-03-10
"P002363",4,1997-09-11
"P002363",54,2004-06-11
"P002363",50,2005-07-03
"P002363",46,2007-12-14
"P002363",21,2009-02-12
"P002363",14,2011-03-03
"P002363",28,2012-03-17
"P002364",17,2020-05-20
"P002364",31,2023-09-06
"P002364",10,2025-12-20
"P002364",44,2033-03-09
"P002364",20,2039-08-12
"P002364",20,2040-08-22
"P002364",56,2047-12-02
"P002365",10,1989-05-06
"P002365",43,1989-12-08
"P002365",62,1990-10-11
"P002365",52,1995-03-03
"P002365",27,1998-07-23
"P002365",31,2006-09-27
"P002365",62,2007-06-12
"P002365",1,2017-07-05
"P002366",18,1977-07-29
"P002366",3,1978-05-05
"P002366",30,1978-10-09
"P002367",8,1983-03-27
"P002367",54,1985-02-26
"P002367",25,1985-09-11
"P002367",31,1986-06-04
"P002367",28,1988-02-04
"P002367",66,1989-11-03
"P002367",8,2004-03-04
"P002368",67,1988-05-04
"P002368",39,1988-10-25
"P002368",55,1990-06-22
"P002368",18,1991-08-12
"P002368",41,1995-04-26
"P002368",20,1995-05-30
"P002368",48,1995-11-13
"P002368",21,1996-03-03
"P002368",26,2013-09-09
"P002368",23,2019-02-20
"P002368",4,2020-08-03
"P002369",65,2002-04-03
"P002370",61,1982-10-09
"P002370",28,1984-09-28
"P002370",12,1986-03-24
"P002370",56,1995-09-26
"P002370",28,2002-10-14
"P002371",2,2026-09-08
"P002371",24,2028-07-06
"P002371",16,2031-11-03
"P002371",9,2033-01-14
"P002371",38,2038-04-25
"P002372",62,2002-02-05
"P002372",14,2009-11-14
"P002372",16,2011-07-19
"P002372",14,2011-12-18
"P002372",56,2012-03-01
"P002372",6,2016-04-20
"P002372",40,2031-09-01
"P002372",30,2037-10-20
"P002373",28,2002-07-15
"P002373",21,2003-02-04
"P002373",12,2004-07-23
"P002373",36,2012-04-13
"P002373",1,2029-07-18
"P002373",28,2034-02-26
"P002373",62,2038-09-29
"P002373",55,2039-01-29
"P002374",52,2005-02-15
"P002374",18,2025-04-26
"P002374",52,2026-01-18
"P002374",28,2026-07-22
"P002374",40,2028-06-16
"P002374",23,2028-08-29
"P002374",23,2030-08-16
"P002374",29,2031-04-04
"P002376",5,2030-12-01
"P002376",55,2035-11-08
"P002376",42,2036-05-02
"P002376",55,2036-10-13
"P002376",46,2040-07-24
"P002376",67,2041-11-12
"P002376",13,2043-05-01
"P002376",55,2044-11-01
"P002377",65,1972-04-25
"P002377",3,1972-06-11
"P002377",56,1974-03-09
"P002377",26,2003-05-21
"P002377",10,2003-09-21
"P002377",16,2005-01-12
"P002377",38,2005-01-21
"P002377",67,2005-08-06
"P002377",57,2006-07-08
"P002377",14,2007-02-10
"P002378",14,2015-12-07
"P002379",52,1984-07-31
"P002379",19,1987-09-27
"P002379",61,2007-12-01
"P002379",21,2017-05-31
"P002380",25,1995-10-25
"P002380",7,1996-06-13
"P002380",57,1997-03-08
"P002380",21,1999-05-27
"P002380",26,2005-05-28
"P002380",44,2017-01-22
"P002380",49,2018-01-27
"P002380",24,2020-03-22
"P002381",55,1967-12-15
"P002381",3,1968-01-04
"P002381",32,1975-01-08
"P002382",47,2007-11-03
"P002382",26,2045-06-14
"P002382",53,2045-10-13
"P002383",18,2025-11-15
"P002383",58,2029-08-21
"P002383",5,2042-09-16
"P002383",15,2043-09-07
"P002384",20,1971-01-17
"P002384",1,1971-02-13
"P002384",2,1986-04-10
"P002385",55,1969-02-11
"P002385",11,1970-02-11
"P002385",62,1976-04-20
"P002385",17,1978-01-02
"P002385",8,1979-09-19
"P002385",10,1982-09-15
"P002386",49,1978-01-04
"P002386",16,1978-06-05
"P002386",54,1978-11-03
"P002386",37,1979-09-16
"P002386",21,1990-08-03
"P002386",6,2006-04-02
"P002387",7,2021-06-16
"P002387",15,2024-05-15
"P002387",1,2025-09-05
"P002387",12,2032-03-25
"P002388",21,1990-11-06
"P002388",56,1992-03-23
"P002388",3,2004-07-04
"P002388",23,2007-11-29
"P002389",2,2015-10-08
"P002389",67,2025-09-12
"P002389",47,2026-04-11
"P002389",38,2026-12-01
"P002389",26,2033-10-10
"P002389",52,2035-02-08
"P002389",66,2035-03-04
"P002389",55,2035-03-06
"P002389",33,2039-11-11
"P002389",40,2041-09-18
"P002389",35,2042-06-08
"P002389",9,2047-10-28
"P002389",36,2048-02-24
"P002389",32,2048-05-06
"P002390",28,2012-10-06
"P002390",52,2031-08-17
"P002391",4,1990-01-20
"P002391",28,1992-10-06
"P002391",10,2002-03-15
"P002391",52,2013-05-18
"P002391",18,2014-06-23
"P002391",18,2020-07-20
"P002391",15,2020-07-21
"P002391",66,2020-12-31
"P002391",3,2021-10-15
"P002392",6,2004-12-25
"P002392",41,2005-02-14
"P002392",43,2012-10-05
"P002392",6,2013-11-28
"P002392",14,2015-05-16
"P002392",8,2021-03-15
"P002392",4,2024-12-12
"P002392",7,2025-04-29
"P002392",46,2026-03-15
"P002392",57,2026-05-09
"P002392",11,2027-06-18
"P002392",38,2028-07-18
"P002392",28,2035-02-21
"P002392",12,2037-07-13
"P002392",40,2037-11-23
"P002393",2,1977-10-01
"P002393",31,1978-07-24
"P002393",28,1978-09-21
"P002393",43,1995-06-12
"P002393",25,2004-05-12
"P002394",1,1993-10-08
"P002394",30,1995-04-13
"P002394",55,2020-12-15
"P002395",28,2016-01-10
"P002395",41,2017-10-03
"P002396",21,1988-01-24
"P002396",6,1988-11-19
"P002396",43,1995-06-27
"P002396",14,1998-03-11
"P002396",55,1999-11-13
"P002396",6,2023-02-25
"P002397",7,1995-04-24
"P002397",2,2001-09-03
"P002397",63,2002-01-22
"P002397",25,2003-05-19
"P002397",30,2003-09-11
"P002397",10,2004-02-05
"P002397",24,2004-09-17
"P002397",28,2005-03-13
"P002397",12,2009-06-22
"P002397",30,2015-01-07
"P002397",40,2015-01-09
"P002397",62,2015-05-24
"P002398",57,2022-08-06
"P002398",15,2027-11-23
"P002398",31,2028-11-06
"P002398",54,2029-03-01
"P002398",3,2030-01-03
"P002398",1,2030-09-06
"P002398",21,2034-06-04
"P002398",5,2037-04-14
"P002399",55,1974-03-05
"P002399",43,1987-09-17
"P002399",28,2002-06-12
"P002399",13,2009-05-11
"P002400",63,1987-08-12
"P002400",25,1989-03-03
"P002400",62,1991-07-04
"P002400",14,1992-08-13
"P002400",42,1995-04-06
"P002400",25,1995-12-02
"P002400",56,1996-10-05
"P002400",27,2001-10-05
"P002400",32,2005-01-05
"P002400",34,2007-06-10
"P002400",16,2010-01-21
"P002400",54,2010-11-03
"P002400",39,2013-12-01
"P002400",51,2016-07-09
"P002401",25,1983-01-03
"P002401",4,1985-01-02
"P002401",1,1990-11-21
"P002401",12,1999-03-09
"P002401",1,2020-04-23
"P002402",26,1995-02-13
"P002402",52,1995-08-19
"P002402",21,2007-02-17
"P002402",28,2015-02-18
"P002402",24,2015-03-03
"P002402",50,2025-01-29
"P002403",27,2018-09-29
"P002403",28,2018-11-03
"P002403",6,2037-01-11
"P002403",1,2037-03-05
"P002403",1,2037-03-22
"P002404",14,1968-11-12
"P002404",22,1978-07-21
"P002404",45,1979-12-18
"P002404",1,1997-05-18
"P002404",14,1999-04-13
"P002405",6,1965-06-01
"P002405",26,1969-07-30
"P002405",52,1970-06-27
"P002405",60,1974-09-19
"P002405",25,1984-12-19
"P002406",24,2005-02-21
"P002406",14,2006-08-30
"P002406",53,2008-06-30
"P002406",55,2012-02-11
"P002406",39,2013-10-13
"P002406",41,2014-03-27
"P002407",4,1974-05-24
"P002407",52,1979-02-26
"P002407",28,1994-04-08
"P002408",40,1991-10-14
"P002408",36,2000-09-13
"P002409",43,1979-08-12
"P002409",12,1980-01-04
"P002409",26,1980-02-25
"P002409",42,1983-03-20
"P002409",8,1995-02-27
"P002409",61,1997-12-01
"P002409",53,2010-05-29
"P002409",50,2010-07-02
"P002409",65,2012-03-21
"P002410",57,1993-12-29
"P002410",38,2001-12-16
"P002411",23,1970-01-22
"P002411",18,1973-07-01
"P002411",11,1982-05-15
"P002412",62,1995-10-27
"P002412",46,1996-10-13
"P002412",12,2005-12-20
"P002412",27,2005-12-25
"P002412",12,2029-07-15
"P002413",1,2021-01-11
"P002414",2,2000-07-12
"P002414",14,2002-08-26
"P002414",4,2008-10-05
"P002414",18,2011-03-14
"P002414",61,2012-10-30
"P002414",66,2016-01-17
"P002415",65,1986-10-03
"P002415",46,1991-04-24
"P002417",62,2012-04-25
"P002417",17,2015-04-27
"P002417",56,2033-11-11
"P002417",32,2036-09-28
"P002418",47,2006-02-07
"P002418",21,2014-01-25
"P002418",28,2022-08-07
"P002418",42,2023-04-07
"P002418",16,2023-04-14
"P002418",28,2023-05-29
"P002418",3,2024-05-29
"P002418",49,2025-03-05
"P002418",9,2039-01-01
"P002418",15,2039-08-25
"P002418",50,2039-10-11
"P002418",36,2040-09-05
"P002419",28,1973-11-01
"P002419",25,1981-10-09
"P002419",27,1983-03-18
"P002419",24,1984-05-28
"P002419",28,1986-06-05
"P002419",27,1992-03-03
"P002419",29,1994-11-05
"P002419",66,2006-09-07
"P002419",16,2007-08-01
"P002419",1,2008-01-10
"P002420",60,1975-01-30
"P002420",4,1987-08-05
"P002420",7,1987-12-07
"P002420",31,1996-05-24
"P002420",50,2000-06-09
"P002420",50,2001-12-16
"P002420",6,2003-11-21
"P002420",30,2005-11-10
"P002421",26,1963-09-06
"P002421",3,1963-12-09
"P002421",6,1996-10-18
"P002421",1,1997-01-25
"P002421",60,1998-08-22
"P002422",17,1976-05-26
"P002422",27,1976-10-28
"P002422",26,1977-07-08
"P002422",5,1979-08-13
"P002422",14,1995-02-04
"P002423",18,1998-01-09
"P002423",49,2013-03-17
"P002423",23,2017-08-19
"P002423",12,2024-11-07
"P002423",5,2026-11-08
"P002423",54,2028-11-28
"P002424",23,2009-06-01
"P002424",52,2011-02-18
"P002424",23,2017-03-13
"P002425",61,2019-06-29
"P002425",16,2033-05-08
"P002425",3,2033-11-30
"P002426",2,1994-12-28
"P002426",24,2000-02-27
"P002426",6,2006-03-11
"P002427",28,2001-02-11
"P002427",15,2007-12-02
"P002427",61,2013-07-09
"P002427",6,2019-05-20
"P002427",27,2030-03-17
"P002427",30,2031-01-28
"P002427",36,2035-12-20
"P002428",52,1978-12-28
"P002428",23,1991-02-08
"P002428",12,1992-09-12
"P002428",5,1994-11-26
"P002428",30,1995-06-14
"P002428",32,1997-11-06
"P002428",32,1999-01-06
"P002428",21,2001-11-18
"P002428",12,2009-09-12
"P002428",5,2010-07-04
"P002428",37,2010-08-15
"P002428",49,2011-04-24
"P002429",7,1971-11-17
"P002429",44,1975-09-26
"P002429",61,1975-11-09
"P002429",37,1980-04-12
"P002429",18,1980-10-13
"P002429",1,1982-10-01
"P002429",37,1983-11-07
"P002429",18,1984-05-12
"P002429",41,1984-09-07
"P002429",18,1984-10-10
"P002429",10,1988-04-05
"P002429",52,1988-08-06
"P002429",49,1990-05-08
"P002429",14,1997-07-21
"P002429",28,2000-11-08
"P002429",14,2004-08-18
"P002430",62,1998-12-22
"P002430",28,2014-05-26
"P002431",14,1990-11-18
"P002431",25,1991-12-30
"P002431",58,1992-04-20
"P002431",61,1992-12-21
"P002431",49,1993-06-28
"P002431",38,1993-12-15
"P002431",25,1999-05-30
"P002431",14,2005-11-27
"P002431",42,2006-09-07
"P002432",53,1998-07-14
"P002432",27,2004-10-17
"P002432",16,2004-10-28
"P002432",3,2006-12-05
"P002432",21,2011-03-17
"P002432",42,2011-03-19
"P002432",66,2013-03-23
"P002432",60,2014-03-23
"P002432",44,2014-10-19
"P002432",9,2021-08-26
"P002433",47,2011-01-06
"P002433",3,2014-08-06
"P002433",13,2018-07-17
"P002433",63,2019-08-06
"P002433",14,2019-12-03
"P002433",36,2022-04-14
"P002433",3,2022-05-31
"P002433",1,2022-12-05
"P002433",57,2024-09-27
"P002433",2,2025-03-28
"P002433",6,2038-08-17
"P002433",26,2045-10-05
"P002434",18,2023-04-01
"P002434",52,2026-08-25
"P002434",49,2041-08-26
"P002434",3,2041-09-10
"P002434",2,2043-05-14
"P002434",49,2044-02-13
"P002434",54,2045-08-19
"P002435",58,2037-08-17
"P002435",27,2037-09-27
"P002435",16,2038-04-10
"P002435",16,2038-08-13
"P002435",40,2039-05-24
"P002435",18,2039-11-10
"P002436",8,2005-08-24
"P002436",2,2006-06-03
"P002436",1,2011-12-13
"P002436",56,2022-06-19
"P002436",14,2027-11-10
"P002436",2,2028-02-03
"P002436",18,2035-09-05
"P002436",2,2037-05-01
"P002437",28,2024-01-09
"P002438",44,1972-05-08
"P002438",53,1975-06-10
"P002438",43,1977-03-25
"P002438",50,1977-09-19
"P002438",28,1980-08-20
"P002438",8,1998-03-29
"P002438",53,2006-02-16
"P002438",27,2007-02-09
"P002438",12,2010-11-29
"P002440",7,2013-04-06
"P002440",52,2013-07-13
"P002441",1,1984-08-14
"P002441",44,2016-12-18
"P002441",38,2023-12-16
"P002442",18,2005-03-25
"P002442",10,2007-03-02
"P002442",49,2008-11-22
"P002442",25,2012-05-18
"P002442",6,2014-12-01
"P002442",27,2015-02-13
"P002442",14,2022-12-02
"P002443",37,1986-04-17
"P002443",52,1987-03-15
"P002444",24,1991-08-13
"P002444",47,2002-01-12
"P002444",12,2002-05-15
"P002444",4,2016-09-27
"P002444",1,2023-04-07
"P002445",27,1997-08-04
"P002445",12,2006-04-14
"P002445",26,2014-10-04
"P002445",2,2024-11-16
"P002445",4,2026-04-07
"P002446",60,1988-07-22
"P002446",18,1994-10-31
"P002446",66,1995-04-30
"P002446",3,1997-08-20
"P002446",23,2007-08-21
"P002446",52,2008-09-28
"P002446",21,2009-03-09
"P002447",61,1983-05-31
"P002447",43,1992-05-12
"P002447",26,2004-09-30
"P002447",33,2008-08-17
"P002447",42,2010-06-24
"P002448",61,2017-09-05
"P002448",62,2018-05-29
"P002448",50,2043-03-06
"P002448",44,2047-10-24
"P002448",8,2050-04-06
"P002449",2,2010-10-03
"P002449",28,2017-04-25
"P002449",10,2017-06-29
"P002449",15,2033-11-26
"P002450",23,2007-10-03
"P002450",30,2017-11-23
"P002451",53,2010-05-02
"P002451",53,2011-09-24
"P002451",19,2011-10-06
"P002451",24,2011-12-28
"P002451",28,2012-12-02
"P002451",35,2013-02-07
"P002451",17,2013-09-13
"P002451",5,2013-12-03
"P002451",34,2019-07-30
"P002451",56,2024-08-29
"P002451",4,2031-05-07
"P002451",18,2043-03-03
"P002451",66,2043-09-15
"P002452",12,1995-10-23
"P002452",56,2011-08-03
"P002452",2,2013-01-06
"P002452",18,2015-09-20
"P002453",21,1979-10-15
"P002453",28,1996-09-27
"P002454",17,2020-10-11
"P002454",4,2023-06-08
"P002454",29,2025-02-12
"P002454",47,2026-08-03
"P002455",21,2011-02-20
"P002455",4,2012-02-22
"P002455",44,2014-11-02
"P002455",12,2016-06-16
"P002455",27,2016-11-23
"P002455",42,2019-02-25
"P002455",8,2020-04-26
"P002455",27,2031-04-16
"P002455",55,2032-11-05
"P002455",1,2041-03-15
"P002455",26,2045-02-12
"P002455",52,2045-05-04
"P002456",29,1976-07-12
"P002456",52,1977-09-28
"P002457",8,2010-08-12
"P002457",62,2021-10-22
"P002457",7,2022-05-31
"P002457",57,2023-02-24
"P002457",62,2024-03-02
"P002457",46,2024-07-02
"P002457",14,2025-04-13
"P002457",54,2031-06-07
"P002457",43,2042-08-19
"P002457",41,2042-12-03
"P002458",11,2044-05-16
"P002459",2,2006-07-10
"P002459",4,2011-04-07
"P002459",2,2013-04-01
"P002459",27,2014-06-25
"P002459",50,2020-02-09
"P002459",16,2034-05-22
"P002459",67,2034-08-11
"P002459",40,2034-12-29
"P002459",33,2035-07-07
"P002459",39,2035-12-25
"P002459",28,2036-06-21
"P002460",5,2009-09-08
"P002460",49,2010-05-25
"P002460",7,2011-11-27
"P002460",24,2012-05-29
"P002460",57,2013-03-15
"P002460",10,2018-04-05
"P002460",20,2021-04-29
"P002460",49,2022-08-10
"P002460",26,2026-10-31
"P002461",14,1992-06-24
"P002461",43,1993-08-26
"P002461",4,1999-04-06
"P002462",14,1994-10-25
"P002463",2,2037-07-29
"P002465",27,1987-07-04
"P002465",13,1988-01-20
"P002465",4,1991-06-02
"P002465",4,2014-08-28
"P002465",28,2018-02-23
"P002465",1,2019-10-28
"P002466",67,1997-06-18
"P002466",49,2005-02-06
"P002466",4,2022-04-05
"P002467",43,2012-11-14
"P002467",23,2022-06-19
"P002467",51,2038-12-02
"P002467",6,2043-02-11
"P002468",5,1999-06-27
"P002468",11,2000-08-31
"P002468",36,2000-10-03
"P002468",28,2008-09-26
"P002468",14,2014-05-02
"P002468",13,2016-12-01
"P002468",3,2028-01-20
"P002468",49,2029-06-25
"P002469",18,1983-03-28
"P002469",14,1991-06-24
"P002469",42,2018-11-26
"P002471",20,2007-02-28
"P002471",28,2015-05-31
"P002471",1,2017-04-17
"P002472",26,1982-12-28
"P002472",52,1983-06-19
"P002472",51,1983-07-17
"P002472",2,1983-07-26
"P002472",23,1983-12-03
"P002472",28,1994-11-14
"P002472",14,1996-08-10
"P002472",35,2006-11-10
"P002473",28,2007-07-12
"P002474",27,1969-06-05
"P002474",8,1974-02-14
"P002474",35,1975-04-29
"P002474",27,1979-07-20
"P002474",66,1986-06-28
"P002474",47,2000-09-13
"P002474",26,2004-06-07
"P002474",24,2005-01-12
"P002474",2,2009-03-08
"P002475",18,1990-06-29
"P002475",6,1992-05-29
"P002475",28,1993-03-18
"P002475",55,2007-05-19
"P002475",49,2007-08-30
"P002475",46,2009-06-29
"P002475",61,2016-02-27
"P002476",53,2010-05-08
"P002476",30,2011-09-08
"P002477",23,2023-07-26
"P002477",52,2034-06-15
"P002477",41,2039-01-24
"P002477",66,2040-08-17
"P002477",44,2041-03-06
"P002478",26,2000-11-13
"P002478",25,2001-04-21
"P002478",25,2002-08-17
"P002478",3,2016-11-27
"P002478",54,2030-05-01
"P002479",23,2000-12-10
"P002479",4,2005-03-12
"P002479",53,2005-06-06
"P002479",18,2018-07-06
"P002479",8,2019-09-07
"P002479",61,2023-09-28
"P002479",41,2025-04-22
"P002480",15,1979-09-19
"P002480",54,1988-10-09
"P002480",23,1996-10-17
"P002480",6,2002-06-02
"P002480",27,2002-10-25
"P002480",23,2002-12-24
"P002480",41,2004-03-23
"P002480",54,2004-05-10
"P002480",39,2004-07-15
"P002480",11,2004-10-17
"P002480",26,2006-07-05
"P002480",15,2007-09-16
"P002480",58,2011-12-07
"P002481",43,2012-07-06
"P002481",43,2013-09-22
"P002481",35,2013-12-05
"P002481",43,2016-12-31
"P002481",27,2019-10-18
"P002481",26,2020-08-26
"P002481",60,2024-09-11
"P002481",37,2024-12-30
"P002482",21,2019-12-03
"P002482",31,2024-03-22
"P002482",2,2028-02-07
"P002482",12,2029-05-26
"P002482",43,2030-03-15
"P002482",4,2031-02-24
"P002482",43,2040-02-05
"P002482",14,2042-09-10
"P002482",44,2043-10-09
"P002482",51,2045-12-30
"P002482",4,2047-06-03
"P002483",30,1966-09-02
"P002483",53,1966-09-19
"P002483",23,1986-11-23
"P002483",54,1991-11-14
"P002484",23,1992-11-27
"P002484",11,2001-04-10
"P002485",20,2019-12-28
"P002485",11,2024-05-06
"P002485",7,2029-01-25
"P002485",28,2030-01-07
"P002485",36,2033-04-25
"P002485",2,2053-04-04
"P002485",2,2053-06-12
"P002486",4,1994-12-06
"P002486",28,1996-08-23
"P002486",25,2000-10-09
"P002486",61,2004-03-12
"P002486",4,2006-04-27
"P002486",18,2010-04-03
"P002486",6,2010-05-06
"P002486",34,2012-12-26
"P002486",9,2013-01-02
"P002486",18,2014-02-12
"P002486",23,2015-12-23
"P002487",14,1977-05-22
"P002487",62,1983-07-01
"P002487",48,1988-12-14
"P002487",53,1990-11-24
"P002487",61,1995-07-19
"P002487",13,2004-08-22
"P002488",13,2008-10-02
"P002488",53,2030-05-13
"P002488",19,2034-12-21
"P002489",67,2000-03-08
"P002489",1,2012-05-11
"P002489",3,2017-02-03
"P002489",8,2019-08-11
"P002489",2,2022-08-28
"P002489",8,2023-05-12
"P002489",42,2024-02-02
"P002489",3,2030-11-18
"P002490",6,2004-02-29
"P002490",4,2007-09-01
"P002490",29,2015-11-21
"P002490",28,2016-06-07
"P002490",25,2018-10-01
"P002490",10,2036-06-10
"P002491",44,2017-12-14
"P002491",4,2023-12-07
"P002491",64,2024-07-14
"P002491",59,2025-08-01
"P002491",54,2030-02-27
"P002492",58,1965-06-19
"P002492",28,1965-10-22
"P002492",62,1971-11-18
"P002492",17,1973-01-19
"P002492",21,1973-02-23
"P002492",39,1974-03-29
"P002492",37,1982-12-29
"P002492",65,1983-11-02
"P002492",50,1984-01-15
"P002492",24,1986-12-13
"P002493",14,1976-07-27
"P002493",24,1976-08-07
"P002493",57,1977-01-17
"P002493",18,1983-07-13
"P002493",53,1983-10-16
"P002493",46,1984-07-06
"P002493",21,1996-04-21
"P002493",50,2005-06-20
"P002493",21,2008-05-18
"P002494",54,1998-05-20
"P002494",14,2014-10-19
"P002495",14,2016-10-18
"P002495",27,2029-04-08
"P002495",7,2029-07-21
"P002496",14,1976-12-27
"P002496",11,1978-10-08
"P002496",41,1981-08-11
"P002496",44,1982-03-20
"P002496",33,1982-08-13
"P002496",42,1983-12-14
"P002496",35,1991-07-27
"P002496",66,1992-03-08
"P002496",60,1992-04-06
"P002496",14,1993-11-18
"P002496",25,2004-05-07
"P002497",42,2029-06-23
"P002497",30,2033-04-10
"P002497",50,2033-11-09
"P002497",53,2034-09-30
"P002497",24,2035-01-10
"P002497",44,2036-04-16
"P002497",44,2037-04-24
"P002498",6,2004-05-11
"P002499",3,2000-05-26
"P002499",41,2027-07-30
"P002499",11,2028-10-27
"P002500",26,2024-04-07
"P002500",11,2036-06-23
"P002502",28,2017-12-20
"P002502",39,2018-02-14
"P002502",40,2018-12-08
"P002502",2,2029-05-17
"P002502",24,2030-06-26
"P002503",52,2028-09-19
"P002503",65,2030-08-12
"P002503",53,2035-07-14
"P002503",8,2039-01-17
"P002503",55,2045-01-01
"P002503",27,2045-08-21
"P002504",58,2022-10-19
"P002504",27,2022-11-21
"P002504",3,2029-11-19
"P002504",8,2049-10-19
"P002504",41,2051-11-08
"P002504",34,2052-06-24
"P002505",1,2032-08-28
"P002505",12,2033-04-30
"P002505",54,2034-10-24
"P002505",4,2039-06-09
"P002505",58,2040-03-28
"P002505",28,2041-01-09
"P002506",1,2028-03-23
"P002507",52,1982-11-24
"P002507",28,1983-03-01
"P002507",16,1988-01-13
"P002507",4,1989-07-11
"P002507",49,1996-08-05
"P002507",23,2009-12-29
"P002507",2,2014-11-10
"P002508",24,2002-07-29
"P002508",57,2002-10-27
"P002508",67,2003-07-11
"P002509",57,1978-09-08
"P002509",26,1979-02-28
"P002509",3,1992-05-30
"P002509",44,2002-08-16
"P002509",11,2003-12-12
"P002509",26,2005-12-19
"P002509",26,2007-12-17
"P002510",48,2039-01-15
"P002510",3,2041-08-01
"P002510",40,2042-12-22
"P002511",25,1993-03-25
"P002511",44,1996-03-09
"P002511",21,2010-02-25
"P002512",47,2032-06-16
"P002513",29,2020-11-11
"P002513",2,2032-09-12
"P002513",47,2034-04-26
"P002513",27,2035-08-09
"P002513",7,2038-06-28
"P002514",26,1989-04-13
"P002514",42,2005-10-17
"P002514",41,2006-05-23
"P002514",7,2008-01-20
"P002514",54,2021-04-03
"P002514",54,2022-04-22
"P002514",41,2023-05-25
"P002514",14,2023-09-17
"P002514",1,2024-11-19
"P002514",25,2026-07-30
"P002515",1,2006-01-04
"P002515",4,2011-12-05
"P002515",14,2011-12-27
"P002515",8,2014-03-09
"P002515",2,2014-08-06
"P002515",8,2038-06-26
"P002516",13,2017-12-22
"P002516",62,2022-05-30
"P002516",2,2031-04-27
"P002517",55,2000-10-20
"P002517",6,2012-10-03
"P002517",4,2015-05-26
"P002517",4,2034-06-23
"P002517",61,2036-11-11
"P002517",34,2039-06-19
"P002518",55,1994-06-01
"P002518",52,2000-11-16
"P002518",65,2004-08-23
"P002518",50,2017-07-16
"P002518",9,2017-08-08
"P002518",50,2020-01-15
"P002518",21,2022-09-29
"P002519",24,1983-08-31
"P002519",8,1986-02-22
"P002519",18,1993-09-15
"P002519",1,2000-03-15
"P002520",11,1967-12-12
"P002520",65,1971-05-07
"P002520",52,1981-05-16
"P002520",23,1985-08-10
"P002520",28,1985-10-17
"P002520",25,1987-10-10
"P002520",56,1987-12-24
"P002520",61,1995-04-15
"P002521",14,1988-08-01
"P002521",6,1997-09-07
"P002521",28,1998-03-26
"P002521",10,1998-10-26
"P002521",22,2001-05-11
"P002521",55,2008-03-17
"P002521",19,2008-07-31
"P002521",5,2010-12-01
"P002521",2,2012-02-04
"P002522",52,2012-05-25
"P002523",57,1975-02-18
"P002523",14,1995-04-18
"P002524",47,2044-03-06
"P002525",42,2023-02-03
"P002525",55,2023-08-24
"P002525",34,2023-11-11
"P002525",57,2031-06-29
"P002525",54,2032-01-12
"P002525",30,2038-07-30
"P002525",62,2040-07-06
"P002525",55,2041-05-29
"P002526",32,2027-09-09
"P002526",3,2031-12-25
"P002526",60,2032-03-16
"P002526",28,2035-02-02
"P002526",54,2046-07-31
"P002527",2,2000-04-21
"P002527",18,2001-12-28
"P002528",18,1998-07-24
"P002528",28,1999-04-07
"P002528",16,2000-06-28
"P002528",28,2002-10-22
"P002528",5,2006-12-31
"P002528",41,2011-02-08
"P002528",43,2036-12-24
"P002529",11,1987-07-14
"P002529",53,1989-06-11
"P002529",45,1989-12-08
"P002529",15,1992-03-04
"P002529",1,1995-05-14
"P002529",16,2024-05-11
"P002529",14,2026-06-12
"P002530",53,1982-07-13
"P002530",49,1982-12-30
"P002530",50,1988-05-31
"P002530",11,2003-04-21
"P002530",12,2007-03-02
"P002530",24,2007-07-14
"P002530",64,2011-07-28
"P002531",2,2014-03-04
"P002531",57,2020-09-27
"P002531",25,2031-08-05
"P002531",33,2031-11-24
"P002531",37,2037-02-20
"P002531",51,2037-12-19
"P002531",8,2039-06-18
"P002531",12,2047-07-03
"P002531",50,2048-04-04
"P002531",16,2048-05-27
"P002531",56,2049-06-04
"P002531",27,2049-06-21
"P002531",27,2049-07-22
"P002531",24,2050-05-16
"P002531",27,2050-08-08
"P002531",27,2050-12-16
"P002532",4,1968-03-30
"P002532",30,1968-06-09
"P002532",40,1969-04-28
"P002532",62,1970-12-20
"P002532",32,1971-05-17
"P002532",24,1977-06-17
"P002532",53,1990-11-18
"P002532",26,1991-03-15
"P002532",28,1993-08-14
"P002532",30,1994-03-08
"P002532",35,1994-04-24
"P002532",30,1995-12-04
"P002532",66,1996-03-07
"P002532",40,1996-06-16
"P002532",41,1997-01-06
"P002532",41,1997-05-17
"P002532",11,1997-10-18
"P002532",43,1998-03-15
"P002532",1,2000-02-19
"P002533",15,1986-08-21
"P002533",34,2008-02-15
"P002533",28,2009-04-26
"P002534",62,1964-03-25
"P002534",64,1965-02-16
"P002534",67,1969-04-13
"P002534",1,1971-07-20
"P002534",37,1980-01-28
"P002534",43,1986-11-25
"P002534",55,1988-04-10
"P002534",3,1988-08-26
"P002534",49,1989-11-25
"P002534",26,2002-08-13
"P002535",2,2020-10-16
"P002535",25,2037-11-03
"P002535",28,2044-02-27
"P002535",40,2045-04-24
"P002535",4,2045-08-18
"P002535",50,2046-06-13
"P002535",48,2046-07-04
"P002535",29,2047-01-16
"P002535",43,2047-08-03
"P002535",1,2047-10-08
"P002535",23,2049-10-18
"P002535",61,2049-11-10
"P002536",65,2022-11-28
"P002536",28,2029-11-21
"P002536",23,2032-12-21
"P002537",28,1992-08-17
"P002537",19,2006-04-26
"P002538",4,2020-07-11
"P002538",26,2027-09-04
"P002538",28,2046-09-15
"P002538",24,2051-01-14
"P002538",17,2051-02-14
"P002538",54,2051-04-01
"P002538",31,2053-04-02
"P002539",14,1983-11-19
"P002539",24,1984-07-29
"P002539",1,1985-06-09
"P002539",39,1987-12-07
"P002539",3,2003-10-21
"P002539",67,2006-06-23
"P002539",62,2009-04-28
"P002539",2,2009-10-16
"P002539",21,2012-06-12
"P002539",62,2018-09-04
"P002540",49,1979-09-21
"P002540",23,1987-01-07
"P002540",56,1989-03-26
"P002540",27,1994-05-14
"P002540",62,1999-01-03
"P002540",35,2007-06-09
"P002540",30,2008-10-27
"P002541",1,1999-07-03
"P002541",9,2008-06-20
"P002542",14,1965-05-28
"P002542",25,1965-11-17
"P002542",52,1974-03-22
"P002542",10,1980-03-07
"P002542",19,1995-09-29
"P002542",1,2000-11-10
"P002542",13,2002-04-10
"P002542",28,2003-09-02
"P002543",24,1992-06-07
"P002543",44,1996-06-06
"P002543",28,1999-07-31
"P002543",12,2023-10-19
"P002543",30,2026-11-26
"P002543",28,2027-05-10
"P002543",30,2028-09-24
"P002544",50,1966-10-05
"P002544",24,1966-12-09
"P002544",1,1976-03-17
"P002544",42,1977-06-27
"P002544",6,1992-05-30
"P002544",28,1998-04-09
"P002545",11,2025-07-30
"P002545",57,2026-10-01
"P002545",28,2029-10-25
"P002545",30,2030-04-18
"P002545",12,2031-12-16
"P002545",59,2032-07-14
"P002545",26,2043-02-16
"P002545",43,2044-04-14
"P002545",49,2044-10-31
"P002545",26,2044-11-07
"P002545",52,2047-07-08
"P002546",44,1979-10-22
"P002546",6,1989-09-20
"P002546",11,2006-04-07
"P002546",57,2010-09-24
"P002546",55,2011-01-03
"P002546",46,2011-04-22
"P002546",46,2011-11-22
"P002546",55,2013-04-09
"P002546",49,2013-07-01
"P002546",11,2014-06-12
"P002547",54,2023-12-19
"P002547",49,2031-03-30
"P002547",28,2032-03-20
"P002547",16,2032-07-01
"P002547",23,2033-03-10
"P002547",29,2033-04-22
"P002547",19,2035-04-20
"P002547",5,2039-03-31
"P002548",27,1962-06-26
"P002548",24,1962-12-11
"P002548",62,1963-02-19
"P002548",23,1964-04-05
"P002548",55,1964-12-19
"P002548",42,1966-12-06
"P002548",66,1968-06-23
"P002548",28,1968-07-19
"P002548",29,1969-11-07
"P002548",50,1975-04-01
"P002548",14,1976-12-13
"P002548",14,1982-03-24
"P002548",15,1987-10-28
"P002548",1,1999-11-14
"P002548",39,2000-07-19
"P002549",53,2017-12-16
"P002549",12,2023-01-13
"P002549",15,2034-09-25
"P002549",65,2041-01-08
"P002550",38,1986-05-09
"P002550",62,1987-05-26
"P002551",49,1978-06-29
"P002551",14,1988-07-01
"P002551",26,1990-11-15
"P002551",30,1996-11-08
"P002551",8,2015-04-06
"P002552",27,1997-12-15
"P002552",14,2002-07-22
"P002552",6,2015-03-10
"P002552",44,2015-12-08
"P002552",49,2032-07-11
"P002553",24,1977-08-22
"P002554",55,2018-08-16
"P002554",11,2019-03-07
"P002554",28,2036-10-09
"P002554",27,2042-10-07
"P002554",8,2045-11-29
"P002554",11,2050-09-17
"P002555",26,1991-09-21
"P002555",49,2000-09-16
"P002556",23,2014-03-27
"P002556",43,2020-05-10
"P002556",18,2023-03-04
"P002556",1,2023-04-23
"P002556",12,2030-07-04
"P002556",8,2031-01-20
"P002557",11,2002-10-10
"P002557",14,2004-08-02
"P002557",58,2005-11-07
"P002557",1,2006-01-16
"P002557",38,2007-01-04
"P002557",54,2007-05-22
"P002557",44,2013-06-28
"P002557",62,2013-09-20
"P002557",3,2014-02-19
"P002557",55,2014-11-16
"P002557",23,2015-09-24
"P002557",12,2015-10-25
"P002557",19,2018-04-02
"P002558",31,1991-09-20
"P002558",7,2001-10-24
"P002558",38,2026-12-23
"P002558",14,2027-08-15
"P002559",18,2002-01-05
"P002560",17,2010-04-12
"P002560",52,2032-04-04
"P002561",1,1987-06-13
"P002561",8,1990-11-29
"P002561",42,1991-10-14
"P002561",52,1994-09-04
"P002561",1,1997-07-04
"P002561",5,2008-01-16
"P002562",12,1990-05-10
"P002562",24,1991-07-12
"P002562",1,1997-09-19
"P002562",28,2003-11-28
"P002562",2,2011-01-30
"P002562",52,2015-03-26
"P002562",28,2017-07-10
"P002563",62,2011-10-27
"P002563",43,2018-08-05
"P002563",62,2019-04-29
"P002563",25,2021-10-14
"P002563",26,2022-03-26
"P002563",20,2025-03-10
"P002563",49,2025-12-16
"P002563",5,2026-11-25
"P002563",23,2029-11-13
"P002563",14,2044-09-19
"P002563",41,2045-07-23
"P002564",3,2004-09-08
"P002564",55,2013-01-09
"P002564",42,2013-04-27
"P002564",62,2022-06-16
"P002565",23,1984-05-08
"P002565",37,1985-08-28
"P002565",3,1997-10-15
"P002565",37,2009-04-22
"P002565",55,2014-12-28
"P002566",21,1984-09-04
"P002566",11,2005-01-13
"P002566",6,2005-12-09
"P002566",44,2006-08-07
"P002566",37,2006-12-14
"P002566",55,2009-04-29
"P002566",42,2010-01-30
"P002566",66,2010-09-14
"P002567",56,2028-09-17
"P002567",31,2028-10-18
"P002567",66,2030-08-26
"P002569",42,2009-06-07
"P002569",17,2015-07-06
"P002570",13,1976-11-27
"P002570",52,1995-04-27
"P002571",37,2003-12-31
"P002571",44,2006-12-17
"P002571",22,2006-12-21
"P002571",55,2007-01-19
"P002571",24,2007-08-11
"P002571",29,2008-11-23
"P002571",13,2009-06-21
"P002571",13,2009-10-16
"P002571",53,2010-05-29
"P002571",13,2010-12-20
"P002572",4,1966-03-11
"P002572",60,1974-07-20
"P002572",9,1976-09-20
"P002572",38,1977-09-10
"P002573",2,1994-03-26
"P002573",24,1999-11-04
"P002573",43,2017-12-02
"P002574",11,2006-10-22
"P002574",19,2009-06-30
"P002574",58,2013-08-24
"P002574",43,2014-02-12
"P002574",18,2017-04-14
"P002574",10,2025-07-16
"P002575",17,1981-11-04
"P002575",8,1981-11-16
"P002575",53,1982-02-11
"P002575",67,1983-04-11
"P002575",1,1983-04-16
"P002575",4,1983-04-18
"P002575",10,1983-09-08
"P002575",64,1984-05-25
"P002575",23,1990-10-04
"P002575",52,1990-11-15
"P002575",32,1991-03-01
"P002575",6,1991-11-22
"P002575",27,1995-05-14
"P002575",3,2005-02-28
"P002575",1,2007-10-25
"P002575",12,2008-03-30
"P002575",30,2010-01-23
"P002576",4,2004-12-25
"P002576",4,2019-01-25
"P002576",14,2020-10-05
"P002576",36,2030-09-03
"P002576",41,2032-07-07
"P002577",54,2002-02-21
"P002577",15,2003-05-24
"P002577",54,2004-03-31
"P002577",55,2004-09-08
"P002577",37,2005-06-16
"P002577",1,2005-10-17
"P002577",51,2005-10-25
"P002577",43,2006-02-23
"P002577",65,2007-07-03
"P002577",50,2008-09-09
"P002577",20,2009-09-02
"P002577",4,2015-12-11
"P002577",8,2017-05-16
"P002577",3,2020-12-03
"P002578",41,1972-07-11
"P002578",5,1980-05-09
"P002578",63,1986-07-25
"P002578",57,2001-02-07
"P002579",43,2015-05-24
"P002579",23,2036-09-14
"P002579",14,2041-07-31
"P002580",2,1972-08-30
"P002580",18,1973-08-30
"P002580",28,1974-10-02
"P002580",62,1976-02-04
"P002580",21,1982-12-07
"P002580",6,1983-11-07
"P002580",12,1984-04-17
"P002580",5,1989-06-19
"P002580",3,1993-03-03
"P002580",30,1994-07-02
"P002581",11,2027-08-23
"P002581",28,2029-09-17
"P002581",27,2044-05-27
"P002582",52,1998-08-05
"P002582",58,2011-04-10
"P002582",23,2015-10-07
"P002582",67,2017-10-14
"P002582",2,2019-12-02
"P002582",43,2020-11-16
"P002583",21,2018-05-27
"P002583",23,2026-12-08
"P002583",9,2027-07-09
"P002583",29,2029-01-26
"P002583",63,2033-08-26
"P002583",19,2037-07-20
"P002583",28,2040-05-02
"P002584",26,2006-02-06
"P002584",10,2007-12-13
"P002584",66,2009-03-06
"P002584",28,2040-11-16
"P002585",14,1987-08-15
"P002585",1,1999-02-17
"P002586",57,1965-05-27
"P002586",4,1979-04-06
"P002586",53,1979-10-18
"P002586",45,1980-01-22
"P002586",50,1980-03-09
"P002586",20,1980-08-20
"P002586",66,1980-11-22
"P002586",1,1981-01-16
"P002586",58,1982-05-29
"P002586",63,1982-12-11
"P002586",36,1983-08-01
"P002586",14,1983-11-23
"P002586",11,1990-04-13
"P002586",55,1991-11-16
"P002586",46,1992-03-15
"P002586",12,1994-04-12
"P002586",52,1997-06-20
"P002586",47,2001-11-21
"P002587",26,2016-08-23
"P002587",60,2041-12-15
"P002587",30,2043-11-12
"P002587",38,2044-03-28
"P002587",24,2044-11-30
"P002587",14,2049-06-29
"P002588",52,1994-03-21
"P002588",55,2008-10-30
"P002588",3,2014-08-24
"P002588",1,2015-06-10
"P002588",28,2018-03-20
"P002588",41,2022-07-11
"P002588",38,2028-04-15
"P002588",18,2028-04-19
"P002588",15,2032-01-01
"P002589",62,1985-12-29
"P002590",52,2008-12-25
"P002590",38,2009-07-02
"P002590",12,2010-05-30
"P002590",11,2021-01-04
"P002590",2,2028-09-21
"P002590",7,2030-02-25
"P002590",43,2030-07-25
"P002591",11,2015-05-13
"P002591",19,2016-04-07
"P002591",28,2021-03-13
"P002591",16,2031-02-18
"P002591",44,2033-11-28
"P002591",1,2037-09-19
"P002591",21,2041-01-01
"P002591",1,2047-05-14
"P002592",55,1983-05-07
"P002592",3,1995-12-02
"P002592",30,2003-07-11
"P002592",61,2005-09-23
"P002592",55,2013-03-26
"P002593",28,2007-02-06
"P002593",27,2020-11-28
"P002594",14,2001-01-27
"P002594",43,2010-04-14
"P002594",24,2010-11-05
"P002595",4,1986-01-07
"P002595",52,1987-07-28
"P002595",67,1987-08-28
"P002595",14,1988-06-12
"P002595",9,1993-05-22
"P002596",6,2011-09-10
"P002596",14,2012-10-02
"P002596",28,2030-10-09
"P002597",2,1967-02-26
"P002597",61,1969-07-21
"P002597",49,1973-08-14
"P002597",30,1974-11-17
"P002597",6,1994-11-11
"P002598",26,2015-02-14
"P002598",2,2019-04-06
"P002598",12,2033-05-26
"P002598",52,2041-03-01
"P002598",16,2042-01-29
"P002598",55,2049-09-11
"P002599",28,1974-02-10
"P002599",43,1980-02-07
"P002600",2,2001-01-12
"P002600",43,2001-07-06
"P002600",53,2007-11-19
"P002600",53,2012-11-21
"P002600",61,2018-03-02
"P002600",53,2020-01-18
"P002600",55,2022-04-26
"P002600",27,2024-03-12
"P002600",27,2024-11-01
"P002600",52,2027-08-09
"P002600",47,2028-02-08
"P002600",14,2029-06-03
"P002601",62,2003-11-20
"P002601",55,2004-05-06
"P002601",23,2021-05-29
"P002601",5,2025-02-06
"P002601",2,2037-04-13
"P002602",2,2014-04-12
"P002602",55,2015-03-16
"P002602",27,2039-03-29
"P002603",28,1990-10-30
"P002603",17,2017-02-27
"P002604",63,1971-04-01
"P002604",28,1980-10-08
"P002605",48,2010-11-06
"P002605",52,2018-03-13
"P002605",6,2021-10-01
"P002606",8,2006-06-24
"P002606",30,2029-05-02
"P002607",27,1994-05-25
"P002607",3,2016-04-28
"P002607",1,2017-03-06
"P002607",54,2025-03-25
"P002608",18,2000-02-21
"P002608",18,2001-09-01
"P002608",3,2002-02-21
"P002608",25,2002-09-27
"P002608",61,2003-06-15
"P002608",12,2020-08-13
"P002608",24,2022-04-11
"P002608",26,2023-12-11
"P002608",11,2025-06-22
"P002608",7,2036-05-31
"P002608",64,2037-11-11
"P002608",59,2037-12-29
"P002609",15,2011-09-07
"P002609",23,2022-06-29
"P002609",25,2031-08-26
"P002610",27,2004-09-23
"P002610",62,2005-07-14
"P002610",23,2005-10-13
"P002611",27,1971-01-22
"P002611",1,1999-07-19
"P002611",39,2002-07-19
"P002611",47,2003-05-05
"P002611",5,2007-08-21
"P002612",1,2010-06-21
"P002612",61,2017-08-13
"P002612",13,2022-11-05
"P002613",60,2009-03-14
"P002613",12,2025-12-12
"P002613",55,2031-03-22
"P002613",49,2031-05-05
"P002613",23,2035-03-25
"P002613",50,2037-11-21
"P002613",16,2042-06-04
"P002613",23,2043-12-08
"P002613",29,2044-10-17
"P002613",57,2045-02-24
"P002613",67,2046-06-24
"P002613",37,2046-10-18
"P002613",2,2048-10-31
"P002614",28,1993-06-21
"P002614",8,1998-07-24
"P002614",52,2018-02-12
"P002614",65,2019-06-01
"P002615",2,2040-10-14
"P002616",52,2015-08-01
"P002616",8,2015-10-27
"P002616",50,2016-09-24
"P002616",2,2021-06-01
"P002616",24,2025-10-12
"P002616",25,2029-01-22
"P002616",33,2030-02-24
"P002616",27,2030-08-24
"P002616",62,2031-07-05
"P002616",12,2031-09-05
"P002616",30,2032-05-22
"P002616",3,2039-12-27
"P002616",32,2053-06-08
"P002616",2,2054-04-01
"P002617",57,2007-10-29
"P002617",52,2008-12-17
"P002617",60,2022-11-07
"P002617",18,2028-07-02
"P002617",52,2035-11-07
"P002617",55,2036-08-08
"P002617",23,2037-09-29
"P002617",52,2043-03-17
"P002618",28,2013-09-09
"P002618",23,2014-01-16
"P002618",1,2015-01-30
"P002618",6,2015-06-23
"P002618",34,2015-07-08
"P002618",4,2017-01-07
"P002618",64,2017-09-29
"P002618",66,2018-04-06
"P002618",55,2040-12-01
"P002619",18,2011-11-27
"P002619",66,2018-06-11
"P002619",2,2018-12-05
"P002619",62,2034-03-13
"P002619",44,2044-03-13
"P002619",26,2044-11-30
"P002619",61,2045-09-05
"P002619",3,2045-11-29
"P002619",11,2046-04-02
"P002619",6,2046-06-28
"P002619",13,2046-12-27
"P002620",14,1989-08-29
"P002620",35,1992-06-15
"P002620",35,1993-08-05
"P002620",62,1996-08-29
"P002620",7,2007-01-07
"P002621",13,2004-01-06
"P002621",10,2007-07-12
"P002621",12,2008-12-17
"P002621",24,2027-08-07
"P002621",17,2027-12-20
"P002621",41,2029-12-04
"P002622",24,1996-12-28
"P002622",40,2007-03-17
"P002623",1,1989-01-01
"P002623",58,2005-02-06
"P002623",38,2007-05-08
"P002624",4,2006-07-08
"P002624",28,2039-12-04
"P002625",23,1989-09-02
"P002625",4,1991-03-11
"P002626",23,2010-02-18
"P002626",55,2022-06-11
"P002626",56,2026-07-22
"P002626",8,2028-08-16
"P002626",31,2029-11-23
"P002626",15,2035-02-26
"P002627",28,1982-11-11
"P002627",16,1995-07-22
"P002627",40,1996-02-14
"P002627",28,1997-09-09
"P002627",11,2008-08-03
"P002628",36,1988-05-07
"P002628",16,2015-06-19
"P002628",9,2015-12-18
"P002629",26,2003-08-19
"P002629",28,2007-07-28
"P002629",18,2009-10-04
"P002629",30,2015-02-21
"P002629",24,2015-09-22
"P002629",24,2016-08-24
"P002629",23,2028-12-16
"P002630",18,2028-01-15
"P002631",55,1997-04-18
"P002631",2,2000-05-20
"P002631",4,2013-05-08
"P002631",58,2018-01-18
"P002631",16,2018-10-09
"P002631",19,2019-07-13
"P002632",52,1996-04-10
"P002632",2,2003-08-03
"P002633",14,1966-09-13
"P002633",50,1981-06-30
"P002633",24,1983-02-25
"P002633",67,1983-10-11
"P002633",35,1985-07-01
"P002633",60,1985-12-06
"P002633",18,1986-01-16
"P002633",18,1989-04-05
"P002633",12,1991-01-30
"P002633",53,1991-03-31
"P002633",45,1992-04-23
"P002634",52,1992-07-01
"P002634",3,2014-10-01
"P002634",17,2017-04-17
"P002635",27,2000-06-25
"P002635",28,2003-10-19
"P002635",26,2004-06-16
"P002635",54,2007-05-30
"P002635",18,2010-02-09
"P002635",9,2011-06-11
"P002635",40,2012-04-12
"P002635",2,2015-11-08
"P002635",7,2019-03-01
"P002635",64,2023-08-13
"P002636",50,1997-09-04
"P002636",36,1997-09-14
"P002636",54,2006-04-03
"P002636",12,2008-04-28
"P002636",63,2032-09-19
"P002637",52,1980-05-21
"P002637",14,1985-01-19
"P002637",54,2014-01-01
"P002637",52,2016-05-19
"P002638",1,2006-07-28
"P002638",3,2011-11-11
"P002638",48,2015-11-18
"P002639",3,2001-04-11
"P002639",35,2003-03-25
"P002639",23,2010-01-15
"P002639",31,2012-01-11
"P002639",8,2012-12-16
"P002639",6,2017-07-13
"P002639",18,2018-07-28
"P002639",14,2018-08-14
"P002639",15,2019-03-14
"P002639",6,2021-02-25
"P002639",4,2023-06-12
"P002639",28,2026-08-10
"P002640",11,1986-10-19
"P002640",51,1993-09-26
"P002640",50,1993-09-28
"P002640",29,1994-09-24
"P002640",4,2001-03-07
"P002641",23,2006-10-28
"P002641",39,2026-03-17
"P002641",24,2026-04-13
"P002641",17,2027-03-26
"P002641",17,2028-05-02
"P002641",27,2030-05-29
"P002641",57,2030-06-15
"P002641",67,2030-09-23
"P002641",55,2030-10-22
"P002641",3,2032-04-10
"P002642",26,1997-08-23
"P002642",21,2000-03-29
"P002642",55,2002-11-28
"P002642",28,2009-02-09
"P002642",29,2021-01-06
"P002642",9,2021-08-08
"P002642",11,2027-03-25
"P002642",58,2028-02-25
"P002642",3,2028-03-29
"P002643",37,2051-11-09
"P002644",26,2021-12-26
"P002644",27,2029-06-20
"P002644",52,2032-11-28
"P002644",4,2036-04-05
"P002644",23,2046-03-14
"P002645",7,2002-10-12
"P002645",32,2007-08-30
"P002645",41,2022-07-08
"P002645",3,2023-01-28
"P002645",35,2023-03-06
"P002645",20,2023-07-16
"P002645",49,2024-01-06
"P002645",5,2024-03-06
"P002646",53,2021-05-27
"P002646",54,2026-12-23
"P002646",37,2028-06-16
"P002646",25,2029-04-14
"P002646",18,2029-06-02
"P002646",50,2029-09-26
"P002646",8,2033-04-07
"P002646",4,2054-01-09
"P002647",28,2014-02-26
"P002647",14,2015-03-05
"P002647",9,2015-04-29
"P002647",27,2016-11-03
"P002647",41,2017-02-18
"P002647",40,2019-04-19
"P002647",8,2020-05-12
"P002647",23,2020-07-08
"P002647",6,2034-04-20
"P002647",2,2034-07-24
"P002647",6,2038-03-13
"P002647",65,2038-04-26
"P002648",24,2006-02-07
"P002648",11,2020-05-22
"P002648",23,2027-01-24
"P002648",54,2029-03-13
"P002648",1,2038-10-01
"P002648",12,2041-01-01
"P002649",2,1974-09-14
"P002649",60,1990-09-10
"P002649",56,2009-05-22
"P002650",23,1988-08-17
"P002650",17,2005-07-16
"P002651",23,2013-06-16
"P002651",40,2016-06-16
"P002651",61,2018-12-05
"P002651",17,2018-12-21
"P002651",64,2021-06-02
"P002651",4,2037-09-30
"P002651",28,2043-10-21
"P002652",1,1986-05-12
"P002652",24,1996-03-22
"P002652",30,2010-11-23
"P002653",26,1968-02-28
"P002653",66,1968-11-11
"P002653",33,1984-11-10
"P002653",26,1984-12-28
"P002653",3,1985-01-15
"P002653",33,1987-05-19
"P002653",8,1988-08-20
"P002653",64,1989-05-01
"P002653",53,1989-06-25
"P002653",47,1993-09-10
"P002653",14,2000-03-31
"P002654",28,1980-12-28
"P002654",28,1997-05-06
"P002654",39,1999-01-27
"P002654",36,2008-04-07
"P002654",67,2010-07-04
"P002655",57,2007-11-27
"P002655",52,2009-02-04
"P002655",53,2013-01-11
"P002655",11,2013-11-06
"P002655",27,2023-04-13
"P002655",52,2027-07-05
"P002655",15,2042-08-08
"P002655",13,2042-08-25
"P002656",62,1991-01-24
"P002656",23,1992-02-25
"P002656",9,1993-07-07
"P002656",42,1997-03-11
"P002656",43,2000-07-24
"P002656",27,2000-08-20
"P002656",18,2009-05-25
"P002657",25,2006-09-12
"P002657",53,2016-03-27
"P002657",11,2017-12-29
"P002657",15,2018-04-01
"P002657",54,2019-03-25
"P002658",14,2008-10-28
"P002658",55,2009-08-09
"P002658",49,2009-10-23
"P002658",54,2011-08-29
"P002658",62,2016-08-08
"P002658",6,2032-04-29
"P002658",34,2033-04-28
"P002658",42,2042-07-23
"P002659",56,2011-12-18
"P002660",2,2003-04-02
"P002660",4,2018-05-25
"P002661",6,1967-01-11
"P002661",4,1972-11-27
"P002661",26,1978-04-26
"P002661",14,1983-04-01
"P002661",55,1990-11-01
"P002661",59,1993-01-08
"P002661",28,2004-06-03
"P002662",15,1971-03-25
"P002662",32,1998-12-25
"P002662",43,2005-01-27
"P002662",4,2007-02-07
"P002663",1,2027-04-03
"P002664",58,1982-12-25
"P002665",35,1976-04-06
"P002665",7,1978-06-18
"P002665",24,1980-03-13
"P002665",15,2001-08-07
"P002665",8,2008-08-21
"P002665",48,2012-01-07
"P002666",2,2006-04-30
"P002666",33,2010-09-26
"P002666",16,2021-07-24
"P002666",33,2021-10-07
"P002667",21,2000-02-13
"P002667",67,2003-02-05
"P002667",60,2007-02-27
"P002667",61,2014-12-13
"P002667",32,2015-09-11
"P002667",15,2016-08-06
"P002667",42,2018-03-01
"P002667",50,2019-05-18
"P002667",27,2029-01-06
"P002667",6,2035-02-28
"P002668",25,2018-12-29
"P002668",27,2034-05-02
"P002668",49,2037-07-31
"P002669",55,1979-05-02
"P002669",52,1983-07-20
"P002669",61,1990-02-13
"P002669",18,1997-06-09
"P002669",41,1999-10-05
"P002669",26,2012-05-09
"P002670",44,2014-04-12
"P002670",37,2024-09-25
"P002670",33,2026-04-17
"P002670",44,2026-10-27
"P002670",28,2035-04-06
"P002670",55,2036-06-25
"P002670",24,2046-09-29
"P002670",6,2047-02-23
"P002671",55,1981-07-06
"P002671",62,1982-09-09
"P002671",55,1985-01-06
"P002671",21,1985-07-29
"P002671",2,1989-09-04
"P002671",23,2006-09-21
"P002671",24,2016-05-08
"P002672",4,2005-11-15
"P002672",64,2007-10-03
"P002672",62,2014-06-14
"P002672",17,2014-08-19
"P002672",55,2022-09-02
"P002672",2,2023-06-23
"P002673",49,2026-04-05
"P002673",60,2030-08-05
"P002673",24,2031-03-08
"P002673",62,2034-05-05
"P002674",49,2025-04-19
"P002674",6,2030-02-16
"P002675",21,2016-02-01
"P002675",21,2016-03-24
"P002675",8,2038-10-05
"P002675",41,2038-12-21
"P002675",52,2039-02-17
"P002675",8,2039-09-02
"P002675",59,2044-06-01
"P002675",53,2045-08-28
"P002675",16,2047-05-05
"P002676",3,1995-07-17
"P002676",28,2007-10-19
"P002676",8,2009-07-28
"P002676",29,2016-01-13
"P002676",37,2018-11-16
"P002676",1,2019-10-04
"P002676",63,2020-03-13
"P002676",24,2025-07-20
"P002676",60,2025-10-07
"P002677",23,1982-03-15
"P002678",65,2007-01-25
"P002678",18,2007-02-22
"P002678",6,2017-09-01
"P002678",1,2028-02-28
"P002679",50,1979-02-27
"P002679",1,1993-03-26
"P002679",28,2006-09-30
"P002679",67,2010-08-14
"P002679",15,2013-02-25
"P002680",57,1967-12-27
"P002680",27,1976-03-17
"P002680",8,1984-11-28
"P002680",24,1999-09-08
"P002680",28,2001-01-26
"P002681",49,2016-11-03
"P002681",18,2021-08-04
"P002681",4,2030-08-04
"P002681",7,2030-08-20
"P002682",6,2026-12-13
"P002682",57,2027-06-30
"P002682",15,2028-03-24
"P002682",39,2048-07-20
"P002683",2,1982-06-13
"P002683",20,1982-08-04
"P002683",1,1982-12-19
"P002683",12,1983-07-04
"P002683",49,1984-01-15
"P002683",18,1999-01-12
"P002683",46,2000-04-24
"P002684",1,1982-11-04
"P002684",52,1985-01-01
"P002684",23,2001-08-04
"P002684",20,2001-09-28
"P002685",1,1999-10-13
"P002685",4,2006-12-28
"P002686",28,1965-12-11
"P002686",16,1966-08-06
"P002686",23,1970-10-18
"P002686",21,1981-05-29
"P002686",14,1992-05-18
"P002686",24,1994-05-20
"P002687",61,2000-07-11
"P002687",43,2001-08-11
"P002687",14,2002-09-02
"P002687",28,2009-03-19
"P002687",55,2013-12-13
"P002687",8,2025-08-05
"P002688",57,1980-10-17
"P002688",55,1987-02-14
"P002688",19,1987-08-03
"P002688",39,1988-05-15
"P002688",28,1989-07-29
"P002688",42,1993-11-08
"P002688",30,1994-07-12
"P002688",41,1994-09-10
"P002688",6,1995-03-27
"P002688",1,1996-10-11
"P002688",14,1999-04-13
"P002689",28,1991-04-13
"P002689",62,1991-06-18
"P002689",48,1994-06-19
"P002689",23,2000-10-13
"P002689",55,2019-05-10
"P002689",32,2023-02-14
"P002689",44,2023-07-21
"P002690",1,1995-08-31
"P002690",23,2002-04-11
"P002690",39,2004-08-05
"P002690",23,2010-10-30
"P002690",9,2011-09-06
"P002690",49,2023-06-07
"P002690",16,2024-12-06
"P002690",14,2026-07-18
"P002690",58,2028-07-18
"P002691",12,1981-12-23
"P002691",28,1984-05-10
"P002691",28,1991-09-24
"P002691",44,2006-08-30
"P002692",6,1980-04-06
"P002692",55,1994-04-13
"P002692",3,2006-11-13
"P002693",67,2012-10-19
"P002693",67,2014-10-09
"P002693",14,2019-09-28
"P002693",62,2020-05-27
"P002693",11,2024-08-09
"P002693",27,2034-09-17
"P002693",61,2038-12-09
"P002693",34,2040-05-29
"P002693",34,2040-11-02
"P002693",55,2042-04-12
"P002693",19,2042-10-11
"P002693",43,2043-05-29
"P002694",5,2002-05-03
"P002694",52,2007-11-28
"P002694",37,2009-02-14
"P002694",36,2009-05-15
"P002694",65,2009-12-18
"P002694",28,2020-08-19
"P002694",29,2021-06-01
"P002694",21,2024-08-13
"P002695",17,2013-01-13
"P002695",41,2015-07-16
"P002695",39,2015-12-03
"P002695",35,2016-08-04
"P002695",27,2030-04-11
"P002695",6,2042-04-07
"P002695",34,2042-05-02
"P002696",36,2018-09-02
"P002696",28,2031-02-26
"P002696",55,2046-08-30
"P002697",4,1988-06-11
"P002697",18,1989-02-28
"P002697",10,1989-09-02
"P002697",61,2016-03-06
"P002698",37,2005-03-23
"P002698",1,2023-02-20
"P002698",13,2023-07-25
"P002698",57,2027-04-30
"P002698",26,2027-08-17
"P002699",19,2017-01-28
"P002699",25,2022-06-02
"P002699",53,2025-06-25
"P002700",4,1990-01-14
"P002700",40,1991-01-03
"P002700",55,2018-05-26
"P002700",6,2020-07-27
"P002701",42,2009-11-25
"P002701",61,2013-03-19
"P002702",65,2014-03-15
"P002702",34,2015-11-24
"P002702",63,2017-09-27
"P002702",18,2026-06-20
"P002702",41,2038-02-28
"P002702",34,2038-06-13
"P002702",48,2038-12-28
"P002703",17,1961-11-22
"P002703",61,1986-01-26
"P002703",33,1993-11-24
"P002704",27,2001-05-26
"P002704",54,2010-04-10
"P002704",28,2016-05-19
"P002705",5,2002-04-12
"P002705",54,2002-05-27
"P002705",5,2020-05-03
"P002705",43,2025-06-13
"P002705",20,2026-08-13
"P002705",13,2026-08-26
"P002705",28,2036-06-13
"P002706",65,2009-04-21
"P002706",3,2018-10-01
"P002706",24,2023-07-12
"P002706",24,2025-11-21
"P002706",55,2028-08-11
"P002707",28,1974-12-13
"P002707",50,1982-11-28
"P002707",35,1985-05-09
"P002707",10,1988-03-21
"P002707",11,2000-03-01
"P002707",49,2002-11-24
"P002708",27,1984-04-23
"P002708",10,1988-03-19
"P002708",43,1992-08-28
"P002708",25,1995-04-09
"P002708",43,1996-01-22
"P002708",30,2010-07-10
"P002708",56,2012-11-27
"P002709",7,2031-05-06
"P002709",28,2032-10-20
"P002709",17,2033-01-29
"P002709",30,2034-05-17
"P002709",49,2038-07-01
"P002709",41,2047-11-28
"P002710",40,1988-05-13
"P002710",24,1988-07-03
"P002710",35,1988-12-02
"P002710",3,1989-02-02
"P002710",39,1989-03-07
"P002710",6,1989-06-10
"P002710",30,1990-07-08
"P002710",11,1990-07-18
"P002710",35,1990-09-20
"P002710",55,1991-07-10
"P002710",49,1991-08-01
"P002710",37,1994-03-08
"P002710",28,1995-10-27
"P002710",10,1995-10-29
"P002710",16,1997-02-10
"P002710",8,1997-05-04
"P002710",15,1999-02-22
"P002710",18,1999-12-23
"P002710",4,2006-09-09
"P002710",21,2010-01-14
"P002711",55,2004-01-13
"P002711",3,2006-10-25
"P002711",43,2019-09-11
"P002711",28,2030-08-01
"P002712",47,2020-11-15
"P002712",28,2027-04-18
"P002712",49,2028-05-17
"P002712",2,2029-08-11
"P002712",18,2033-04-22
"P002712",40,2049-09-23
"P002713",65,1992-04-29
"P002713",8,1995-02-15
"P002713",2,1997-12-10
"P002713",1,2006-06-05
"P002713",52,2006-06-07
"P002713",39,2007-01-05
"P002713",53,2011-03-20
"P002713",49,2012-08-17
"P002713",22,2014-06-21
"P002713",24,2017-08-31
"P002714",18,2007-08-19
"P002714",50,2008-05-18
"P002714",36,2009-07-20
"P002714",35,2014-08-31
"P002714",34,2015-06-30
"P002714",19,2018-05-11
"P002714",58,2018-11-28
"P002714",1,2019-03-27
"P002714",1,2020-12-21
"P002714",23,2027-05-22
"P002714",55,2028-09-13
"P002715",3,2000-01-19
"P002715",11,2001-01-01
"P002715",15,2003-05-28
"P002715",24,2005-09-03
"P002715",54,2007-10-04
"P002716",3,2012-03-15
"P002716",27,2012-06-21
"P002716",59,2012-11-25
"P002716",57,2019-02-22
"P002716",47,2026-12-15
"P002716",31,2027-02-15
"P002716",7,2027-07-05
"P002717",4,1966-06-19
"P002717",11,1971-09-21
"P002717",4,1972-10-27
"P002717",62,1981-06-02
"P002717",43,1981-11-13
"P002717",55,1981-11-21
"P002717",21,1990-03-22
"P002718",55,1999-10-20
"P002718",18,2003-10-03
"P002718",15,2019-08-20
"P002719",11,2012-11-22
"P002719",58,2014-11-09
"P002719",14,2017-05-12
"P002719",16,2019-08-23
"P002720",28,2024-08-05
"P002720",30,2030-04-09
"P002720",14,2037-08-03
"P002721",52,2020-03-09
"P002721",42,2021-03-26
"P002721",40,2025-04-25
"P002721",2,2037-08-11
"P002721",58,2048-03-27
"P002721",38,2048-09-13
"P002722",11,2012-08-30
"P002722",49,2014-06-01
"P002722",40,2016-05-02
"P002722",28,2018-10-04
"P002722",25,2029-05-29
"P002722",55,2036-02-15
"P002722",4,2040-07-21
"P002722",4,2042-05-27
"P002722",23,2042-11-25
"P002723",28,1980-10-07
"P002723",42,1995-11-30
"P002723",10,2000-08-28
"P002723",11,2001-07-11
"P002724",14,2018-10-14
"P002725",4,1993-06-22
"P002726",24,2008-06-14
"P002726",26,2009-05-29
"P002726",28,2020-11-29
"P002726",23,2021-03-31
"P002726",12,2021-12-15
"P002726",12,2031-12-26
"P002727",44,1990-05-28
"P002727",22,1992-03-19
"P002727",26,2000-07-20
"P002727",52,2002-05-20
"P002727",28,2005-06-17
"P002727",14,2005-11-06
"P002727",14,2007-04-25
"P002727",41,2009-06-18
"P002727",2,2016-01-20
"P002727",43,2018-01-03
"P002727",62,2019-11-30
"P002728",1,2008-12-03
"P002728",19,2011-07-05
"P002728",48,2011-10-09
"P002728",6,2013-05-25
"P002728",41,2014-03-14
"P002728",55,2018-05-04
"P002729",35,1980-08-08
"P002729",62,1997-03-18
"P002729",46,1997-04-10
"P002729",46,1998-03-10
"P002730",55,2039-09-02
"P002731",52,1964-07-29
"P002731",4,1974-05-04
"P002731",53,1974-07-15
"P002731",31,1980-01-04
"P002731",3,1981-06-27
"P002731",40,1987-10-29
"P002731",3,1988-11-18
"P002732",28,2034-11-11
"P002732",32,2041-12-11
"P002732",49,2048-02-13
"P002733",61,2003-07-27
"P002733",32,2003-10-09
"P002733",32,2003-11-30
"P002733",1,2006-04-26
"P002733",1,2020-08-02
"P002733",27,2022-02-23
"P002734",55,2014-03-12
"P002734",2,2021-02-21
"P002734",34,2022-02-14
"P002735",8,2015-02-09
"P002735",14,2016-02-21
"P002735",28,2023-01-12
"P002735",23,2042-01-26
"P002735",8,2051-06-06
"P002736",8,2005-12-29
"P002736",63,2020-05-16
"P002736",34,2020-06-27
"P002736",23,2020-07-22
"P002736",61,2022-11-18
"P002736",21,2031-09-26
"P002737",60,2004-07-01
"P002737",25,2012-04-08
"P002737",23,2016-10-18
"P002737",11,2020-07-14
"P002737",18,2022-07-14
"P002737",4,2026-01-03
"P002737",53,2028-07-03
"P002737",53,2029-04-22
"P002738",38,2031-02-25
"P002738",45,2034-07-09
"P002738",26,2043-11-09
"P002739",26,2001-07-07
"P002739",3,2001-08-14
"P002739",52,2002-06-19
"P002739",28,2009-02-24
"P002739",27,2018-08-10
"P002739",24,2019-05-17
"P002740",30,1971-03-04
"P002740",30,1971-09-18
"P002740",40,1971-11-14
"P002740",1,1997-02-04
"P002741",18,2019-03-08
"P002741",18,2036-11-04
"P002741",6,2037-10-15
"P002742",62,1974-04-24
"P002742",14,1976-01-25
"P002742",27,1993-10-04
"P002742",3,1995-06-25
"P002742",49,1995-10-25
"P002743",65,2032-04-20
"P002743",52,2042-09-23
"P002744",1,2019-12-14
"P002744",58,2026-04-18
"P002744",28,2028-05-08
"P002744",49,2035-07-05
"P002744",55,2037-09-22
"P002744",54,2039-02-28
"P002744",3,2044-04-29
"P002744",23,2045-09-27
"P002745",24,2006-06-08
"P002745",49,2006-08-13
"P002745",4,2009-06-18
"P002745",6,2032-11-27
"P002745",57,2036-05-14
"P002746",38,1968-11-28
"P002746",16,1971-02-25
"P002746",15,1971-06-10
"P002746",13,1972-04-26
"P002746",16,1986-08-11
"P002746",52,1989-01-05
"P002747",60,2025-11-15
"P002747",17,2037-01-23
"P002747",52,2039-12-15
"P002747",41,2040-05-18
"P002747",44,2041-04-29
"P002747",7,2044-08-02
"P002747",38,2045-01-09
"P002747",6,2045-09-30
"P002748",8,1971-12-03
"P002748",18,1980-08-02
"P002748",15,1986-05-14
"P002749",8,2018-02-02
"P002749",27,2023-09-04
"P002749",62,2023-11-11
"P002749",30,2024-06-16
"P002749",17,2026-02-17
"P002749",10,2026-03-15
"P002750",28,1975-03-13
"P002750",1,1981-07-09
"P002750",3,1989-03-18
"P002750",60,1996-08-28
"P002751",23,1985-03-31
"P002751",23,2012-09-19
"P002751",9,2014-04-09
"P002751",3,2014-06-20
"P002751",8,2020-10-27
"P002752",3,1977-06-21
"P002752",56,1998-07-15
"P002753",39,1984-01-10
"P002753",39,1985-06-09
"P002753",56,1986-01-13
"P002753",35,1987-03-31
"P002753",64,1990-03-12
"P002753",53,1998-10-07
"P002753",24,2010-06-03
"P002754",4,2012-02-04
"P002754",8,2019-12-24
"P002754",4,2029-09-02
"P002754",16,2036-07-09
"P002755",28,2014-04-12
"P002755",23,2030-08-17
"P002755",28,2049-07-14
"P002756",11,2004-05-17
"P002756",28,2030-04-20
"P002756",18,2037-12-07
"P002756",28,2041-08-17
"P002757",27,2010-08-30
"P002757",42,2011-06-04
"P002757",13,2014-03-23
"P002757",6,2017-10-29
"P002757",13,2021-04-09
"P002757",14,2024-02-27
"P002757",6,2027-08-30
"P002757",55,2028-10-28
"P002757",61,2028-12-13
"P002757",58,2032-10-24
"P002757",15,2036-12-06
"P002757",62,2037-11-13
"P002758",27,2008-12-15
"P002758",2,2009-01-22
"P002758",7,2012-09-04
"P002758",18,2027-09-05
"P002758",55,2029-09-25
"P002758",11,2032-04-30
"P002758",64,2037-08-17
"P002759",55,2000-09-26
"P002759",4,2005-09-18
"P002759",25,2025-02-25
"P002759",62,2025-02-27
"P002760",55,2005-06-09
"P002760",24,2010-08-16
"P002760",3,2029-12-21
"P002761",49,1978-03-08
"P002761",54,1979-01-30
"P002761",37,1980-03-09
"P002761",59,1980-04-11
"P002761",3,1984-11-16
"P002761",3,1998-02-11
"P002762",17,1964-05-21
"P002762",18,1971-03-23
"P002762",22,1998-03-15
"P002763",4,1988-05-09
"P002763",2,1990-02-09
"P002763",66,2004-11-17
"P002763",55,2011-02-19
"P002764",28,2006-09-14
"P002764",25,2025-11-07
"P002765",6,1981-02-10
"P002765",53,1989-06-09
"P002765",42,1989-07-18
"P002765",53,1990-09-25
"P002765",8,1995-04-06
"P002765",49,1995-07-19
"P002765",61,1995-10-19
"P002765",2,2004-12-29
"P002765",50,2006-04-15
"P002766",18,1981-12-11
"P002766",2,1982-04-09
"P002766",49,1985-11-19
"P002766",61,1986-02-16
"P002766",26,1993-03-31
"P002766",7,2001-03-01
"P002766",3,2012-12-18
"P002766",28,2014-09-02
"P002767",65,1992-05-19
"P002767",54,1992-07-26
"P002767",54,1993-08-30
"P002767",39,1994-07-31
"P002767",14,2005-09-26
"P002768",22,1996-07-31
"P002768",16,1998-05-22
"P002768",40,1998-10-03
"P002768",61,2016-10-03
"P002768",28,2020-05-18
"P002768",55,2024-08-07
"P002769",52,1981-09-23
"P002769",63,1985-02-02
"P002769",27,1994-10-06
"P002769",40,1995-12-26
"P002770",53,2007-08-06
"P002770",26,2024-12-05
"P002770",2,2033-03-18
"P002770",33,2034-12-21
"P002771",3,1977-07-18
"P002771",15,1977-11-11
"P002771",55,1994-12-15
"P002771",59,1995-06-12
"P002771",26,1996-01-21
"P002771",53,1996-08-27
"P002771",6,2000-08-30
"P002771",6,2011-05-12
"P002772",23,1997-08-03
"P002772",6,1998-12-12
"P002772",24,2012-12-12
"P002772",23,2014-10-22
"P002772",29,2015-03-03
"P002772",34,2016-06-07
"P002772",52,2025-03-21
"P002773",42,1987-03-02
"P002773",28,1989-05-07
"P002773",39,1993-04-02
"P002773",17,1993-08-09
"P002773",40,1994-02-11
"P002773",42,1994-12-06
"P002774",23,2008-01-08
"P002774",53,2010-02-18
"P002774",49,2010-03-08
"P002774",10,2011-01-28
"P002775",28,1981-11-13
"P002775",31,1988-03-05
"P002775",52,1994-03-07
"P002775",1,2000-05-16
"P002776",34,1997-08-07
"P002776",8,2001-01-07
"P002776",16,2016-11-30
"P002776",11,2020-01-26
"P002776",6,2025-01-30
"P002776",2,2030-07-24
"P002776",10,2030-10-04
"P002776",44,2034-01-09
"P002776",11,2034-07-16
"P002776",49,2035-08-21
"P002777",14,2014-05-24
"P002777",21,2019-11-19
"P002777",27,2022-04-27
"P002777",29,2026-12-22
"P002777",2,2029-10-03
"P002777",62,2030-02-16
"P002777",46,2033-06-23
"P002777",20,2035-01-06
"P002778",23,2017-05-10
"P002778",15,2031-02-13
"P002778",30,2040-03-26
"P002778",3,2047-08-24
"P002778",58,2049-10-22
"P002778",11,2052-07-07
"P002778",14,2053-11-09
"P002779",24,2000-04-23
"P002779",67,2000-11-15
"P002779",23,2000-11-24
"P002780",18,1980-12-07
"P002780",35,1982-07-19
"P002780",20,1983-06-12
"P002780",18,1987-01-22
"P002780",23,2000-02-09
"P002780",4,2003-07-17
"P002780",4,2006-12-29
"P002780",44,2014-07-27
"P002781",23,1980-05-15
"P002781",4,1989-12-27
"P002781",14,1993-04-21
"P002781",26,1994-12-13
"P002781",30,1997-01-25
"P002781",28,2001-04-21
"P002782",17,2017-03-04
"P002782",27,2017-09-26
"P002782",55,2026-04-13
"P002783",55,1967-09-26
"P002783",31,1977-11-06
"P002783",6,1981-01-22
"P002783",28,1990-01-16
"P002783",12,1997-05-17
"P002784",21,2011-03-11
"P002784",4,2015-07-06
"P002784",50,2021-06-07
"P002784",27,2024-07-04
"P002785",35,2010-02-05
"P002785",24,2013-10-24
"P002785",49,2014-01-11
"P002785",28,2014-11-16
"P002785",57,2014-11-30
"P002785",40,2016-01-31
"P002785",56,2020-12-10
"P002786",8,1995-09-25
"P002786",28,2004-08-09
"P002788",11,1997-12-13
"P002788",21,2007-02-05
"P002788",8,2017-08-31
"P002788",61,2019-07-11
"P002789",61,2008-01-15
"P002789",25,2011-06-06
"P002789",38,2013-03-15
"P002789",4,2013-09-07
"P002789",15,2020-06-28
"P002790",44,2029-03-05
"P002790",28,2043-06-02
"P002790",8,2053-01-10
"P002791",24,2003-09-03
"P002791",57,2004-02-16
"P002791",8,2029-09-10
"P002791",10,2030-06-02
"P002792",4,1973-02-03
"P002792",27,1980-06-29
"P002792",26,1981-04-08
"P002792",28,1981-07-16
"P002792",12,1981-08-08
"P002792",66,1983-02-09
"P002792",60,1983-07-22
"P002792",64,1984-07-08
"P002792",2,1995-05-08
"P002792",33,2000-06-07
"P002792",12,2003-04-05
"P002792",53,2003-04-13
"P002793",53,1990-11-28
"P002793",16,1991-06-08
"P002793",23,1993-11-16
"P002793",11,1994-11-06
"P002793",38,1995-02-18
"P002793",49,1995-04-19
"P002793",4,1997-01-02
"P002793",4,2003-10-27
"P002793",52,2011-04-13
"P002793",62,2012-07-12
"P002793",55,2013-01-29
"P002793",64,2013-07-09
"P002794",27,1996-01-15
"P002794",2,2003-03-14
"P002794",24,2004-05-17
"P002795",14,2022-10-12
"P002795",52,2037-01-16
"P002795",21,2043-01-03
"P002797",26,1992-09-21
"P002797",40,2012-11-01
"P002797",55,2016-01-27
"P002797",43,2016-09-22
"P002797",3,2025-03-26
"P002797",4,2026-12-28
"P002798",3,2020-11-07
"P002798",3,2026-02-28
"P002798",28,2029-03-09
"P002798",26,2034-07-31
"P002798",28,2051-08-09
"P002799",10,2008-03-06
"P002800",52,1991-09-05
"P002800",5,1997-12-24
"P002800",28,2008-12-20
"P002800",31,2014-05-09
"P002800",63,2014-07-03
"P002800",3,2014-10-08
"P002801",43,1985-12-09
"P002801",52,1989-06-27
"P002801",53,1990-12-07
"P002801",2,1992-01-07
"P002801",49,1999-11-16
"P002801",38,2008-02-12
"P002802",8,1996-06-01
"P002802",14,1997-04-06
"P002802",28,2001-09-19
"P002802",9,2002-10-31
"P002803",3,1981-03-02
"P002803",30,1983-04-30
"P002803",47,2014-02-07
"P002803",12,2014-05-29
"P002803",6,2017-09-12
"P002804",11,1967-12-23
"P002804",28,1969-12-23
"P002804",47,1992-07-23
"P002804",14,2000-04-13
"P002805",6,1975-01-31
"P002805",35,1977-03-02
"P002805",54,1977-05-25
"P002805",64,1977-06-09
"P002805",51,1977-08-14
"P002805",53,1982-10-03
"P002805",30,1983-04-19
"P002805",53,1990-07-01
"P002805",18,1996-02-28
"P002805",53,1999-10-19
"P002805",3,2001-02-02
"P002806",23,2016-02-02
"P002806",23,2030-02-06
"P002806",3,2042-09-22
"P002807",26,2011-07-11
"P002807",13,2012-03-04
"P002807",62,2027-12-26
"P002807",7,2028-03-09
"P002808",10,1991-07-09
"P002808",60,1991-10-08
"P002808",52,2003-09-19
"P002808",26,2010-03-02
"P002808",11,2010-12-10
"P002808",23,2014-05-18
"P002808",11,2019-03-26
"P002808",49,2021-06-19
"P002808",37,2023-03-21
"P002808",33,2023-09-13
"P002808",33,2024-10-03
"P002809",28,1998-02-17
"P002809",47,2007-07-20
"P002809",31,2008-10-29
"P002810",14,2019-11-09
"P002810",47,2021-10-22
"P002810",40,2029-06-06
"P002811",24,2010-05-06
"P002811",52,2010-12-22
"P002812",2,2031-09-30
"P002812",3,2032-01-10
"P002812",30,2032-12-14
"P002812",35,2033-12-03
"P002812",43,2037-05-01
"P002812",33,2038-09-06
"P002812",44,2042-10-16
"P002812",11,2047-11-19
"P002813",28,1966-08-17
"P002813",6,1980-08-09
"P002813",25,1980-12-08
"P002813",56,1982-01-03
"P002813",3,1989-03-01
"P002814",52,2029-11-13
"P002815",53,1986-02-17
"P002815",28,1987-08-25
"P002815",12,1988-08-01
"P002815",2,2009-04-28
"P002816",43,1996-12-24
"P002816",6,1997-01-04
"P002816",26,2001-05-27
"P002816",27,2001-12-05
"P002816",36,2003-08-21
"P002816",62,2018-09-13
"P002816",23,2018-12-18
"P002816",47,2022-04-24
"P002816",59,2022-07-22
"P002816",64,2022-07-23
"P002816",66,2023-05-07
"P002817",36,1988-04-11
"P002818",43,1997-12-31
"P002818",62,2009-08-27
"P002818",20,2010-01-21
"P002818",2,2011-01-03
"P002819",58,1978-10-25
"P002819",64,1981-08-23
"P002819",53,1985-07-04
"P002819",6,2006-02-18
"P002819",26,2012-03-19
"P002820",2,1975-01-02
"P002820",53,1978-11-02
"P002820",3,1985-09-11
"P002820",18,1988-11-10
"P002821",16,2020-02-18
"P002821",23,2028-09-14
"P002821",28,2031-05-18
"P002821",6,2034-01-27
"P002821",14,2035-05-11
"P002821",27,2035-07-26
"P002822",11,2005-05-22
"P002822",61,2018-12-17
"P002822",23,2023-05-02
"P002822",21,2031-03-22
"P002822",4,2032-01-24
"P002822",24,2042-05-05
"P002822",44,2043-07-20
"P002823",2,1977-09-29
"P002824",1,2013-07-31
"P002825",53,1999-11-17
"P002825",23,2017-03-31
"P002826",52,2018-03-01
"P002826",55,2021-05-12
"P002826",42,2029-04-26
"P002826",2,2030-11-27
"P002826",55,2035-03-08
"P002826",46,2035-03-15
"P002827",55,1996-08-13
"P002827",18,1997-04-30
"P002827",15,1997-12-28
"P002827",15,1998-04-07
"P002827",15,1998-10-15
"P002827",54,1998-11-22
"P002827",3,2001-05-20
"P002827",8,2002-04-06
"P002827",52,2002-06-18
"P002827",37,2002-10-27
"P002827",52,2025-10-19
"P002829",53,1980-07-04
"P002829",45,1981-03-08
"P002829",27,1981-07-11
"P002829",28,1986-01-10
"P002829",10,1988-10-11
"P002829",55,2006-03-04
"P002829",37,2011-08-07
"P002829",28,2012-10-04
"P002829",6,2013-06-11
"P002829",12,2013-11-03
"P002829",5,2014-03-02
"P002830",27,1999-04-29
"P002830",14,1999-07-06
"P002830",52,2002-04-23
"P002830",48,2012-09-07
"P002830",48,2015-04-12
"P002830",28,2030-03-22
"P002830",20,2031-08-31
"P002831",42,1970-06-22
"P002832",2,2004-01-19
"P002832",3,2020-06-17
"P002833",11,2001-12-24
"P002833",18,2003-02-24
"P002833",24,2003-04-01
"P002833",9,2004-08-25
"P002833",3,2007-07-14
"P002833",28,2007-10-21
"P002833",28,2016-08-11
"P002833",22,2020-05-03
"P002834",27,2017-07-18
"P002834",30,2018-04-12
"P002835",27,2017-09-27
"P002835",63,2021-10-12
"P002835",52,2026-07-21
"P002835",1,2027-10-24
"P002835",10,2028-07-21
"P002835",38,2028-11-19
"P002835",63,2038-07-19
"P002836",24,1996-07-07
"P002836",25,2002-07-30
"P002836",60,2010-11-22
"P002836",11,2019-02-16
"P002836",40,2019-05-31
"P002836",15,2019-07-06
"P002836",37,2024-06-05
"P002836",8,2026-09-03
"P002836",1,2031-02-12
"P002837",28,1998-07-21
"P002837",6,2021-01-16
"P002837",27,2021-12-08
"P002837",61,2024-10-07
"P002837",21,2028-09-25
"P002837",47,2030-01-30
"P002838",52,2011-04-12
"P002839",43,1970-06-26
"P002839",26,1985-09-25
"P002839",62,1998-08-11
"P002839",14,2006-01-19
"P002839",25,2007-08-25
"P002840",3,1978-02-13
"P002840",33,1978-12-05
"P002840",3,1980-06-03
"P002840",30,1980-10-12
"P002840",62,1981-07-12
"P002840",2,1982-02-10
"P002840",58,1987-01-05
"P002840",41,1988-04-13
"P002840",16,1989-02-28
"P002840",67,1989-09-12
"P002840",23,1995-01-29
"P002840",28,1997-05-12
"P002840",1,2014-05-24
"P002841",3,1966-10-26
"P002841",52,1973-08-16
"P002841",2,1986-08-13
"P002841",3,1989-02-28
"P002841",3,1993-03-01
"P002841",3,1997-01-11
"P002842",55,2009-10-19
"P002842",34,2010-04-05
"P002842",28,2025-12-31
"P002842",21,2027-05-28
"P002842",57,2040-03-27
"P002842",52,2041-06-09
"P002842",52,2041-10-30
"P002843",49,1977-11-14
"P002843",60,1978-03-23
"P002843",22,1985-08-06
"P002843",28,1987-03-28
"P002843",10,1990-04-11
"P002843",56,1990-11-02
"P002843",42,1991-09-18
"P002843",1,1997-01-29
"P002843",55,1997-12-20
"P002843",39,1998-02-24
"P002843",41,1999-07-01
"P002843",11,1999-08-09
"P002843",8,1999-08-30
"P002843",15,2001-02-17
"P002843",61,2002-10-14
"P002843",33,2002-11-21
"P002843",34,2004-05-22
"P002843",30,2009-12-01
"P002843",62,2010-04-08
"P002843",64,2013-01-05
"P002844",56,2021-07-28
"P002844",53,2029-12-14
"P002844",49,2032-07-02
"P002844",2,2034-12-01
"P002844",27,2045-12-18
"P002844",42,2047-07-20
"P002845",4,1972-05-12
"P002845",29,1973-02-12
"P002845",41,1975-06-16
"P002845",60,1976-09-21
"P002845",41,1978-08-25
"P002845",41,1981-01-27
"P002845",20,1981-06-13
"P002845",44,1983-06-20
"P002845",21,1985-09-17
"P002845",1,1989-06-13
"P002846",16,1969-04-10
"P002846",39,1970-03-29
"P002846",33,1975-07-16
"P002846",53,1983-05-03
"P002846",11,1985-07-27
"P002846",27,1986-09-02
"P002846",28,1997-02-17
"P002847",3,1994-06-30
"P002847",1,1998-06-18
"P002847",23,2000-07-25
"P002847",35,2002-02-13
"P002847",2,2003-07-23
"P002847",30,2004-12-12
"P002848",50,1996-10-11
"P002848",11,2013-02-21
"P002848",49,2028-11-03
"P002848",2,2030-06-04
"P002850",30,1971-02-01
"P002850",2,1981-02-10
"P002850",28,1989-06-18
"P002850",16,1990-10-06
"P002850",30,1991-07-24
"P002850",59,1992-01-21
"P002851",23,1989-10-29
"P002851",1,2007-06-09
"P002851",4,2010-06-20
"P002851",8,2011-07-23
"P002851",64,2013-04-13
"P002851",59,2014-06-26
"P002852",2,2044-11-26
"P002853",8,2001-11-18
"P002854",2,1984-04-08
"P002854",55,1989-01-26
"P002855",18,1980-08-06
"P002855",9,1982-09-17
"P002855",3,1984-07-17
"P002855",28,1998-11-12
"P002855",52,2001-09-06
"P002856",1,1995-06-01
"P002856",2,2002-02-11
"P002856",42,2007-06-12
"P002856",24,2008-11-11
"P002856",27,2019-11-18
"P002856",2,2022-12-14
"P002857",22,2010-02-25
"P002857",25,2016-02-07
"P002857",4,2018-07-27
"P002857",55,2018-08-04
"P002857",53,2019-09-26
"P002857",12,2020-03-11
"P002858",23,2008-06-17
"P002858",52,2010-06-02
"P002858",54,2014-03-17
"P002858",52,2021-02-28
"P002858",8,2032-01-19
"P002858",8,2032-02-11
"P002858",50,2033-12-25
"P002859",30,1996-07-12
"P002859",23,1998-07-26
"P002859",3,1998-10-11
"P002859",29,1999-03-16
"P002859",40,2004-12-12
"P002859",4,2006-04-17
"P002859",53,2008-05-18
"P002859",42,2009-03-25
"P002859",42,2009-05-09
"P002859",53,2010-07-06
"P002859",10,2012-03-11
"P002859",6,2019-07-07
"P002859",44,2020-01-07
"P002860",3,2022-05-10
"P002860",55,2052-11-02
"P002861",6,2015-06-02
"P002862",11,1999-09-05
"P002862",55,1999-10-08
"P002862",61,2005-12-09
"P002862",39,2006-09-28
"P002862",15,2007-01-25
"P002862",62,2011-03-06
"P002863",58,1992-03-15
"P002864",21,1970-08-19
"P002864",21,1972-01-20
"P002864",23,1987-05-16
"P002864",6,1988-08-01
"P002864",42,2006-08-26
"P002865",32,1979-02-03
"P002865",28,2004-11-12
"P002866",28,1990-10-16
"P002866",30,2019-04-10
"P002866",1,2021-12-11
"P002867",57,2006-10-27
"P002867",43,2007-06-01
"P002867",27,2011-12-04
"P002867",2,2014-10-08
"P002867",33,2015-11-21
"P002867",2,2039-10-04
"P002868",4,1987-05-30
"P002868",43,2008-07-07
"P002868",23,2016-02-23
"P002868",29,2017-06-27
"P002868",53,2018-01-25
"P002868",53,2018-07-19
"P002868",51,2019-05-07
"P002868",13,2019-11-23
"P002868",50,2020-04-13
"P002868",28,2020-05-10
"P002869",18,1967-12-05
"P002869",55,1971-10-04
"P002869",41,1972-04-18
"P002869",2,1975-11-15
"P002869",52,1977-03-05
"P002869",38,1979-10-03
"P002869",48,1996-02-17
"P002869",8,2001-10-06
"P002869",52,2001-11-18
"P002870",24,1984-11-09
"P002870",44,1986-07-26
"P002870",44,1992-05-25
"P002870",61,1994-03-19
"P002870",15,1998-12-14
"P002870",54,1999-11-19
"P002870",47,2000-04-15
"P002870",13,2004-02-15
"P002870",4,2011-10-24
"P002870",29,2013-09-27
"P002872",52,1996-07-02
"P002872",7,2002-10-22
"P002872",29,2002-10-29
"P002872",13,2003-06-18
"P002872",28,2026-10-21
"P002873",2,2010-03-04
"P002873",25,2011-05-10
"P002873",10,2011-08-05
"P002873",60,2012-01-02
"P002873",60,2014-03-06
"P002873",19,2014-06-24
"P002873",41,2014-12-01
"P002873",6,2015-10-31
"P002873",41,2016-07-11
"P002873",44,2016-08-16
"P002873",7,2020-09-23
"P002873",4,2021-12-23
"P002873",58,2023-01-16
"P002873",3,2024-11-26
"P002873",8,2033-01-23
"P002873",63,2034-09-10
"P002874",8,2011-03-09
"P002874",19,2015-11-01
"P002874",5,2017-03-28
"P002874",39,2019-07-19
"P002874",55,2024-02-07
"P002875",60,1987-11-26
"P002875",38,1988-07-06
"P002875",28,2011-09-28
"P002875",26,2022-05-17
"P002875",30,2023-02-17
"P002875",30,2024-10-04
"P002875",40,2025-08-03
"P002875",30,2026-09-25
"P002876",1,2015-03-13
"P002876",5,2018-10-20
"P002876",44,2021-02-10
"P002876",38,2021-06-26
"P002876",18,2027-09-04
"P002876",2,2033-01-02
"P002877",10,2014-04-05
"P002877",49,2015-04-22
"P002877",60,2015-09-16
"P002877",28,2028-04-10
"P002877",53,2038-05-19
"P002877",65,2038-10-01
"P002877",28,2040-07-28
"P002877",47,2046-06-06
"P002878",63,2014-07-21
"P002878",6,2019-05-10
"P002878",14,2019-06-03
"P002879",2,1967-11-09
"P002879",26,1976-12-16
"P002879",2,1996-01-16
"P002879",5,2006-07-08
"P002880",13,1978-06-25
"P002880",1,1981-07-01
"P002880",49,1984-08-30
"P002880",49,2000-11-05
"P002880",23,2002-08-11
"P002881",7,1982-09-16
"P002881",61,1999-04-26
"P002881",12,2003-04-25
"P002882",4,1986-05-07
"P002882",27,1986-07-26
"P002882",27,1988-07-03
"P002882",38,1988-10-11
"P002882",26,1995-12-23
"P002882",21,2000-11-22
"P002882",31,2001-06-07
"P002883",14,2007-01-18
"P002883",47,2007-07-28
"P002883",45,2007-08-01
"P002883",1,2026-12-17
"P002883",13,2028-04-08
"P002884",1,1993-07-20
"P002884",5,1995-07-07
"P002884",37,1995-10-10
"P002884",43,1996-05-07
"P002884",36,1996-05-29
"P002884",23,2005-08-06
"P002885",2,1970-01-17
"P002885",33,1972-02-20
"P002885",21,1980-10-23
"P002885",28,1985-12-08
"P002885",27,1989-05-25
"P002886",25,1971-02-22
"P002886",13,1978-10-07
"P002886",30,1982-03-25
"P002886",22,1984-01-24
"P002886",28,1984-07-21
"P002886",13,1984-11-28
"P002886",62,1995-04-21
"P002886",7,1995-06-17
"P002886",51,1998-11-26
"P002887",18,2008-06-15
"P002887",18,2017-05-24
"P002887",29,2024-09-12
"P002887",4,2036-12-20
"P002887",4,2043-11-30
"P002888",19,1997-08-16
"P002888",24,2000-09-16
"P002888",23,2013-03-15
"P002888",8,2024-07-21
"P002888",49,2030-01-18
"P002888",23,2034-06-13
"P002889",55,1972-04-09
"P002889",1,1975-06-26
"P002889",16,1996-04-11
"P002890",24,1970-11-10
"P002890",28,1996-12-24
"P002890",12,1998-01-27
"P002890",40,1998-02-18
"P002890",2,2003-05-17
"P002890",50,2004-09-30
"P002891",49,1972-07-06
"P002891",52,1985-01-22
"P002891",47,1985-03-10
"P002891",14,1987-08-13
"P002891",43,1992-07-04
"P002891",40,2001-03-06
"P002891",19,2001-07-21
"P002891",9,2001-09-05
"P002891",60,2001-10-14
"P002891",9,2002-07-19
"P002891",44,2006-07-25
"P002891",61,2008-09-28
"P002892",30,1995-07-11
"P002892",28,2004-01-09
"P002892",23,2006-05-21
"P002892",20,2012-06-11
"P002892",52,2020-12-22
"P002892",28,2023-03-21
"P002892",12,2024-04-03
"P002892",31,2025-08-25
"P002892",5,2028-02-19
"P002892",31,2028-09-12
"P002892",3,2029-08-27
"P002893",1,2012-06-28
"P002893",6,2015-11-15
"P002893",4,2027-05-25
"P002893",30,2042-05-19
"P002893",8,2044-07-03
"P002894",18,1993-05-02
"P002894",47,2000-01-26
"P002894",1,2001-01-07
"P002894",14,2001-03-16
"P002894",13,2001-11-07
"P002894",22,2006-04-17
"P002894",26,2007-04-10
"P002894",27,2011-06-06
"P002894",18,2019-08-11
"P002894",50,2022-01-28
"P002894",29,2023-03-15
"P002894",61,2025-06-24
"P002895",10,1979-11-14
"P002895",58,1980-08-16
"P002895",5,1986-04-28
"P002895",6,1986-06-21
"P002895",43,1988-05-30
"P002895",44,1991-10-09
"P002895",15,1993-04-23
"P002896",21,1989-11-20
"P002896",27,1995-09-30
"P002896",2,2002-06-01
"P002896",50,2003-05-31
"P002896",52,2007-06-27
"P002896",15,2007-10-15
"P002896",4,2009-10-28
"P002896",41,2010-08-21
"P002896",23,2013-10-08
"P002896",28,2018-04-08
"P002896",11,2019-12-28
"P002896",30,2020-07-23
"P002897",28,2022-08-29
"P002897",61,2029-12-08
"P002897",53,2030-07-07
"P002898",3,1979-03-11
"P002898",14,1984-12-07
"P002898",61,1989-02-23
"P002898",49,1990-02-15
"P002898",55,2008-10-15
"P002898",19,2009-02-12
"P002898",61,2010-08-02
"P002898",23,2012-04-15
"P002899",25,1973-06-20
"P002899",32,1975-02-10
"P002899",1,1980-02-16
"P002899",62,1980-12-01
"P002899",55,1981-05-02
"P002899",17,1982-02-05
"P002899",19,1992-10-07
"P002899",21,1993-04-11
"P002900",1,2019-02-09
"P002900",23,2020-07-20
"P002900",16,2026-09-13
"P002900",3,2027-12-10
"P002900",26,2034-01-24
"P002900",55,2034-09-29
"P002900",46,2036-01-09
"P002901",13,1981-12-31
"P002901",28,1982-03-18
"P002901",21,1982-08-14
"P002901",55,2005-12-01
"P002901",46,2008-12-03
"P002901",1,2009-05-19
"P002901",40,2011-04-23
"P002901",21,2013-09-21
"P002901",31,2015-10-07
"P002902",2,1999-03-10
"P002902",29,2011-06-21
"P002902",41,2013-08-14
"P002902",20,2014-05-09
"P002902",11,2014-06-02
"P002902",4,2015-01-08
"P002903",24,2034-02-25
"P002903",1,2036-12-02
"P002904",6,1976-07-24
"P002904",28,1985-06-30
"P002904",12,1997-01-04
"P002904",60,2002-05-03
"P002904",18,2003-10-05
"P002905",65,1983-05-06
"P002905",32,1986-11-16
"P002905",62,1989-05-01
"P002905",43,1989-07-26
"P002905",22,1990-07-17
"P002905",52,2000-04-22
"P002905",47,2002-05-02
"P002905",50,2002-08-15
"P002905",64,2003-02-02
"P002905",54,2012-01-12
"P002906",4,2025-10-05
"P002906",30,2027-03-17
"P002906",49,2030-04-22
"P002906",61,2031-08-05
"P002906",35,2032-09-12
"P002906",51,2032-11-25
"P002906",27,2034-06-11
"P002907",11,2004-01-02
"P002907",6,2005-06-08
"P002907",47,2021-11-14
"P002907",38,2022-09-11
"P002907",31,2022-09-25
"P002907",57,2022-12-19
"P002907",12,2026-06-13
"P002907",27,2028-02-06
"P002907",28,2029-05-25
"P002907",16,2030-02-19
"P002907",30,2031-04-28
"P002908",25,1988-04-27
"P002908",3,1995-02-18
"P002908",53,1998-12-10
"P002908",54,2002-02-18
"P002908",40,2002-07-16
"P002908",53,2005-12-09
"P002908",28,2007-05-01
"P002908",26,2013-11-29
"P002908",4,2018-06-21
"P002909",40,1986-06-02
"P002909",52,1994-09-13
"P002909",4,1994-12-12
"P002909",3,2004-10-13
"P002909",27,2005-05-15
"P002909",4,2006-02-08
"P002909",1,2021-02-12
"P002911",27,2014-04-17
"P002911",3,2022-04-17
"P002911",30,2025-02-28
"P002911",40,2026-08-05
"P002911",40,2033-10-26
"P002911",27,2038-10-22
"P002912",28,1961-12-05
"P002912",3,1966-03-10
"P002912",40,1976-08-15
"P002912",62,1999-01-19
"P002912",26,2000-06-08
"P002912",5,2001-04-06
"P002913",14,1967-08-29
"P002913",58,1968-09-27
"P002913",4,1978-10-09
"P002913",14,1979-04-02
"P002914",3,1975-01-01
"P002914",16,1987-12-29
"P002914",23,1988-04-26
"P002914",6,1996-12-01
"P002914",14,1997-10-19
"P002914",3,2000-08-13
"P002916",13,1992-07-03
"P002916",53,1994-03-19
"P002916",51,1994-09-04
"P002916",22,1995-04-20
"P002916",22,2000-04-11
"P002916",26,2005-12-11
"P002916",21,2008-03-01
"P002916",34,2015-08-17
"P002916",19,2016-11-30
"P002916",53,2022-02-26
"P002917",61,1970-01-06
"P002917",15,1975-07-30
"P002917",28,1977-08-12
"P002917",38,1983-06-12
"P002917",8,1988-10-15
"P002917",24,1991-06-10
"P002917",21,1995-08-12
"P002917",3,1999-11-27
"P002917",39,2000-08-04
"P002917",11,2003-11-15
"P002918",60,1974-10-30
"P002918",28,1979-07-27
"P002919",14,1987-02-11
"P002919",17,2000-11-23
"P002919",10,2001-05-06
"P002919",4,2002-05-19
"P002919",10,2002-06-27
"P002919",42,2016-02-18
"P002919",4,2023-02-23
"P002920",3,1981-12-21
"P002920",21,1993-12-31
"P002920",54,1994-06-04
"P002920",12,1996-02-03
"P002920",3,2010-10-08
"P002920",2,2015-11-16
"P002920",60,2016-02-07
"P002920",24,2016-03-10
"P002920",67,2016-07-03
"P002921",6,2054-08-17
"P002922",24,1971-02-26
"P002922",28,1980-02-26
"P002922",5,2002-05-08
"P002922",7,2004-03-21
"P002923",5,1991-09-18
"P002923",55,2000-05-31
"P002923",1,2004-10-15
"P002923",12,2010-03-24
"P002923",5,2011-06-14
"P002924",38,1991-08-13
"P002925",36,1999-10-01
"P002925",42,2000-04-30
"P002925",47,2022-06-05
"P002925",3,2036-03-30
"P002926",6,2015-10-21
"P002926",62,2030-02-06
"P002926",6,2030-03-15
"P002926",14,2032-01-27
"P002926",24,2037-03-06
"P002926",41,2047-12-08
"P002926",23,2050-09-20
"P002928",18,1994-10-15
"P002928",49,2001-11-10
"P002928",21,2007-02-10
"P002928",25,2008-10-13
"P002928",50,2010-07-13
"P002928",30,2011-01-02
"P002928",52,2018-10-25
"P002929",57,2018-02-05
"P002929",42,2018-11-30
"P002929",39,2019-08-21
"P002929",12,2023-07-15
"P002929",6,2032-12-14
"P002929",49,2041-08-07
"P002930",27,1972-03-29
"P002930",14,1998-03-22
"P002930",15,2006-01-26
"P002931",21,2027-05-01
"P002932",28,1997-11-12
"P002932",55,2001-10-23
"P002932",52,2008-12-29
"P002933",43,1975-03-30
"P002933",44,1986-08-23
"P002933",3,2002-10-19
"P002933",14,2012-08-03
"P002934",52,2003-02-02
"P002934",52,2010-06-13
"P002934",30,2011-04-09
"P002934",23,2016-02-17
"P002934",6,2020-03-06
"P002934",34,2020-10-30
"P002934",19,2022-09-15
"P002934",26,2028-10-26
"P002935",61,1972-10-05
"P002935",4,1975-05-24
"P002935",32,1978-02-20
"P002935",1,1985-12-26
"P002936",7,1993-01-12
"P002936",20,1993-10-30
"P002936",4,1994-05-23
"P002936",64,2001-01-01
"P002936",12,2012-09-22
"P002936",61,2023-08-25
"P002936",6,2029-05-11
"P002937",6,2015-01-23
"P002937",43,2015-06-28
"P002937",19,2040-02-20
"P002937",21,2040-09-08
"P002938",42,1986-06-18
"P002938",1,1988-05-10
"P002938",24,2014-03-20
"P002938",14,2014-12-22
"P002938",9,2018-12-06
"P002939",43,2015-01-07
"P002939",47,2020-02-09
"P002940",23,2011-01-26
"P002940",6,2015-07-08
"P002940",67,2015-09-02
"P002940",1,2015-09-12
"P002940",13,2030-07-26
"P002940",6,2030-11-11
"P002940",65,2032-03-31
"P002940",18,2034-03-06
"P002940",10,2040-07-27
"P002940",19,2040-07-29
"P002940",1,2041-05-09
"P002940",63,2042-03-13
"P002941",47,2032-10-29
"P002941",28,2037-04-01
"P002942",62,1972-11-22
"P002942",53,1980-12-19
"P002942",28,1994-05-22
"P002942",12,1996-06-26
"P002942",4,2009-02-15
"P002943",27,1985-09-22
"P002943",10,1993-12-10
"P002944",3,2015-02-23
"P002944",1,2017-12-22
"P002944",3,2033-01-06
"P002944",61,2033-03-30
"P002944",32,2034-03-30
"P002944",4,2037-07-18
"P002945",6,2002-06-07
"P002945",65,2002-07-07
"P002945",34,2003-02-01
"P002945",1,2004-09-13
"P002946",15,1980-08-21
"P002946",25,2005-10-05
"P002946",4,2005-11-29
"P002946",12,2006-06-14
"P002946",4,2007-05-24
"P002946",29,2007-08-14
"P002946",36,2008-03-01
"P002947",25,2015-05-01
"P002948",17,2017-06-03
"P002948",55,2030-08-18
"P002948",35,2041-02-10
"P002949",59,1996-12-19
"P002949",16,1998-02-08
"P002949",47,1999-12-05
"P002949",1,2003-10-26
"P002950",61,2025-06-09
"P002950",4,2043-07-18
"P002950",67,2045-03-16
"P002950",54,2053-01-05
"P002950",41,2054-03-29
"P002950",6,2055-04-21
"P002951",11,2033-02-08
"P002951",58,2034-07-07
"P002951",26,2035-08-12
"P002951",54,2040-06-27
"P002952",38,1992-06-25
"P002952",47,1994-12-04
"P002952",46,1995-08-02
"P002952",13,2000-06-07
"P002952",22,2001-02-08
"P002953",51,1993-08-31
"P002953",30,1998-06-26
"P002953",52,2008-08-23
"P002953",32,2009-04-08
"P002954",31,1975-03-23
"P002954",14,2009-03-08
"P002954",40,2012-03-03
"P002955",15,2032-04-28
"P002955",14,2036-06-03
"P002955",6,2048-06-25
"P002955",7,2050-12-01
"P002955",29,2052-09-21
"P002956",6,1994-10-24
"P002956",16,2002-10-04
"P002956",56,2002-10-15
"P002956",34,2009-01-07
"P002956",38,2011-10-16
"P002956",15,2013-06-28
"P002957",20,1994-09-12
"P002957",20,1996-05-14
"P002957",53,2013-11-21
"P002957",49,2021-01-11
"P002958",25,1980-09-26
"P002958",2,1981-09-30
"P002958",1,1997-12-11
"P002958",23,2015-09-30
"P002959",3,2004-12-30
"P002959",16,2005-01-25
"P002959",56,2005-06-23
"P002959",49,2009-08-01
"P002959",23,2020-05-27
"P002959",6,2020-12-03
"P002959",6,2027-04-09
"P002959",4,2032-02-08
"P002959",7,2033-11-07
"P002959",64,2035-07-15
"P002960",8,2011-11-07
"P002960",41,2036-09-01
"P002961",4,1982-01-07
"P002961",14,1989-10-20
"P002961",2,1990-10-03
"P002961",14,1992-04-06
"P002961",53,2004-10-09
"P002961",7,2006-09-05
"P002961",50,2007-07-31
"P002961",64,2008-05-04
"P002961",62,2008-07-12
"P002962",6,1982-06-13
"P002962",33,1982-10-18
"P002962",34,1983-10-11
"P002962",26,1985-06-17
"P002962",25,1987-10-20
"P002962",4,1990-12-20
"P002962",48,1991-02-15
"P002962",29,1994-11-12
"P002962",34,1996-05-10
"P002963",27,1979-06-20
"P002963",42,1979-08-03
"P002963",65,1989-01-23
"P002963",28,1995-05-27
"P002963",47,1998-12-17
"P002963",62,1999-07-02
"P002963",14,1999-09-05
"P002963",7,2001-10-17
"P002963",11,2003-12-18
"P002963",2,2005-07-14
"P002964",6,1992-02-28
"P002964",16,1993-04-10
"P002964",40,1993-10-25
"P002964",32,1994-02-26
"P002964",54,1994-05-15
"P002964",63,1995-03-12
"P002964",25,1998-06-26
"P002964",62,1999-08-20
"P002964",2,2018-01-29
"P002965",39,2018-06-14
"P002965",25,2019-12-07
"P002965",48,2026-12-27
"P002965",60,2027-11-04
"P002965",21,2029-12-11
"P002965",25,2033-04-30
"P002967",13,2023-01-04
"P002967",25,2028-09-26
"P002967",56,2031-02-01
"P002967",4,2032-07-29
"P002967",26,2034-04-05
"P002967",11,2044-01-11
"P002967",15,2047-01-15
"P002968",21,1968-12-20
"P002968",47,1969-01-25
"P002968",47,1969-09-15
"P002968",45,1970-07-14
"P002968",55,1983-01-06
"P002968",49,1986-05-11
"P002969",3,1992-02-13
"P002969",28,2002-07-24
"P002969",14,2017-07-09
"P002969",58,2018-11-19
"P002969",4,2023-01-14
"P002970",28,2010-07-29
"P002970",6,2023-10-10
"P002970",27,2023-10-29
"P002970",42,2026-11-30
"P002970",23,2027-08-15
"P002970",28,2028-05-11
"P002970",50,2029-10-31
"P002970",12,2030-04-22
"P002971",28,1997-07-18
"P002971",42,2002-09-25
"P002971",15,2013-07-04
"P002971",13,2015-05-29
"P002971",22,2015-08-06
"P002971",55,2015-09-10
"P002971",13,2015-11-15
"P002971",16,2024-09-01
"P002972",21,1994-02-05
"P002972",24,2000-02-24
"P002972",23,2000-12-28
"P002972",50,2001-06-14
"P002972",66,2002-07-30
"P002972",54,2020-06-04
"P002972",3,2023-02-07
"P002973",6,2020-11-29
"P002973",11,2043-01-01
"P002974",21,1968-02-08
"P002974",6,1977-08-18
"P002974",53,1985-04-02
"P002974",49,1985-04-28
"P002974",16,1985-04-30
"P002974",1,1989-12-27
"P002974",39,1990-02-13
"P002975",3,1995-06-22
"P002975",41,1996-04-25
"P002975",55,1997-06-28
"P002975",24,1999-10-03
"P002975",6,2011-02-22
"P002975",57,2021-09-12
"P002976",10,1965-09-15
"P002976",62,1966-12-04
"P002976",3,1968-06-17
"P002976",60,1968-11-11
"P002976",9,1969-02-23
"P002976",49,1998-11-27
"P002976",64,2000-07-03
"P002976",26,2000-09-03
"P002977",56,1987-03-04
"P002977",23,1989-07-26
"P002977",25,1997-03-15
"P002977",56,1998-11-01
"P002977",4,1999-03-08
"P002977",23,2002-12-31
"P002977",28,2004-03-03
"P002977",30,2004-09-03
"P002977",40,2005-11-02
"P002977",23,2008-05-11
"P002977",23,2009-02-17
"P002977",41,2010-03-18
"P002977",6,2010-08-25
"P002977",27,2011-07-16
"P002977",3,2015-05-17
"P002978",55,1979-09-23
"P002978",41,1981-01-31
"P002978",55,1982-01-02
"P002978",6,1982-09-11
"P002978",2,1982-12-10
"P002978",16,1994-11-04
"P002978",1,2010-10-10
"P002979",49,1969-12-02
"P002979",47,1979-05-01
"P002979",26,1988-11-07
"P002979",28,1989-07-24
"P002979",11,1994-11-19
"P002979",26,1996-07-16
"P002979",12,2003-02-20
"P002980",55,2002-03-12
"P002980",1,2009-02-07
"P002980",24,2016-06-15
"P002980",43,2021-12-09
"P002980",26,2022-06-29
"P002980",62,2022-12-05
"P002980",52,2023-07-04
"P002980",27,2029-12-08
"P002981",4,2023-03-12
"P002982",3,1988-08-20
"P002982",2,1991-05-19
"P002982",28,1992-03-15
"P002982",2,1992-08-26
"P002982",28,1994-07-29
"P002982",43,1994-08-21
"P002982",14,2002-05-25
"P002983",52,2011-03-22
"P002983",52,2022-09-30
"P002983",60,2025-08-20
"P002983",38,2027-12-31
"P002983",12,2039-05-27
"P002984",42,2014-10-14
"P002984",32,2019-04-30
"P002984",4,2027-03-11
"P002984",64,2027-05-08
"P002985",57,2017-02-10
"P002985",27,2020-11-17
"P002985",3,2038-05-18
"P002985",28,2038-07-26
"P002985",30,2038-10-11
"P002985",24,2038-10-14
"P002985",1,2050-09-01
"P002986",52,1999-07-07
"P002986",24,2005-02-23
"P002986",43,2006-04-10
"P002986",52,2007-09-09
"P002987",63,1998-02-14
"P002987",18,2011-06-06
"P002987",3,2011-07-17
"P002988",13,1996-02-18
"P002988",23,2009-09-08
"P002988",16,2014-04-04
"P002989",28,1981-10-27
"P002989",11,1984-02-22
"P002989",14,1985-01-23
"P002989",8,1985-10-11
"P002989",21,2013-08-06
"P002990",6,1988-08-28
"P002990",52,1993-09-14
"P002990",6,2012-06-13
"P002990",42,2015-08-01
"P002990",50,2016-10-21
"P002991",21,2001-04-17
"P002991",24,2002-01-25
"P002992",21,1999-11-13
"P002992",25,2012-07-18
"P002992",53,2016-11-11
"P002992",45,2018-01-07
"P002992",26,2027-01-21
"P002992",2,2033-06-21
"P002993",30,1985-01-07
"P002993",40,1986-02-19
"P002993",60,1986-03-03
"P002993",38,1987-03-18
"P002993",61,1989-03-27
"P002993",40,1997-05-07
"P002993",52,2010-09-10
"P002993",18,2020-07-10
"P002994",12,2006-12-29
"P002994",47,2009-10-24
"P002994",2,2013-03-06
"P002994",50,2015-01-07
"P002994",23,2016-10-05
"P002994",30,2029-03-06
"P002994",34,2029-12-13
"P002994",28,2030-03-21
"P002994",40,2035-06-28
"P002994",34,2040-08-08
"P002995",40,1986-05-29
"P002995",40,1988-09-06
"P002995",32,1989-03-12
"P002995",18,1990-01-24
"P002995",4,1990-05-20
"P002995",53,1991-08-20
"P002995",26,1991-08-21
"P002995",8,1991-09-15
"P002995",12,2005-08-18
"P002995",40,2005-11-24
"P002995",62,2008-10-15
"P002996",54,1990-05-19
"P002997",10,1975-11-28
"P002997",42,1986-11-22
"P002997",15,1987-07-21
"P002997",18,1996-11-27
"P002998",55,2019-08-11
"P002998",4,2038-01-20
"P002999",25,1986-07-07
"P002999",7,1986-10-08
"P002999",30,1987-09-15
"P003000",4,2000-08-11
"P003000",52,2021-11-24
"P003000",6,2035-08-14
"P003000",8,2036-04-26
"P003000",65,2037-05-21
